// 4.26.0 0x203603a2 D2 AY R0 FARGB8888 U565 N0 SExtFlashSection
// Generated by imageconverter. Please, do not edit!

#include <touchgfx/hal/Config.hpp>

LOCATION_PRAGMA_32("ExtFlashSection")
KEEP extern const unsigned char image_volume_green[] LOCATION_ATTRIBUTE_32("ExtFlashSection") = { // 235x30 ARGB8888 pixels.
    0x00, 0x00, 0x00, 0x00, 0x00, 0x00, 0x00, 0x00, 0x00, 0x00, 0x00, 0x00,
    0x00, 0x00, 0x00, 0x00, 0x00, 0x00, 0x00, 0x00, 0x00, 0x00, 0x00, 0x00,
    0x00, 0x00, 0x00, 0x00, 0x00, 0x00, 0x00, 0x00, 0x00, 0x00, 0x00, 0x00,
    0x70, 0xa0, 0x40, 0x10, 0x68, 0x98, 0x38, 0x41, 0x70, 0x98, 0x40, 0x8e,
    0x70, 0x98, 0x40, 0xcf, 0x70, 0x98, 0x40, 0xef, 0x70, 0x98, 0x40, 0xff,
    0x70, 0x98, 0x40, 0xff, 0x70, 0x98, 0x40, 0xff, 0x70, 0x98, 0x40, 0xff,
    0x70, 0x98, 0x40, 0xff, 0x70, 0x98, 0x40, 0xff, 0x70, 0x98, 0x40, 0xff,
    0x70, 0x98, 0x40, 0xff, 0x70, 0x98, 0x40, 0xff, 0x70, 0x98, 0x40, 0xff,
    0x70, 0x98, 0x40, 0xff, 0x70, 0x98, 0x40, 0xff, 0x70, 0x98, 0x40, 0xff,
    0x70, 0x98, 0x40, 0xff, 0x70, 0x98, 0x40, 0xff, 0x70, 0x98, 0x40, 0xff,
    0x70, 0x98, 0x40, 0xff, 0x70, 0x98, 0x40, 0xff, 0x70, 0x98, 0x40, 0xff,
    0x70, 0x98, 0x40, 0xff, 0x70, 0x98, 0x40, 0xff, 0x70, 0x98, 0x40, 0xff,
    0x70, 0x98, 0x40, 0xff, 0x70, 0x98, 0x40, 0xff, 0x70, 0x98, 0x40, 0xff,
    0x70, 0x98, 0x40, 0xff, 0x70, 0x98, 0x40, 0xff, 0x70, 0x98, 0x40, 0xff,
    0x70, 0x98, 0x40, 0xff, 0x70, 0x98, 0x40, 0xff, 0x70, 0x98, 0x40, 0xff,
    0x70, 0x98, 0x40, 0xff, 0x70, 0x98, 0x40, 0xff, 0x70, 0x98, 0x40, 0xff,
    0x70, 0x98, 0x40, 0xff, 0x70, 0x98, 0x40, 0xff, 0x70, 0x98, 0x40, 0xff,
    0x70, 0x98, 0x40, 0xff, 0x70, 0x98, 0x40, 0xff, 0x70, 0x98, 0x40, 0xff,
    0x70, 0x98, 0x40, 0xff, 0x70, 0x98, 0x40, 0xff, 0x70, 0x98, 0x40, 0xff,
    0x70, 0x98, 0x40, 0xff, 0x70, 0x98, 0x40, 0xff, 0x70, 0x98, 0x40, 0xff,
    0x70, 0x98, 0x40, 0xff, 0x70, 0x98, 0x40, 0xff, 0x70, 0x98, 0x40, 0xff,
    0x70, 0x98, 0x40, 0xff, 0x70, 0x98, 0x40, 0xff, 0x70, 0x98, 0x40, 0xff,
    0x70, 0x98, 0x40, 0xff, 0x70, 0x98, 0x40, 0xff, 0x70, 0x98, 0x40, 0xff,
    0x70, 0x98, 0x40, 0xff, 0x70, 0x98, 0x40, 0xff, 0x70, 0x98, 0x40, 0xff,
    0x70, 0x98, 0x40, 0xff, 0x70, 0x98, 0x40, 0xff, 0x70, 0x98, 0x40, 0xff,
    0x70, 0x98, 0x40, 0xff, 0x70, 0x98, 0x40, 0xff, 0x70, 0x98, 0x40, 0xff,
    0x70, 0x98, 0x40, 0xff, 0x70, 0x98, 0x40, 0xff, 0x70, 0x98, 0x40, 0xff,
    0x70, 0x98, 0x40, 0xff, 0x70, 0x98, 0x40, 0xff, 0x70, 0x98, 0x40, 0xff,
    0x70, 0x98, 0x40, 0xff, 0x70, 0x98, 0x40, 0xff, 0x70, 0x98, 0x40, 0xff,
    0x70, 0x98, 0x40, 0xff, 0x70, 0x98, 0x40, 0xff, 0x70, 0x98, 0x40, 0xff,
    0x70, 0x98, 0x40, 0xff, 0x70, 0x98, 0x40, 0xff, 0x70, 0x98, 0x40, 0xff,
    0x70, 0x98, 0x40, 0xff, 0x70, 0x98, 0x40, 0xff, 0x70, 0x98, 0x40, 0xff,
    0x70, 0x98, 0x40, 0xff, 0x70, 0x98, 0x40, 0xff, 0x70, 0x98, 0x40, 0xff,
    0x70, 0x98, 0x40, 0xff, 0x70, 0x98, 0x40, 0xff, 0x70, 0x98, 0x40, 0xff,
    0x70, 0x98, 0x40, 0xff, 0x70, 0x98, 0x40, 0xff, 0x70, 0x98, 0x40, 0xff,
    0x70, 0x98, 0x40, 0xff, 0x70, 0x98, 0x40, 0xff, 0x70, 0x98, 0x40, 0xff,
    0x70, 0x98, 0x40, 0xff, 0x70, 0x98, 0x40, 0xff, 0x70, 0x98, 0x40, 0xff,
    0x70, 0x98, 0x40, 0xff, 0x70, 0x98, 0x40, 0xff, 0x70, 0x98, 0x40, 0xff,
    0x70, 0x98, 0x40, 0xff, 0x70, 0x98, 0x40, 0xff, 0x70, 0x98, 0x40, 0xff,
    0x70, 0x98, 0x40, 0xff, 0x70, 0x98, 0x40, 0xff, 0x70, 0x98, 0x40, 0xff,
    0x70, 0x98, 0x40, 0xff, 0x70, 0x98, 0x40, 0xff, 0x70, 0x98, 0x40, 0xff,
    0x70, 0x98, 0x40, 0xff, 0x70, 0x98, 0x40, 0xff, 0x70, 0x98, 0x40, 0xff,
    0x70, 0x98, 0x40, 0xff, 0x70, 0x98, 0x40, 0xff, 0x70, 0x98, 0x40, 0xff,
    0x70, 0x98, 0x40, 0xff, 0x70, 0x98, 0x40, 0xff, 0x70, 0x98, 0x40, 0xff,
    0x70, 0x98, 0x40, 0xff, 0x70, 0x98, 0x40, 0xff, 0x70, 0x98, 0x40, 0xff,
    0x70, 0x98, 0x40, 0xff, 0x70, 0x98, 0x40, 0xff, 0x70, 0x98, 0x40, 0xff,
    0x70, 0x98, 0x40, 0xff, 0x70, 0x98, 0x40, 0xff, 0x70, 0x98, 0x40, 0xff,
    0x70, 0x98, 0x40, 0xff, 0x70, 0x98, 0x40, 0xff, 0x70, 0x98, 0x40, 0xff,
    0x70, 0x98, 0x40, 0xff, 0x70, 0x98, 0x40, 0xff, 0x70, 0x98, 0x40, 0xff,
    0x70, 0x98, 0x40, 0xff, 0x70, 0x98, 0x40, 0xff, 0x70, 0x98, 0x40, 0xff,
    0x70, 0x98, 0x40, 0xff, 0x70, 0x98, 0x40, 0xff, 0x70, 0x98, 0x40, 0xff,
    0x70, 0x98, 0x40, 0xff, 0x70, 0x98, 0x40, 0xff, 0x70, 0x98, 0x40, 0xff,
    0x70, 0x98, 0x40, 0xff, 0x70, 0x98, 0x40, 0xff, 0x70, 0x98, 0x40, 0xff,
    0x70, 0x98, 0x40, 0xff, 0x70, 0x98, 0x40, 0xff, 0x70, 0x98, 0x40, 0xff,
    0x70, 0x98, 0x40, 0xff, 0x70, 0x98, 0x40, 0xff, 0x70, 0x98, 0x40, 0xff,
    0x70, 0x98, 0x40, 0xff, 0x70, 0x98, 0x40, 0xff, 0x70, 0x98, 0x40, 0xff,
    0x70, 0x98, 0x40, 0xff, 0x70, 0x98, 0x40, 0xff, 0x70, 0x98, 0x40, 0xff,
    0x70, 0x98, 0x40, 0xff, 0x70, 0x98, 0x40, 0xff, 0x70, 0x98, 0x40, 0xff,
    0x70, 0x98, 0x40, 0xff, 0x70, 0x98, 0x40, 0xff, 0x70, 0x98, 0x40, 0xff,
    0x70, 0x98, 0x40, 0xff, 0x70, 0x98, 0x40, 0xff, 0x70, 0x98, 0x40, 0xff,
    0x70, 0x98, 0x40, 0xff, 0x70, 0x98, 0x40, 0xff, 0x70, 0x98, 0x40, 0xff,
    0x70, 0x98, 0x40, 0xff, 0x70, 0x98, 0x40, 0xff, 0x70, 0x98, 0x40, 0xff,
    0x70, 0x98, 0x40, 0xff, 0x70, 0x98, 0x40, 0xff, 0x70, 0x98, 0x40, 0xff,
    0x70, 0x98, 0x40, 0xff, 0x70, 0x98, 0x40, 0xff, 0x70, 0x98, 0x40, 0xff,
    0x70, 0x98, 0x40, 0xff, 0x70, 0x98, 0x40, 0xff, 0x70, 0x98, 0x40, 0xff,
    0x70, 0x98, 0x40, 0xff, 0x70, 0x98, 0x40, 0xff, 0x70, 0x98, 0x40, 0xff,
    0x70, 0x98, 0x40, 0xff, 0x70, 0x98, 0x40, 0xff, 0x70, 0x98, 0x40, 0xff,
    0x70, 0x98, 0x40, 0xff, 0x70, 0x98, 0x40, 0xff, 0x70, 0x98, 0x40, 0xff,
    0x70, 0x98, 0x40, 0xff, 0x70, 0x98, 0x40, 0xff, 0x70, 0x98, 0x40, 0xff,
    0x70, 0x98, 0x40, 0xff, 0x70, 0x98, 0x40, 0xff, 0x70, 0x98, 0x40, 0xff,
    0x70, 0x98, 0x40, 0xff, 0x70, 0x98, 0x40, 0xff, 0x70, 0x98, 0x40, 0xff,
    0x70, 0x98, 0x40, 0xff, 0x70, 0x98, 0x40, 0xff, 0x70, 0x98, 0x40, 0xff,
    0x70, 0x98, 0x40, 0xff, 0x70, 0x98, 0x40, 0xff, 0x70, 0x98, 0x40, 0xff,
    0x70, 0x98, 0x40, 0xff, 0x70, 0x98, 0x40, 0xff, 0x70, 0x98, 0x40, 0xef,
    0x68, 0x98, 0x38, 0xbe, 0x70, 0x98, 0x40, 0x8e, 0x68, 0x98, 0x40, 0x51,
    0x00, 0x00, 0x00, 0x00, 0x00, 0x00, 0x00, 0x00, 0x00, 0x00, 0x00, 0x00,
    0x00, 0x00, 0x00, 0x00, 0x00, 0x00, 0x00, 0x00, 0x00, 0x00, 0x00, 0x00,
    0x00, 0x00, 0x00, 0x00, 0x00, 0x00, 0x00, 0x00, 0x00, 0x00, 0x00, 0x00,
    0x00, 0x00, 0x00, 0x00, 0x00, 0x00, 0x00, 0x00, 0x00, 0x00, 0x00, 0x00,
    0x00, 0x00, 0x00, 0x00, 0x00, 0x00, 0x00, 0x00, 0x00, 0x00, 0x00, 0x00,
    0x00, 0x00, 0x00, 0x00, 0x00, 0x00, 0x00, 0x00, 0x70, 0xa0, 0x40, 0x10,
    0x68, 0x98, 0x38, 0x7d, 0x70, 0x98, 0x40, 0xef, 0x70, 0x98, 0x40, 0xff,
    0x70, 0x98, 0x40, 0xff, 0x70, 0x98, 0x40, 0xff, 0x68, 0x98, 0x38, 0xff,
    0x70, 0x98, 0x40, 0xff, 0x70, 0x98, 0x40, 0xff, 0x68, 0x98, 0x38, 0xff,
    0x70, 0x98, 0x40, 0xff, 0x70, 0x98, 0x40, 0xff, 0x68, 0x98, 0x38, 0xff,
    0x70, 0x98, 0x40, 0xff, 0x70, 0x98, 0x40, 0xff, 0x68, 0x98, 0x38, 0xff,
    0x70, 0x98, 0x40, 0xff, 0x70, 0x98, 0x40, 0xff, 0x68, 0x98, 0x38, 0xff,
    0x70, 0x98, 0x40, 0xff, 0x70, 0x98, 0x40, 0xff, 0x68, 0x98, 0x38, 0xff,
    0x70, 0x98, 0x40, 0xff, 0x70, 0x98, 0x40, 0xff, 0x68, 0x98, 0x38, 0xff,
    0x70, 0x98, 0x40, 0xff, 0x70, 0x98, 0x40, 0xff, 0x68, 0x98, 0x38, 0xff,
    0x70, 0x98, 0x40, 0xff, 0x70, 0x98, 0x40, 0xff, 0x68, 0x98, 0x38, 0xff,
    0x70, 0x98, 0x40, 0xff, 0x70, 0x98, 0x40, 0xff, 0x68, 0x98, 0x38, 0xff,
    0x70, 0x98, 0x40, 0xff, 0x70, 0x98, 0x40, 0xff, 0x68, 0x98, 0x38, 0xff,
    0x70, 0x98, 0x40, 0xff, 0x70, 0x98, 0x40, 0xff, 0x68, 0x98, 0x38, 0xff,
    0x70, 0x98, 0x40, 0xff, 0x70, 0x98, 0x40, 0xff, 0x68, 0x98, 0x38, 0xff,
    0x70, 0x98, 0x40, 0xff, 0x70, 0x98, 0x40, 0xff, 0x68, 0x98, 0x38, 0xff,
    0x70, 0x98, 0x40, 0xff, 0x70, 0x98, 0x40, 0xff, 0x68, 0x98, 0x38, 0xff,
    0x70, 0x98, 0x40, 0xff, 0x70, 0x98, 0x40, 0xff, 0x68, 0x98, 0x38, 0xff,
    0x70, 0x98, 0x40, 0xff, 0x70, 0x98, 0x40, 0xff, 0x68, 0x98, 0x38, 0xff,
    0x70, 0x98, 0x40, 0xff, 0x70, 0x98, 0x40, 0xff, 0x68, 0x98, 0x38, 0xff,
    0x70, 0x98, 0x40, 0xff, 0x70, 0x98, 0x40, 0xff, 0x68, 0x98, 0x38, 0xff,
    0x70, 0x98, 0x40, 0xff, 0x70, 0x98, 0x40, 0xff, 0x68, 0x98, 0x38, 0xff,
    0x70, 0x98, 0x40, 0xff, 0x70, 0x98, 0x40, 0xff, 0x68, 0x98, 0x38, 0xff,
    0x70, 0x98, 0x40, 0xff, 0x70, 0x98, 0x40, 0xff, 0x68, 0x98, 0x38, 0xff,
    0x70, 0x98, 0x40, 0xff, 0x70, 0x98, 0x40, 0xff, 0x68, 0x98, 0x38, 0xff,
    0x70, 0x98, 0x40, 0xff, 0x70, 0x98, 0x40, 0xff, 0x68, 0x98, 0x38, 0xff,
    0x70, 0x98, 0x40, 0xff, 0x70, 0x98, 0x40, 0xff, 0x68, 0x98, 0x38, 0xff,
    0x70, 0x98, 0x40, 0xff, 0x70, 0x98, 0x40, 0xff, 0x68, 0x98, 0x38, 0xff,
    0x70, 0x98, 0x40, 0xff, 0x70, 0x98, 0x40, 0xff, 0x68, 0x98, 0x38, 0xff,
    0x70, 0x98, 0x40, 0xff, 0x70, 0x98, 0x40, 0xff, 0x68, 0x98, 0x38, 0xff,
    0x70, 0x98, 0x40, 0xff, 0x70, 0x98, 0x40, 0xff, 0x68, 0x98, 0x38, 0xff,
    0x70, 0x98, 0x40, 0xff, 0x70, 0x98, 0x40, 0xff, 0x68, 0x98, 0x38, 0xff,
    0x70, 0x98, 0x40, 0xff, 0x70, 0x98, 0x40, 0xff, 0x68, 0x98, 0x38, 0xff,
    0x70, 0x98, 0x40, 0xff, 0x70, 0x98, 0x40, 0xff, 0x68, 0x98, 0x38, 0xff,
    0x70, 0x98, 0x40, 0xff, 0x70, 0x98, 0x40, 0xff, 0x68, 0x98, 0x38, 0xff,
    0x70, 0x98, 0x40, 0xff, 0x70, 0x98, 0x40, 0xff, 0x68, 0x98, 0x38, 0xff,
    0x70, 0x98, 0x40, 0xff, 0x70, 0x98, 0x40, 0xff, 0x68, 0x98, 0x38, 0xff,
    0x70, 0x98, 0x40, 0xff, 0x70, 0x98, 0x40, 0xff, 0x68, 0x98, 0x38, 0xff,
    0x70, 0x98, 0x40, 0xff, 0x70, 0x98, 0x40, 0xff, 0x68, 0x98, 0x38, 0xff,
    0x70, 0x98, 0x40, 0xff, 0x70, 0x98, 0x40, 0xff, 0x68, 0x98, 0x38, 0xff,
    0x70, 0x98, 0x40, 0xff, 0x70, 0x98, 0x40, 0xff, 0x68, 0x98, 0x38, 0xff,
    0x70, 0x98, 0x40, 0xff, 0x70, 0x98, 0x40, 0xff, 0x68, 0x98, 0x38, 0xff,
    0x70, 0x98, 0x40, 0xff, 0x70, 0x98, 0x40, 0xff, 0x68, 0x98, 0x38, 0xff,
    0x70, 0x98, 0x40, 0xff, 0x70, 0x98, 0x40, 0xff, 0x68, 0x98, 0x38, 0xff,
    0x70, 0x98, 0x40, 0xff, 0x70, 0x98, 0x40, 0xff, 0x68, 0x98, 0x38, 0xff,
    0x70, 0x98, 0x40, 0xff, 0x70, 0x98, 0x40, 0xff, 0x68, 0x98, 0x38, 0xff,
    0x70, 0x98, 0x40, 0xff, 0x70, 0x98, 0x40, 0xff, 0x68, 0x98, 0x38, 0xff,
    0x70, 0x98, 0x40, 0xff, 0x70, 0x98, 0x40, 0xff, 0x68, 0x98, 0x38, 0xff,
    0x70, 0x98, 0x40, 0xff, 0x70, 0x98, 0x40, 0xff, 0x68, 0x98, 0x38, 0xff,
    0x70, 0x98, 0x40, 0xff, 0x70, 0x98, 0x40, 0xff, 0x68, 0x98, 0x38, 0xff,
    0x70, 0x98, 0x40, 0xff, 0x70, 0x98, 0x40, 0xff, 0x68, 0x98, 0x38, 0xff,
    0x70, 0x98, 0x40, 0xff, 0x70, 0x98, 0x40, 0xff, 0x68, 0x98, 0x38, 0xff,
    0x70, 0x98, 0x40, 0xff, 0x70, 0x98, 0x40, 0xff, 0x68, 0x98, 0x38, 0xff,
    0x70, 0x98, 0x40, 0xff, 0x70, 0x98, 0x40, 0xff, 0x68, 0x98, 0x38, 0xff,
    0x70, 0x98, 0x40, 0xff, 0x70, 0x98, 0x40, 0xff, 0x68, 0x98, 0x38, 0xff,
    0x70, 0x98, 0x40, 0xff, 0x70, 0x98, 0x40, 0xff, 0x68, 0x98, 0x38, 0xff,
    0x70, 0x98, 0x40, 0xff, 0x70, 0x98, 0x40, 0xff, 0x68, 0x98, 0x38, 0xff,
    0x70, 0x98, 0x40, 0xff, 0x70, 0x98, 0x40, 0xff, 0x68, 0x98, 0x38, 0xff,
    0x70, 0x98, 0x40, 0xff, 0x70, 0x98, 0x40, 0xff, 0x68, 0x98, 0x38, 0xff,
    0x70, 0x98, 0x40, 0xff, 0x70, 0x98, 0x40, 0xff, 0x68, 0x98, 0x38, 0xff,
    0x70, 0x98, 0x40, 0xff, 0x70, 0x98, 0x40, 0xff, 0x68, 0x98, 0x38, 0xff,
    0x70, 0x98, 0x40, 0xff, 0x70, 0x98, 0x40, 0xff, 0x68, 0x98, 0x38, 0xff,
    0x70, 0x98, 0x40, 0xff, 0x70, 0x98, 0x40, 0xff, 0x68, 0x98, 0x38, 0xff,
    0x70, 0x98, 0x40, 0xff, 0x70, 0x98, 0x40, 0xff, 0x68, 0x98, 0x38, 0xff,
    0x70, 0x98, 0x40, 0xff, 0x70, 0x98, 0x40, 0xff, 0x68, 0x98, 0x38, 0xff,
    0x70, 0x98, 0x40, 0xff, 0x70, 0x98, 0x40, 0xff, 0x68, 0x98, 0x38, 0xff,
    0x70, 0x98, 0x40, 0xff, 0x70, 0x98, 0x40, 0xff, 0x68, 0x98, 0x38, 0xff,
    0x70, 0x98, 0x40, 0xff, 0x70, 0x98, 0x40, 0xff, 0x68, 0x98, 0x38, 0xff,
    0x70, 0x98, 0x40, 0xff, 0x70, 0x98, 0x40, 0xff, 0x68, 0x98, 0x38, 0xff,
    0x70, 0x98, 0x40, 0xff, 0x70, 0x98, 0x40, 0xff, 0x68, 0x98, 0x38, 0xff,
    0x70, 0x98, 0x40, 0xff, 0x70, 0x98, 0x40, 0xff, 0x68, 0x98, 0x38, 0xff,
    0x70, 0x98, 0x40, 0xff, 0x70, 0x98, 0x40, 0xff, 0x68, 0x98, 0x38, 0xff,
    0x70, 0x98, 0x40, 0xff, 0x70, 0x98, 0x40, 0xff, 0x70, 0x98, 0x40, 0xff,
    0x70, 0x98, 0x40, 0xff, 0x70, 0x98, 0x40, 0xdf, 0x68, 0x98, 0x38, 0x7d,
    0x68, 0x98, 0x38, 0x20, 0x00, 0x00, 0x00, 0x00, 0x00, 0x00, 0x00, 0x00,
    0x00, 0x00, 0x00, 0x00, 0x00, 0x00, 0x00, 0x00, 0x00, 0x00, 0x00, 0x00,
    0x00, 0x00, 0x00, 0x00, 0x00, 0x00, 0x00, 0x00, 0x00, 0x00, 0x00, 0x00,
    0x00, 0x00, 0x00, 0x00, 0x00, 0x00, 0x00, 0x00, 0x00, 0x00, 0x00, 0x00,
    0x00, 0x00, 0x00, 0x00, 0x00, 0x00, 0x00, 0x00, 0x70, 0x94, 0x40, 0x71,
    0x70, 0x98, 0x40, 0xef, 0x70, 0x98, 0x40, 0xff, 0x70, 0x98, 0x40, 0xff,
    0x70, 0x98, 0x40, 0xff, 0x70, 0x98, 0x40, 0xff, 0x68, 0x98, 0x38, 0xff,
    0x70, 0x9c, 0x40, 0xff, 0x70, 0x98, 0x40, 0xff, 0x68, 0x9c, 0x38, 0xff,
    0x70, 0x98, 0x40, 0xff, 0x70, 0x9c, 0x40, 0xff, 0x68, 0x98, 0x38, 0xff,
    0x70, 0x9c, 0x40, 0xff, 0x70, 0x98, 0x40, 0xff, 0x68, 0x9c, 0x38, 0xff,
    0x70, 0x98, 0x40, 0xff, 0x70, 0x9c, 0x40, 0xff, 0x68, 0x98, 0x38, 0xff,
    0x70, 0x9c, 0x40, 0xff, 0x70, 0x98, 0x40, 0xff, 0x68, 0x9c, 0x38, 0xff,
    0x70, 0x98, 0x40, 0xff, 0x70, 0x9c, 0x40, 0xff, 0x68, 0x98, 0x38, 0xff,
    0x70, 0x9c, 0x40, 0xff, 0x70, 0x98, 0x40, 0xff, 0x68, 0x9c, 0x38, 0xff,
    0x70, 0x98, 0x40, 0xff, 0x70, 0x9c, 0x40, 0xff, 0x68, 0x98, 0x38, 0xff,
    0x70, 0x9c, 0x40, 0xff, 0x70, 0x98, 0x40, 0xff, 0x68, 0x9c, 0x38, 0xff,
    0x70, 0x98, 0x40, 0xff, 0x70, 0x9c, 0x40, 0xff, 0x68, 0x98, 0x38, 0xff,
    0x70, 0x9c, 0x40, 0xff, 0x70, 0x98, 0x40, 0xff, 0x68, 0x9c, 0x38, 0xff,
    0x70, 0x98, 0x40, 0xff, 0x70, 0x9c, 0x40, 0xff, 0x68, 0x98, 0x38, 0xff,
    0x70, 0x9c, 0x40, 0xff, 0x70, 0x98, 0x40, 0xff, 0x68, 0x9c, 0x38, 0xff,
    0x70, 0x98, 0x40, 0xff, 0x70, 0x9c, 0x40, 0xff, 0x68, 0x98, 0x38, 0xff,
    0x70, 0x9c, 0x40, 0xff, 0x70, 0x98, 0x40, 0xff, 0x68, 0x9c, 0x38, 0xff,
    0x70, 0x98, 0x40, 0xff, 0x70, 0x9c, 0x40, 0xff, 0x68, 0x98, 0x38, 0xff,
    0x70, 0x9c, 0x40, 0xff, 0x70, 0x98, 0x40, 0xff, 0x68, 0x9c, 0x38, 0xff,
    0x70, 0x98, 0x40, 0xff, 0x70, 0x9c, 0x40, 0xff, 0x68, 0x98, 0x38, 0xff,
    0x70, 0x9c, 0x40, 0xff, 0x70, 0x98, 0x40, 0xff, 0x68, 0x9c, 0x38, 0xff,
    0x70, 0x98, 0x40, 0xff, 0x70, 0x9c, 0x40, 0xff, 0x68, 0x98, 0x38, 0xff,
    0x70, 0x9c, 0x40, 0xff, 0x70, 0x98, 0x40, 0xff, 0x68, 0x9c, 0x38, 0xff,
    0x70, 0x98, 0x40, 0xff, 0x70, 0x9c, 0x40, 0xff, 0x68, 0x98, 0x38, 0xff,
    0x70, 0x9c, 0x40, 0xff, 0x70, 0x98, 0x40, 0xff, 0x68, 0x9c, 0x38, 0xff,
    0x70, 0x98, 0x40, 0xff, 0x70, 0x9c, 0x40, 0xff, 0x68, 0x98, 0x38, 0xff,
    0x70, 0x9c, 0x40, 0xff, 0x70, 0x98, 0x40, 0xff, 0x68, 0x9c, 0x38, 0xff,
    0x70, 0x98, 0x40, 0xff, 0x70, 0x9c, 0x40, 0xff, 0x68, 0x98, 0x38, 0xff,
    0x70, 0x9c, 0x40, 0xff, 0x70, 0x98, 0x40, 0xff, 0x68, 0x9c, 0x38, 0xff,
    0x70, 0x98, 0x40, 0xff, 0x70, 0x9c, 0x40, 0xff, 0x68, 0x98, 0x38, 0xff,
    0x70, 0x9c, 0x40, 0xff, 0x70, 0x98, 0x40, 0xff, 0x68, 0x9c, 0x38, 0xff,
    0x70, 0x98, 0x40, 0xff, 0x70, 0x9c, 0x40, 0xff, 0x68, 0x98, 0x38, 0xff,
    0x70, 0x9c, 0x40, 0xff, 0x70, 0x98, 0x40, 0xff, 0x68, 0x9c, 0x38, 0xff,
    0x70, 0x98, 0x40, 0xff, 0x70, 0x9c, 0x40, 0xff, 0x68, 0x98, 0x38, 0xff,
    0x70, 0x9c, 0x40, 0xff, 0x70, 0x98, 0x40, 0xff, 0x68, 0x9c, 0x38, 0xff,
    0x70, 0x98, 0x40, 0xff, 0x70, 0x9c, 0x40, 0xff, 0x68, 0x98, 0x38, 0xff,
    0x70, 0x9c, 0x40, 0xff, 0x70, 0x98, 0x40, 0xff, 0x68, 0x9c, 0x38, 0xff,
    0x70, 0x98, 0x40, 0xff, 0x70, 0x9c, 0x40, 0xff, 0x68, 0x98, 0x38, 0xff,
    0x70, 0x9c, 0x40, 0xff, 0x70, 0x98, 0x40, 0xff, 0x68, 0x9c, 0x38, 0xff,
    0x70, 0x98, 0x40, 0xff, 0x70, 0x9c, 0x40, 0xff, 0x68, 0x98, 0x38, 0xff,
    0x70, 0x9c, 0x40, 0xff, 0x70, 0x98, 0x40, 0xff, 0x68, 0x9c, 0x38, 0xff,
    0x70, 0x98, 0x40, 0xff, 0x70, 0x9c, 0x40, 0xff, 0x68, 0x98, 0x38, 0xff,
    0x70, 0x9c, 0x40, 0xff, 0x70, 0x98, 0x40, 0xff, 0x68, 0x9c, 0x38, 0xff,
    0x70, 0x98, 0x40, 0xff, 0x70, 0x9c, 0x40, 0xff, 0x68, 0x98, 0x38, 0xff,
    0x70, 0x9c, 0x40, 0xff, 0x70, 0x98, 0x40, 0xff, 0x68, 0x9c, 0x38, 0xff,
    0x70, 0x98, 0x40, 0xff, 0x70, 0x9c, 0x40, 0xff, 0x68, 0x98, 0x38, 0xff,
    0x70, 0x9c, 0x40, 0xff, 0x70, 0x98, 0x40, 0xff, 0x68, 0x9c, 0x38, 0xff,
    0x70, 0x98, 0x40, 0xff, 0x70, 0x9c, 0x40, 0xff, 0x68, 0x98, 0x38, 0xff,
    0x70, 0x9c, 0x40, 0xff, 0x70, 0x98, 0x40, 0xff, 0x68, 0x9c, 0x38, 0xff,
    0x70, 0x98, 0x40, 0xff, 0x70, 0x9c, 0x40, 0xff, 0x68, 0x98, 0x38, 0xff,
    0x70, 0x9c, 0x40, 0xff, 0x70, 0x98, 0x40, 0xff, 0x68, 0x9c, 0x38, 0xff,
    0x70, 0x98, 0x40, 0xff, 0x70, 0x9c, 0x40, 0xff, 0x68, 0x98, 0x38, 0xff,
    0x70, 0x9c, 0x40, 0xff, 0x70, 0x98, 0x40, 0xff, 0x68, 0x9c, 0x38, 0xff,
    0x70, 0x98, 0x40, 0xff, 0x70, 0x9c, 0x40, 0xff, 0x68, 0x98, 0x38, 0xff,
    0x70, 0x9c, 0x40, 0xff, 0x70, 0x98, 0x40, 0xff, 0x68, 0x9c, 0x38, 0xff,
    0x70, 0x98, 0x40, 0xff, 0x70, 0x9c, 0x40, 0xff, 0x68, 0x98, 0x38, 0xff,
    0x70, 0x9c, 0x40, 0xff, 0x70, 0x98, 0x40, 0xff, 0x68, 0x9c, 0x38, 0xff,
    0x70, 0x98, 0x40, 0xff, 0x70, 0x9c, 0x40, 0xff, 0x68, 0x98, 0x38, 0xff,
    0x70, 0x9c, 0x40, 0xff, 0x70, 0x98, 0x40, 0xff, 0x68, 0x9c, 0x38, 0xff,
    0x70, 0x98, 0x40, 0xff, 0x70, 0x9c, 0x40, 0xff, 0x68, 0x98, 0x38, 0xff,
    0x70, 0x9c, 0x40, 0xff, 0x70, 0x98, 0x40, 0xff, 0x68, 0x9c, 0x38, 0xff,
    0x70, 0x98, 0x40, 0xff, 0x70, 0x9c, 0x40, 0xff, 0x68, 0x98, 0x38, 0xff,
    0x70, 0x9c, 0x40, 0xff, 0x70, 0x98, 0x40, 0xff, 0x68, 0x9c, 0x38, 0xff,
    0x70, 0x98, 0x40, 0xff, 0x70, 0x9c, 0x40, 0xff, 0x68, 0x98, 0x38, 0xff,
    0x70, 0x9c, 0x40, 0xff, 0x70, 0x98, 0x40, 0xff, 0x68, 0x9c, 0x38, 0xff,
    0x70, 0x98, 0x40, 0xff, 0x70, 0x9c, 0x40, 0xff, 0x68, 0x98, 0x38, 0xff,
    0x70, 0x9c, 0x40, 0xff, 0x70, 0x98, 0x40, 0xff, 0x68, 0x9c, 0x38, 0xff,
    0x70, 0x98, 0x40, 0xff, 0x70, 0x9c, 0x40, 0xff, 0x68, 0x98, 0x38, 0xff,
    0x70, 0x9c, 0x40, 0xff, 0x70, 0x98, 0x40, 0xff, 0x68, 0x9c, 0x38, 0xff,
    0x70, 0x98, 0x40, 0xff, 0x70, 0x9c, 0x40, 0xff, 0x68, 0x98, 0x38, 0xff,
    0x70, 0x9c, 0x40, 0xff, 0x70, 0x98, 0x40, 0xff, 0x68, 0x9c, 0x38, 0xff,
    0x70, 0x98, 0x40, 0xff, 0x70, 0x98, 0x40, 0xff, 0x70, 0x9c, 0x40, 0xff,
    0x70, 0x98, 0x38, 0xff, 0x70, 0x98, 0x40, 0xff, 0x70, 0x98, 0x40, 0xff,
    0x70, 0x98, 0x40, 0xff, 0x70, 0x98, 0x40, 0xdf, 0x70, 0x98, 0x38, 0x61,
    0x00, 0x00, 0x00, 0x00, 0x00, 0x00, 0x00, 0x00, 0x00, 0x00, 0x00, 0x00,
    0x00, 0x00, 0x00, 0x00, 0x00, 0x00, 0x00, 0x00, 0x00, 0x00, 0x00, 0x00,
    0x00, 0x00, 0x00, 0x00, 0x00, 0x00, 0x00, 0x00, 0x00, 0x00, 0x00, 0x00,
    0x00, 0x00, 0x00, 0x00, 0x00, 0x00, 0x00, 0x00, 0x70, 0x98, 0x40, 0x8e,
    0x70, 0x98, 0x40, 0xff, 0x68, 0x98, 0x38, 0xff, 0x70, 0x98, 0x40, 0xff,
    0x70, 0x98, 0x40, 0xff, 0x68, 0x9c, 0x38, 0xff, 0x70, 0x98, 0x40, 0xff,
    0x70, 0x98, 0x40, 0xff, 0x70, 0x98, 0x40, 0xff, 0x70, 0x98, 0x40, 0xff,
    0x70, 0x98, 0x40, 0xff, 0x70, 0x98, 0x40, 0xff, 0x70, 0x98, 0x40, 0xff,
    0x70, 0x9c, 0x40, 0xff, 0x70, 0x98, 0x40, 0xff, 0x70, 0x98, 0x40, 0xff,
    0x70, 0x98, 0x40, 0xff, 0x70, 0x9c, 0x40, 0xff, 0x70, 0x98, 0x40, 0xff,
    0x70, 0x98, 0x40, 0xff, 0x70, 0x98, 0x40, 0xff, 0x70, 0x9c, 0x40, 0xff,
    0x70, 0x98, 0x40, 0xff, 0x70, 0x98, 0x40, 0xff, 0x70, 0x98, 0x40, 0xff,
    0x70, 0x9c, 0x40, 0xff, 0x70, 0x98, 0x40, 0xff, 0x70, 0x98, 0x40, 0xff,
    0x70, 0x98, 0x40, 0xff, 0x70, 0x9c, 0x40, 0xff, 0x70, 0x98, 0x40, 0xff,
    0x70, 0x98, 0x40, 0xff, 0x70, 0x98, 0x40, 0xff, 0x70, 0x9c, 0x40, 0xff,
    0x70, 0x98, 0x40, 0xff, 0x70, 0x98, 0x40, 0xff, 0x70, 0x98, 0x40, 0xff,
    0x70, 0x9c, 0x40, 0xff, 0x70, 0x98, 0x40, 0xff, 0x70, 0x98, 0x40, 0xff,
    0x70, 0x98, 0x40, 0xff, 0x70, 0x9c, 0x40, 0xff, 0x70, 0x98, 0x40, 0xff,
    0x70, 0x98, 0x40, 0xff, 0x70, 0x98, 0x40, 0xff, 0x70, 0x9c, 0x40, 0xff,
    0x70, 0x98, 0x40, 0xff, 0x70, 0x98, 0x40, 0xff, 0x70, 0x98, 0x40, 0xff,
    0x70, 0x9c, 0x40, 0xff, 0x70, 0x98, 0x40, 0xff, 0x70, 0x98, 0x40, 0xff,
    0x70, 0x98, 0x40, 0xff, 0x70, 0x9c, 0x40, 0xff, 0x70, 0x98, 0x40, 0xff,
    0x70, 0x98, 0x40, 0xff, 0x70, 0x98, 0x40, 0xff, 0x70, 0x9c, 0x40, 0xff,
    0x70, 0x98, 0x40, 0xff, 0x70, 0x98, 0x40, 0xff, 0x70, 0x98, 0x40, 0xff,
    0x70, 0x9c, 0x40, 0xff, 0x70, 0x98, 0x40, 0xff, 0x70, 0x98, 0x40, 0xff,
    0x70, 0x98, 0x40, 0xff, 0x70, 0x9c, 0x40, 0xff, 0x70, 0x98, 0x40, 0xff,
    0x70, 0x98, 0x40, 0xff, 0x70, 0x98, 0x40, 0xff, 0x70, 0x9c, 0x40, 0xff,
    0x70, 0x98, 0x40, 0xff, 0x70, 0x98, 0x40, 0xff, 0x70, 0x98, 0x40, 0xff,
    0x70, 0x9c, 0x40, 0xff, 0x70, 0x98, 0x40, 0xff, 0x70, 0x98, 0x40, 0xff,
    0x70, 0x98, 0x40, 0xff, 0x70, 0x9c, 0x40, 0xff, 0x70, 0x98, 0x40, 0xff,
    0x70, 0x98, 0x40, 0xff, 0x70, 0x98, 0x40, 0xff, 0x70, 0x9c, 0x40, 0xff,
    0x70, 0x98, 0x40, 0xff, 0x70, 0x98, 0x40, 0xff, 0x70, 0x98, 0x40, 0xff,
    0x70, 0x9c, 0x40, 0xff, 0x70, 0x98, 0x40, 0xff, 0x70, 0x98, 0x40, 0xff,
    0x70, 0x98, 0x40, 0xff, 0x70, 0x9c, 0x40, 0xff, 0x70, 0x98, 0x40, 0xff,
    0x70, 0x98, 0x40, 0xff, 0x70, 0x98, 0x40, 0xff, 0x70, 0x9c, 0x40, 0xff,
    0x70, 0x98, 0x40, 0xff, 0x70, 0x98, 0x40, 0xff, 0x70, 0x98, 0x40, 0xff,
    0x70, 0x9c, 0x40, 0xff, 0x70, 0x98, 0x40, 0xff, 0x70, 0x98, 0x40, 0xff,
    0x70, 0x98, 0x40, 0xff, 0x70, 0x9c, 0x40, 0xff, 0x70, 0x98, 0x40, 0xff,
    0x70, 0x98, 0x40, 0xff, 0x70, 0x98, 0x40, 0xff, 0x70, 0x9c, 0x40, 0xff,
    0x70, 0x98, 0x40, 0xff, 0x70, 0x98, 0x40, 0xff, 0x70, 0x98, 0x40, 0xff,
    0x70, 0x9c, 0x40, 0xff, 0x70, 0x98, 0x40, 0xff, 0x70, 0x98, 0x40, 0xff,
    0x70, 0x98, 0x40, 0xff, 0x70, 0x9c, 0x40, 0xff, 0x70, 0x98, 0x40, 0xff,
    0x70, 0x98, 0x40, 0xff, 0x70, 0x98, 0x40, 0xff, 0x70, 0x9c, 0x40, 0xff,
    0x70, 0x98, 0x40, 0xff, 0x70, 0x98, 0x40, 0xff, 0x70, 0x98, 0x40, 0xff,
    0x70, 0x9c, 0x40, 0xff, 0x70, 0x98, 0x40, 0xff, 0x70, 0x98, 0x40, 0xff,
    0x70, 0x98, 0x40, 0xff, 0x70, 0x9c, 0x40, 0xff, 0x70, 0x98, 0x40, 0xff,
    0x70, 0x98, 0x40, 0xff, 0x70, 0x98, 0x40, 0xff, 0x70, 0x9c, 0x40, 0xff,
    0x70, 0x98, 0x40, 0xff, 0x70, 0x98, 0x40, 0xff, 0x70, 0x98, 0x40, 0xff,
    0x70, 0x9c, 0x40, 0xff, 0x70, 0x98, 0x40, 0xff, 0x70, 0x98, 0x40, 0xff,
    0x70, 0x98, 0x40, 0xff, 0x70, 0x9c, 0x40, 0xff, 0x70, 0x98, 0x40, 0xff,
    0x70, 0x98, 0x40, 0xff, 0x70, 0x98, 0x40, 0xff, 0x70, 0x9c, 0x40, 0xff,
    0x70, 0x98, 0x40, 0xff, 0x70, 0x98, 0x40, 0xff, 0x70, 0x98, 0x40, 0xff,
    0x70, 0x9c, 0x40, 0xff, 0x70, 0x98, 0x40, 0xff, 0x70, 0x98, 0x40, 0xff,
    0x70, 0x98, 0x40, 0xff, 0x70, 0x9c, 0x40, 0xff, 0x70, 0x98, 0x40, 0xff,
    0x70, 0x98, 0x40, 0xff, 0x70, 0x98, 0x40, 0xff, 0x70, 0x9c, 0x40, 0xff,
    0x70, 0x98, 0x40, 0xff, 0x70, 0x98, 0x40, 0xff, 0x70, 0x98, 0x40, 0xff,
    0x70, 0x9c, 0x40, 0xff, 0x70, 0x98, 0x40, 0xff, 0x70, 0x98, 0x40, 0xff,
    0x70, 0x98, 0x40, 0xff, 0x70, 0x9c, 0x40, 0xff, 0x70, 0x98, 0x40, 0xff,
    0x70, 0x98, 0x40, 0xff, 0x70, 0x98, 0x40, 0xff, 0x70, 0x9c, 0x40, 0xff,
    0x70, 0x98, 0x40, 0xff, 0x70, 0x98, 0x40, 0xff, 0x70, 0x98, 0x40, 0xff,
    0x70, 0x9c, 0x40, 0xff, 0x70, 0x98, 0x40, 0xff, 0x70, 0x98, 0x40, 0xff,
    0x70, 0x98, 0x40, 0xff, 0x70, 0x9c, 0x40, 0xff, 0x70, 0x98, 0x40, 0xff,
    0x70, 0x98, 0x40, 0xff, 0x70, 0x98, 0x40, 0xff, 0x70, 0x9c, 0x40, 0xff,
    0x70, 0x98, 0x40, 0xff, 0x70, 0x98, 0x40, 0xff, 0x70, 0x98, 0x40, 0xff,
    0x70, 0x9c, 0x40, 0xff, 0x70, 0x98, 0x40, 0xff, 0x70, 0x98, 0x40, 0xff,
    0x70, 0x98, 0x40, 0xff, 0x70, 0x9c, 0x40, 0xff, 0x70, 0x98, 0x40, 0xff,
    0x70, 0x98, 0x40, 0xff, 0x70, 0x98, 0x40, 0xff, 0x70, 0x9c, 0x40, 0xff,
    0x70, 0x98, 0x40, 0xff, 0x70, 0x98, 0x40, 0xff, 0x70, 0x98, 0x40, 0xff,
    0x70, 0x9c, 0x40, 0xff, 0x70, 0x98, 0x40, 0xff, 0x70, 0x98, 0x40, 0xff,
    0x70, 0x98, 0x40, 0xff, 0x70, 0x9c, 0x40, 0xff, 0x70, 0x98, 0x40, 0xff,
    0x70, 0x98, 0x40, 0xff, 0x70, 0x98, 0x40, 0xff, 0x70, 0x9c, 0x40, 0xff,
    0x70, 0x98, 0x40, 0xff, 0x70, 0x98, 0x40, 0xff, 0x70, 0x98, 0x40, 0xff,
    0x70, 0x9c, 0x40, 0xff, 0x70, 0x98, 0x40, 0xff, 0x70, 0x98, 0x40, 0xff,
    0x70, 0x98, 0x40, 0xff, 0x70, 0x9c, 0x40, 0xff, 0x70, 0x98, 0x40, 0xff,
    0x70, 0x98, 0x40, 0xff, 0x70, 0x98, 0x40, 0xff, 0x70, 0x9c, 0x40, 0xff,
    0x70, 0x98, 0x40, 0xff, 0x70, 0x98, 0x40, 0xff, 0x68, 0x9c, 0x38, 0xff,
    0x70, 0x98, 0x40, 0xff, 0x68, 0x98, 0x40, 0xff, 0x70, 0x9c, 0x38, 0xff,
    0x70, 0x98, 0x40, 0xff, 0x68, 0x98, 0x40, 0xff, 0x70, 0x98, 0x40, 0xff,
    0x70, 0x98, 0x40, 0xff, 0x68, 0x98, 0x40, 0x8e, 0x00, 0x00, 0x00, 0x00,
    0x00, 0x00, 0x00, 0x00, 0x00, 0x00, 0x00, 0x00, 0x00, 0x00, 0x00, 0x00,
    0x00, 0x00, 0x00, 0x00, 0x00, 0x00, 0x00, 0x00, 0x00, 0x00, 0x00, 0x00,
    0x00, 0x00, 0x00, 0x00, 0x00, 0x00, 0x00, 0x00, 0x68, 0x98, 0x38, 0x9e,
    0x70, 0x98, 0x40, 0xff, 0x70, 0x9c, 0x40, 0xff, 0x68, 0x98, 0x38, 0xff,
    0x70, 0x98, 0x40, 0xff, 0x70, 0x9c, 0x40, 0xff, 0x68, 0x98, 0x38, 0xff,
    0x70, 0x98, 0x40, 0xff, 0x70, 0x9c, 0x40, 0xff, 0x68, 0x98, 0x38, 0xff,
    0x70, 0x98, 0x40, 0xff, 0x68, 0x9c, 0x38, 0xff, 0x70, 0x98, 0x40, 0xff,
    0x68, 0x98, 0x38, 0xff, 0x70, 0x98, 0x40, 0xff, 0x68, 0x98, 0x38, 0xff,
    0x68, 0x98, 0x38, 0xff, 0x70, 0x98, 0x40, 0xff, 0x68, 0x98, 0x38, 0xff,
    0x70, 0x98, 0x40, 0xff, 0x68, 0x98, 0x38, 0xff, 0x68, 0x98, 0x38, 0xff,
    0x70, 0x98, 0x40, 0xff, 0x68, 0x98, 0x38, 0xff, 0x70, 0x98, 0x40, 0xff,
    0x68, 0x98, 0x38, 0xff, 0x70, 0x98, 0x40, 0xff, 0x68, 0x98, 0x38, 0xff,
    0x68, 0x98, 0x38, 0xff, 0x70, 0x98, 0x40, 0xff, 0x68, 0x98, 0x38, 0xff,
    0x70, 0x98, 0x40, 0xff, 0x68, 0x98, 0x38, 0xff, 0x68, 0x98, 0x38, 0xff,
    0x70, 0x98, 0x40, 0xff, 0x68, 0x98, 0x38, 0xff, 0x70, 0x98, 0x40, 0xff,
    0x68, 0x98, 0x38, 0xff, 0x70, 0x98, 0x40, 0xff, 0x68, 0x98, 0x38, 0xff,
    0x68, 0x98, 0x38, 0xff, 0x70, 0x98, 0x40, 0xff, 0x68, 0x98, 0x38, 0xff,
    0x70, 0x98, 0x40, 0xff, 0x68, 0x98, 0x38, 0xff, 0x68, 0x98, 0x38, 0xff,
    0x70, 0x98, 0x40, 0xff, 0x68, 0x98, 0x38, 0xff, 0x70, 0x98, 0x40, 0xff,
    0x68, 0x98, 0x38, 0xff, 0x70, 0x98, 0x40, 0xff, 0x68, 0x98, 0x38, 0xff,
    0x68, 0x98, 0x38, 0xff, 0x70, 0x98, 0x40, 0xff, 0x68, 0x98, 0x38, 0xff,
    0x70, 0x98, 0x40, 0xff, 0x68, 0x98, 0x38, 0xff, 0x68, 0x98, 0x38, 0xff,
    0x70, 0x98, 0x40, 0xff, 0x68, 0x98, 0x38, 0xff, 0x70, 0x98, 0x40, 0xff,
    0x68, 0x98, 0x38, 0xff, 0x70, 0x98, 0x40, 0xff, 0x68, 0x98, 0x38, 0xff,
    0x68, 0x98, 0x38, 0xff, 0x70, 0x98, 0x40, 0xff, 0x68, 0x98, 0x38, 0xff,
    0x70, 0x98, 0x40, 0xff, 0x68, 0x98, 0x38, 0xff, 0x68, 0x98, 0x38, 0xff,
    0x70, 0x98, 0x40, 0xff, 0x68, 0x98, 0x38, 0xff, 0x70, 0x98, 0x40, 0xff,
    0x68, 0x98, 0x38, 0xff, 0x70, 0x98, 0x40, 0xff, 0x68, 0x98, 0x38, 0xff,
    0x68, 0x98, 0x38, 0xff, 0x70, 0x98, 0x40, 0xff, 0x68, 0x98, 0x38, 0xff,
    0x70, 0x98, 0x40, 0xff, 0x68, 0x98, 0x38, 0xff, 0x68, 0x98, 0x38, 0xff,
    0x70, 0x98, 0x40, 0xff, 0x68, 0x98, 0x38, 0xff, 0x70, 0x98, 0x40, 0xff,
    0x68, 0x98, 0x38, 0xff, 0x70, 0x98, 0x40, 0xff, 0x68, 0x98, 0x38, 0xff,
    0x68, 0x98, 0x38, 0xff, 0x70, 0x98, 0x40, 0xff, 0x68, 0x98, 0x38, 0xff,
    0x70, 0x98, 0x40, 0xff, 0x68, 0x98, 0x38, 0xff, 0x68, 0x98, 0x38, 0xff,
    0x70, 0x98, 0x40, 0xff, 0x68, 0x98, 0x38, 0xff, 0x70, 0x98, 0x40, 0xff,
    0x68, 0x98, 0x38, 0xff, 0x70, 0x98, 0x40, 0xff, 0x68, 0x98, 0x38, 0xff,
    0x68, 0x98, 0x38, 0xff, 0x70, 0x98, 0x40, 0xff, 0x68, 0x98, 0x38, 0xff,
    0x70, 0x98, 0x40, 0xff, 0x68, 0x98, 0x38, 0xff, 0x68, 0x98, 0x38, 0xff,
    0x70, 0x98, 0x40, 0xff, 0x68, 0x98, 0x38, 0xff, 0x70, 0x98, 0x40, 0xff,
    0x68, 0x98, 0x38, 0xff, 0x70, 0x98, 0x40, 0xff, 0x68, 0x98, 0x38, 0xff,
    0x68, 0x98, 0x38, 0xff, 0x70, 0x98, 0x40, 0xff, 0x68, 0x98, 0x38, 0xff,
    0x70, 0x98, 0x40, 0xff, 0x68, 0x98, 0x38, 0xff, 0x68, 0x98, 0x38, 0xff,
    0x70, 0x98, 0x40, 0xff, 0x68, 0x98, 0x38, 0xff, 0x70, 0x98, 0x40, 0xff,
    0x68, 0x98, 0x38, 0xff, 0x70, 0x98, 0x40, 0xff, 0x68, 0x98, 0x38, 0xff,
    0x68, 0x98, 0x38, 0xff, 0x70, 0x98, 0x40, 0xff, 0x68, 0x98, 0x38, 0xff,
    0x70, 0x98, 0x40, 0xff, 0x68, 0x98, 0x38, 0xff, 0x68, 0x98, 0x38, 0xff,
    0x70, 0x98, 0x40, 0xff, 0x68, 0x98, 0x38, 0xff, 0x70, 0x98, 0x40, 0xff,
    0x68, 0x98, 0x38, 0xff, 0x70, 0x98, 0x40, 0xff, 0x68, 0x98, 0x38, 0xff,
    0x68, 0x98, 0x38, 0xff, 0x70, 0x98, 0x40, 0xff, 0x68, 0x98, 0x38, 0xff,
    0x70, 0x98, 0x40, 0xff, 0x68, 0x98, 0x38, 0xff, 0x68, 0x98, 0x38, 0xff,
    0x70, 0x98, 0x40, 0xff, 0x68, 0x98, 0x38, 0xff, 0x70, 0x98, 0x40, 0xff,
    0x68, 0x98, 0x38, 0xff, 0x70, 0x98, 0x40, 0xff, 0x68, 0x98, 0x38, 0xff,
    0x68, 0x98, 0x38, 0xff, 0x70, 0x98, 0x40, 0xff, 0x68, 0x98, 0x38, 0xff,
    0x70, 0x98, 0x40, 0xff, 0x68, 0x98, 0x38, 0xff, 0x68, 0x98, 0x38, 0xff,
    0x70, 0x98, 0x40, 0xff, 0x68, 0x98, 0x38, 0xff, 0x70, 0x98, 0x40, 0xff,
    0x68, 0x98, 0x38, 0xff, 0x70, 0x98, 0x40, 0xff, 0x68, 0x98, 0x38, 0xff,
    0x68, 0x98, 0x38, 0xff, 0x70, 0x98, 0x40, 0xff, 0x68, 0x98, 0x38, 0xff,
    0x70, 0x98, 0x40, 0xff, 0x68, 0x98, 0x38, 0xff, 0x68, 0x98, 0x38, 0xff,
    0x70, 0x98, 0x40, 0xff, 0x68, 0x98, 0x38, 0xff, 0x70, 0x98, 0x40, 0xff,
    0x68, 0x98, 0x38, 0xff, 0x70, 0x98, 0x40, 0xff, 0x68, 0x98, 0x38, 0xff,
    0x68, 0x98, 0x38, 0xff, 0x70, 0x98, 0x40, 0xff, 0x68, 0x98, 0x38, 0xff,
    0x70, 0x98, 0x40, 0xff, 0x68, 0x98, 0x38, 0xff, 0x68, 0x98, 0x38, 0xff,
    0x70, 0x98, 0x40, 0xff, 0x68, 0x98, 0x38, 0xff, 0x70, 0x98, 0x40, 0xff,
    0x68, 0x98, 0x38, 0xff, 0x70, 0x98, 0x40, 0xff, 0x68, 0x98, 0x38, 0xff,
    0x68, 0x98, 0x38, 0xff, 0x70, 0x98, 0x40, 0xff, 0x68, 0x98, 0x38, 0xff,
    0x70, 0x98, 0x40, 0xff, 0x68, 0x98, 0x38, 0xff, 0x68, 0x98, 0x38, 0xff,
    0x70, 0x98, 0x40, 0xff, 0x68, 0x98, 0x38, 0xff, 0x70, 0x98, 0x40, 0xff,
    0x68, 0x98, 0x38, 0xff, 0x70, 0x98, 0x40, 0xff, 0x68, 0x98, 0x38, 0xff,
    0x68, 0x98, 0x38, 0xff, 0x70, 0x98, 0x40, 0xff, 0x68, 0x98, 0x38, 0xff,
    0x70, 0x98, 0x40, 0xff, 0x68, 0x98, 0x38, 0xff, 0x68, 0x98, 0x38, 0xff,
    0x70, 0x98, 0x40, 0xff, 0x68, 0x98, 0x38, 0xff, 0x70, 0x98, 0x40, 0xff,
    0x68, 0x98, 0x38, 0xff, 0x70, 0x98, 0x40, 0xff, 0x68, 0x98, 0x38, 0xff,
    0x68, 0x98, 0x38, 0xff, 0x70, 0x98, 0x40, 0xff, 0x68, 0x98, 0x38, 0xff,
    0x70, 0x98, 0x40, 0xff, 0x68, 0x98, 0x38, 0xff, 0x68, 0x98, 0x38, 0xff,
    0x70, 0x98, 0x40, 0xff, 0x70, 0x98, 0x40, 0xff, 0x68, 0x98, 0x38, 0xff,
    0x70, 0x98, 0x40, 0xff, 0x70, 0x98, 0x40, 0xff, 0x68, 0x98, 0x40, 0xff,
    0x70, 0x9c, 0x38, 0xff, 0x70, 0x98, 0x40, 0xff, 0x68, 0x9c, 0x38, 0xff,
    0x70, 0x98, 0x40, 0xff, 0x70, 0x98, 0x40, 0xff, 0x70, 0x98, 0x40, 0xff,
    0x68, 0x9c, 0x38, 0x9e, 0x00, 0x00, 0x00, 0x00, 0x00, 0x00, 0x00, 0x00,
    0x00, 0x00, 0x00, 0x00, 0x00, 0x00, 0x00, 0x00, 0x00, 0x00, 0x00, 0x00,
    0x00, 0x00, 0x00, 0x00, 0x00, 0x00, 0x00, 0x00, 0x70, 0x98, 0x40, 0x8e,
    0x70, 0x98, 0x40, 0xff, 0x70, 0x98, 0x40, 0xff, 0x70, 0x98, 0x40, 0xff,
    0x70, 0x9c, 0x40, 0xff, 0x70, 0x98, 0x40, 0xff, 0x70, 0x98, 0x40, 0xff,
    0x70, 0x98, 0x40, 0xff, 0x70, 0x98, 0x40, 0xff, 0x68, 0x9c, 0x38, 0xff,
    0x70, 0x98, 0x40, 0xff, 0x70, 0x98, 0x40, 0xff, 0x70, 0x9c, 0x40, 0xff,
    0x68, 0x98, 0x38, 0xff, 0x70, 0x98, 0x40, 0xff, 0x70, 0x9c, 0x40, 0xff,
    0x70, 0x98, 0x40, 0xff, 0x70, 0x9c, 0x40, 0xff, 0x70, 0x98, 0x40, 0xff,
    0x70, 0x98, 0x40, 0xff, 0x70, 0x9c, 0x40, 0xff, 0x70, 0x9c, 0x40, 0xff,
    0x70, 0x98, 0x40, 0xff, 0x70, 0x98, 0x40, 0xff, 0x70, 0x9c, 0x40, 0xff,
    0x68, 0x9c, 0x38, 0xff, 0x70, 0x98, 0x40, 0xff, 0x70, 0x98, 0x40, 0xff,
    0x70, 0x9c, 0x40, 0xff, 0x70, 0x9c, 0x40, 0xff, 0x70, 0x98, 0x40, 0xff,
    0x70, 0x98, 0x40, 0xff, 0x70, 0x9c, 0x40, 0xff, 0x70, 0x9c, 0x40, 0xff,
    0x70, 0x98, 0x40, 0xff, 0x70, 0x98, 0x40, 0xff, 0x70, 0x9c, 0x40, 0xff,
    0x68, 0x9c, 0x38, 0xff, 0x70, 0x98, 0x40, 0xff, 0x70, 0x98, 0x40, 0xff,
    0x70, 0x9c, 0x40, 0xff, 0x70, 0x9c, 0x40, 0xff, 0x70, 0x98, 0x40, 0xff,
    0x70, 0x98, 0x40, 0xff, 0x70, 0x9c, 0x40, 0xff, 0x70, 0x9c, 0x40, 0xff,
    0x70, 0x98, 0x40, 0xff, 0x70, 0x98, 0x40, 0xff, 0x70, 0x9c, 0x40, 0xff,
    0x68, 0x9c, 0x38, 0xff, 0x70, 0x98, 0x40, 0xff, 0x70, 0x98, 0x40, 0xff,
    0x70, 0x9c, 0x40, 0xff, 0x70, 0x9c, 0x40, 0xff, 0x70, 0x98, 0x40, 0xff,
    0x70, 0x98, 0x40, 0xff, 0x70, 0x9c, 0x40, 0xff, 0x70, 0x9c, 0x40, 0xff,
    0x70, 0x98, 0x40, 0xff, 0x70, 0x98, 0x40, 0xff, 0x70, 0x9c, 0x40, 0xff,
    0x68, 0x9c, 0x38, 0xff, 0x70, 0x98, 0x40, 0xff, 0x70, 0x98, 0x40, 0xff,
    0x70, 0x9c, 0x40, 0xff, 0x70, 0x9c, 0x40, 0xff, 0x70, 0x98, 0x40, 0xff,
    0x70, 0x98, 0x40, 0xff, 0x70, 0x9c, 0x40, 0xff, 0x70, 0x9c, 0x40, 0xff,
    0x70, 0x98, 0x40, 0xff, 0x70, 0x98, 0x40, 0xff, 0x70, 0x9c, 0x40, 0xff,
    0x68, 0x9c, 0x38, 0xff, 0x70, 0x98, 0x40, 0xff, 0x70, 0x98, 0x40, 0xff,
    0x70, 0x9c, 0x40, 0xff, 0x70, 0x9c, 0x40, 0xff, 0x70, 0x98, 0x40, 0xff,
    0x70, 0x98, 0x40, 0xff, 0x70, 0x9c, 0x40, 0xff, 0x70, 0x9c, 0x40, 0xff,
    0x70, 0x98, 0x40, 0xff, 0x70, 0x98, 0x40, 0xff, 0x70, 0x9c, 0x40, 0xff,
    0x68, 0x9c, 0x38, 0xff, 0x70, 0x98, 0x40, 0xff, 0x70, 0x98, 0x40, 0xff,
    0x70, 0x9c, 0x40, 0xff, 0x70, 0x9c, 0x40, 0xff, 0x70, 0x98, 0x40, 0xff,
    0x70, 0x98, 0x40, 0xff, 0x70, 0x9c, 0x40, 0xff, 0x70, 0x9c, 0x40, 0xff,
    0x70, 0x98, 0x40, 0xff, 0x70, 0x98, 0x40, 0xff, 0x70, 0x9c, 0x40, 0xff,
    0x68, 0x9c, 0x38, 0xff, 0x70, 0x98, 0x40, 0xff, 0x70, 0x98, 0x40, 0xff,
    0x70, 0x9c, 0x40, 0xff, 0x70, 0x9c, 0x40, 0xff, 0x70, 0x98, 0x40, 0xff,
    0x70, 0x98, 0x40, 0xff, 0x70, 0x9c, 0x40, 0xff, 0x70, 0x9c, 0x40, 0xff,
    0x70, 0x98, 0x40, 0xff, 0x70, 0x98, 0x40, 0xff, 0x70, 0x9c, 0x40, 0xff,
    0x68, 0x9c, 0x38, 0xff, 0x70, 0x98, 0x40, 0xff, 0x70, 0x98, 0x40, 0xff,
    0x70, 0x9c, 0x40, 0xff, 0x70, 0x9c, 0x40, 0xff, 0x70, 0x98, 0x40, 0xff,
    0x70, 0x98, 0x40, 0xff, 0x70, 0x9c, 0x40, 0xff, 0x70, 0x9c, 0x40, 0xff,
    0x70, 0x98, 0x40, 0xff, 0x70, 0x98, 0x40, 0xff, 0x70, 0x9c, 0x40, 0xff,
    0x68, 0x9c, 0x38, 0xff, 0x70, 0x98, 0x40, 0xff, 0x70, 0x98, 0x40, 0xff,
    0x70, 0x9c, 0x40, 0xff, 0x70, 0x9c, 0x40, 0xff, 0x70, 0x98, 0x40, 0xff,
    0x70, 0x98, 0x40, 0xff, 0x70, 0x9c, 0x40, 0xff, 0x70, 0x9c, 0x40, 0xff,
    0x70, 0x98, 0x40, 0xff, 0x70, 0x98, 0x40, 0xff, 0x70, 0x9c, 0x40, 0xff,
    0x68, 0x9c, 0x38, 0xff, 0x70, 0x98, 0x40, 0xff, 0x70, 0x98, 0x40, 0xff,
    0x70, 0x9c, 0x40, 0xff, 0x70, 0x9c, 0x40, 0xff, 0x70, 0x98, 0x40, 0xff,
    0x70, 0x98, 0x40, 0xff, 0x70, 0x9c, 0x40, 0xff, 0x70, 0x9c, 0x40, 0xff,
    0x70, 0x98, 0x40, 0xff, 0x70, 0x98, 0x40, 0xff, 0x70, 0x9c, 0x40, 0xff,
    0x68, 0x9c, 0x38, 0xff, 0x70, 0x98, 0x40, 0xff, 0x70, 0x98, 0x40, 0xff,
    0x70, 0x9c, 0x40, 0xff, 0x70, 0x9c, 0x40, 0xff, 0x70, 0x98, 0x40, 0xff,
    0x70, 0x98, 0x40, 0xff, 0x70, 0x9c, 0x40, 0xff, 0x70, 0x9c, 0x40, 0xff,
    0x70, 0x98, 0x40, 0xff, 0x70, 0x98, 0x40, 0xff, 0x70, 0x9c, 0x40, 0xff,
    0x68, 0x9c, 0x38, 0xff, 0x70, 0x98, 0x40, 0xff, 0x70, 0x98, 0x40, 0xff,
    0x70, 0x9c, 0x40, 0xff, 0x70, 0x9c, 0x40, 0xff, 0x70, 0x98, 0x40, 0xff,
    0x70, 0x98, 0x40, 0xff, 0x70, 0x9c, 0x40, 0xff, 0x70, 0x9c, 0x40, 0xff,
    0x70, 0x98, 0x40, 0xff, 0x70, 0x98, 0x40, 0xff, 0x70, 0x9c, 0x40, 0xff,
    0x68, 0x9c, 0x38, 0xff, 0x70, 0x98, 0x40, 0xff, 0x70, 0x98, 0x40, 0xff,
    0x70, 0x9c, 0x40, 0xff, 0x70, 0x9c, 0x40, 0xff, 0x70, 0x98, 0x40, 0xff,
    0x70, 0x98, 0x40, 0xff, 0x70, 0x9c, 0x40, 0xff, 0x70, 0x9c, 0x40, 0xff,
    0x70, 0x98, 0x40, 0xff, 0x70, 0x98, 0x40, 0xff, 0x70, 0x9c, 0x40, 0xff,
    0x68, 0x9c, 0x38, 0xff, 0x70, 0x98, 0x40, 0xff, 0x70, 0x98, 0x40, 0xff,
    0x70, 0x9c, 0x40, 0xff, 0x70, 0x9c, 0x40, 0xff, 0x70, 0x98, 0x40, 0xff,
    0x70, 0x98, 0x40, 0xff, 0x70, 0x9c, 0x40, 0xff, 0x70, 0x9c, 0x40, 0xff,
    0x70, 0x98, 0x40, 0xff, 0x70, 0x98, 0x40, 0xff, 0x70, 0x9c, 0x40, 0xff,
    0x68, 0x9c, 0x38, 0xff, 0x70, 0x98, 0x40, 0xff, 0x70, 0x98, 0x40, 0xff,
    0x70, 0x9c, 0x40, 0xff, 0x70, 0x9c, 0x40, 0xff, 0x70, 0x98, 0x40, 0xff,
    0x70, 0x98, 0x40, 0xff, 0x70, 0x9c, 0x40, 0xff, 0x70, 0x9c, 0x40, 0xff,
    0x70, 0x98, 0x40, 0xff, 0x70, 0x98, 0x40, 0xff, 0x70, 0x9c, 0x40, 0xff,
    0x68, 0x9c, 0x38, 0xff, 0x70, 0x98, 0x40, 0xff, 0x70, 0x98, 0x40, 0xff,
    0x70, 0x9c, 0x40, 0xff, 0x70, 0x9c, 0x40, 0xff, 0x70, 0x98, 0x40, 0xff,
    0x70, 0x98, 0x40, 0xff, 0x70, 0x9c, 0x40, 0xff, 0x70, 0x9c, 0x40, 0xff,
    0x70, 0x98, 0x40, 0xff, 0x70, 0x98, 0x40, 0xff, 0x68, 0x9c, 0x38, 0xff,
    0x70, 0x98, 0x40, 0xff, 0x70, 0x9c, 0x40, 0xff, 0x70, 0x98, 0x40, 0xff,
    0x70, 0x98, 0x38, 0xff, 0x70, 0x98, 0x40, 0xff, 0x70, 0x98, 0x40, 0xff,
    0x70, 0x98, 0x40, 0xff, 0x70, 0x9c, 0x38, 0xff, 0x70, 0x98, 0x40, 0xff,
    0x70, 0x98, 0x40, 0xff, 0x70, 0x98, 0x40, 0xff, 0x70, 0x98, 0x38, 0x8e,
    0x00, 0x00, 0x00, 0x00, 0x00, 0x00, 0x00, 0x00, 0x00, 0x00, 0x00, 0x00,
    0x00, 0x00, 0x00, 0x00, 0x00, 0x00, 0x00, 0x00, 0x70, 0x98, 0x40, 0x61,
    0x70, 0x98, 0x40, 0xff, 0x68, 0x98, 0x38, 0xff, 0x70, 0x9c, 0x40, 0xff,
    0x68, 0x98, 0x38, 0xff, 0x70, 0x98, 0x40, 0xff, 0x68, 0x98, 0x38, 0xff,
    0x70, 0x9c, 0x40, 0xff, 0x70, 0x98, 0x40, 0xff, 0x68, 0x98, 0x38, 0xff,
    0x70, 0x98, 0x40, 0xff, 0x70, 0x98, 0x40, 0xff, 0x70, 0x98, 0x40, 0xff,
    0x70, 0x98, 0x40, 0xff, 0x70, 0x9c, 0x40, 0xff, 0x70, 0x98, 0x40, 0xff,
    0x70, 0x98, 0x40, 0xff, 0x70, 0x9c, 0x40, 0xff, 0x68, 0x98, 0x38, 0xff,
    0x70, 0x98, 0x40, 0xff, 0x70, 0x9c, 0x40, 0xff, 0x68, 0x98, 0x38, 0xff,
    0x70, 0x98, 0x40, 0xff, 0x70, 0x98, 0x40, 0xff, 0x70, 0x98, 0x40, 0xff,
    0x70, 0x98, 0x40, 0xff, 0x70, 0x98, 0x40, 0xff, 0x70, 0x9c, 0x40, 0xff,
    0x70, 0x98, 0x40, 0xff, 0x68, 0x98, 0x38, 0xff, 0x70, 0x98, 0x40, 0xff,
    0x70, 0x98, 0x40, 0xff, 0x68, 0x98, 0x38, 0xff, 0x70, 0x98, 0x40, 0xff,
    0x70, 0x98, 0x40, 0xff, 0x68, 0x9c, 0x38, 0xff, 0x70, 0x98, 0x40, 0xff,
    0x70, 0x98, 0x40, 0xff, 0x70, 0x98, 0x40, 0xff, 0x70, 0x98, 0x40, 0xff,
    0x70, 0x98, 0x40, 0xff, 0x70, 0x98, 0x40, 0xff, 0x68, 0x98, 0x38, 0xff,
    0x70, 0x9c, 0x40, 0xff, 0x70, 0x98, 0x40, 0xff, 0x68, 0x98, 0x38, 0xff,
    0x70, 0x98, 0x40, 0xff, 0x70, 0x98, 0x40, 0xff, 0x70, 0x98, 0x40, 0xff,
    0x70, 0x98, 0x40, 0xff, 0x70, 0x98, 0x40, 0xff, 0x70, 0x9c, 0x40, 0xff,
    0x70, 0x98, 0x40, 0xff, 0x68, 0x98, 0x38, 0xff, 0x70, 0x98, 0x40, 0xff,
    0x70, 0x98, 0x40, 0xff, 0x68, 0x98, 0x38, 0xff, 0x70, 0x98, 0x40, 0xff,
    0x70, 0x98, 0x40, 0xff, 0x68, 0x9c, 0x38, 0xff, 0x70, 0x98, 0x40, 0xff,
    0x70, 0x98, 0x40, 0xff, 0x70, 0x98, 0x40, 0xff, 0x70, 0x98, 0x40, 0xff,
    0x70, 0x98, 0x40, 0xff, 0x70, 0x98, 0x40, 0xff, 0x68, 0x98, 0x38, 0xff,
    0x70, 0x9c, 0x40, 0xff, 0x70, 0x98, 0x40, 0xff, 0x68, 0x98, 0x38, 0xff,
    0x70, 0x98, 0x40, 0xff, 0x70, 0x98, 0x40, 0xff, 0x70, 0x98, 0x40, 0xff,
    0x70, 0x98, 0x40, 0xff, 0x70, 0x98, 0x40, 0xff, 0x70, 0x9c, 0x40, 0xff,
    0x70, 0x98, 0x40, 0xff, 0x68, 0x98, 0x38, 0xff, 0x70, 0x98, 0x40, 0xff,
    0x70, 0x98, 0x40, 0xff, 0x68, 0x98, 0x38, 0xff, 0x70, 0x98, 0x40, 0xff,
    0x70, 0x98, 0x40, 0xff, 0x68, 0x9c, 0x38, 0xff, 0x70, 0x98, 0x40, 0xff,
    0x70, 0x98, 0x40, 0xff, 0x70, 0x98, 0x40, 0xff, 0x70, 0x98, 0x40, 0xff,
    0x70, 0x98, 0x40, 0xff, 0x70, 0x98, 0x40, 0xff, 0x68, 0x98, 0x38, 0xff,
    0x70, 0x9c, 0x40, 0xff, 0x70, 0x98, 0x40, 0xff, 0x68, 0x98, 0x38, 0xff,
    0x70, 0x98, 0x40, 0xff, 0x70, 0x98, 0x40, 0xff, 0x70, 0x98, 0x40, 0xff,
    0x70, 0x98, 0x40, 0xff, 0x70, 0x98, 0x40, 0xff, 0x70, 0x9c, 0x40, 0xff,
    0x70, 0x98, 0x40, 0xff, 0x68, 0x98, 0x38, 0xff, 0x70, 0x98, 0x40, 0xff,
    0x70, 0x98, 0x40, 0xff, 0x68, 0x98, 0x38, 0xff, 0x70, 0x98, 0x40, 0xff,
    0x70, 0x98, 0x40, 0xff, 0x68, 0x9c, 0x38, 0xff, 0x70, 0x98, 0x40, 0xff,
    0x70, 0x98, 0x40, 0xff, 0x70, 0x98, 0x40, 0xff, 0x70, 0x98, 0x40, 0xff,
    0x70, 0x98, 0x40, 0xff, 0x70, 0x98, 0x40, 0xff, 0x68, 0x98, 0x38, 0xff,
    0x70, 0x9c, 0x40, 0xff, 0x70, 0x98, 0x40, 0xff, 0x68, 0x98, 0x38, 0xff,
    0x70, 0x98, 0x40, 0xff, 0x70, 0x98, 0x40, 0xff, 0x70, 0x98, 0x40, 0xff,
    0x70, 0x98, 0x40, 0xff, 0x70, 0x98, 0x40, 0xff, 0x70, 0x9c, 0x40, 0xff,
    0x70, 0x98, 0x40, 0xff, 0x68, 0x98, 0x38, 0xff, 0x70, 0x98, 0x40, 0xff,
    0x70, 0x98, 0x40, 0xff, 0x68, 0x98, 0x38, 0xff, 0x70, 0x98, 0x40, 0xff,
    0x70, 0x98, 0x40, 0xff, 0x68, 0x9c, 0x38, 0xff, 0x70, 0x98, 0x40, 0xff,
    0x70, 0x98, 0x40, 0xff, 0x70, 0x98, 0x40, 0xff, 0x70, 0x98, 0x40, 0xff,
    0x70, 0x98, 0x40, 0xff, 0x70, 0x98, 0x40, 0xff, 0x68, 0x98, 0x38, 0xff,
    0x70, 0x9c, 0x40, 0xff, 0x70, 0x98, 0x40, 0xff, 0x68, 0x98, 0x38, 0xff,
    0x70, 0x98, 0x40, 0xff, 0x70, 0x98, 0x40, 0xff, 0x70, 0x98, 0x40, 0xff,
    0x70, 0x98, 0x40, 0xff, 0x70, 0x98, 0x40, 0xff, 0x70, 0x9c, 0x40, 0xff,
    0x70, 0x98, 0x40, 0xff, 0x68, 0x98, 0x38, 0xff, 0x70, 0x98, 0x40, 0xff,
    0x70, 0x98, 0x40, 0xff, 0x68, 0x98, 0x38, 0xff, 0x70, 0x98, 0x40, 0xff,
    0x70, 0x98, 0x40, 0xff, 0x68, 0x9c, 0x38, 0xff, 0x70, 0x98, 0x40, 0xff,
    0x70, 0x98, 0x40, 0xff, 0x70, 0x98, 0x40, 0xff, 0x70, 0x98, 0x40, 0xff,
    0x70, 0x98, 0x40, 0xff, 0x70, 0x98, 0x40, 0xff, 0x68, 0x98, 0x38, 0xff,
    0x70, 0x9c, 0x40, 0xff, 0x70, 0x98, 0x40, 0xff, 0x68, 0x98, 0x38, 0xff,
    0x70, 0x98, 0x40, 0xff, 0x70, 0x98, 0x40, 0xff, 0x70, 0x98, 0x40, 0xff,
    0x70, 0x98, 0x40, 0xff, 0x70, 0x98, 0x40, 0xff, 0x70, 0x9c, 0x40, 0xff,
    0x70, 0x98, 0x40, 0xff, 0x68, 0x98, 0x38, 0xff, 0x70, 0x98, 0x40, 0xff,
    0x70, 0x98, 0x40, 0xff, 0x68, 0x98, 0x38, 0xff, 0x70, 0x98, 0x40, 0xff,
    0x70, 0x98, 0x40, 0xff, 0x68, 0x9c, 0x38, 0xff, 0x70, 0x98, 0x40, 0xff,
    0x70, 0x98, 0x40, 0xff, 0x70, 0x98, 0x40, 0xff, 0x70, 0x98, 0x40, 0xff,
    0x70, 0x98, 0x40, 0xff, 0x70, 0x98, 0x40, 0xff, 0x68, 0x98, 0x38, 0xff,
    0x70, 0x9c, 0x40, 0xff, 0x70, 0x98, 0x40, 0xff, 0x68, 0x98, 0x38, 0xff,
    0x70, 0x98, 0x40, 0xff, 0x70, 0x98, 0x40, 0xff, 0x70, 0x98, 0x40, 0xff,
    0x70, 0x98, 0x40, 0xff, 0x70, 0x98, 0x40, 0xff, 0x70, 0x9c, 0x40, 0xff,
    0x70, 0x98, 0x40, 0xff, 0x68, 0x98, 0x38, 0xff, 0x70, 0x98, 0x40, 0xff,
    0x70, 0x98, 0x40, 0xff, 0x68, 0x98, 0x38, 0xff, 0x70, 0x98, 0x40, 0xff,
    0x70, 0x98, 0x40, 0xff, 0x68, 0x9c, 0x38, 0xff, 0x70, 0x98, 0x40, 0xff,
    0x70, 0x98, 0x40, 0xff, 0x70, 0x98, 0x40, 0xff, 0x70, 0x98, 0x40, 0xff,
    0x70, 0x98, 0x40, 0xff, 0x70, 0x98, 0x40, 0xff, 0x68, 0x98, 0x38, 0xff,
    0x70, 0x9c, 0x40, 0xff, 0x70, 0x98, 0x40, 0xff, 0x68, 0x98, 0x38, 0xff,
    0x70, 0x98, 0x40, 0xff, 0x70, 0x98, 0x40, 0xff, 0x70, 0x9c, 0x40, 0xff,
    0x70, 0x98, 0x40, 0xff, 0x70, 0x98, 0x40, 0xff, 0x68, 0x9c, 0x38, 0xff,
    0x70, 0x98, 0x40, 0xff, 0x70, 0x98, 0x40, 0xff, 0x68, 0x9c, 0x40, 0xff,
    0x68, 0x98, 0x40, 0xff, 0x70, 0x98, 0x40, 0xff, 0x68, 0x9c, 0x38, 0xff,
    0x68, 0x98, 0x40, 0xff, 0x70, 0x98, 0x40, 0xff, 0x70, 0x98, 0x40, 0xff,
    0x70, 0x98, 0x40, 0xff, 0x68, 0x98, 0x40, 0x71, 0x00, 0x00, 0x00, 0x00,
    0x00, 0x00, 0x00, 0x00, 0x00, 0x00, 0x00, 0x00, 0x70, 0x98, 0x40, 0x20,
    0x70, 0x98, 0x40, 0xdf, 0x68, 0x98, 0x38, 0xff, 0x70, 0x98, 0x40, 0xff,
    0x70, 0x98, 0x40, 0xff, 0x70, 0x9c, 0x40, 0xff, 0x70, 0x98, 0x40, 0xff,
    0x68, 0x98, 0x38, 0xff, 0x70, 0x9c, 0x40, 0xff, 0x70, 0x98, 0x40, 0xff,
    0x70, 0x98, 0x40, 0xff, 0x70, 0x9c, 0x40, 0xff, 0x68, 0x9c, 0x38, 0xff,
    0x68, 0x98, 0x38, 0xff, 0x70, 0x98, 0x40, 0xff, 0x70, 0x98, 0x40, 0xff,
    0x68, 0x98, 0x38, 0xff, 0x70, 0x98, 0x40, 0xff, 0x68, 0x98, 0x38, 0xff,
    0x70, 0x98, 0x40, 0xff, 0x70, 0x98, 0x40, 0xff, 0x68, 0x98, 0x38, 0xff,
    0x70, 0x98, 0x40, 0xff, 0x70, 0x98, 0x40, 0xff, 0x68, 0x9c, 0x38, 0xff,
    0x68, 0x98, 0x38, 0xff, 0x70, 0x98, 0x40, 0xff, 0x70, 0x98, 0x40, 0xff,
    0x68, 0x98, 0x38, 0xff, 0x70, 0x98, 0x40, 0xff, 0x70, 0x98, 0x40, 0xff,
    0x68, 0x9c, 0x38, 0xff, 0x70, 0x98, 0x40, 0xff, 0x70, 0x9c, 0x40, 0xff,
    0x68, 0x98, 0x38, 0xff, 0x70, 0x98, 0x40, 0xff, 0x70, 0x98, 0x40, 0xff,
    0x68, 0x98, 0x38, 0xff, 0x70, 0x98, 0x40, 0xff, 0x70, 0x9c, 0x40, 0xff,
    0x68, 0x98, 0x38, 0xff, 0x70, 0x9c, 0x40, 0xff, 0x68, 0x98, 0x38, 0xff,
    0x70, 0x98, 0x40, 0xff, 0x70, 0x98, 0x40, 0xff, 0x68, 0x98, 0x38, 0xff,
    0x70, 0x98, 0x40, 0xff, 0x70, 0x9c, 0x40, 0xff, 0x68, 0x98, 0x38, 0xff,
    0x68, 0x9c, 0x38, 0xff, 0x70, 0x98, 0x40, 0xff, 0x70, 0x98, 0x40, 0xff,
    0x68, 0x98, 0x38, 0xff, 0x70, 0x98, 0x40, 0xff, 0x70, 0x98, 0x40, 0xff,
    0x68, 0x9c, 0x38, 0xff, 0x70, 0x98, 0x40, 0xff, 0x70, 0x9c, 0x40, 0xff,
    0x68, 0x98, 0x38, 0xff, 0x70, 0x98, 0x40, 0xff, 0x70, 0x98, 0x40, 0xff,
    0x68, 0x98, 0x38, 0xff, 0x70, 0x98, 0x40, 0xff, 0x70, 0x9c, 0x40, 0xff,
    0x68, 0x98, 0x38, 0xff, 0x70, 0x9c, 0x40, 0xff, 0x68, 0x98, 0x38, 0xff,
    0x70, 0x98, 0x40, 0xff, 0x70, 0x98, 0x40, 0xff, 0x68, 0x98, 0x38, 0xff,
    0x70, 0x98, 0x40, 0xff, 0x70, 0x9c, 0x40, 0xff, 0x68, 0x98, 0x38, 0xff,
    0x68, 0x9c, 0x38, 0xff, 0x70, 0x98, 0x40, 0xff, 0x70, 0x98, 0x40, 0xff,
    0x68, 0x98, 0x38, 0xff, 0x70, 0x98, 0x40, 0xff, 0x70, 0x98, 0x40, 0xff,
    0x68, 0x9c, 0x38, 0xff, 0x70, 0x98, 0x40, 0xff, 0x70, 0x9c, 0x40, 0xff,
    0x68, 0x98, 0x38, 0xff, 0x70, 0x98, 0x40, 0xff, 0x70, 0x98, 0x40, 0xff,
    0x68, 0x98, 0x38, 0xff, 0x70, 0x98, 0x40, 0xff, 0x70, 0x9c, 0x40, 0xff,
    0x68, 0x98, 0x38, 0xff, 0x70, 0x9c, 0x40, 0xff, 0x68, 0x98, 0x38, 0xff,
    0x70, 0x98, 0x40, 0xff, 0x70, 0x98, 0x40, 0xff, 0x68, 0x98, 0x38, 0xff,
    0x70, 0x98, 0x40, 0xff, 0x70, 0x9c, 0x40, 0xff, 0x68, 0x98, 0x38, 0xff,
    0x68, 0x9c, 0x38, 0xff, 0x70, 0x98, 0x40, 0xff, 0x70, 0x98, 0x40, 0xff,
    0x68, 0x98, 0x38, 0xff, 0x70, 0x98, 0x40, 0xff, 0x70, 0x98, 0x40, 0xff,
    0x68, 0x9c, 0x38, 0xff, 0x70, 0x98, 0x40, 0xff, 0x70, 0x9c, 0x40, 0xff,
    0x68, 0x98, 0x38, 0xff, 0x70, 0x98, 0x40, 0xff, 0x70, 0x98, 0x40, 0xff,
    0x68, 0x98, 0x38, 0xff, 0x70, 0x98, 0x40, 0xff, 0x70, 0x9c, 0x40, 0xff,
    0x68, 0x98, 0x38, 0xff, 0x70, 0x9c, 0x40, 0xff, 0x68, 0x98, 0x38, 0xff,
    0x70, 0x98, 0x40, 0xff, 0x70, 0x98, 0x40, 0xff, 0x68, 0x98, 0x38, 0xff,
    0x70, 0x98, 0x40, 0xff, 0x70, 0x9c, 0x40, 0xff, 0x68, 0x98, 0x38, 0xff,
    0x68, 0x9c, 0x38, 0xff, 0x70, 0x98, 0x40, 0xff, 0x70, 0x98, 0x40, 0xff,
    0x68, 0x98, 0x38, 0xff, 0x70, 0x98, 0x40, 0xff, 0x70, 0x98, 0x40, 0xff,
    0x68, 0x9c, 0x38, 0xff, 0x70, 0x98, 0x40, 0xff, 0x70, 0x9c, 0x40, 0xff,
    0x68, 0x98, 0x38, 0xff, 0x70, 0x98, 0x40, 0xff, 0x70, 0x98, 0x40, 0xff,
    0x68, 0x98, 0x38, 0xff, 0x70, 0x98, 0x40, 0xff, 0x70, 0x9c, 0x40, 0xff,
    0x68, 0x98, 0x38, 0xff, 0x70, 0x9c, 0x40, 0xff, 0x68, 0x98, 0x38, 0xff,
    0x70, 0x98, 0x40, 0xff, 0x70, 0x98, 0x40, 0xff, 0x68, 0x98, 0x38, 0xff,
    0x70, 0x98, 0x40, 0xff, 0x70, 0x9c, 0x40, 0xff, 0x68, 0x98, 0x38, 0xff,
    0x68, 0x9c, 0x38, 0xff, 0x70, 0x98, 0x40, 0xff, 0x70, 0x98, 0x40, 0xff,
    0x68, 0x98, 0x38, 0xff, 0x70, 0x98, 0x40, 0xff, 0x70, 0x98, 0x40, 0xff,
    0x68, 0x9c, 0x38, 0xff, 0x70, 0x98, 0x40, 0xff, 0x70, 0x9c, 0x40, 0xff,
    0x68, 0x98, 0x38, 0xff, 0x70, 0x98, 0x40, 0xff, 0x70, 0x98, 0x40, 0xff,
    0x68, 0x98, 0x38, 0xff, 0x70, 0x98, 0x40, 0xff, 0x70, 0x9c, 0x40, 0xff,
    0x68, 0x98, 0x38, 0xff, 0x70, 0x9c, 0x40, 0xff, 0x68, 0x98, 0x38, 0xff,
    0x70, 0x98, 0x40, 0xff, 0x70, 0x98, 0x40, 0xff, 0x68, 0x98, 0x38, 0xff,
    0x70, 0x98, 0x40, 0xff, 0x70, 0x9c, 0x40, 0xff, 0x68, 0x98, 0x38, 0xff,
    0x68, 0x9c, 0x38, 0xff, 0x70, 0x98, 0x40, 0xff, 0x70, 0x98, 0x40, 0xff,
    0x68, 0x98, 0x38, 0xff, 0x70, 0x98, 0x40, 0xff, 0x70, 0x98, 0x40, 0xff,
    0x68, 0x9c, 0x38, 0xff, 0x70, 0x98, 0x40, 0xff, 0x70, 0x9c, 0x40, 0xff,
    0x68, 0x98, 0x38, 0xff, 0x70, 0x98, 0x40, 0xff, 0x70, 0x98, 0x40, 0xff,
    0x68, 0x98, 0x38, 0xff, 0x70, 0x98, 0x40, 0xff, 0x70, 0x9c, 0x40, 0xff,
    0x68, 0x98, 0x38, 0xff, 0x70, 0x9c, 0x40, 0xff, 0x68, 0x98, 0x38, 0xff,
    0x70, 0x98, 0x40, 0xff, 0x70, 0x98, 0x40, 0xff, 0x68, 0x98, 0x38, 0xff,
    0x70, 0x98, 0x40, 0xff, 0x70, 0x9c, 0x40, 0xff, 0x68, 0x98, 0x38, 0xff,
    0x68, 0x9c, 0x38, 0xff, 0x70, 0x98, 0x40, 0xff, 0x70, 0x98, 0x40, 0xff,
    0x68, 0x98, 0x38, 0xff, 0x70, 0x98, 0x40, 0xff, 0x70, 0x98, 0x40, 0xff,
    0x68, 0x9c, 0x38, 0xff, 0x70, 0x98, 0x40, 0xff, 0x70, 0x9c, 0x40, 0xff,
    0x68, 0x98, 0x38, 0xff, 0x70, 0x98, 0x40, 0xff, 0x70, 0x98, 0x40, 0xff,
    0x68, 0x98, 0x38, 0xff, 0x70, 0x98, 0x40, 0xff, 0x70, 0x9c, 0x40, 0xff,
    0x68, 0x98, 0x38, 0xff, 0x70, 0x9c, 0x40, 0xff, 0x68, 0x98, 0x38, 0xff,
    0x70, 0x98, 0x40, 0xff, 0x70, 0x98, 0x40, 0xff, 0x68, 0x98, 0x38, 0xff,
    0x70, 0x98, 0x40, 0xff, 0x70, 0x98, 0x40, 0xff, 0x68, 0x9c, 0x38, 0xff,
    0x68, 0x98, 0x38, 0xff, 0x70, 0x98, 0x40, 0xff, 0x70, 0x98, 0x40, 0xff,
    0x68, 0x98, 0x40, 0xff, 0x70, 0x98, 0x38, 0xff, 0x70, 0x9c, 0x40, 0xff,
    0x70, 0x98, 0x40, 0xff, 0x70, 0x98, 0x38, 0xff, 0x70, 0x98, 0x40, 0xff,
    0x70, 0x98, 0x40, 0xff, 0x70, 0x9c, 0x38, 0xff, 0x68, 0x98, 0x40, 0xff,
    0x70, 0x9c, 0x38, 0xff, 0x70, 0x98, 0x40, 0xff, 0x70, 0x98, 0x40, 0xef,
    0x70, 0xa0, 0x40, 0x10, 0x00, 0x00, 0x00, 0x00, 0x00, 0x00, 0x00, 0x00,
    0x68, 0x98, 0x38, 0x7d, 0x70, 0x98, 0x40, 0xff, 0x70, 0x98, 0x40, 0xff,
    0x70, 0x9c, 0x40, 0xff, 0x70, 0x98, 0x40, 0xff, 0x70, 0x98, 0x40, 0xff,
    0x70, 0x98, 0x40, 0xff, 0x70, 0x98, 0x40, 0xff, 0x68, 0x98, 0x38, 0xff,
    0x70, 0x98, 0x40, 0xff, 0x70, 0x98, 0x40, 0xff, 0x70, 0x98, 0x40, 0xff,
    0x70, 0x98, 0x40, 0xff, 0x70, 0x9c, 0x40, 0xff, 0x70, 0x98, 0x40, 0xff,
    0x68, 0x98, 0x38, 0xff, 0x70, 0x9c, 0x40, 0xff, 0x70, 0x98, 0x40, 0xff,
    0x70, 0x9c, 0x40, 0xff, 0x70, 0x98, 0x40, 0xff, 0x70, 0x9c, 0x40, 0xff,
    0x70, 0x98, 0x40, 0xff, 0x70, 0x98, 0x40, 0xff, 0x70, 0x9c, 0x40, 0xff,
    0x70, 0x98, 0x40, 0xff, 0x70, 0x9c, 0x40, 0xff, 0x68, 0x9c, 0x38, 0xff,
    0x70, 0x98, 0x40, 0xff, 0x70, 0x98, 0x40, 0xff, 0x70, 0x9c, 0x40, 0xff,
    0x70, 0x98, 0x40, 0xff, 0x70, 0x98, 0x40, 0xff, 0x70, 0x9c, 0x40, 0xff,
    0x70, 0x98, 0x40, 0xff, 0x70, 0x98, 0x40, 0xff, 0x70, 0x9c, 0x40, 0xff,
    0x70, 0x98, 0x40, 0xff, 0x70, 0x98, 0x40, 0xff, 0x68, 0x9c, 0x38, 0xff,
    0x70, 0x98, 0x40, 0xff, 0x70, 0x98, 0x40, 0xff, 0x70, 0x9c, 0x40, 0xff,
    0x70, 0x98, 0x40, 0xff, 0x70, 0x98, 0x40, 0xff, 0x70, 0x9c, 0x40, 0xff,
    0x70, 0x98, 0x40, 0xff, 0x70, 0x98, 0x40, 0xff, 0x70, 0x9c, 0x40, 0xff,
    0x70, 0x98, 0x40, 0xff, 0x70, 0x98, 0x40, 0xff, 0x68, 0x9c, 0x38, 0xff,
    0x70, 0x98, 0x40, 0xff, 0x70, 0x98, 0x40, 0xff, 0x70, 0x9c, 0x40, 0xff,
    0x70, 0x98, 0x40, 0xff, 0x70, 0x98, 0x40, 0xff, 0x70, 0x9c, 0x40, 0xff,
    0x70, 0x98, 0x40, 0xff, 0x70, 0x98, 0x40, 0xff, 0x70, 0x9c, 0x40, 0xff,
    0x70, 0x98, 0x40, 0xff, 0x70, 0x98, 0x40, 0xff, 0x68, 0x9c, 0x38, 0xff,
    0x70, 0x98, 0x40, 0xff, 0x70, 0x98, 0x40, 0xff, 0x70, 0x9c, 0x40, 0xff,
    0x70, 0x98, 0x40, 0xff, 0x70, 0x98, 0x40, 0xff, 0x70, 0x9c, 0x40, 0xff,
    0x70, 0x98, 0x40, 0xff, 0x70, 0x98, 0x40, 0xff, 0x70, 0x9c, 0x40, 0xff,
    0x70, 0x98, 0x40, 0xff, 0x70, 0x98, 0x40, 0xff, 0x68, 0x9c, 0x38, 0xff,
    0x70, 0x98, 0x40, 0xff, 0x70, 0x98, 0x40, 0xff, 0x70, 0x9c, 0x40, 0xff,
    0x70, 0x98, 0x40, 0xff, 0x70, 0x98, 0x40, 0xff, 0x70, 0x9c, 0x40, 0xff,
    0x70, 0x98, 0x40, 0xff, 0x70, 0x98, 0x40, 0xff, 0x70, 0x9c, 0x40, 0xff,
    0x70, 0x98, 0x40, 0xff, 0x70, 0x98, 0x40, 0xff, 0x68, 0x9c, 0x38, 0xff,
    0x70, 0x98, 0x40, 0xff, 0x70, 0x98, 0x40, 0xff, 0x70, 0x9c, 0x40, 0xff,
    0x70, 0x98, 0x40, 0xff, 0x70, 0x98, 0x40, 0xff, 0x70, 0x9c, 0x40, 0xff,
    0x70, 0x98, 0x40, 0xff, 0x70, 0x98, 0x40, 0xff, 0x70, 0x9c, 0x40, 0xff,
    0x70, 0x98, 0x40, 0xff, 0x70, 0x98, 0x40, 0xff, 0x68, 0x9c, 0x38, 0xff,
    0x70, 0x98, 0x40, 0xff, 0x70, 0x98, 0x40, 0xff, 0x70, 0x9c, 0x40, 0xff,
    0x70, 0x98, 0x40, 0xff, 0x70, 0x98, 0x40, 0xff, 0x70, 0x9c, 0x40, 0xff,
    0x70, 0x98, 0x40, 0xff, 0x70, 0x98, 0x40, 0xff, 0x70, 0x9c, 0x40, 0xff,
    0x70, 0x98, 0x40, 0xff, 0x70, 0x98, 0x40, 0xff, 0x68, 0x9c, 0x38, 0xff,
    0x70, 0x98, 0x40, 0xff, 0x70, 0x98, 0x40, 0xff, 0x70, 0x9c, 0x40, 0xff,
    0x70, 0x98, 0x40, 0xff, 0x70, 0x98, 0x40, 0xff, 0x70, 0x9c, 0x40, 0xff,
    0x70, 0x98, 0x40, 0xff, 0x70, 0x98, 0x40, 0xff, 0x70, 0x9c, 0x40, 0xff,
    0x70, 0x98, 0x40, 0xff, 0x70, 0x98, 0x40, 0xff, 0x68, 0x9c, 0x38, 0xff,
    0x70, 0x98, 0x40, 0xff, 0x70, 0x98, 0x40, 0xff, 0x70, 0x9c, 0x40, 0xff,
    0x70, 0x98, 0x40, 0xff, 0x70, 0x98, 0x40, 0xff, 0x70, 0x9c, 0x40, 0xff,
    0x70, 0x98, 0x40, 0xff, 0x70, 0x98, 0x40, 0xff, 0x70, 0x9c, 0x40, 0xff,
    0x70, 0x98, 0x40, 0xff, 0x70, 0x98, 0x40, 0xff, 0x68, 0x9c, 0x38, 0xff,
    0x70, 0x98, 0x40, 0xff, 0x70, 0x98, 0x40, 0xff, 0x70, 0x9c, 0x40, 0xff,
    0x70, 0x98, 0x40, 0xff, 0x70, 0x98, 0x40, 0xff, 0x70, 0x9c, 0x40, 0xff,
    0x70, 0x98, 0x40, 0xff, 0x70, 0x98, 0x40, 0xff, 0x70, 0x9c, 0x40, 0xff,
    0x70, 0x98, 0x40, 0xff, 0x70, 0x98, 0x40, 0xff, 0x68, 0x9c, 0x38, 0xff,
    0x70, 0x98, 0x40, 0xff, 0x70, 0x98, 0x40, 0xff, 0x70, 0x9c, 0x40, 0xff,
    0x70, 0x98, 0x40, 0xff, 0x70, 0x98, 0x40, 0xff, 0x70, 0x9c, 0x40, 0xff,
    0x70, 0x98, 0x40, 0xff, 0x70, 0x98, 0x40, 0xff, 0x70, 0x9c, 0x40, 0xff,
    0x70, 0x98, 0x40, 0xff, 0x70, 0x98, 0x40, 0xff, 0x68, 0x9c, 0x38, 0xff,
    0x70, 0x98, 0x40, 0xff, 0x70, 0x98, 0x40, 0xff, 0x70, 0x9c, 0x40, 0xff,
    0x70, 0x98, 0x40, 0xff, 0x70, 0x98, 0x40, 0xff, 0x70, 0x9c, 0x40, 0xff,
    0x70, 0x98, 0x40, 0xff, 0x70, 0x98, 0x40, 0xff, 0x70, 0x9c, 0x40, 0xff,
    0x70, 0x98, 0x40, 0xff, 0x70, 0x98, 0x40, 0xff, 0x68, 0x9c, 0x38, 0xff,
    0x70, 0x98, 0x40, 0xff, 0x70, 0x98, 0x40, 0xff, 0x70, 0x9c, 0x40, 0xff,
    0x70, 0x98, 0x40, 0xff, 0x70, 0x98, 0x40, 0xff, 0x70, 0x9c, 0x40, 0xff,
    0x70, 0x98, 0x40, 0xff, 0x70, 0x98, 0x40, 0xff, 0x70, 0x9c, 0x40, 0xff,
    0x70, 0x98, 0x40, 0xff, 0x70, 0x98, 0x40, 0xff, 0x68, 0x9c, 0x38, 0xff,
    0x70, 0x98, 0x40, 0xff, 0x70, 0x98, 0x40, 0xff, 0x70, 0x9c, 0x40, 0xff,
    0x70, 0x98, 0x40, 0xff, 0x70, 0x98, 0x40, 0xff, 0x70, 0x9c, 0x40, 0xff,
    0x70, 0x98, 0x40, 0xff, 0x70, 0x98, 0x40, 0xff, 0x70, 0x9c, 0x40, 0xff,
    0x70, 0x98, 0x40, 0xff, 0x70, 0x98, 0x40, 0xff, 0x68, 0x9c, 0x38, 0xff,
    0x70, 0x98, 0x40, 0xff, 0x70, 0x98, 0x40, 0xff, 0x70, 0x9c, 0x40, 0xff,
    0x70, 0x98, 0x40, 0xff, 0x70, 0x98, 0x40, 0xff, 0x70, 0x9c, 0x40, 0xff,
    0x70, 0x98, 0x40, 0xff, 0x70, 0x98, 0x40, 0xff, 0x70, 0x9c, 0x40, 0xff,
    0x70, 0x98, 0x40, 0xff, 0x70, 0x98, 0x40, 0xff, 0x68, 0x9c, 0x38, 0xff,
    0x70, 0x98, 0x40, 0xff, 0x70, 0x98, 0x40, 0xff, 0x70, 0x9c, 0x40, 0xff,
    0x70, 0x98, 0x40, 0xff, 0x70, 0x98, 0x40, 0xff, 0x70, 0x9c, 0x40, 0xff,
    0x70, 0x9c, 0x40, 0xff, 0x70, 0x98, 0x40, 0xff, 0x70, 0x98, 0x40, 0xff,
    0x70, 0x98, 0x40, 0xff, 0x70, 0x98, 0x40, 0xff, 0x70, 0x9c, 0x38, 0xff,
    0x70, 0x98, 0x40, 0xff, 0x70, 0x98, 0x40, 0xff, 0x68, 0x9c, 0x40, 0xff,
    0x70, 0x98, 0x38, 0xff, 0x70, 0x98, 0x40, 0xff, 0x70, 0x9c, 0x40, 0xff,
    0x68, 0x98, 0x40, 0xff, 0x70, 0x98, 0x40, 0xff, 0x70, 0x98, 0x40, 0xff,
    0x70, 0x98, 0x40, 0xff, 0x68, 0x98, 0x40, 0xff, 0x70, 0x98, 0x38, 0xff,
    0x70, 0x98, 0x40, 0xff, 0x70, 0x98, 0x40, 0x82, 0x00, 0x00, 0x00, 0x00,
    0x00, 0x00, 0x00, 0x00, 0x70, 0x98, 0x40, 0xdf, 0x70, 0x98, 0x40, 0xff,
    0x70, 0x98, 0x40, 0xff, 0x68, 0x9c, 0x38, 0xff, 0x68, 0x98, 0x38, 0xff,
    0x70, 0x98, 0x40, 0xff, 0x68, 0x9c, 0x38, 0xff, 0x70, 0x98, 0x40, 0xff,
    0x70, 0x9c, 0x40, 0xff, 0x68, 0x9c, 0x38, 0xff, 0x70, 0x98, 0x40, 0xff,
    0x68, 0x98, 0x38, 0xff, 0x70, 0x98, 0x40, 0xff, 0x70, 0x98, 0x40, 0xff,
    0x70, 0x9c, 0x40, 0xff, 0x70, 0x98, 0x40, 0xff, 0x68, 0x98, 0x38, 0xff,
    0x70, 0x9c, 0x40, 0xff, 0x70, 0x98, 0x40, 0xff, 0x68, 0x98, 0x38, 0xff,
    0x68, 0x98, 0x38, 0xff, 0x70, 0x9c, 0x40, 0xff, 0x68, 0x98, 0x38, 0xff,
    0x70, 0x98, 0x40, 0xff, 0x70, 0x98, 0x40, 0xff, 0x70, 0x98, 0x40, 0xff,
    0x70, 0x98, 0x40, 0xff, 0x68, 0x98, 0x38, 0xff, 0x70, 0x9c, 0x40, 0xff,
    0x68, 0x98, 0x38, 0xff, 0x70, 0x98, 0x40, 0xff, 0x68, 0x98, 0x38, 0xff,
    0x70, 0x98, 0x40, 0xff, 0x68, 0x98, 0x38, 0xff, 0x70, 0x98, 0x40, 0xff,
    0x68, 0x9c, 0x38, 0xff, 0x70, 0x98, 0x40, 0xff, 0x70, 0x98, 0x40, 0xff,
    0x70, 0x9c, 0x40, 0xff, 0x68, 0x98, 0x38, 0xff, 0x70, 0x98, 0x40, 0xff,
    0x70, 0x98, 0x40, 0xff, 0x68, 0x98, 0x38, 0xff, 0x68, 0x9c, 0x38, 0xff,
    0x70, 0x98, 0x40, 0xff, 0x68, 0x98, 0x38, 0xff, 0x70, 0x98, 0x40, 0xff,
    0x68, 0x98, 0x38, 0xff, 0x70, 0x98, 0x40, 0xff, 0x70, 0x98, 0x40, 0xff,
    0x70, 0x98, 0x40, 0xff, 0x68, 0x9c, 0x38, 0xff, 0x70, 0x98, 0x40, 0xff,
    0x68, 0x98, 0x38, 0xff, 0x70, 0x98, 0x40, 0xff, 0x68, 0x98, 0x38, 0xff,
    0x70, 0x98, 0x40, 0xff, 0x68, 0x98, 0x38, 0xff, 0x70, 0x98, 0x40, 0xff,
    0x68, 0x9c, 0x38, 0xff, 0x70, 0x98, 0x40, 0xff, 0x70, 0x98, 0x40, 0xff,
    0x70, 0x9c, 0x40, 0xff, 0x68, 0x98, 0x38, 0xff, 0x70, 0x98, 0x40, 0xff,
    0x70, 0x98, 0x40, 0xff, 0x68, 0x98, 0x38, 0xff, 0x68, 0x9c, 0x38, 0xff,
    0x70, 0x98, 0x40, 0xff, 0x68, 0x98, 0x38, 0xff, 0x70, 0x98, 0x40, 0xff,
    0x68, 0x98, 0x38, 0xff, 0x70, 0x98, 0x40, 0xff, 0x70, 0x98, 0x40, 0xff,
    0x70, 0x98, 0x40, 0xff, 0x68, 0x9c, 0x38, 0xff, 0x70, 0x98, 0x40, 0xff,
    0x68, 0x98, 0x38, 0xff, 0x70, 0x98, 0x40, 0xff, 0x68, 0x98, 0x38, 0xff,
    0x70, 0x98, 0x40, 0xff, 0x68, 0x98, 0x38, 0xff, 0x70, 0x98, 0x40, 0xff,
    0x68, 0x9c, 0x38, 0xff, 0x70, 0x98, 0x40, 0xff, 0x70, 0x98, 0x40, 0xff,
    0x70, 0x9c, 0x40, 0xff, 0x68, 0x98, 0x38, 0xff, 0x70, 0x98, 0x40, 0xff,
    0x70, 0x98, 0x40, 0xff, 0x68, 0x98, 0x38, 0xff, 0x68, 0x9c, 0x38, 0xff,
    0x70, 0x98, 0x40, 0xff, 0x68, 0x98, 0x38, 0xff, 0x70, 0x98, 0x40, 0xff,
    0x68, 0x98, 0x38, 0xff, 0x70, 0x98, 0x40, 0xff, 0x70, 0x98, 0x40, 0xff,
    0x70, 0x98, 0x40, 0xff, 0x68, 0x9c, 0x38, 0xff, 0x70, 0x98, 0x40, 0xff,
    0x68, 0x98, 0x38, 0xff, 0x70, 0x98, 0x40, 0xff, 0x68, 0x98, 0x38, 0xff,
    0x70, 0x98, 0x40, 0xff, 0x68, 0x98, 0x38, 0xff, 0x70, 0x98, 0x40, 0xff,
    0x68, 0x9c, 0x38, 0xff, 0x70, 0x98, 0x40, 0xff, 0x70, 0x98, 0x40, 0xff,
    0x70, 0x9c, 0x40, 0xff, 0x68, 0x98, 0x38, 0xff, 0x70, 0x98, 0x40, 0xff,
    0x70, 0x98, 0x40, 0xff, 0x68, 0x98, 0x38, 0xff, 0x68, 0x9c, 0x38, 0xff,
    0x70, 0x98, 0x40, 0xff, 0x68, 0x98, 0x38, 0xff, 0x70, 0x98, 0x40, 0xff,
    0x68, 0x98, 0x38, 0xff, 0x70, 0x98, 0x40, 0xff, 0x70, 0x98, 0x40, 0xff,
    0x70, 0x98, 0x40, 0xff, 0x68, 0x9c, 0x38, 0xff, 0x70, 0x98, 0x40, 0xff,
    0x68, 0x98, 0x38, 0xff, 0x70, 0x98, 0x40, 0xff, 0x68, 0x98, 0x38, 0xff,
    0x70, 0x98, 0x40, 0xff, 0x68, 0x98, 0x38, 0xff, 0x70, 0x98, 0x40, 0xff,
    0x68, 0x9c, 0x38, 0xff, 0x70, 0x98, 0x40, 0xff, 0x70, 0x98, 0x40, 0xff,
    0x70, 0x9c, 0x40, 0xff, 0x68, 0x98, 0x38, 0xff, 0x70, 0x98, 0x40, 0xff,
    0x70, 0x98, 0x40, 0xff, 0x68, 0x98, 0x38, 0xff, 0x68, 0x9c, 0x38, 0xff,
    0x70, 0x98, 0x40, 0xff, 0x68, 0x98, 0x38, 0xff, 0x70, 0x98, 0x40, 0xff,
    0x68, 0x98, 0x38, 0xff, 0x70, 0x98, 0x40, 0xff, 0x70, 0x98, 0x40, 0xff,
    0x70, 0x98, 0x40, 0xff, 0x68, 0x9c, 0x38, 0xff, 0x70, 0x98, 0x40, 0xff,
    0x68, 0x98, 0x38, 0xff, 0x70, 0x98, 0x40, 0xff, 0x68, 0x98, 0x38, 0xff,
    0x70, 0x98, 0x40, 0xff, 0x68, 0x98, 0x38, 0xff, 0x70, 0x98, 0x40, 0xff,
    0x68, 0x9c, 0x38, 0xff, 0x70, 0x98, 0x40, 0xff, 0x70, 0x98, 0x40, 0xff,
    0x70, 0x9c, 0x40, 0xff, 0x68, 0x98, 0x38, 0xff, 0x70, 0x98, 0x40, 0xff,
    0x70, 0x98, 0x40, 0xff, 0x68, 0x98, 0x38, 0xff, 0x68, 0x9c, 0x38, 0xff,
    0x70, 0x98, 0x40, 0xff, 0x68, 0x98, 0x38, 0xff, 0x70, 0x98, 0x40, 0xff,
    0x68, 0x98, 0x38, 0xff, 0x70, 0x98, 0x40, 0xff, 0x70, 0x98, 0x40, 0xff,
    0x70, 0x98, 0x40, 0xff, 0x68, 0x9c, 0x38, 0xff, 0x70, 0x98, 0x40, 0xff,
    0x68, 0x98, 0x38, 0xff, 0x70, 0x98, 0x40, 0xff, 0x68, 0x98, 0x38, 0xff,
    0x70, 0x98, 0x40, 0xff, 0x68, 0x98, 0x38, 0xff, 0x70, 0x98, 0x40, 0xff,
    0x68, 0x9c, 0x38, 0xff, 0x70, 0x98, 0x40, 0xff, 0x70, 0x98, 0x40, 0xff,
    0x70, 0x9c, 0x40, 0xff, 0x68, 0x98, 0x38, 0xff, 0x70, 0x98, 0x40, 0xff,
    0x70, 0x98, 0x40, 0xff, 0x68, 0x98, 0x38, 0xff, 0x68, 0x9c, 0x38, 0xff,
    0x70, 0x98, 0x40, 0xff, 0x68, 0x98, 0x38, 0xff, 0x70, 0x98, 0x40, 0xff,
    0x68, 0x98, 0x38, 0xff, 0x70, 0x98, 0x40, 0xff, 0x70, 0x98, 0x40, 0xff,
    0x70, 0x98, 0x40, 0xff, 0x68, 0x9c, 0x38, 0xff, 0x70, 0x98, 0x40, 0xff,
    0x68, 0x98, 0x38, 0xff, 0x70, 0x98, 0x40, 0xff, 0x68, 0x98, 0x38, 0xff,
    0x70, 0x98, 0x40, 0xff, 0x68, 0x98, 0x38, 0xff, 0x70, 0x98, 0x40, 0xff,
    0x68, 0x9c, 0x38, 0xff, 0x70, 0x98, 0x40, 0xff, 0x70, 0x98, 0x40, 0xff,
    0x70, 0x9c, 0x40, 0xff, 0x68, 0x98, 0x38, 0xff, 0x70, 0x98, 0x40, 0xff,
    0x70, 0x98, 0x40, 0xff, 0x68, 0x98, 0x38, 0xff, 0x68, 0x98, 0x38, 0xff,
    0x70, 0x98, 0x40, 0xff, 0x68, 0x98, 0x38, 0xff, 0x70, 0x9c, 0x40, 0xff,
    0x68, 0x98, 0x38, 0xff, 0x70, 0x98, 0x40, 0xff, 0x70, 0x9c, 0x40, 0xff,
    0x68, 0x98, 0x40, 0xff, 0x70, 0x98, 0x38, 0xff, 0x70, 0x9c, 0x40, 0xff,
    0x70, 0x98, 0x40, 0xff, 0x68, 0x98, 0x40, 0xff, 0x70, 0x98, 0x38, 0xff,
    0x70, 0x9c, 0x40, 0xff, 0x68, 0x98, 0x38, 0xff, 0x70, 0x98, 0x40, 0xff,
    0x70, 0x9c, 0x40, 0xff, 0x70, 0x98, 0x38, 0xff, 0x70, 0x9c, 0x40, 0xff,
    0x68, 0x98, 0x40, 0xff, 0x70, 0x98, 0x38, 0xff, 0x70, 0x98, 0x40, 0xef,
    0x70, 0xa0, 0x40, 0x10, 0x68, 0x98, 0x40, 0x51, 0x70, 0x98, 0x40, 0xff,
    0x70, 0x98, 0x38, 0xff, 0x68, 0x9c, 0x40, 0xff, 0x70, 0x98, 0x40, 0xff,
    0x70, 0x98, 0x40, 0xff, 0x70, 0x98, 0x40, 0xff, 0x70, 0x98, 0x40, 0xff,
    0x70, 0x98, 0x40, 0xff, 0x70, 0x98, 0x40, 0xff, 0x70, 0x98, 0x40, 0xff,
    0x70, 0x9c, 0x40, 0xff, 0x68, 0x98, 0x38, 0xff, 0x70, 0x98, 0x40, 0xff,
    0x68, 0x9c, 0x38, 0xff, 0x70, 0x98, 0x40, 0xff, 0x70, 0x98, 0x40, 0xff,
    0x70, 0x98, 0x40, 0xff, 0x68, 0x98, 0x38, 0xff, 0x70, 0x98, 0x40, 0xff,
    0x70, 0x98, 0x40, 0xff, 0x70, 0x98, 0x40, 0xff, 0x70, 0x98, 0x40, 0xff,
    0x70, 0x9c, 0x40, 0xff, 0x68, 0x98, 0x38, 0xff, 0x68, 0x98, 0x38, 0xff,
    0x70, 0x98, 0x40, 0xff, 0x70, 0x98, 0x40, 0xff, 0x70, 0x9c, 0x40, 0xff,
    0x70, 0x98, 0x40, 0xff, 0x70, 0x98, 0x40, 0xff, 0x68, 0x9c, 0x38, 0xff,
    0x70, 0x98, 0x40, 0xff, 0x70, 0x98, 0x40, 0xff, 0x70, 0x9c, 0x40, 0xff,
    0x68, 0x98, 0x38, 0xff, 0x70, 0x98, 0x40, 0xff, 0x70, 0x98, 0x40, 0xff,
    0x68, 0x98, 0x38, 0xff, 0x70, 0x98, 0x40, 0xff, 0x70, 0x98, 0x40, 0xff,
    0x68, 0x9c, 0x38, 0xff, 0x70, 0x98, 0x40, 0xff, 0x70, 0x98, 0x40, 0xff,
    0x70, 0x98, 0x40, 0xff, 0x70, 0x9c, 0x40, 0xff, 0x70, 0x98, 0x40, 0xff,
    0x68, 0x9c, 0x38, 0xff, 0x70, 0x98, 0x40, 0xff, 0x70, 0x9c, 0x40, 0xff,
    0x68, 0x98, 0x38, 0xff, 0x70, 0x98, 0x40, 0xff, 0x70, 0x98, 0x40, 0xff,
    0x70, 0x9c, 0x40, 0xff, 0x70, 0x98, 0x40, 0xff, 0x68, 0x9c, 0x38, 0xff,
    0x70, 0x98, 0x40, 0xff, 0x70, 0x9c, 0x40, 0xff, 0x70, 0x98, 0x40, 0xff,
    0x68, 0x98, 0x38, 0xff, 0x70, 0x98, 0x40, 0xff, 0x70, 0x98, 0x40, 0xff,
    0x68, 0x98, 0x38, 0xff, 0x70, 0x98, 0x40, 0xff, 0x70, 0x98, 0x40, 0xff,
    0x68, 0x9c, 0x38, 0xff, 0x70, 0x98, 0x40, 0xff, 0x70, 0x98, 0x40, 0xff,
    0x70, 0x98, 0x40, 0xff, 0x70, 0x9c, 0x40, 0xff, 0x70, 0x98, 0x40, 0xff,
    0x68, 0x9c, 0x38, 0xff, 0x70, 0x98, 0x40, 0xff, 0x70, 0x9c, 0x40, 0xff,
    0x68, 0x98, 0x38, 0xff, 0x70, 0x98, 0x40, 0xff, 0x70, 0x98, 0x40, 0xff,
    0x70, 0x9c, 0x40, 0xff, 0x70, 0x98, 0x40, 0xff, 0x68, 0x9c, 0x38, 0xff,
    0x70, 0x98, 0x40, 0xff, 0x70, 0x9c, 0x40, 0xff, 0x70, 0x98, 0x40, 0xff,
    0x68, 0x98, 0x38, 0xff, 0x70, 0x98, 0x40, 0xff, 0x70, 0x98, 0x40, 0xff,
    0x68, 0x98, 0x38, 0xff, 0x70, 0x98, 0x40, 0xff, 0x70, 0x98, 0x40, 0xff,
    0x68, 0x9c, 0x38, 0xff, 0x70, 0x98, 0x40, 0xff, 0x70, 0x98, 0x40, 0xff,
    0x70, 0x98, 0x40, 0xff, 0x70, 0x9c, 0x40, 0xff, 0x70, 0x98, 0x40, 0xff,
    0x68, 0x9c, 0x38, 0xff, 0x70, 0x98, 0x40, 0xff, 0x70, 0x9c, 0x40, 0xff,
    0x68, 0x98, 0x38, 0xff, 0x70, 0x98, 0x40, 0xff, 0x70, 0x98, 0x40, 0xff,
    0x70, 0x9c, 0x40, 0xff, 0x70, 0x98, 0x40, 0xff, 0x68, 0x9c, 0x38, 0xff,
    0x70, 0x98, 0x40, 0xff, 0x70, 0x9c, 0x40, 0xff, 0x70, 0x98, 0x40, 0xff,
    0x68, 0x98, 0x38, 0xff, 0x70, 0x98, 0x40, 0xff, 0x70, 0x98, 0x40, 0xff,
    0x68, 0x98, 0x38, 0xff, 0x70, 0x98, 0x40, 0xff, 0x70, 0x98, 0x40, 0xff,
    0x68, 0x9c, 0x38, 0xff, 0x70, 0x98, 0x40, 0xff, 0x70, 0x98, 0x40, 0xff,
    0x70, 0x98, 0x40, 0xff, 0x70, 0x9c, 0x40, 0xff, 0x70, 0x98, 0x40, 0xff,
    0x68, 0x9c, 0x38, 0xff, 0x70, 0x98, 0x40, 0xff, 0x70, 0x9c, 0x40, 0xff,
    0x68, 0x98, 0x38, 0xff, 0x70, 0x98, 0x40, 0xff, 0x70, 0x98, 0x40, 0xff,
    0x70, 0x9c, 0x40, 0xff, 0x70, 0x98, 0x40, 0xff, 0x68, 0x9c, 0x38, 0xff,
    0x70, 0x98, 0x40, 0xff, 0x70, 0x9c, 0x40, 0xff, 0x70, 0x98, 0x40, 0xff,
    0x68, 0x98, 0x38, 0xff, 0x70, 0x98, 0x40, 0xff, 0x70, 0x98, 0x40, 0xff,
    0x68, 0x98, 0x38, 0xff, 0x70, 0x98, 0x40, 0xff, 0x70, 0x98, 0x40, 0xff,
    0x68, 0x9c, 0x38, 0xff, 0x70, 0x98, 0x40, 0xff, 0x70, 0x98, 0x40, 0xff,
    0x70, 0x98, 0x40, 0xff, 0x70, 0x9c, 0x40, 0xff, 0x70, 0x98, 0x40, 0xff,
    0x68, 0x9c, 0x38, 0xff, 0x70, 0x98, 0x40, 0xff, 0x70, 0x9c, 0x40, 0xff,
    0x68, 0x98, 0x38, 0xff, 0x70, 0x98, 0x40, 0xff, 0x70, 0x98, 0x40, 0xff,
    0x70, 0x9c, 0x40, 0xff, 0x70, 0x98, 0x40, 0xff, 0x68, 0x9c, 0x38, 0xff,
    0x70, 0x98, 0x40, 0xff, 0x70, 0x9c, 0x40, 0xff, 0x70, 0x98, 0x40, 0xff,
    0x68, 0x98, 0x38, 0xff, 0x70, 0x98, 0x40, 0xff, 0x70, 0x98, 0x40, 0xff,
    0x68, 0x98, 0x38, 0xff, 0x70, 0x98, 0x40, 0xff, 0x70, 0x98, 0x40, 0xff,
    0x68, 0x9c, 0x38, 0xff, 0x70, 0x98, 0x40, 0xff, 0x70, 0x98, 0x40, 0xff,
    0x70, 0x98, 0x40, 0xff, 0x70, 0x9c, 0x40, 0xff, 0x70, 0x98, 0x40, 0xff,
    0x68, 0x9c, 0x38, 0xff, 0x70, 0x98, 0x40, 0xff, 0x70, 0x9c, 0x40, 0xff,
    0x68, 0x98, 0x38, 0xff, 0x70, 0x98, 0x40, 0xff, 0x70, 0x98, 0x40, 0xff,
    0x70, 0x9c, 0x40, 0xff, 0x70, 0x98, 0x40, 0xff, 0x68, 0x9c, 0x38, 0xff,
    0x70, 0x98, 0x40, 0xff, 0x70, 0x9c, 0x40, 0xff, 0x70, 0x98, 0x40, 0xff,
    0x68, 0x98, 0x38, 0xff, 0x70, 0x98, 0x40, 0xff, 0x70, 0x98, 0x40, 0xff,
    0x68, 0x98, 0x38, 0xff, 0x70, 0x98, 0x40, 0xff, 0x70, 0x98, 0x40, 0xff,
    0x68, 0x9c, 0x38, 0xff, 0x70, 0x98, 0x40, 0xff, 0x70, 0x98, 0x40, 0xff,
    0x70, 0x98, 0x40, 0xff, 0x70, 0x9c, 0x40, 0xff, 0x70, 0x98, 0x40, 0xff,
    0x68, 0x9c, 0x38, 0xff, 0x70, 0x98, 0x40, 0xff, 0x70, 0x9c, 0x40, 0xff,
    0x68, 0x98, 0x38, 0xff, 0x70, 0x98, 0x40, 0xff, 0x70, 0x98, 0x40, 0xff,
    0x70, 0x9c, 0x40, 0xff, 0x70, 0x98, 0x40, 0xff, 0x68, 0x9c, 0x38, 0xff,
    0x70, 0x98, 0x40, 0xff, 0x70, 0x9c, 0x40, 0xff, 0x70, 0x98, 0x40, 0xff,
    0x68, 0x98, 0x38, 0xff, 0x70, 0x98, 0x40, 0xff, 0x70, 0x98, 0x40, 0xff,
    0x68, 0x98, 0x38, 0xff, 0x70, 0x98, 0x40, 0xff, 0x70, 0x98, 0x40, 0xff,
    0x68, 0x9c, 0x38, 0xff, 0x70, 0x98, 0x40, 0xff, 0x70, 0x9c, 0x40, 0xff,
    0x70, 0x98, 0x40, 0xff, 0x70, 0x98, 0x40, 0xff, 0x70, 0x98, 0x40, 0xff,
    0x68, 0x98, 0x38, 0xff, 0x70, 0x9c, 0x40, 0xff, 0x70, 0x98, 0x40, 0xff,
    0x68, 0x98, 0x40, 0xff, 0x70, 0x98, 0x40, 0xff, 0x70, 0x98, 0x40, 0xff,
    0x68, 0x98, 0x38, 0xff, 0x70, 0x98, 0x40, 0xff, 0x70, 0x98, 0x40, 0xff,
    0x68, 0x9c, 0x40, 0xff, 0x70, 0x98, 0x40, 0xff, 0x70, 0x98, 0x38, 0xff,
    0x70, 0x9c, 0x40, 0xff, 0x68, 0x98, 0x40, 0xff, 0x70, 0x98, 0x38, 0xff,
    0x70, 0x9c, 0x40, 0xff, 0x68, 0x98, 0x40, 0xff, 0x70, 0x98, 0x40, 0xff,
    0x70, 0x98, 0x40, 0xff, 0x68, 0x98, 0x38, 0x41, 0x70, 0x98, 0x40, 0x8e,
    0x70, 0x98, 0x40, 0xff, 0x70, 0x98, 0x38, 0xff, 0x70, 0x98, 0x40, 0xff,
    0x70, 0x98, 0x40, 0xff, 0x70, 0x9c, 0x38, 0xff, 0x68, 0x98, 0x40, 0xff,
    0x70, 0x9c, 0x40, 0xff, 0x68, 0x98, 0x38, 0xff, 0x70, 0x98, 0x38, 0xff,
    0x70, 0x98, 0x40, 0xff, 0x70, 0x98, 0x40, 0xff, 0x70, 0x9c, 0x40, 0xff,
    0x70, 0x98, 0x40, 0xff, 0x70, 0x98, 0x40, 0xff, 0x68, 0x98, 0x38, 0xff,
    0x70, 0x9c, 0x40, 0xff, 0x70, 0x98, 0x40, 0xff, 0x70, 0x98, 0x40, 0xff,
    0x70, 0x9c, 0x40, 0xff, 0x70, 0x9c, 0x40, 0xff, 0x68, 0x98, 0x38, 0xff,
    0x70, 0x98, 0x40, 0xff, 0x70, 0x98, 0x40, 0xff, 0x70, 0x9c, 0x40, 0xff,
    0x70, 0x98, 0x40, 0xff, 0x68, 0x9c, 0x38, 0xff, 0x70, 0x98, 0x40, 0xff,
    0x70, 0x98, 0x40, 0xff, 0x68, 0x98, 0x38, 0xff, 0x70, 0x98, 0x40, 0xff,
    0x70, 0x9c, 0x40, 0xff, 0x70, 0x98, 0x40, 0xff, 0x70, 0x98, 0x40, 0xff,
    0x70, 0x9c, 0x40, 0xff, 0x70, 0x98, 0x40, 0xff, 0x70, 0x98, 0x40, 0xff,
    0x70, 0x9c, 0x40, 0xff, 0x68, 0x98, 0x38, 0xff, 0x70, 0x98, 0x40, 0xff,
    0x70, 0x9c, 0x40, 0xff, 0x70, 0x98, 0x40, 0xff, 0x70, 0x98, 0x40, 0xff,
    0x70, 0x98, 0x40, 0xff, 0x68, 0x9c, 0x38, 0xff, 0x70, 0x98, 0x40, 0xff,
    0x70, 0x98, 0x40, 0xff, 0x70, 0x98, 0x40, 0xff, 0x70, 0x98, 0x40, 0xff,
    0x70, 0x9c, 0x40, 0xff, 0x70, 0x98, 0x40, 0xff, 0x68, 0x98, 0x38, 0xff,
    0x70, 0x98, 0x40, 0xff, 0x70, 0x98, 0x40, 0xff, 0x70, 0x98, 0x40, 0xff,
    0x70, 0x98, 0x40, 0xff, 0x70, 0x9c, 0x40, 0xff, 0x70, 0x98, 0x40, 0xff,
    0x70, 0x98, 0x40, 0xff, 0x70, 0x9c, 0x40, 0xff, 0x70, 0x98, 0x40, 0xff,
    0x70, 0x9c, 0x40, 0xff, 0x68, 0x98, 0x38, 0xff, 0x70, 0x98, 0x40, 0xff,
    0x70, 0x9c, 0x40, 0xff, 0x70, 0x98, 0x40, 0xff, 0x70, 0x98, 0x40, 0xff,
    0x70, 0x98, 0x40, 0xff, 0x68, 0x9c, 0x38, 0xff, 0x70, 0x98, 0x40, 0xff,
    0x70, 0x98, 0x40, 0xff, 0x70, 0x98, 0x40, 0xff, 0x70, 0x98, 0x40, 0xff,
    0x70, 0x9c, 0x40, 0xff, 0x70, 0x98, 0x40, 0xff, 0x68, 0x98, 0x38, 0xff,
    0x70, 0x98, 0x40, 0xff, 0x70, 0x98, 0x40, 0xff, 0x70, 0x98, 0x40, 0xff,
    0x70, 0x98, 0x40, 0xff, 0x70, 0x9c, 0x40, 0xff, 0x70, 0x98, 0x40, 0xff,
    0x70, 0x98, 0x40, 0xff, 0x70, 0x9c, 0x40, 0xff, 0x70, 0x98, 0x40, 0xff,
    0x70, 0x9c, 0x40, 0xff, 0x68, 0x98, 0x38, 0xff, 0x70, 0x98, 0x40, 0xff,
    0x70, 0x9c, 0x40, 0xff, 0x70, 0x98, 0x40, 0xff, 0x70, 0x98, 0x40, 0xff,
    0x70, 0x98, 0x40, 0xff, 0x68, 0x9c, 0x38, 0xff, 0x70, 0x98, 0x40, 0xff,
    0x70, 0x98, 0x40, 0xff, 0x70, 0x98, 0x40, 0xff, 0x70, 0x98, 0x40, 0xff,
    0x70, 0x9c, 0x40, 0xff, 0x70, 0x98, 0x40, 0xff, 0x68, 0x98, 0x38, 0xff,
    0x70, 0x98, 0x40, 0xff, 0x70, 0x98, 0x40, 0xff, 0x70, 0x98, 0x40, 0xff,
    0x70, 0x98, 0x40, 0xff, 0x70, 0x9c, 0x40, 0xff, 0x70, 0x98, 0x40, 0xff,
    0x70, 0x98, 0x40, 0xff, 0x70, 0x9c, 0x40, 0xff, 0x70, 0x98, 0x40, 0xff,
    0x70, 0x9c, 0x40, 0xff, 0x68, 0x98, 0x38, 0xff, 0x70, 0x98, 0x40, 0xff,
    0x70, 0x9c, 0x40, 0xff, 0x70, 0x98, 0x40, 0xff, 0x70, 0x98, 0x40, 0xff,
    0x70, 0x98, 0x40, 0xff, 0x68, 0x9c, 0x38, 0xff, 0x70, 0x98, 0x40, 0xff,
    0x70, 0x98, 0x40, 0xff, 0x70, 0x98, 0x40, 0xff, 0x70, 0x98, 0x40, 0xff,
    0x70, 0x9c, 0x40, 0xff, 0x70, 0x98, 0x40, 0xff, 0x68, 0x98, 0x38, 0xff,
    0x70, 0x98, 0x40, 0xff, 0x70, 0x98, 0x40, 0xff, 0x70, 0x98, 0x40, 0xff,
    0x70, 0x98, 0x40, 0xff, 0x70, 0x9c, 0x40, 0xff, 0x70, 0x98, 0x40, 0xff,
    0x70, 0x98, 0x40, 0xff, 0x70, 0x9c, 0x40, 0xff, 0x70, 0x98, 0x40, 0xff,
    0x70, 0x9c, 0x40, 0xff, 0x68, 0x98, 0x38, 0xff, 0x70, 0x98, 0x40, 0xff,
    0x70, 0x9c, 0x40, 0xff, 0x70, 0x98, 0x40, 0xff, 0x70, 0x98, 0x40, 0xff,
    0x70, 0x98, 0x40, 0xff, 0x68, 0x9c, 0x38, 0xff, 0x70, 0x98, 0x40, 0xff,
    0x70, 0x98, 0x40, 0xff, 0x70, 0x98, 0x40, 0xff, 0x70, 0x98, 0x40, 0xff,
    0x70, 0x9c, 0x40, 0xff, 0x70, 0x98, 0x40, 0xff, 0x68, 0x98, 0x38, 0xff,
    0x70, 0x98, 0x40, 0xff, 0x70, 0x98, 0x40, 0xff, 0x70, 0x98, 0x40, 0xff,
    0x70, 0x98, 0x40, 0xff, 0x70, 0x9c, 0x40, 0xff, 0x70, 0x98, 0x40, 0xff,
    0x70, 0x98, 0x40, 0xff, 0x70, 0x9c, 0x40, 0xff, 0x70, 0x98, 0x40, 0xff,
    0x70, 0x9c, 0x40, 0xff, 0x68, 0x98, 0x38, 0xff, 0x70, 0x98, 0x40, 0xff,
    0x70, 0x9c, 0x40, 0xff, 0x70, 0x98, 0x40, 0xff, 0x70, 0x98, 0x40, 0xff,
    0x70, 0x98, 0x40, 0xff, 0x68, 0x9c, 0x38, 0xff, 0x70, 0x98, 0x40, 0xff,
    0x70, 0x98, 0x40, 0xff, 0x70, 0x98, 0x40, 0xff, 0x70, 0x98, 0x40, 0xff,
    0x70, 0x9c, 0x40, 0xff, 0x70, 0x98, 0x40, 0xff, 0x68, 0x98, 0x38, 0xff,
    0x70, 0x98, 0x40, 0xff, 0x70, 0x98, 0x40, 0xff, 0x70, 0x98, 0x40, 0xff,
    0x70, 0x98, 0x40, 0xff, 0x70, 0x9c, 0x40, 0xff, 0x70, 0x98, 0x40, 0xff,
    0x70, 0x98, 0x40, 0xff, 0x70, 0x9c, 0x40, 0xff, 0x70, 0x98, 0x40, 0xff,
    0x70, 0x9c, 0x40, 0xff, 0x68, 0x98, 0x38, 0xff, 0x70, 0x98, 0x40, 0xff,
    0x70, 0x9c, 0x40, 0xff, 0x70, 0x98, 0x40, 0xff, 0x70, 0x98, 0x40, 0xff,
    0x70, 0x98, 0x40, 0xff, 0x68, 0x9c, 0x38, 0xff, 0x70, 0x98, 0x40, 0xff,
    0x70, 0x98, 0x40, 0xff, 0x70, 0x98, 0x40, 0xff, 0x70, 0x98, 0x40, 0xff,
    0x70, 0x9c, 0x40, 0xff, 0x70, 0x98, 0x40, 0xff, 0x68, 0x98, 0x38, 0xff,
    0x70, 0x98, 0x40, 0xff, 0x70, 0x98, 0x40, 0xff, 0x70, 0x98, 0x40, 0xff,
    0x70, 0x98, 0x40, 0xff, 0x70, 0x9c, 0x40, 0xff, 0x70, 0x98, 0x40, 0xff,
    0x70, 0x98, 0x40, 0xff, 0x70, 0x9c, 0x40, 0xff, 0x70, 0x98, 0x40, 0xff,
    0x70, 0x9c, 0x40, 0xff, 0x68, 0x98, 0x38, 0xff, 0x70, 0x98, 0x40, 0xff,
    0x70, 0x9c, 0x40, 0xff, 0x70, 0x98, 0x40, 0xff, 0x70, 0x98, 0x40, 0xff,
    0x70, 0x98, 0x40, 0xff, 0x68, 0x9c, 0x38, 0xff, 0x70, 0x9c, 0x40, 0xff,
    0x70, 0x98, 0x40, 0xff, 0x70, 0x98, 0x40, 0xff, 0x70, 0x98, 0x40, 0xff,
    0x70, 0x9c, 0x38, 0xff, 0x70, 0x98, 0x38, 0xff, 0x70, 0x9c, 0x40, 0xff,
    0x70, 0x98, 0x40, 0xff, 0x68, 0x98, 0x40, 0xff, 0x70, 0x9c, 0x38, 0xff,
    0x70, 0x98, 0x40, 0xff, 0x70, 0x98, 0x40, 0xff, 0x70, 0x98, 0x40, 0xff,
    0x70, 0x98, 0x40, 0xff, 0x68, 0x98, 0x40, 0xff, 0x70, 0x98, 0x40, 0xff,
    0x70, 0x98, 0x40, 0xff, 0x70, 0x98, 0x40, 0xff, 0x70, 0x9c, 0x38, 0xff,
    0x68, 0x98, 0x40, 0xff, 0x70, 0x98, 0x40, 0xff, 0x70, 0x98, 0x40, 0x8e,
    0x68, 0x98, 0x38, 0xbe, 0x70, 0x98, 0x40, 0xff, 0x70, 0x9c, 0x40, 0xff,
    0x68, 0x98, 0x40, 0xff, 0x70, 0x98, 0x40, 0xff, 0x70, 0x98, 0x38, 0xff,
    0x70, 0x9c, 0x40, 0xff, 0x68, 0x98, 0x40, 0xff, 0x70, 0x98, 0x40, 0xff,
    0x68, 0x9c, 0x40, 0xff, 0x70, 0x98, 0x40, 0xff, 0x68, 0x98, 0x38, 0xff,
    0x70, 0x98, 0x40, 0xff, 0x70, 0x9c, 0x40, 0xff, 0x70, 0x98, 0x40, 0xff,
    0x68, 0x98, 0x38, 0xff, 0x70, 0x9c, 0x40, 0xff, 0x70, 0x98, 0x40, 0xff,
    0x68, 0x98, 0x38, 0xff, 0x70, 0x98, 0x40, 0xff, 0x70, 0x98, 0x40, 0xff,
    0x68, 0x9c, 0x38, 0xff, 0x70, 0x98, 0x40, 0xff, 0x70, 0x98, 0x40, 0xff,
    0x70, 0x98, 0x40, 0xff, 0x70, 0x98, 0x40, 0xff, 0x70, 0x98, 0x40, 0xff,
    0x68, 0x9c, 0x38, 0xff, 0x70, 0x98, 0x40, 0xff, 0x70, 0x98, 0x40, 0xff,
    0x68, 0x9c, 0x38, 0xff, 0x70, 0x98, 0x40, 0xff, 0x70, 0x98, 0x40, 0xff,
    0x68, 0x98, 0x38, 0xff, 0x68, 0x98, 0x38, 0xff, 0x70, 0x98, 0x40, 0xff,
    0x70, 0x9c, 0x40, 0xff, 0x70, 0x98, 0x40, 0xff, 0x70, 0x98, 0x40, 0xff,
    0x70, 0x9c, 0x40, 0xff, 0x68, 0x98, 0x38, 0xff, 0x70, 0x98, 0x40, 0xff,
    0x70, 0x98, 0x40, 0xff, 0x68, 0x9c, 0x38, 0xff, 0x70, 0x98, 0x40, 0xff,
    0x70, 0x98, 0x40, 0xff, 0x68, 0x98, 0x38, 0xff, 0x70, 0x98, 0x40, 0xff,
    0x70, 0x98, 0x40, 0xff, 0x68, 0x98, 0x38, 0xff, 0x70, 0x9c, 0x40, 0xff,
    0x70, 0x98, 0x40, 0xff, 0x68, 0x9c, 0x38, 0xff, 0x70, 0x98, 0x40, 0xff,
    0x68, 0x98, 0x38, 0xff, 0x70, 0x98, 0x40, 0xff, 0x68, 0x98, 0x38, 0xff,
    0x68, 0x98, 0x38, 0xff, 0x70, 0x98, 0x40, 0xff, 0x70, 0x98, 0x40, 0xff,
    0x68, 0x9c, 0x38, 0xff, 0x70, 0x98, 0x40, 0xff, 0x70, 0x98, 0x40, 0xff,
    0x70, 0x9c, 0x40, 0xff, 0x68, 0x98, 0x38, 0xff, 0x70, 0x98, 0x40, 0xff,
    0x70, 0x98, 0x40, 0xff, 0x68, 0x9c, 0x38, 0xff, 0x70, 0x98, 0x40, 0xff,
    0x70, 0x98, 0x40, 0xff, 0x68, 0x98, 0x38, 0xff, 0x70, 0x98, 0x40, 0xff,
    0x70, 0x98, 0x40, 0xff, 0x68, 0x98, 0x38, 0xff, 0x70, 0x9c, 0x40, 0xff,
    0x70, 0x98, 0x40, 0xff, 0x68, 0x9c, 0x38, 0xff, 0x70, 0x98, 0x40, 0xff,
    0x68, 0x98, 0x38, 0xff, 0x70, 0x98, 0x40, 0xff, 0x68, 0x98, 0x38, 0xff,
    0x68, 0x98, 0x38, 0xff, 0x70, 0x98, 0x40, 0xff, 0x70, 0x98, 0x40, 0xff,
    0x68, 0x9c, 0x38, 0xff, 0x70, 0x98, 0x40, 0xff, 0x70, 0x98, 0x40, 0xff,
    0x70, 0x9c, 0x40, 0xff, 0x68, 0x98, 0x38, 0xff, 0x70, 0x98, 0x40, 0xff,
    0x70, 0x98, 0x40, 0xff, 0x68, 0x9c, 0x38, 0xff, 0x70, 0x98, 0x40, 0xff,
    0x70, 0x98, 0x40, 0xff, 0x68, 0x98, 0x38, 0xff, 0x70, 0x98, 0x40, 0xff,
    0x70, 0x98, 0x40, 0xff, 0x68, 0x98, 0x38, 0xff, 0x70, 0x9c, 0x40, 0xff,
    0x70, 0x98, 0x40, 0xff, 0x68, 0x9c, 0x38, 0xff, 0x70, 0x98, 0x40, 0xff,
    0x68, 0x98, 0x38, 0xff, 0x70, 0x98, 0x40, 0xff, 0x68, 0x98, 0x38, 0xff,
    0x68, 0x98, 0x38, 0xff, 0x70, 0x98, 0x40, 0xff, 0x70, 0x98, 0x40, 0xff,
    0x68, 0x9c, 0x38, 0xff, 0x70, 0x98, 0x40, 0xff, 0x70, 0x98, 0x40, 0xff,
    0x70, 0x9c, 0x40, 0xff, 0x68, 0x98, 0x38, 0xff, 0x70, 0x98, 0x40, 0xff,
    0x70, 0x98, 0x40, 0xff, 0x68, 0x9c, 0x38, 0xff, 0x70, 0x98, 0x40, 0xff,
    0x70, 0x98, 0x40, 0xff, 0x68, 0x98, 0x38, 0xff, 0x70, 0x98, 0x40, 0xff,
    0x70, 0x98, 0x40, 0xff, 0x68, 0x98, 0x38, 0xff, 0x70, 0x9c, 0x40, 0xff,
    0x70, 0x98, 0x40, 0xff, 0x68, 0x9c, 0x38, 0xff, 0x70, 0x98, 0x40, 0xff,
    0x68, 0x98, 0x38, 0xff, 0x70, 0x98, 0x40, 0xff, 0x68, 0x98, 0x38, 0xff,
    0x68, 0x98, 0x38, 0xff, 0x70, 0x98, 0x40, 0xff, 0x70, 0x98, 0x40, 0xff,
    0x68, 0x9c, 0x38, 0xff, 0x70, 0x98, 0x40, 0xff, 0x70, 0x98, 0x40, 0xff,
    0x70, 0x9c, 0x40, 0xff, 0x68, 0x98, 0x38, 0xff, 0x70, 0x98, 0x40, 0xff,
    0x70, 0x98, 0x40, 0xff, 0x68, 0x9c, 0x38, 0xff, 0x70, 0x98, 0x40, 0xff,
    0x70, 0x98, 0x40, 0xff, 0x68, 0x98, 0x38, 0xff, 0x70, 0x98, 0x40, 0xff,
    0x70, 0x98, 0x40, 0xff, 0x68, 0x98, 0x38, 0xff, 0x70, 0x9c, 0x40, 0xff,
    0x70, 0x98, 0x40, 0xff, 0x68, 0x9c, 0x38, 0xff, 0x70, 0x98, 0x40, 0xff,
    0x68, 0x98, 0x38, 0xff, 0x70, 0x98, 0x40, 0xff, 0x68, 0x98, 0x38, 0xff,
    0x68, 0x98, 0x38, 0xff, 0x70, 0x98, 0x40, 0xff, 0x70, 0x98, 0x40, 0xff,
    0x68, 0x9c, 0x38, 0xff, 0x70, 0x98, 0x40, 0xff, 0x70, 0x98, 0x40, 0xff,
    0x70, 0x9c, 0x40, 0xff, 0x68, 0x98, 0x38, 0xff, 0x70, 0x98, 0x40, 0xff,
    0x70, 0x98, 0x40, 0xff, 0x68, 0x9c, 0x38, 0xff, 0x70, 0x98, 0x40, 0xff,
    0x70, 0x98, 0x40, 0xff, 0x68, 0x98, 0x38, 0xff, 0x70, 0x98, 0x40, 0xff,
    0x70, 0x98, 0x40, 0xff, 0x68, 0x98, 0x38, 0xff, 0x70, 0x9c, 0x40, 0xff,
    0x70, 0x98, 0x40, 0xff, 0x68, 0x9c, 0x38, 0xff, 0x70, 0x98, 0x40, 0xff,
    0x68, 0x98, 0x38, 0xff, 0x70, 0x98, 0x40, 0xff, 0x68, 0x98, 0x38, 0xff,
    0x68, 0x98, 0x38, 0xff, 0x70, 0x98, 0x40, 0xff, 0x70, 0x98, 0x40, 0xff,
    0x68, 0x9c, 0x38, 0xff, 0x70, 0x98, 0x40, 0xff, 0x70, 0x98, 0x40, 0xff,
    0x70, 0x9c, 0x40, 0xff, 0x68, 0x98, 0x38, 0xff, 0x70, 0x98, 0x40, 0xff,
    0x70, 0x98, 0x40, 0xff, 0x68, 0x9c, 0x38, 0xff, 0x70, 0x98, 0x40, 0xff,
    0x70, 0x98, 0x40, 0xff, 0x68, 0x98, 0x38, 0xff, 0x70, 0x98, 0x40, 0xff,
    0x70, 0x98, 0x40, 0xff, 0x68, 0x98, 0x38, 0xff, 0x70, 0x9c, 0x40, 0xff,
    0x70, 0x98, 0x40, 0xff, 0x68, 0x9c, 0x38, 0xff, 0x70, 0x98, 0x40, 0xff,
    0x68, 0x98, 0x38, 0xff, 0x70, 0x98, 0x40, 0xff, 0x68, 0x98, 0x38, 0xff,
    0x68, 0x98, 0x38, 0xff, 0x70, 0x98, 0x40, 0xff, 0x70, 0x98, 0x40, 0xff,
    0x68, 0x9c, 0x38, 0xff, 0x70, 0x98, 0x40, 0xff, 0x70, 0x98, 0x40, 0xff,
    0x70, 0x9c, 0x40, 0xff, 0x68, 0x98, 0x38, 0xff, 0x70, 0x98, 0x40, 0xff,
    0x70, 0x98, 0x40, 0xff, 0x68, 0x98, 0x38, 0xff, 0x70, 0x98, 0x40, 0xff,
    0x70, 0x98, 0x40, 0xff, 0x68, 0x9c, 0x38, 0xff, 0x70, 0x98, 0x40, 0xff,
    0x70, 0x98, 0x40, 0xff, 0x68, 0x98, 0x40, 0xff, 0x70, 0x98, 0x40, 0xff,
    0x70, 0x98, 0x38, 0xff, 0x68, 0x9c, 0x40, 0xff, 0x70, 0x98, 0x40, 0xff,
    0x70, 0x98, 0x40, 0xff, 0x68, 0x9c, 0x38, 0xff, 0x70, 0x98, 0x40, 0xff,
    0x70, 0x98, 0x38, 0xff, 0x68, 0x9c, 0x40, 0xff, 0x70, 0x98, 0x38, 0xff,
    0x70, 0x9c, 0x40, 0xff, 0x68, 0x98, 0x40, 0xff, 0x70, 0x98, 0x38, 0xff,
    0x70, 0x98, 0x40, 0xff, 0x70, 0x9c, 0x40, 0xff, 0x70, 0x98, 0x38, 0xff,
    0x70, 0x98, 0x40, 0xcf, 0x70, 0x98, 0x40, 0xef, 0x70, 0x98, 0x40, 0xff,
    0x68, 0x9c, 0x40, 0xff, 0x70, 0x98, 0x38, 0xff, 0x70, 0x98, 0x40, 0xff,
    0x68, 0x98, 0x40, 0xff, 0x70, 0x98, 0x40, 0xff, 0x70, 0x98, 0x38, 0xff,
    0x70, 0x98, 0x40, 0xff, 0x70, 0x9c, 0x40, 0xff, 0x70, 0x98, 0x38, 0xff,
    0x68, 0x98, 0x40, 0xff, 0x70, 0x9c, 0x40, 0xff, 0x70, 0x98, 0x38, 0xff,
    0x68, 0x98, 0x40, 0xff, 0x70, 0x98, 0x40, 0xff, 0x70, 0x98, 0x40, 0xff,
    0x68, 0x9c, 0x38, 0xff, 0x70, 0x98, 0x40, 0xff, 0x70, 0x98, 0x40, 0xff,
    0x70, 0x98, 0x40, 0xff, 0x70, 0x98, 0x40, 0xff, 0x68, 0x9c, 0x38, 0xff,
    0x70, 0x98, 0x40, 0xff, 0x68, 0x98, 0x38, 0xff, 0x70, 0x9c, 0x40, 0xff,
    0x70, 0x98, 0x40, 0xff, 0x70, 0x98, 0x40, 0xff, 0x70, 0x9c, 0x40, 0xff,
    0x70, 0x98, 0x40, 0xff, 0x70, 0x98, 0x40, 0xff, 0x70, 0x98, 0x40, 0xff,
    0x70, 0x9c, 0x40, 0xff, 0x70, 0x98, 0x40, 0xff, 0x70, 0x98, 0x40, 0xff,
    0x68, 0x9c, 0x38, 0xff, 0x70, 0x98, 0x40, 0xff, 0x68, 0x98, 0x38, 0xff,
    0x70, 0x98, 0x40, 0xff, 0x70, 0x98, 0x40, 0xff, 0x68, 0x98, 0x38, 0xff,
    0x70, 0x9c, 0x40, 0xff, 0x70, 0x98, 0x40, 0xff, 0x70, 0x98, 0x40, 0xff,
    0x70, 0x98, 0x40, 0xff, 0x70, 0x9c, 0x40, 0xff, 0x68, 0x9c, 0x38, 0xff,
    0x70, 0x98, 0x40, 0xff, 0x70, 0x9c, 0x40, 0xff, 0x68, 0x98, 0x38, 0xff,
    0x70, 0x98, 0x40, 0xff, 0x70, 0x98, 0x40, 0xff, 0x70, 0x9c, 0x40, 0xff,
    0x70, 0x98, 0x40, 0xff, 0x70, 0x9c, 0x40, 0xff, 0x70, 0x9c, 0x40, 0xff,
    0x70, 0x98, 0x40, 0xff, 0x70, 0x9c, 0x40, 0xff, 0x70, 0x98, 0x40, 0xff,
    0x68, 0x98, 0x38, 0xff, 0x70, 0x98, 0x40, 0xff, 0x70, 0x98, 0x40, 0xff,
    0x70, 0x98, 0x40, 0xff, 0x70, 0x98, 0x40, 0xff, 0x68, 0x98, 0x38, 0xff,
    0x70, 0x9c, 0x40, 0xff, 0x70, 0x98, 0x40, 0xff, 0x70, 0x98, 0x40, 0xff,
    0x70, 0x98, 0x40, 0xff, 0x70, 0x9c, 0x40, 0xff, 0x68, 0x9c, 0x38, 0xff,
    0x70, 0x98, 0x40, 0xff, 0x70, 0x9c, 0x40, 0xff, 0x68, 0x98, 0x38, 0xff,
    0x70, 0x98, 0x40, 0xff, 0x70, 0x98, 0x40, 0xff, 0x70, 0x9c, 0x40, 0xff,
    0x70, 0x98, 0x40, 0xff, 0x70, 0x9c, 0x40, 0xff, 0x70, 0x9c, 0x40, 0xff,
    0x70, 0x98, 0x40, 0xff, 0x70, 0x9c, 0x40, 0xff, 0x70, 0x98, 0x40, 0xff,
    0x68, 0x98, 0x38, 0xff, 0x70, 0x98, 0x40, 0xff, 0x70, 0x98, 0x40, 0xff,
    0x70, 0x98, 0x40, 0xff, 0x70, 0x98, 0x40, 0xff, 0x68, 0x98, 0x38, 0xff,
    0x70, 0x9c, 0x40, 0xff, 0x70, 0x98, 0x40, 0xff, 0x70, 0x98, 0x40, 0xff,
    0x70, 0x98, 0x40, 0xff, 0x70, 0x9c, 0x40, 0xff, 0x68, 0x9c, 0x38, 0xff,
    0x70, 0x98, 0x40, 0xff, 0x70, 0x9c, 0x40, 0xff, 0x68, 0x98, 0x38, 0xff,
    0x70, 0x98, 0x40, 0xff, 0x70, 0x98, 0x40, 0xff, 0x70, 0x9c, 0x40, 0xff,
    0x70, 0x98, 0x40, 0xff, 0x70, 0x9c, 0x40, 0xff, 0x70, 0x9c, 0x40, 0xff,
    0x70, 0x98, 0x40, 0xff, 0x70, 0x9c, 0x40, 0xff, 0x70, 0x98, 0x40, 0xff,
    0x68, 0x98, 0x38, 0xff, 0x70, 0x98, 0x40, 0xff, 0x70, 0x98, 0x40, 0xff,
    0x70, 0x98, 0x40, 0xff, 0x70, 0x98, 0x40, 0xff, 0x68, 0x98, 0x38, 0xff,
    0x70, 0x9c, 0x40, 0xff, 0x70, 0x98, 0x40, 0xff, 0x70, 0x98, 0x40, 0xff,
    0x70, 0x98, 0x40, 0xff, 0x70, 0x9c, 0x40, 0xff, 0x68, 0x9c, 0x38, 0xff,
    0x70, 0x98, 0x40, 0xff, 0x70, 0x9c, 0x40, 0xff, 0x68, 0x98, 0x38, 0xff,
    0x70, 0x98, 0x40, 0xff, 0x70, 0x98, 0x40, 0xff, 0x70, 0x9c, 0x40, 0xff,
    0x70, 0x98, 0x40, 0xff, 0x70, 0x9c, 0x40, 0xff, 0x70, 0x9c, 0x40, 0xff,
    0x70, 0x98, 0x40, 0xff, 0x70, 0x9c, 0x40, 0xff, 0x70, 0x98, 0x40, 0xff,
    0x68, 0x98, 0x38, 0xff, 0x70, 0x98, 0x40, 0xff, 0x70, 0x98, 0x40, 0xff,
    0x70, 0x98, 0x40, 0xff, 0x70, 0x98, 0x40, 0xff, 0x68, 0x98, 0x38, 0xff,
    0x70, 0x9c, 0x40, 0xff, 0x70, 0x98, 0x40, 0xff, 0x70, 0x98, 0x40, 0xff,
    0x70, 0x98, 0x40, 0xff, 0x70, 0x9c, 0x40, 0xff, 0x68, 0x9c, 0x38, 0xff,
    0x70, 0x98, 0x40, 0xff, 0x70, 0x9c, 0x40, 0xff, 0x68, 0x98, 0x38, 0xff,
    0x70, 0x98, 0x40, 0xff, 0x70, 0x98, 0x40, 0xff, 0x70, 0x9c, 0x40, 0xff,
    0x70, 0x98, 0x40, 0xff, 0x70, 0x9c, 0x40, 0xff, 0x70, 0x9c, 0x40, 0xff,
    0x70, 0x98, 0x40, 0xff, 0x70, 0x9c, 0x40, 0xff, 0x70, 0x98, 0x40, 0xff,
    0x68, 0x98, 0x38, 0xff, 0x70, 0x98, 0x40, 0xff, 0x70, 0x98, 0x40, 0xff,
    0x70, 0x98, 0x40, 0xff, 0x70, 0x98, 0x40, 0xff, 0x68, 0x98, 0x38, 0xff,
    0x70, 0x9c, 0x40, 0xff, 0x70, 0x98, 0x40, 0xff, 0x70, 0x98, 0x40, 0xff,
    0x70, 0x98, 0x40, 0xff, 0x70, 0x9c, 0x40, 0xff, 0x68, 0x9c, 0x38, 0xff,
    0x70, 0x98, 0x40, 0xff, 0x70, 0x9c, 0x40, 0xff, 0x68, 0x98, 0x38, 0xff,
    0x70, 0x98, 0x40, 0xff, 0x70, 0x98, 0x40, 0xff, 0x70, 0x9c, 0x40, 0xff,
    0x70, 0x98, 0x40, 0xff, 0x70, 0x9c, 0x40, 0xff, 0x70, 0x9c, 0x40, 0xff,
    0x70, 0x98, 0x40, 0xff, 0x70, 0x9c, 0x40, 0xff, 0x70, 0x98, 0x40, 0xff,
    0x68, 0x98, 0x38, 0xff, 0x70, 0x98, 0x40, 0xff, 0x70, 0x98, 0x40, 0xff,
    0x70, 0x98, 0x40, 0xff, 0x70, 0x98, 0x40, 0xff, 0x68, 0x98, 0x38, 0xff,
    0x70, 0x9c, 0x40, 0xff, 0x70, 0x98, 0x40, 0xff, 0x70, 0x98, 0x40, 0xff,
    0x70, 0x98, 0x40, 0xff, 0x70, 0x9c, 0x40, 0xff, 0x68, 0x9c, 0x38, 0xff,
    0x70, 0x98, 0x40, 0xff, 0x70, 0x9c, 0x40, 0xff, 0x68, 0x98, 0x38, 0xff,
    0x70, 0x98, 0x40, 0xff, 0x70, 0x98, 0x40, 0xff, 0x70, 0x9c, 0x40, 0xff,
    0x70, 0x98, 0x40, 0xff, 0x70, 0x9c, 0x40, 0xff, 0x70, 0x9c, 0x40, 0xff,
    0x70, 0x98, 0x40, 0xff, 0x70, 0x9c, 0x40, 0xff, 0x70, 0x98, 0x40, 0xff,
    0x68, 0x98, 0x38, 0xff, 0x70, 0x98, 0x40, 0xff, 0x70, 0x98, 0x40, 0xff,
    0x70, 0x98, 0x40, 0xff, 0x70, 0x98, 0x40, 0xff, 0x68, 0x98, 0x38, 0xff,
    0x70, 0x9c, 0x40, 0xff, 0x70, 0x98, 0x40, 0xff, 0x70, 0x9c, 0x40, 0xff,
    0x70, 0x98, 0x40, 0xff, 0x70, 0x98, 0x40, 0xff, 0x68, 0x98, 0x38, 0xff,
    0x70, 0x9c, 0x40, 0xff, 0x70, 0x98, 0x40, 0xff, 0x68, 0x98, 0x40, 0xff,
    0x70, 0x9c, 0x40, 0xff, 0x70, 0x98, 0x40, 0xff, 0x68, 0x98, 0x38, 0xff,
    0x70, 0x98, 0x40, 0xff, 0x70, 0x98, 0x40, 0xff, 0x70, 0x9c, 0x40, 0xff,
    0x68, 0x98, 0x40, 0xff, 0x70, 0x98, 0x40, 0xff, 0x70, 0x98, 0x38, 0xff,
    0x70, 0x9c, 0x40, 0xff, 0x70, 0x98, 0x40, 0xff, 0x68, 0x98, 0x38, 0xff,
    0x70, 0x9c, 0x40, 0xff, 0x70, 0x98, 0x40, 0xff, 0x68, 0x98, 0x40, 0xff,
    0x70, 0x98, 0x40, 0xff, 0x70, 0x98, 0x40, 0xef, 0x70, 0x98, 0x40, 0xff,
    0x70, 0x98, 0x40, 0xff, 0x70, 0x98, 0x38, 0xff, 0x70, 0x9c, 0x40, 0xff,
    0x68, 0x98, 0x40, 0xff, 0x70, 0x9c, 0x40, 0xff, 0x70, 0x98, 0x38, 0xff,
    0x70, 0x98, 0x40, 0xff, 0x68, 0x9c, 0x40, 0xff, 0x70, 0x98, 0x38, 0xff,
    0x70, 0x98, 0x40, 0xff, 0x70, 0x98, 0x40, 0xff, 0x70, 0x98, 0x40, 0xff,
    0x68, 0x98, 0x38, 0xff, 0x70, 0x9c, 0x40, 0xff, 0x70, 0x98, 0x40, 0xff,
    0x70, 0x98, 0x38, 0xff, 0x70, 0x98, 0x40, 0xff, 0x68, 0x9c, 0x40, 0xff,
    0x70, 0x98, 0x38, 0xff, 0x70, 0x98, 0x40, 0xff, 0x68, 0x9c, 0x40, 0xff,
    0x70, 0x98, 0x40, 0xff, 0x70, 0x98, 0x40, 0xff, 0x70, 0x9c, 0x38, 0xff,
    0x68, 0x98, 0x40, 0xff, 0x70, 0x98, 0x40, 0xff, 0x68, 0x98, 0x38, 0xff,
    0x70, 0x98, 0x40, 0xff, 0x68, 0x98, 0x38, 0xff, 0x70, 0x98, 0x40, 0xff,
    0x68, 0x9c, 0x38, 0xff, 0x70, 0x98, 0x40, 0xff, 0x70, 0x98, 0x40, 0xff,
    0x70, 0x9c, 0x40, 0xff, 0x70, 0x98, 0x40, 0xff, 0x70, 0x98, 0x40, 0xff,
    0x68, 0x9c, 0x38, 0xff, 0x70, 0x98, 0x40, 0xff, 0x70, 0x98, 0x40, 0xff,
    0x70, 0x9c, 0x40, 0xff, 0x68, 0x98, 0x38, 0xff, 0x70, 0x98, 0x40, 0xff,
    0x70, 0x98, 0x40, 0xff, 0x68, 0x98, 0x38, 0xff, 0x70, 0x98, 0x40, 0xff,
    0x70, 0x98, 0x40, 0xff, 0x70, 0x98, 0x40, 0xff, 0x70, 0x98, 0x40, 0xff,
    0x70, 0x9c, 0x40, 0xff, 0x70, 0x98, 0x40, 0xff, 0x68, 0x98, 0x38, 0xff,
    0x70, 0x98, 0x40, 0xff, 0x70, 0x98, 0x40, 0xff, 0x68, 0x98, 0x38, 0xff,
    0x70, 0x98, 0x40, 0xff, 0x70, 0x98, 0x40, 0xff, 0x70, 0x98, 0x40, 0xff,
    0x68, 0x9c, 0x38, 0xff, 0x70, 0x98, 0x40, 0xff, 0x70, 0x9c, 0x40, 0xff,
    0x68, 0x98, 0x38, 0xff, 0x70, 0x9c, 0x40, 0xff, 0x70, 0x98, 0x40, 0xff,
    0x70, 0x98, 0x40, 0xff, 0x68, 0x9c, 0x38, 0xff, 0x70, 0x98, 0x40, 0xff,
    0x68, 0x98, 0x38, 0xff, 0x70, 0x98, 0x40, 0xff, 0x70, 0x98, 0x40, 0xff,
    0x70, 0x98, 0x40, 0xff, 0x70, 0x98, 0x40, 0xff, 0x70, 0x98, 0x40, 0xff,
    0x70, 0x9c, 0x40, 0xff, 0x70, 0x98, 0x40, 0xff, 0x68, 0x98, 0x38, 0xff,
    0x70, 0x98, 0x40, 0xff, 0x70, 0x98, 0x40, 0xff, 0x68, 0x98, 0x38, 0xff,
    0x70, 0x98, 0x40, 0xff, 0x70, 0x98, 0x40, 0xff, 0x70, 0x98, 0x40, 0xff,
    0x68, 0x9c, 0x38, 0xff, 0x70, 0x98, 0x40, 0xff, 0x70, 0x9c, 0x40, 0xff,
    0x68, 0x98, 0x38, 0xff, 0x70, 0x9c, 0x40, 0xff, 0x70, 0x98, 0x40, 0xff,
    0x70, 0x98, 0x40, 0xff, 0x68, 0x9c, 0x38, 0xff, 0x70, 0x98, 0x40, 0xff,
    0x68, 0x98, 0x38, 0xff, 0x70, 0x98, 0x40, 0xff, 0x70, 0x98, 0x40, 0xff,
    0x70, 0x98, 0x40, 0xff, 0x70, 0x98, 0x40, 0xff, 0x70, 0x98, 0x40, 0xff,
    0x70, 0x9c, 0x40, 0xff, 0x70, 0x98, 0x40, 0xff, 0x68, 0x98, 0x38, 0xff,
    0x70, 0x98, 0x40, 0xff, 0x70, 0x98, 0x40, 0xff, 0x68, 0x98, 0x38, 0xff,
    0x70, 0x98, 0x40, 0xff, 0x70, 0x98, 0x40, 0xff, 0x70, 0x98, 0x40, 0xff,
    0x68, 0x9c, 0x38, 0xff, 0x70, 0x98, 0x40, 0xff, 0x70, 0x9c, 0x40, 0xff,
    0x68, 0x98, 0x38, 0xff, 0x70, 0x9c, 0x40, 0xff, 0x70, 0x98, 0x40, 0xff,
    0x70, 0x98, 0x40, 0xff, 0x68, 0x9c, 0x38, 0xff, 0x70, 0x98, 0x40, 0xff,
    0x68, 0x98, 0x38, 0xff, 0x70, 0x98, 0x40, 0xff, 0x70, 0x98, 0x40, 0xff,
    0x70, 0x98, 0x40, 0xff, 0x70, 0x98, 0x40, 0xff, 0x70, 0x98, 0x40, 0xff,
    0x70, 0x9c, 0x40, 0xff, 0x70, 0x98, 0x40, 0xff, 0x68, 0x98, 0x38, 0xff,
    0x70, 0x98, 0x40, 0xff, 0x70, 0x98, 0x40, 0xff, 0x68, 0x98, 0x38, 0xff,
    0x70, 0x98, 0x40, 0xff, 0x70, 0x98, 0x40, 0xff, 0x70, 0x98, 0x40, 0xff,
    0x68, 0x9c, 0x38, 0xff, 0x70, 0x98, 0x40, 0xff, 0x70, 0x9c, 0x40, 0xff,
    0x68, 0x98, 0x38, 0xff, 0x70, 0x9c, 0x40, 0xff, 0x70, 0x98, 0x40, 0xff,
    0x70, 0x98, 0x40, 0xff, 0x68, 0x9c, 0x38, 0xff, 0x70, 0x98, 0x40, 0xff,
    0x68, 0x98, 0x38, 0xff, 0x70, 0x98, 0x40, 0xff, 0x70, 0x98, 0x40, 0xff,
    0x70, 0x98, 0x40, 0xff, 0x70, 0x98, 0x40, 0xff, 0x70, 0x98, 0x40, 0xff,
    0x70, 0x9c, 0x40, 0xff, 0x70, 0x98, 0x40, 0xff, 0x68, 0x98, 0x38, 0xff,
    0x70, 0x98, 0x40, 0xff, 0x70, 0x98, 0x40, 0xff, 0x68, 0x98, 0x38, 0xff,
    0x70, 0x98, 0x40, 0xff, 0x70, 0x98, 0x40, 0xff, 0x70, 0x98, 0x40, 0xff,
    0x68, 0x9c, 0x38, 0xff, 0x70, 0x98, 0x40, 0xff, 0x70, 0x9c, 0x40, 0xff,
    0x68, 0x98, 0x38, 0xff, 0x70, 0x9c, 0x40, 0xff, 0x70, 0x98, 0x40, 0xff,
    0x70, 0x98, 0x40, 0xff, 0x68, 0x9c, 0x38, 0xff, 0x70, 0x98, 0x40, 0xff,
    0x68, 0x98, 0x38, 0xff, 0x70, 0x98, 0x40, 0xff, 0x70, 0x98, 0x40, 0xff,
    0x70, 0x98, 0x40, 0xff, 0x70, 0x98, 0x40, 0xff, 0x70, 0x98, 0x40, 0xff,
    0x70, 0x9c, 0x40, 0xff, 0x70, 0x98, 0x40, 0xff, 0x68, 0x98, 0x38, 0xff,
    0x70, 0x98, 0x40, 0xff, 0x70, 0x98, 0x40, 0xff, 0x68, 0x98, 0x38, 0xff,
    0x70, 0x98, 0x40, 0xff, 0x70, 0x98, 0x40, 0xff, 0x70, 0x98, 0x40, 0xff,
    0x68, 0x9c, 0x38, 0xff, 0x70, 0x98, 0x40, 0xff, 0x70, 0x9c, 0x40, 0xff,
    0x68, 0x98, 0x38, 0xff, 0x70, 0x9c, 0x40, 0xff, 0x70, 0x98, 0x40, 0xff,
    0x70, 0x98, 0x40, 0xff, 0x68, 0x9c, 0x38, 0xff, 0x70, 0x98, 0x40, 0xff,
    0x68, 0x98, 0x38, 0xff, 0x70, 0x98, 0x40, 0xff, 0x70, 0x98, 0x40, 0xff,
    0x70, 0x98, 0x40, 0xff, 0x70, 0x98, 0x40, 0xff, 0x70, 0x98, 0x40, 0xff,
    0x70, 0x9c, 0x40, 0xff, 0x70, 0x98, 0x40, 0xff, 0x68, 0x98, 0x38, 0xff,
    0x70, 0x98, 0x40, 0xff, 0x70, 0x98, 0x40, 0xff, 0x68, 0x98, 0x38, 0xff,
    0x70, 0x98, 0x40, 0xff, 0x70, 0x98, 0x40, 0xff, 0x70, 0x98, 0x40, 0xff,
    0x68, 0x9c, 0x38, 0xff, 0x70, 0x98, 0x40, 0xff, 0x70, 0x9c, 0x40, 0xff,
    0x68, 0x98, 0x38, 0xff, 0x70, 0x9c, 0x40, 0xff, 0x70, 0x98, 0x40, 0xff,
    0x70, 0x98, 0x40, 0xff, 0x68, 0x98, 0x38, 0xff, 0x70, 0x98, 0x40, 0xff,
    0x68, 0x98, 0x38, 0xff, 0x70, 0x9c, 0x40, 0xff, 0x70, 0x98, 0x40, 0xff,
    0x70, 0x98, 0x40, 0xff, 0x70, 0x98, 0x38, 0xff, 0x70, 0x98, 0x40, 0xff,
    0x70, 0x9c, 0x38, 0xff, 0x68, 0x98, 0x40, 0xff, 0x70, 0x98, 0x40, 0xff,
    0x70, 0x9c, 0x40, 0xff, 0x70, 0x98, 0x38, 0xff, 0x70, 0x98, 0x40, 0xff,
    0x70, 0x98, 0x40, 0xff, 0x70, 0x9c, 0x38, 0xff, 0x68, 0x98, 0x40, 0xff,
    0x70, 0x98, 0x40, 0xff, 0x70, 0x98, 0x40, 0xff, 0x68, 0x98, 0x40, 0xff,
    0x70, 0x98, 0x40, 0xff, 0x70, 0x98, 0x40, 0xff, 0x68, 0x9c, 0x38, 0xff,
    0x70, 0x98, 0x40, 0xff, 0x68, 0x98, 0x40, 0xff, 0x70, 0x9c, 0x38, 0xff,
    0x70, 0x98, 0x40, 0xff, 0x68, 0x98, 0x38, 0xff, 0x70, 0x98, 0x40, 0xff,
    0x70, 0x98, 0x40, 0xff, 0x70, 0x98, 0x40, 0xff, 0x70, 0x9c, 0x38, 0xff,
    0x68, 0x98, 0x40, 0xff, 0x70, 0x98, 0x40, 0xff, 0x70, 0x98, 0x40, 0xff,
    0x68, 0x9c, 0x40, 0xff, 0x70, 0x98, 0x40, 0xff, 0x70, 0x9c, 0x40, 0xff,
    0x68, 0x98, 0x38, 0xff, 0x70, 0x98, 0x40, 0xff, 0x70, 0x9c, 0x40, 0xff,
    0x68, 0x98, 0x40, 0xff, 0x70, 0x98, 0x40, 0xff, 0x70, 0x98, 0x40, 0xff,
    0x70, 0x9c, 0x40, 0xff, 0x68, 0x98, 0x38, 0xff, 0x70, 0x98, 0x40, 0xff,
    0x70, 0x98, 0x40, 0xff, 0x70, 0x98, 0x38, 0xff, 0x70, 0x98, 0x40, 0xff,
    0x70, 0x98, 0x40, 0xff, 0x70, 0x98, 0x40, 0xff, 0x70, 0x9c, 0x38, 0xff,
    0x70, 0x98, 0x40, 0xff, 0x68, 0x98, 0x40, 0xff, 0x70, 0x9c, 0x40, 0xff,
    0x70, 0x98, 0x38, 0xff, 0x68, 0x98, 0x40, 0xff, 0x70, 0x98, 0x38, 0xff,
    0x68, 0x98, 0x40, 0xff, 0x68, 0x98, 0x38, 0xff, 0x70, 0x98, 0x40, 0xff,
    0x70, 0x98, 0x40, 0xff, 0x70, 0x9c, 0x40, 0xff, 0x70, 0x98, 0x40, 0xff,
    0x70, 0x98, 0x40, 0xff, 0x70, 0x98, 0x40, 0xff, 0x70, 0x98, 0x38, 0xff,
    0x68, 0x9c, 0x40, 0xff, 0x70, 0x9c, 0x40, 0xff, 0x70, 0x98, 0x38, 0xff,
    0x68, 0x98, 0x40, 0xff, 0x70, 0x9c, 0x40, 0xff, 0x68, 0x98, 0x38, 0xff,
    0x70, 0x98, 0x40, 0xff, 0x70, 0x98, 0x40, 0xff, 0x68, 0x9c, 0x38, 0xff,
    0x70, 0x98, 0x40, 0xff, 0x70, 0x98, 0x40, 0xff, 0x68, 0x9c, 0x38, 0xff,
    0x70, 0x98, 0x40, 0xff, 0x70, 0x98, 0x40, 0xff, 0x68, 0x98, 0x38, 0xff,
    0x70, 0x98, 0x40, 0xff, 0x70, 0x98, 0x40, 0xff, 0x70, 0x98, 0x40, 0xff,
    0x70, 0x98, 0x40, 0xff, 0x68, 0x9c, 0x38, 0xff, 0x70, 0x98, 0x40, 0xff,
    0x70, 0x98, 0x40, 0xff, 0x70, 0x98, 0x40, 0xff, 0x70, 0x98, 0x40, 0xff,
    0x70, 0x9c, 0x40, 0xff, 0x70, 0x98, 0x40, 0xff, 0x68, 0x9c, 0x38, 0xff,
    0x70, 0x98, 0x40, 0xff, 0x68, 0x98, 0x38, 0xff, 0x70, 0x98, 0x40, 0xff,
    0x68, 0x98, 0x38, 0xff, 0x70, 0x98, 0x40, 0xff, 0x70, 0x9c, 0x40, 0xff,
    0x68, 0x98, 0x38, 0xff, 0x70, 0x98, 0x40, 0xff, 0x70, 0x9c, 0x40, 0xff,
    0x68, 0x98, 0x38, 0xff, 0x70, 0x98, 0x40, 0xff, 0x70, 0x98, 0x40, 0xff,
    0x68, 0x98, 0x38, 0xff, 0x70, 0x98, 0x40, 0xff, 0x70, 0x98, 0x40, 0xff,
    0x70, 0x98, 0x40, 0xff, 0x68, 0x9c, 0x38, 0xff, 0x70, 0x98, 0x40, 0xff,
    0x70, 0x98, 0x40, 0xff, 0x70, 0x98, 0x40, 0xff, 0x70, 0x98, 0x40, 0xff,
    0x70, 0x9c, 0x40, 0xff, 0x70, 0x98, 0x40, 0xff, 0x68, 0x9c, 0x38, 0xff,
    0x70, 0x98, 0x40, 0xff, 0x68, 0x98, 0x38, 0xff, 0x70, 0x98, 0x40, 0xff,
    0x68, 0x98, 0x38, 0xff, 0x70, 0x98, 0x40, 0xff, 0x70, 0x9c, 0x40, 0xff,
    0x68, 0x98, 0x38, 0xff, 0x70, 0x98, 0x40, 0xff, 0x70, 0x9c, 0x40, 0xff,
    0x68, 0x98, 0x38, 0xff, 0x70, 0x98, 0x40, 0xff, 0x70, 0x98, 0x40, 0xff,
    0x68, 0x98, 0x38, 0xff, 0x70, 0x98, 0x40, 0xff, 0x70, 0x98, 0x40, 0xff,
    0x70, 0x98, 0x40, 0xff, 0x68, 0x9c, 0x38, 0xff, 0x70, 0x98, 0x40, 0xff,
    0x70, 0x98, 0x40, 0xff, 0x70, 0x98, 0x40, 0xff, 0x70, 0x98, 0x40, 0xff,
    0x70, 0x9c, 0x40, 0xff, 0x70, 0x98, 0x40, 0xff, 0x68, 0x9c, 0x38, 0xff,
    0x70, 0x98, 0x40, 0xff, 0x68, 0x98, 0x38, 0xff, 0x70, 0x98, 0x40, 0xff,
    0x68, 0x98, 0x38, 0xff, 0x70, 0x98, 0x40, 0xff, 0x70, 0x9c, 0x40, 0xff,
    0x68, 0x98, 0x38, 0xff, 0x70, 0x98, 0x40, 0xff, 0x70, 0x9c, 0x40, 0xff,
    0x68, 0x98, 0x38, 0xff, 0x70, 0x98, 0x40, 0xff, 0x70, 0x98, 0x40, 0xff,
    0x68, 0x98, 0x38, 0xff, 0x70, 0x98, 0x40, 0xff, 0x70, 0x98, 0x40, 0xff,
    0x70, 0x98, 0x40, 0xff, 0x68, 0x9c, 0x38, 0xff, 0x70, 0x98, 0x40, 0xff,
    0x70, 0x98, 0x40, 0xff, 0x70, 0x98, 0x40, 0xff, 0x70, 0x98, 0x40, 0xff,
    0x70, 0x9c, 0x40, 0xff, 0x70, 0x98, 0x40, 0xff, 0x68, 0x9c, 0x38, 0xff,
    0x70, 0x98, 0x40, 0xff, 0x68, 0x98, 0x38, 0xff, 0x70, 0x98, 0x40, 0xff,
    0x68, 0x98, 0x38, 0xff, 0x70, 0x98, 0x40, 0xff, 0x70, 0x9c, 0x40, 0xff,
    0x68, 0x98, 0x38, 0xff, 0x70, 0x98, 0x40, 0xff, 0x70, 0x9c, 0x40, 0xff,
    0x68, 0x98, 0x38, 0xff, 0x70, 0x98, 0x40, 0xff, 0x70, 0x98, 0x40, 0xff,
    0x68, 0x98, 0x38, 0xff, 0x70, 0x98, 0x40, 0xff, 0x70, 0x98, 0x40, 0xff,
    0x70, 0x98, 0x40, 0xff, 0x68, 0x9c, 0x38, 0xff, 0x70, 0x98, 0x40, 0xff,
    0x70, 0x98, 0x40, 0xff, 0x70, 0x98, 0x40, 0xff, 0x70, 0x98, 0x40, 0xff,
    0x70, 0x9c, 0x40, 0xff, 0x70, 0x98, 0x40, 0xff, 0x68, 0x9c, 0x38, 0xff,
    0x70, 0x98, 0x40, 0xff, 0x68, 0x98, 0x38, 0xff, 0x70, 0x98, 0x40, 0xff,
    0x68, 0x98, 0x38, 0xff, 0x70, 0x98, 0x40, 0xff, 0x70, 0x9c, 0x40, 0xff,
    0x68, 0x98, 0x38, 0xff, 0x70, 0x98, 0x40, 0xff, 0x70, 0x9c, 0x40, 0xff,
    0x68, 0x98, 0x38, 0xff, 0x70, 0x98, 0x40, 0xff, 0x70, 0x98, 0x40, 0xff,
    0x68, 0x98, 0x38, 0xff, 0x70, 0x98, 0x40, 0xff, 0x70, 0x98, 0x40, 0xff,
    0x70, 0x98, 0x40, 0xff, 0x68, 0x9c, 0x38, 0xff, 0x70, 0x98, 0x40, 0xff,
    0x70, 0x98, 0x40, 0xff, 0x70, 0x98, 0x40, 0xff, 0x70, 0x98, 0x40, 0xff,
    0x70, 0x9c, 0x40, 0xff, 0x70, 0x98, 0x40, 0xff, 0x68, 0x9c, 0x38, 0xff,
    0x70, 0x98, 0x40, 0xff, 0x68, 0x98, 0x38, 0xff, 0x70, 0x98, 0x40, 0xff,
    0x68, 0x98, 0x38, 0xff, 0x70, 0x98, 0x40, 0xff, 0x70, 0x9c, 0x40, 0xff,
    0x68, 0x98, 0x38, 0xff, 0x70, 0x98, 0x40, 0xff, 0x70, 0x9c, 0x40, 0xff,
    0x68, 0x98, 0x38, 0xff, 0x70, 0x98, 0x40, 0xff, 0x70, 0x98, 0x40, 0xff,
    0x68, 0x98, 0x38, 0xff, 0x70, 0x98, 0x40, 0xff, 0x70, 0x98, 0x40, 0xff,
    0x70, 0x98, 0x40, 0xff, 0x68, 0x9c, 0x38, 0xff, 0x70, 0x98, 0x40, 0xff,
    0x70, 0x98, 0x40, 0xff, 0x70, 0x9c, 0x40, 0xff, 0x70, 0x98, 0x40, 0xff,
    0x70, 0x98, 0x40, 0xff, 0x70, 0x98, 0x40, 0xff, 0x68, 0x98, 0x38, 0xff,
    0x70, 0x9c, 0x40, 0xff, 0x68, 0x98, 0x40, 0xff, 0x70, 0x98, 0x40, 0xff,
    0x70, 0x9c, 0x40, 0xff, 0x68, 0x98, 0x38, 0xff, 0x70, 0x98, 0x40, 0xff,
    0x70, 0x98, 0x40, 0xff, 0x70, 0x9c, 0x38, 0xff, 0x68, 0x98, 0x40, 0xff,
    0x68, 0x98, 0x40, 0xff, 0x70, 0x98, 0x38, 0xff, 0x70, 0x98, 0x40, 0xff,
    0x70, 0x9c, 0x40, 0xff, 0x68, 0x98, 0x38, 0xff, 0x70, 0x98, 0x40, 0xff,
    0x70, 0x9c, 0x38, 0xff, 0x70, 0x98, 0x40, 0xff, 0x70, 0x98, 0x40, 0xff,
    0x70, 0x98, 0x38, 0xff, 0x70, 0x9c, 0x40, 0xff, 0x70, 0x98, 0x40, 0xff,
    0x70, 0x98, 0x40, 0xff, 0x70, 0x98, 0x40, 0xef, 0x70, 0x9c, 0x40, 0xff,
    0x68, 0x98, 0x40, 0xff, 0x70, 0x98, 0x38, 0xff, 0x70, 0x98, 0x40, 0xff,
    0x68, 0x98, 0x40, 0xff, 0x70, 0x9c, 0x40, 0xff, 0x70, 0x98, 0x38, 0xff,
    0x70, 0x98, 0x40, 0xff, 0x70, 0x98, 0x40, 0xff, 0x70, 0x98, 0x38, 0xff,
    0x68, 0x98, 0x40, 0xff, 0x70, 0x9c, 0x40, 0xff, 0x70, 0x98, 0x40, 0xff,
    0x70, 0x98, 0x38, 0xff, 0x70, 0x9c, 0x40, 0xff, 0x68, 0x98, 0x40, 0xff,
    0x70, 0x98, 0x38, 0xff, 0x70, 0x98, 0x40, 0xff, 0x70, 0x9c, 0x40, 0xff,
    0x68, 0x98, 0x40, 0xff, 0x70, 0x9c, 0x38, 0xff, 0x68, 0x98, 0x40, 0xff,
    0x68, 0x9c, 0x40, 0xff, 0x70, 0x98, 0x40, 0xff, 0x68, 0x98, 0x38, 0xff,
    0x70, 0x9c, 0x40, 0xff, 0x70, 0x98, 0x40, 0xff, 0x70, 0x98, 0x40, 0xff,
    0x70, 0x9c, 0x40, 0xff, 0x70, 0x98, 0x40, 0xff, 0x70, 0x98, 0x40, 0xff,
    0x70, 0x9c, 0x40, 0xff, 0x70, 0x98, 0x40, 0xff, 0x70, 0x9c, 0x38, 0xff,
    0x70, 0x98, 0x40, 0xff, 0x68, 0x98, 0x40, 0xff, 0x70, 0x98, 0x38, 0xff,
    0x68, 0x9c, 0x38, 0xff, 0x68, 0x98, 0x40, 0xff, 0x70, 0x98, 0x40, 0xff,
    0x70, 0x98, 0x40, 0xff, 0x70, 0x98, 0x40, 0xff, 0x70, 0x98, 0x40, 0xff,
    0x70, 0x98, 0x40, 0xff, 0x70, 0x9c, 0x40, 0xff, 0x70, 0x98, 0x38, 0xff,
    0x70, 0x98, 0x40, 0xff, 0x68, 0x98, 0x40, 0xff, 0x70, 0x98, 0x38, 0xff,
    0x70, 0x98, 0x40, 0xff, 0x70, 0x9c, 0x40, 0xff, 0x70, 0x98, 0x40, 0xff,
    0x70, 0x98, 0x40, 0xff, 0x70, 0x9c, 0x40, 0xff, 0x70, 0x98, 0x40, 0xff,
    0x68, 0x9c, 0x38, 0xff, 0x70, 0x9c, 0x40, 0xff, 0x70, 0x98, 0x40, 0xff,
    0x68, 0x98, 0x38, 0xff, 0x70, 0x98, 0x40, 0xff, 0x70, 0x98, 0x40, 0xff,
    0x68, 0x98, 0x38, 0xff, 0x70, 0x9c, 0x40, 0xff, 0x68, 0x98, 0x38, 0xff,
    0x70, 0x98, 0x40, 0xff, 0x70, 0x98, 0x40, 0xff, 0x70, 0x98, 0x40, 0xff,
    0x70, 0x98, 0x40, 0xff, 0x68, 0x9c, 0x38, 0xff, 0x70, 0x9c, 0x40, 0xff,
    0x70, 0x98, 0x40, 0xff, 0x70, 0x98, 0x40, 0xff, 0x68, 0x9c, 0x38, 0xff,
    0x70, 0x98, 0x40, 0xff, 0x70, 0x98, 0x40, 0xff, 0x70, 0x98, 0x40, 0xff,
    0x70, 0x9c, 0x40, 0xff, 0x70, 0x98, 0x40, 0xff, 0x70, 0x9c, 0x40, 0xff,
    0x68, 0x9c, 0x38, 0xff, 0x70, 0x98, 0x40, 0xff, 0x70, 0x98, 0x40, 0xff,
    0x70, 0x9c, 0x40, 0xff, 0x70, 0x98, 0x40, 0xff, 0x70, 0x98, 0x40, 0xff,
    0x68, 0x98, 0x38, 0xff, 0x70, 0x9c, 0x40, 0xff, 0x68, 0x98, 0x38, 0xff,
    0x70, 0x98, 0x40, 0xff, 0x70, 0x98, 0x40, 0xff, 0x70, 0x98, 0x40, 0xff,
    0x70, 0x98, 0x40, 0xff, 0x68, 0x9c, 0x38, 0xff, 0x70, 0x9c, 0x40, 0xff,
    0x70, 0x98, 0x40, 0xff, 0x70, 0x98, 0x40, 0xff, 0x68, 0x9c, 0x38, 0xff,
    0x70, 0x98, 0x40, 0xff, 0x70, 0x98, 0x40, 0xff, 0x70, 0x98, 0x40, 0xff,
    0x70, 0x9c, 0x40, 0xff, 0x70, 0x98, 0x40, 0xff, 0x70, 0x9c, 0x40, 0xff,
    0x68, 0x9c, 0x38, 0xff, 0x70, 0x98, 0x40, 0xff, 0x70, 0x98, 0x40, 0xff,
    0x70, 0x9c, 0x40, 0xff, 0x70, 0x98, 0x40, 0xff, 0x70, 0x98, 0x40, 0xff,
    0x68, 0x98, 0x38, 0xff, 0x70, 0x9c, 0x40, 0xff, 0x68, 0x98, 0x38, 0xff,
    0x70, 0x98, 0x40, 0xff, 0x70, 0x98, 0x40, 0xff, 0x70, 0x98, 0x40, 0xff,
    0x70, 0x98, 0x40, 0xff, 0x68, 0x9c, 0x38, 0xff, 0x70, 0x9c, 0x40, 0xff,
    0x70, 0x98, 0x40, 0xff, 0x70, 0x98, 0x40, 0xff, 0x68, 0x9c, 0x38, 0xff,
    0x70, 0x98, 0x40, 0xff, 0x70, 0x98, 0x40, 0xff, 0x70, 0x98, 0x40, 0xff,
    0x70, 0x9c, 0x40, 0xff, 0x70, 0x98, 0x40, 0xff, 0x70, 0x9c, 0x40, 0xff,
    0x68, 0x9c, 0x38, 0xff, 0x70, 0x98, 0x40, 0xff, 0x70, 0x98, 0x40, 0xff,
    0x70, 0x9c, 0x40, 0xff, 0x70, 0x98, 0x40, 0xff, 0x70, 0x98, 0x40, 0xff,
    0x68, 0x98, 0x38, 0xff, 0x70, 0x9c, 0x40, 0xff, 0x68, 0x98, 0x38, 0xff,
    0x70, 0x98, 0x40, 0xff, 0x70, 0x98, 0x40, 0xff, 0x70, 0x98, 0x40, 0xff,
    0x70, 0x98, 0x40, 0xff, 0x68, 0x9c, 0x38, 0xff, 0x70, 0x9c, 0x40, 0xff,
    0x70, 0x98, 0x40, 0xff, 0x70, 0x98, 0x40, 0xff, 0x68, 0x9c, 0x38, 0xff,
    0x70, 0x98, 0x40, 0xff, 0x70, 0x98, 0x40, 0xff, 0x70, 0x98, 0x40, 0xff,
    0x70, 0x9c, 0x40, 0xff, 0x70, 0x98, 0x40, 0xff, 0x70, 0x9c, 0x40, 0xff,
    0x68, 0x9c, 0x38, 0xff, 0x70, 0x98, 0x40, 0xff, 0x70, 0x98, 0x40, 0xff,
    0x70, 0x9c, 0x40, 0xff, 0x70, 0x98, 0x40, 0xff, 0x70, 0x98, 0x40, 0xff,
    0x68, 0x98, 0x38, 0xff, 0x70, 0x9c, 0x40, 0xff, 0x68, 0x98, 0x38, 0xff,
    0x70, 0x98, 0x40, 0xff, 0x70, 0x98, 0x40, 0xff, 0x70, 0x98, 0x40, 0xff,
    0x70, 0x98, 0x40, 0xff, 0x68, 0x9c, 0x38, 0xff, 0x70, 0x9c, 0x40, 0xff,
    0x70, 0x98, 0x40, 0xff, 0x70, 0x98, 0x40, 0xff, 0x68, 0x9c, 0x38, 0xff,
    0x70, 0x98, 0x40, 0xff, 0x70, 0x98, 0x40, 0xff, 0x70, 0x98, 0x40, 0xff,
    0x70, 0x9c, 0x40, 0xff, 0x70, 0x98, 0x40, 0xff, 0x70, 0x9c, 0x40, 0xff,
    0x68, 0x9c, 0x38, 0xff, 0x70, 0x98, 0x40, 0xff, 0x70, 0x98, 0x40, 0xff,
    0x70, 0x9c, 0x40, 0xff, 0x70, 0x98, 0x40, 0xff, 0x70, 0x98, 0x40, 0xff,
    0x68, 0x98, 0x38, 0xff, 0x70, 0x9c, 0x40, 0xff, 0x68, 0x98, 0x38, 0xff,
    0x70, 0x98, 0x40, 0xff, 0x70, 0x98, 0x40, 0xff, 0x70, 0x98, 0x40, 0xff,
    0x70, 0x98, 0x40, 0xff, 0x68, 0x9c, 0x38, 0xff, 0x70, 0x9c, 0x40, 0xff,
    0x70, 0x98, 0x40, 0xff, 0x70, 0x98, 0x40, 0xff, 0x68, 0x9c, 0x38, 0xff,
    0x70, 0x98, 0x40, 0xff, 0x70, 0x98, 0x40, 0xff, 0x70, 0x98, 0x40, 0xff,
    0x70, 0x9c, 0x40, 0xff, 0x70, 0x98, 0x40, 0xff, 0x70, 0x9c, 0x40, 0xff,
    0x68, 0x9c, 0x38, 0xff, 0x70, 0x98, 0x40, 0xff, 0x70, 0x98, 0x40, 0xff,
    0x70, 0x9c, 0x40, 0xff, 0x70, 0x98, 0x40, 0xff, 0x70, 0x98, 0x40, 0xff,
    0x68, 0x98, 0x38, 0xff, 0x70, 0x98, 0x40, 0xff, 0x68, 0x9c, 0x38, 0xff,
    0x70, 0x98, 0x40, 0xff, 0x70, 0x9c, 0x40, 0xff, 0x70, 0x98, 0x40, 0xff,
    0x70, 0x98, 0x38, 0xff, 0x68, 0x98, 0x40, 0xff, 0x70, 0x9c, 0x40, 0xff,
    0x70, 0x98, 0x38, 0xff, 0x68, 0x98, 0x40, 0xff, 0x70, 0x98, 0x40, 0xff,
    0x70, 0x98, 0x40, 0xff, 0x70, 0x9c, 0x40, 0xff, 0x70, 0x98, 0x38, 0xff,
    0x70, 0x98, 0x40, 0xff, 0x70, 0x9c, 0x40, 0xff, 0x68, 0x98, 0x40, 0xff,
    0x70, 0x98, 0x40, 0xff, 0x70, 0x98, 0x40, 0xff, 0x70, 0x9c, 0x40, 0xff,
    0x70, 0x98, 0x40, 0xff, 0x68, 0x98, 0x38, 0xff, 0x70, 0x9c, 0x40, 0xff,
    0x70, 0x98, 0x40, 0xff, 0x68, 0x98, 0x40, 0xff, 0x70, 0x98, 0x38, 0xff,
    0x70, 0x98, 0x40, 0xff, 0x68, 0x98, 0x40, 0xef, 0x70, 0x9c, 0x40, 0xcf,
    0x70, 0x98, 0x40, 0xff, 0x68, 0x98, 0x38, 0xff, 0x70, 0x9c, 0x40, 0xff,
    0x70, 0x98, 0x40, 0xff, 0x70, 0x98, 0x40, 0xff, 0x70, 0x98, 0x38, 0xff,
    0x68, 0x9c, 0x40, 0xff, 0x70, 0x98, 0x40, 0xff, 0x70, 0x98, 0x38, 0xff,
    0x68, 0x9c, 0x40, 0xff, 0x70, 0x98, 0x40, 0xff, 0x70, 0x98, 0x40, 0xff,
    0x70, 0x98, 0x38, 0xff, 0x68, 0x98, 0x40, 0xff, 0x70, 0x98, 0x40, 0xff,
    0x70, 0x9c, 0x38, 0xff, 0x68, 0x98, 0x40, 0xff, 0x70, 0x98, 0x40, 0xff,
    0x70, 0x98, 0x40, 0xff, 0x70, 0x98, 0x38, 0xff, 0x70, 0x98, 0x40, 0xff,
    0x70, 0x9c, 0x40, 0xff, 0x70, 0x98, 0x40, 0xff, 0x70, 0x98, 0x38, 0xff,
    0x70, 0x98, 0x40, 0xff, 0x68, 0x98, 0x40, 0xff, 0x70, 0x98, 0x38, 0xff,
    0x70, 0x98, 0x40, 0xff, 0x68, 0x98, 0x38, 0xff, 0x70, 0x9c, 0x40, 0xff,
    0x70, 0x98, 0x40, 0xff, 0x68, 0x98, 0x40, 0xff, 0x70, 0x9c, 0x40, 0xff,
    0x70, 0x98, 0x40, 0xff, 0x70, 0x98, 0x40, 0xff, 0x70, 0x9c, 0x40, 0xff,
    0x70, 0x98, 0x40, 0xff, 0x70, 0x98, 0x40, 0xff, 0x70, 0x9c, 0x38, 0xff,
    0x68, 0x98, 0x40, 0xff, 0x70, 0x9c, 0x38, 0xff, 0x68, 0x98, 0x40, 0xff,
    0x70, 0x98, 0x38, 0xff, 0x68, 0x9c, 0x40, 0xff, 0x70, 0x98, 0x40, 0xff,
    0x70, 0x98, 0x40, 0xff, 0x70, 0x9c, 0x40, 0xff, 0x70, 0x9c, 0x40, 0xff,
    0x68, 0x98, 0x40, 0xff, 0x70, 0x98, 0x40, 0xff, 0x70, 0x98, 0x38, 0xff,
    0x68, 0x98, 0x40, 0xff, 0x70, 0x98, 0x38, 0xff, 0x70, 0x98, 0x40, 0xff,
    0x68, 0x98, 0x40, 0xff, 0x70, 0x98, 0x40, 0xff, 0x70, 0x98, 0x40, 0xff,
    0x70, 0x9c, 0x38, 0xff, 0x68, 0x98, 0x40, 0xff, 0x70, 0x9c, 0x40, 0xff,
    0x70, 0x98, 0x40, 0xff, 0x70, 0x98, 0x40, 0xff, 0x70, 0x9c, 0x40, 0xff,
    0x68, 0x98, 0x38, 0xff, 0x70, 0x98, 0x40, 0xff, 0x68, 0x9c, 0x38, 0xff,
    0x70, 0x98, 0x40, 0xff, 0x70, 0x98, 0x40, 0xff, 0x70, 0x98, 0x40, 0xff,
    0x70, 0x98, 0x40, 0xff, 0x70, 0x98, 0x40, 0xff, 0x70, 0x9c, 0x40, 0xff,
    0x70, 0x98, 0x40, 0xff, 0x70, 0x98, 0x40, 0xff, 0x68, 0x98, 0x38, 0xff,
    0x70, 0x9c, 0x40, 0xff, 0x68, 0x98, 0x38, 0xff, 0x70, 0x98, 0x40, 0xff,
    0x70, 0x98, 0x40, 0xff, 0x70, 0x98, 0x40, 0xff, 0x70, 0x98, 0x40, 0xff,
    0x68, 0x9c, 0x38, 0xff, 0x68, 0x98, 0x38, 0xff, 0x70, 0x98, 0x40, 0xff,
    0x70, 0x98, 0x40, 0xff, 0x70, 0x9c, 0x40, 0xff, 0x70, 0x98, 0x40, 0xff,
    0x68, 0x98, 0x38, 0xff, 0x70, 0x9c, 0x40, 0xff, 0x68, 0x98, 0x38, 0xff,
    0x70, 0x98, 0x40, 0xff, 0x70, 0x98, 0x40, 0xff, 0x70, 0x98, 0x40, 0xff,
    0x70, 0x98, 0x40, 0xff, 0x70, 0x98, 0x40, 0xff, 0x70, 0x9c, 0x40, 0xff,
    0x70, 0x98, 0x40, 0xff, 0x70, 0x98, 0x40, 0xff, 0x68, 0x98, 0x38, 0xff,
    0x70, 0x9c, 0x40, 0xff, 0x68, 0x98, 0x38, 0xff, 0x70, 0x98, 0x40, 0xff,
    0x70, 0x98, 0x40, 0xff, 0x70, 0x98, 0x40, 0xff, 0x70, 0x98, 0x40, 0xff,
    0x68, 0x9c, 0x38, 0xff, 0x68, 0x98, 0x38, 0xff, 0x70, 0x98, 0x40, 0xff,
    0x70, 0x98, 0x40, 0xff, 0x70, 0x9c, 0x40, 0xff, 0x70, 0x98, 0x40, 0xff,
    0x68, 0x98, 0x38, 0xff, 0x70, 0x9c, 0x40, 0xff, 0x68, 0x98, 0x38, 0xff,
    0x70, 0x98, 0x40, 0xff, 0x70, 0x98, 0x40, 0xff, 0x70, 0x98, 0x40, 0xff,
    0x70, 0x98, 0x40, 0xff, 0x70, 0x98, 0x40, 0xff, 0x70, 0x9c, 0x40, 0xff,
    0x70, 0x98, 0x40, 0xff, 0x70, 0x98, 0x40, 0xff, 0x68, 0x98, 0x38, 0xff,
    0x70, 0x9c, 0x40, 0xff, 0x68, 0x98, 0x38, 0xff, 0x70, 0x98, 0x40, 0xff,
    0x70, 0x98, 0x40, 0xff, 0x70, 0x98, 0x40, 0xff, 0x70, 0x98, 0x40, 0xff,
    0x68, 0x9c, 0x38, 0xff, 0x68, 0x98, 0x38, 0xff, 0x70, 0x98, 0x40, 0xff,
    0x70, 0x98, 0x40, 0xff, 0x70, 0x9c, 0x40, 0xff, 0x70, 0x98, 0x40, 0xff,
    0x68, 0x98, 0x38, 0xff, 0x70, 0x9c, 0x40, 0xff, 0x68, 0x98, 0x38, 0xff,
    0x70, 0x98, 0x40, 0xff, 0x70, 0x98, 0x40, 0xff, 0x70, 0x98, 0x40, 0xff,
    0x70, 0x98, 0x40, 0xff, 0x70, 0x98, 0x40, 0xff, 0x70, 0x9c, 0x40, 0xff,
    0x70, 0x98, 0x40, 0xff, 0x70, 0x98, 0x40, 0xff, 0x68, 0x98, 0x38, 0xff,
    0x70, 0x9c, 0x40, 0xff, 0x68, 0x98, 0x38, 0xff, 0x70, 0x98, 0x40, 0xff,
    0x70, 0x98, 0x40, 0xff, 0x70, 0x98, 0x40, 0xff, 0x70, 0x98, 0x40, 0xff,
    0x68, 0x9c, 0x38, 0xff, 0x68, 0x98, 0x38, 0xff, 0x70, 0x98, 0x40, 0xff,
    0x70, 0x98, 0x40, 0xff, 0x70, 0x9c, 0x40, 0xff, 0x70, 0x98, 0x40, 0xff,
    0x68, 0x98, 0x38, 0xff, 0x70, 0x9c, 0x40, 0xff, 0x68, 0x98, 0x38, 0xff,
    0x70, 0x98, 0x40, 0xff, 0x70, 0x98, 0x40, 0xff, 0x70, 0x98, 0x40, 0xff,
    0x70, 0x98, 0x40, 0xff, 0x70, 0x98, 0x40, 0xff, 0x70, 0x9c, 0x40, 0xff,
    0x70, 0x98, 0x40, 0xff, 0x70, 0x98, 0x40, 0xff, 0x68, 0x98, 0x38, 0xff,
    0x70, 0x9c, 0x40, 0xff, 0x68, 0x98, 0x38, 0xff, 0x70, 0x98, 0x40, 0xff,
    0x70, 0x98, 0x40, 0xff, 0x70, 0x98, 0x40, 0xff, 0x70, 0x98, 0x40, 0xff,
    0x68, 0x9c, 0x38, 0xff, 0x68, 0x98, 0x38, 0xff, 0x70, 0x98, 0x40, 0xff,
    0x70, 0x98, 0x40, 0xff, 0x70, 0x9c, 0x40, 0xff, 0x70, 0x98, 0x40, 0xff,
    0x68, 0x98, 0x38, 0xff, 0x70, 0x9c, 0x40, 0xff, 0x68, 0x98, 0x38, 0xff,
    0x70, 0x98, 0x40, 0xff, 0x70, 0x98, 0x40, 0xff, 0x70, 0x98, 0x40, 0xff,
    0x70, 0x98, 0x40, 0xff, 0x70, 0x98, 0x40, 0xff, 0x70, 0x9c, 0x40, 0xff,
    0x70, 0x98, 0x40, 0xff, 0x70, 0x98, 0x40, 0xff, 0x68, 0x98, 0x38, 0xff,
    0x70, 0x9c, 0x40, 0xff, 0x68, 0x98, 0x38, 0xff, 0x70, 0x98, 0x40, 0xff,
    0x70, 0x98, 0x40, 0xff, 0x70, 0x98, 0x40, 0xff, 0x70, 0x98, 0x40, 0xff,
    0x68, 0x9c, 0x38, 0xff, 0x68, 0x98, 0x38, 0xff, 0x70, 0x98, 0x40, 0xff,
    0x70, 0x98, 0x40, 0xff, 0x70, 0x9c, 0x40, 0xff, 0x70, 0x98, 0x40, 0xff,
    0x68, 0x98, 0x38, 0xff, 0x70, 0x98, 0x40, 0xff, 0x68, 0x98, 0x40, 0xff,
    0x70, 0x9c, 0x38, 0xff, 0x70, 0x98, 0x40, 0xff, 0x70, 0x98, 0x40, 0xff,
    0x70, 0x98, 0x40, 0xff, 0x70, 0x9c, 0x38, 0xff, 0x70, 0x98, 0x40, 0xff,
    0x70, 0x98, 0x40, 0xff, 0x68, 0x9c, 0x38, 0xff, 0x68, 0x98, 0x40, 0xff,
    0x70, 0x98, 0x40, 0xff, 0x70, 0x98, 0x40, 0xff, 0x70, 0x9c, 0x38, 0xff,
    0x70, 0x98, 0x40, 0xff, 0x68, 0x98, 0x38, 0xff, 0x70, 0x9c, 0x40, 0xff,
    0x70, 0x98, 0x40, 0xff, 0x68, 0x98, 0x40, 0xff, 0x70, 0x98, 0x40, 0xff,
    0x70, 0x9c, 0x38, 0xff, 0x68, 0x98, 0x40, 0xff, 0x70, 0x98, 0x40, 0xff,
    0x70, 0x9c, 0x40, 0xff, 0x68, 0x98, 0x38, 0xff, 0x70, 0x98, 0x40, 0xbe,
    0x70, 0x98, 0x40, 0x8e, 0x70, 0x98, 0x40, 0xff, 0x70, 0x98, 0x40, 0xff,
    0x68, 0x9c, 0x38, 0xff, 0x70, 0x98, 0x40, 0xff, 0x70, 0x98, 0x40, 0xff,
    0x68, 0x9c, 0x40, 0xff, 0x70, 0x98, 0x40, 0xff, 0x70, 0x98, 0x40, 0xff,
    0x68, 0x9c, 0x40, 0xff, 0x70, 0x98, 0x38, 0xff, 0x70, 0x98, 0x40, 0xff,
    0x70, 0x9c, 0x40, 0xff, 0x68, 0x98, 0x40, 0xff, 0x70, 0x98, 0x40, 0xff,
    0x70, 0x98, 0x40, 0xff, 0x70, 0x98, 0x40, 0xff, 0x70, 0x9c, 0x38, 0xff,
    0x68, 0x98, 0x40, 0xff, 0x70, 0x98, 0x40, 0xff, 0x70, 0x9c, 0x40, 0xff,
    0x68, 0x98, 0x40, 0xff, 0x70, 0x98, 0x38, 0xff, 0x70, 0x98, 0x40, 0xff,
    0x70, 0x9c, 0x40, 0xff, 0x70, 0x98, 0x40, 0xff, 0x68, 0x9c, 0x40, 0xff,
    0x70, 0x9c, 0x40, 0xff, 0x70, 0x98, 0x38, 0xff, 0x68, 0x98, 0x40, 0xff,
    0x70, 0x98, 0x40, 0xff, 0x70, 0x98, 0x38, 0xff, 0x68, 0x98, 0x38, 0xff,
    0x70, 0x98, 0x40, 0xff, 0x68, 0x98, 0x38, 0xff, 0x68, 0x98, 0x38, 0xff,
    0x70, 0x98, 0x40, 0xff, 0x70, 0x98, 0x40, 0xff, 0x70, 0x98, 0x40, 0xff,
    0x70, 0x98, 0x40, 0xff, 0x70, 0x98, 0x40, 0xff, 0x70, 0x9c, 0x40, 0xff,
    0x70, 0x98, 0x38, 0xff, 0x68, 0x98, 0x40, 0xff, 0x70, 0x98, 0x40, 0xff,
    0x68, 0x98, 0x38, 0xff, 0x70, 0x98, 0x40, 0xff, 0x68, 0x98, 0x38, 0xff,
    0x70, 0x98, 0x38, 0xff, 0x70, 0x9c, 0x40, 0xff, 0x68, 0x98, 0x40, 0xff,
    0x70, 0x98, 0x40, 0xff, 0x70, 0x9c, 0x40, 0xff, 0x68, 0x98, 0x38, 0xff,
    0x70, 0x98, 0x40, 0xff, 0x70, 0x9c, 0x40, 0xff, 0x70, 0x98, 0x38, 0xff,
    0x70, 0x98, 0x40, 0xff, 0x68, 0x98, 0x40, 0xff, 0x70, 0x98, 0x40, 0xff,
    0x70, 0x9c, 0x38, 0xff, 0x70, 0x98, 0x40, 0xff, 0x70, 0x98, 0x40, 0xff,
    0x70, 0x98, 0x40, 0xff, 0x70, 0x98, 0x40, 0xff, 0x70, 0x9c, 0x40, 0xff,
    0x70, 0x98, 0x40, 0xff, 0x68, 0x98, 0x38, 0xff, 0x70, 0x9c, 0x40, 0xff,
    0x70, 0x98, 0x40, 0xff, 0x68, 0x98, 0x38, 0xff, 0x68, 0x98, 0x38, 0xff,
    0x70, 0x98, 0x40, 0xff, 0x70, 0x98, 0x40, 0xff, 0x68, 0x9c, 0x38, 0xff,
    0x70, 0x98, 0x40, 0xff, 0x70, 0x98, 0x40, 0xff, 0x70, 0x98, 0x40, 0xff,
    0x68, 0x98, 0x38, 0xff, 0x70, 0x98, 0x40, 0xff, 0x70, 0x98, 0x40, 0xff,
    0x70, 0x9c, 0x40, 0xff, 0x70, 0x98, 0x40, 0xff, 0x70, 0x98, 0x40, 0xff,
    0x68, 0x98, 0x38, 0xff, 0x70, 0x9c, 0x40, 0xff, 0x70, 0x98, 0x40, 0xff,
    0x70, 0x98, 0x40, 0xff, 0x70, 0x98, 0x40, 0xff, 0x70, 0x9c, 0x40, 0xff,
    0x70, 0x98, 0x40, 0xff, 0x68, 0x9c, 0x38, 0xff, 0x70, 0x98, 0x40, 0xff,
    0x70, 0x98, 0x40, 0xff, 0x68, 0x98, 0x38, 0xff, 0x68, 0x9c, 0x38, 0xff,
    0x70, 0x98, 0x40, 0xff, 0x70, 0x98, 0x40, 0xff, 0x68, 0x98, 0x38, 0xff,
    0x70, 0x9c, 0x40, 0xff, 0x70, 0x98, 0x40, 0xff, 0x70, 0x98, 0x40, 0xff,
    0x68, 0x98, 0x38, 0xff, 0x70, 0x98, 0x40, 0xff, 0x70, 0x98, 0x40, 0xff,
    0x70, 0x9c, 0x40, 0xff, 0x70, 0x98, 0x40, 0xff, 0x70, 0x98, 0x40, 0xff,
    0x68, 0x98, 0x38, 0xff, 0x70, 0x9c, 0x40, 0xff, 0x70, 0x98, 0x40, 0xff,
    0x70, 0x98, 0x40, 0xff, 0x70, 0x98, 0x40, 0xff, 0x70, 0x9c, 0x40, 0xff,
    0x70, 0x98, 0x40, 0xff, 0x68, 0x9c, 0x38, 0xff, 0x70, 0x98, 0x40, 0xff,
    0x70, 0x98, 0x40, 0xff, 0x68, 0x98, 0x38, 0xff, 0x68, 0x9c, 0x38, 0xff,
    0x70, 0x98, 0x40, 0xff, 0x70, 0x98, 0x40, 0xff, 0x68, 0x98, 0x38, 0xff,
    0x70, 0x9c, 0x40, 0xff, 0x70, 0x98, 0x40, 0xff, 0x70, 0x98, 0x40, 0xff,
    0x68, 0x98, 0x38, 0xff, 0x70, 0x98, 0x40, 0xff, 0x70, 0x98, 0x40, 0xff,
    0x70, 0x9c, 0x40, 0xff, 0x70, 0x98, 0x40, 0xff, 0x70, 0x98, 0x40, 0xff,
    0x68, 0x98, 0x38, 0xff, 0x70, 0x9c, 0x40, 0xff, 0x70, 0x98, 0x40, 0xff,
    0x70, 0x98, 0x40, 0xff, 0x70, 0x98, 0x40, 0xff, 0x70, 0x9c, 0x40, 0xff,
    0x70, 0x98, 0x40, 0xff, 0x68, 0x9c, 0x38, 0xff, 0x70, 0x98, 0x40, 0xff,
    0x70, 0x98, 0x40, 0xff, 0x68, 0x98, 0x38, 0xff, 0x68, 0x9c, 0x38, 0xff,
    0x70, 0x98, 0x40, 0xff, 0x70, 0x98, 0x40, 0xff, 0x68, 0x98, 0x38, 0xff,
    0x70, 0x9c, 0x40, 0xff, 0x70, 0x98, 0x40, 0xff, 0x70, 0x98, 0x40, 0xff,
    0x68, 0x98, 0x38, 0xff, 0x70, 0x98, 0x40, 0xff, 0x70, 0x98, 0x40, 0xff,
    0x70, 0x9c, 0x40, 0xff, 0x70, 0x98, 0x40, 0xff, 0x70, 0x98, 0x40, 0xff,
    0x68, 0x98, 0x38, 0xff, 0x70, 0x9c, 0x40, 0xff, 0x70, 0x98, 0x40, 0xff,
    0x70, 0x98, 0x40, 0xff, 0x70, 0x98, 0x40, 0xff, 0x70, 0x9c, 0x40, 0xff,
    0x70, 0x98, 0x40, 0xff, 0x68, 0x9c, 0x38, 0xff, 0x70, 0x98, 0x40, 0xff,
    0x70, 0x98, 0x40, 0xff, 0x68, 0x98, 0x38, 0xff, 0x68, 0x9c, 0x38, 0xff,
    0x70, 0x98, 0x40, 0xff, 0x70, 0x98, 0x40, 0xff, 0x68, 0x98, 0x38, 0xff,
    0x70, 0x9c, 0x40, 0xff, 0x70, 0x98, 0x40, 0xff, 0x70, 0x98, 0x40, 0xff,
    0x68, 0x98, 0x38, 0xff, 0x70, 0x98, 0x40, 0xff, 0x70, 0x98, 0x40, 0xff,
    0x70, 0x9c, 0x40, 0xff, 0x70, 0x98, 0x40, 0xff, 0x70, 0x98, 0x40, 0xff,
    0x68, 0x98, 0x38, 0xff, 0x70, 0x9c, 0x40, 0xff, 0x70, 0x98, 0x40, 0xff,
    0x70, 0x98, 0x40, 0xff, 0x70, 0x98, 0x40, 0xff, 0x70, 0x9c, 0x40, 0xff,
    0x70, 0x98, 0x40, 0xff, 0x68, 0x9c, 0x38, 0xff, 0x70, 0x98, 0x40, 0xff,
    0x70, 0x98, 0x40, 0xff, 0x68, 0x98, 0x38, 0xff, 0x68, 0x9c, 0x38, 0xff,
    0x70, 0x98, 0x40, 0xff, 0x70, 0x98, 0x40, 0xff, 0x68, 0x98, 0x38, 0xff,
    0x70, 0x9c, 0x40, 0xff, 0x70, 0x98, 0x40, 0xff, 0x70, 0x98, 0x40, 0xff,
    0x68, 0x98, 0x38, 0xff, 0x70, 0x98, 0x40, 0xff, 0x70, 0x98, 0x40, 0xff,
    0x70, 0x9c, 0x40, 0xff, 0x70, 0x98, 0x40, 0xff, 0x70, 0x98, 0x40, 0xff,
    0x68, 0x98, 0x38, 0xff, 0x70, 0x9c, 0x40, 0xff, 0x70, 0x98, 0x40, 0xff,
    0x70, 0x98, 0x40, 0xff, 0x70, 0x9c, 0x40, 0xff, 0x70, 0x98, 0x38, 0xff,
    0x70, 0x98, 0x40, 0xff, 0x68, 0x9c, 0x40, 0xff, 0x70, 0x98, 0x40, 0xff,
    0x68, 0x98, 0x40, 0xff, 0x70, 0x98, 0x38, 0xff, 0x68, 0x98, 0x40, 0xff,
    0x70, 0x9c, 0x40, 0xff, 0x70, 0x98, 0x40, 0xff, 0x70, 0x98, 0x38, 0xff,
    0x70, 0x98, 0x40, 0xff, 0x68, 0x98, 0x40, 0xff, 0x70, 0x98, 0x40, 0xff,
    0x70, 0x98, 0x40, 0xff, 0x68, 0x98, 0x40, 0xff, 0x70, 0x9c, 0x38, 0xff,
    0x70, 0x98, 0x40, 0xff, 0x70, 0x98, 0x38, 0xff, 0x68, 0x98, 0x40, 0xff,
    0x70, 0x9c, 0x40, 0xff, 0x70, 0x98, 0x40, 0xff, 0x70, 0x98, 0x38, 0xff,
    0x70, 0x98, 0x40, 0xff, 0x70, 0x9c, 0x40, 0xff, 0x70, 0x98, 0x40, 0xff,
    0x70, 0x98, 0x40, 0x8e, 0x68, 0x98, 0x38, 0x41, 0x70, 0x98, 0x40, 0xff,
    0x70, 0x98, 0x40, 0xff, 0x70, 0x98, 0x40, 0xff, 0x68, 0x98, 0x38, 0xff,
    0x70, 0x9c, 0x40, 0xff, 0x70, 0x98, 0x38, 0xff, 0x70, 0x98, 0x40, 0xff,
    0x70, 0x98, 0x40, 0xff, 0x70, 0x98, 0x38, 0xff, 0x70, 0x98, 0x40, 0xff,
    0x70, 0x98, 0x40, 0xff, 0x68, 0x9c, 0x38, 0xff, 0x70, 0x98, 0x40, 0xff,
    0x70, 0x9c, 0x38, 0xff, 0x68, 0x98, 0x40, 0xff, 0x70, 0x98, 0x40, 0xff,
    0x70, 0x9c, 0x40, 0xff, 0x70, 0x98, 0x38, 0xff, 0x68, 0x98, 0x40, 0xff,
    0x70, 0x9c, 0x40, 0xff, 0x70, 0x98, 0x38, 0xff, 0x68, 0x98, 0x40, 0xff,
    0x70, 0x98, 0x40, 0xff, 0x68, 0x98, 0x38, 0xff, 0x70, 0x98, 0x40, 0xff,
    0x70, 0x98, 0x40, 0xff, 0x70, 0x98, 0x40, 0xff, 0x70, 0x9c, 0x40, 0xff,
    0x70, 0x98, 0x40, 0xff, 0x70, 0x98, 0x40, 0xff, 0x70, 0x9c, 0x40, 0xff,
    0x70, 0x98, 0x40, 0xff, 0x70, 0x9c, 0x40, 0xff, 0x70, 0x98, 0x40, 0xff,
    0x70, 0x9c, 0x40, 0xff, 0x68, 0x98, 0x38, 0xff, 0x70, 0x9c, 0x40, 0xff,
    0x68, 0x98, 0x38, 0xff, 0x68, 0x98, 0x40, 0xff, 0x70, 0x9c, 0x40, 0xff,
    0x70, 0x98, 0x40, 0xff, 0x70, 0x98, 0x40, 0xff, 0x70, 0x9c, 0x40, 0xff,
    0x70, 0x98, 0x40, 0xff, 0x70, 0x9c, 0x40, 0xff, 0x70, 0x98, 0x40, 0xff,
    0x70, 0x98, 0x40, 0xff, 0x70, 0x98, 0x40, 0xff, 0x70, 0x98, 0x38, 0xff,
    0x70, 0x9c, 0x40, 0xff, 0x70, 0x98, 0x40, 0xff, 0x70, 0x98, 0x40, 0xff,
    0x68, 0x9c, 0x40, 0xff, 0x70, 0x98, 0x40, 0xff, 0x70, 0x98, 0x38, 0xff,
    0x68, 0x9c, 0x40, 0xff, 0x70, 0x98, 0x40, 0xff, 0x70, 0x98, 0x40, 0xff,
    0x70, 0x98, 0x38, 0xff, 0x68, 0x98, 0x40, 0xff, 0x68, 0x9c, 0x40, 0xff,
    0x70, 0x98, 0x38, 0xff, 0x68, 0x98, 0x38, 0xff, 0x70, 0x9c, 0x40, 0xff,
    0x70, 0x98, 0x40, 0xff, 0x68, 0x98, 0x40, 0xff, 0x70, 0x98, 0x38, 0xff,
    0x70, 0x9c, 0x40, 0xff, 0x70, 0x98, 0x40, 0xff, 0x70, 0x9c, 0x40, 0xff,
    0x70, 0x9c, 0x40, 0xff, 0x68, 0x98, 0x38, 0xff, 0x70, 0x98, 0x40, 0xff,
    0x70, 0x98, 0x40, 0xff, 0x70, 0x9c, 0x40, 0xff, 0x70, 0x98, 0x40, 0xff,
    0x70, 0x98, 0x40, 0xff, 0x68, 0x9c, 0x38, 0xff, 0x70, 0x98, 0x40, 0xff,
    0x68, 0x98, 0x38, 0xff, 0x68, 0x9c, 0x38, 0xff, 0x70, 0x98, 0x40, 0xff,
    0x70, 0x98, 0x40, 0xff, 0x70, 0x9c, 0x40, 0xff, 0x68, 0x98, 0x38, 0xff,
    0x70, 0x98, 0x40, 0xff, 0x68, 0x98, 0x38, 0xff, 0x70, 0x9c, 0x40, 0xff,
    0x70, 0x98, 0x40, 0xff, 0x68, 0x98, 0x38, 0xff, 0x70, 0x98, 0x40, 0xff,
    0x70, 0x9c, 0x40, 0xff, 0x68, 0x98, 0x38, 0xff, 0x70, 0x9c, 0x40, 0xff,
    0x70, 0x98, 0x40, 0xff, 0x70, 0x98, 0x40, 0xff, 0x68, 0x98, 0x38, 0xff,
    0x70, 0x9c, 0x40, 0xff, 0x70, 0x98, 0x40, 0xff, 0x70, 0x98, 0x40, 0xff,
    0x70, 0x98, 0x40, 0xff, 0x68, 0x9c, 0x38, 0xff, 0x70, 0x98, 0x40, 0xff,
    0x68, 0x98, 0x38, 0xff, 0x68, 0x98, 0x38, 0xff, 0x70, 0x98, 0x40, 0xff,
    0x70, 0x9c, 0x40, 0xff, 0x70, 0x98, 0x40, 0xff, 0x68, 0x98, 0x38, 0xff,
    0x70, 0x98, 0x40, 0xff, 0x68, 0x98, 0x38, 0xff, 0x70, 0x9c, 0x40, 0xff,
    0x70, 0x98, 0x40, 0xff, 0x68, 0x98, 0x38, 0xff, 0x70, 0x98, 0x40, 0xff,
    0x70, 0x9c, 0x40, 0xff, 0x68, 0x98, 0x38, 0xff, 0x70, 0x9c, 0x40, 0xff,
    0x70, 0x98, 0x40, 0xff, 0x70, 0x98, 0x40, 0xff, 0x68, 0x98, 0x38, 0xff,
    0x70, 0x9c, 0x40, 0xff, 0x70, 0x98, 0x40, 0xff, 0x70, 0x98, 0x40, 0xff,
    0x70, 0x98, 0x40, 0xff, 0x68, 0x9c, 0x38, 0xff, 0x70, 0x98, 0x40, 0xff,
    0x68, 0x98, 0x38, 0xff, 0x68, 0x98, 0x38, 0xff, 0x70, 0x98, 0x40, 0xff,
    0x70, 0x9c, 0x40, 0xff, 0x70, 0x98, 0x40, 0xff, 0x68, 0x98, 0x38, 0xff,
    0x70, 0x98, 0x40, 0xff, 0x68, 0x98, 0x38, 0xff, 0x70, 0x9c, 0x40, 0xff,
    0x70, 0x98, 0x40, 0xff, 0x68, 0x98, 0x38, 0xff, 0x70, 0x98, 0x40, 0xff,
    0x70, 0x9c, 0x40, 0xff, 0x68, 0x98, 0x38, 0xff, 0x70, 0x9c, 0x40, 0xff,
    0x70, 0x98, 0x40, 0xff, 0x70, 0x98, 0x40, 0xff, 0x68, 0x98, 0x38, 0xff,
    0x70, 0x9c, 0x40, 0xff, 0x70, 0x98, 0x40, 0xff, 0x70, 0x98, 0x40, 0xff,
    0x70, 0x98, 0x40, 0xff, 0x68, 0x9c, 0x38, 0xff, 0x70, 0x98, 0x40, 0xff,
    0x68, 0x98, 0x38, 0xff, 0x68, 0x98, 0x38, 0xff, 0x70, 0x98, 0x40, 0xff,
    0x70, 0x9c, 0x40, 0xff, 0x70, 0x98, 0x40, 0xff, 0x68, 0x98, 0x38, 0xff,
    0x70, 0x98, 0x40, 0xff, 0x68, 0x98, 0x38, 0xff, 0x70, 0x9c, 0x40, 0xff,
    0x70, 0x98, 0x40, 0xff, 0x68, 0x98, 0x38, 0xff, 0x70, 0x98, 0x40, 0xff,
    0x70, 0x9c, 0x40, 0xff, 0x68, 0x98, 0x38, 0xff, 0x70, 0x9c, 0x40, 0xff,
    0x70, 0x98, 0x40, 0xff, 0x70, 0x98, 0x40, 0xff, 0x68, 0x98, 0x38, 0xff,
    0x70, 0x9c, 0x40, 0xff, 0x70, 0x98, 0x40, 0xff, 0x70, 0x98, 0x40, 0xff,
    0x70, 0x98, 0x40, 0xff, 0x68, 0x9c, 0x38, 0xff, 0x70, 0x98, 0x40, 0xff,
    0x68, 0x98, 0x38, 0xff, 0x68, 0x98, 0x38, 0xff, 0x70, 0x98, 0x40, 0xff,
    0x70, 0x9c, 0x40, 0xff, 0x70, 0x98, 0x40, 0xff, 0x68, 0x98, 0x38, 0xff,
    0x70, 0x98, 0x40, 0xff, 0x68, 0x98, 0x38, 0xff, 0x70, 0x9c, 0x40, 0xff,
    0x70, 0x98, 0x40, 0xff, 0x68, 0x98, 0x38, 0xff, 0x70, 0x98, 0x40, 0xff,
    0x70, 0x9c, 0x40, 0xff, 0x68, 0x98, 0x38, 0xff, 0x70, 0x9c, 0x40, 0xff,
    0x70, 0x98, 0x40, 0xff, 0x70, 0x98, 0x40, 0xff, 0x68, 0x98, 0x38, 0xff,
    0x70, 0x9c, 0x40, 0xff, 0x70, 0x98, 0x40, 0xff, 0x70, 0x98, 0x40, 0xff,
    0x70, 0x98, 0x40, 0xff, 0x68, 0x9c, 0x38, 0xff, 0x70, 0x98, 0x40, 0xff,
    0x68, 0x98, 0x38, 0xff, 0x68, 0x98, 0x38, 0xff, 0x70, 0x98, 0x40, 0xff,
    0x70, 0x9c, 0x40, 0xff, 0x70, 0x98, 0x40, 0xff, 0x68, 0x98, 0x38, 0xff,
    0x70, 0x98, 0x40, 0xff, 0x68, 0x98, 0x38, 0xff, 0x70, 0x9c, 0x40, 0xff,
    0x70, 0x98, 0x40, 0xff, 0x68, 0x98, 0x38, 0xff, 0x70, 0x98, 0x40, 0xff,
    0x70, 0x9c, 0x40, 0xff, 0x70, 0x98, 0x38, 0xff, 0x70, 0x98, 0x40, 0xff,
    0x68, 0x9c, 0x40, 0xff, 0x70, 0x98, 0x40, 0xff, 0x70, 0x98, 0x40, 0xff,
    0x70, 0x98, 0x40, 0xff, 0x70, 0x9c, 0x38, 0xff, 0x70, 0x9c, 0x40, 0xff,
    0x68, 0x98, 0x38, 0xff, 0x70, 0x98, 0x40, 0xff, 0x70, 0x9c, 0x40, 0xff,
    0x70, 0x98, 0x40, 0xff, 0x70, 0x98, 0x40, 0xff, 0x68, 0x98, 0x40, 0xff,
    0x70, 0x9c, 0x38, 0xff, 0x70, 0x98, 0x40, 0xff, 0x68, 0x98, 0x40, 0xff,
    0x70, 0x98, 0x40, 0xff, 0x68, 0x9c, 0x38, 0xff, 0x70, 0x98, 0x40, 0xff,
    0x70, 0x98, 0x40, 0xff, 0x68, 0x98, 0x38, 0x51, 0x70, 0xa0, 0x40, 0x10,
    0x70, 0x98, 0x40, 0xef, 0x68, 0x98, 0x38, 0xff, 0x70, 0x9c, 0x40, 0xff,
    0x70, 0x98, 0x40, 0xff, 0x70, 0x98, 0x40, 0xff, 0x68, 0x98, 0x38, 0xff,
    0x70, 0x9c, 0x40, 0xff, 0x68, 0x98, 0x40, 0xff, 0x70, 0x98, 0x38, 0xff,
    0x70, 0x9c, 0x40, 0xff, 0x68, 0x98, 0x40, 0xff, 0x70, 0x98, 0x40, 0xff,
    0x70, 0x98, 0x38, 0xff, 0x70, 0x98, 0x40, 0xff, 0x70, 0x9c, 0x40, 0xff,
    0x68, 0x98, 0x38, 0xff, 0x70, 0x98, 0x40, 0xff, 0x70, 0x98, 0x40, 0xff,
    0x70, 0x98, 0x38, 0xff, 0x70, 0x98, 0x40, 0xff, 0x70, 0x9c, 0x40, 0xff,
    0x70, 0x98, 0x40, 0xff, 0x70, 0x9c, 0x40, 0xff, 0x70, 0x98, 0x38, 0xff,
    0x68, 0x98, 0x40, 0xff, 0x70, 0x98, 0x38, 0xff, 0x68, 0x98, 0x38, 0xff,
    0x70, 0x98, 0x40, 0xff, 0x68, 0x9c, 0x38, 0xff, 0x70, 0x98, 0x40, 0xff,
    0x68, 0x98, 0x40, 0xff, 0x70, 0x9c, 0x38, 0xff, 0x70, 0x98, 0x40, 0xff,
    0x70, 0x98, 0x40, 0xff, 0x70, 0x98, 0x40, 0xff, 0x70, 0x9c, 0x40, 0xff,
    0x70, 0x98, 0x40, 0xff, 0x70, 0x98, 0x38, 0xff, 0x70, 0x9c, 0x40, 0xff,
    0x68, 0x98, 0x38, 0xff, 0x70, 0x98, 0x38, 0xff, 0x68, 0x98, 0x40, 0xff,
    0x70, 0x98, 0x38, 0xff, 0x70, 0x9c, 0x40, 0xff, 0x68, 0x98, 0x38, 0xff,
    0x70, 0x98, 0x40, 0xff, 0x70, 0x9c, 0x40, 0xff, 0x68, 0x98, 0x40, 0xff,
    0x70, 0x98, 0x40, 0xff, 0x68, 0x98, 0x38, 0xff, 0x70, 0x98, 0x40, 0xff,
    0x70, 0x98, 0x38, 0xff, 0x70, 0x9c, 0x40, 0xff, 0x70, 0x98, 0x40, 0xff,
    0x68, 0x98, 0x40, 0xff, 0x70, 0x98, 0x38, 0xff, 0x70, 0x9c, 0x40, 0xff,
    0x70, 0x98, 0x40, 0xff, 0x70, 0x98, 0x40, 0xff, 0x70, 0x9c, 0x40, 0xff,
    0x70, 0x98, 0x40, 0xff, 0x70, 0x98, 0x40, 0xff, 0x68, 0x98, 0x40, 0xff,
    0x70, 0x98, 0x38, 0xff, 0x70, 0x98, 0x40, 0xff, 0x70, 0x98, 0x40, 0xff,
    0x68, 0x9c, 0x40, 0xff, 0x70, 0x98, 0x38, 0xff, 0x68, 0x98, 0x40, 0xff,
    0x70, 0x98, 0x40, 0xff, 0x70, 0x98, 0x40, 0xff, 0x70, 0x98, 0x40, 0xff,
    0x70, 0x9c, 0x38, 0xff, 0x68, 0x98, 0x40, 0xff, 0x70, 0x98, 0x38, 0xff,
    0x68, 0x98, 0x40, 0xff, 0x70, 0x9c, 0x40, 0xff, 0x70, 0x98, 0x40, 0xff,
    0x70, 0x98, 0x40, 0xff, 0x70, 0x98, 0x40, 0xff, 0x70, 0x98, 0x40, 0xff,
    0x70, 0x98, 0x40, 0xff, 0x70, 0x98, 0x40, 0xff, 0x70, 0x98, 0x40, 0xff,
    0x70, 0x98, 0x40, 0xff, 0x68, 0x98, 0x38, 0xff, 0x70, 0x9c, 0x40, 0xff,
    0x70, 0x98, 0x40, 0xff, 0x68, 0x98, 0x38, 0xff, 0x70, 0x98, 0x40, 0xff,
    0x70, 0x98, 0x40, 0xff, 0x70, 0x98, 0x40, 0xff, 0x70, 0x98, 0x40, 0xff,
    0x70, 0x98, 0x40, 0xff, 0x70, 0x98, 0x40, 0xff, 0x70, 0x9c, 0x40, 0xff,
    0x70, 0x98, 0x40, 0xff, 0x70, 0x98, 0x40, 0xff, 0x68, 0x98, 0x38, 0xff,
    0x70, 0x98, 0x40, 0xff, 0x70, 0x9c, 0x40, 0xff, 0x70, 0x98, 0x40, 0xff,
    0x70, 0x9c, 0x40, 0xff, 0x70, 0x98, 0x40, 0xff, 0x70, 0x98, 0x40, 0xff,
    0x70, 0x9c, 0x40, 0xff, 0x70, 0x98, 0x40, 0xff, 0x70, 0x98, 0x40, 0xff,
    0x70, 0x9c, 0x40, 0xff, 0x68, 0x98, 0x38, 0xff, 0x70, 0x98, 0x40, 0xff,
    0x70, 0x98, 0x40, 0xff, 0x68, 0x98, 0x38, 0xff, 0x70, 0x98, 0x40, 0xff,
    0x70, 0x98, 0x40, 0xff, 0x70, 0x98, 0x40, 0xff, 0x70, 0x98, 0x40, 0xff,
    0x70, 0x98, 0x40, 0xff, 0x70, 0x98, 0x40, 0xff, 0x70, 0x9c, 0x40, 0xff,
    0x70, 0x98, 0x40, 0xff, 0x70, 0x98, 0x40, 0xff, 0x68, 0x98, 0x38, 0xff,
    0x70, 0x98, 0x40, 0xff, 0x70, 0x9c, 0x40, 0xff, 0x70, 0x98, 0x40, 0xff,
    0x70, 0x9c, 0x40, 0xff, 0x70, 0x98, 0x40, 0xff, 0x70, 0x98, 0x40, 0xff,
    0x70, 0x9c, 0x40, 0xff, 0x70, 0x98, 0x40, 0xff, 0x70, 0x98, 0x40, 0xff,
    0x70, 0x9c, 0x40, 0xff, 0x68, 0x98, 0x38, 0xff, 0x70, 0x98, 0x40, 0xff,
    0x70, 0x98, 0x40, 0xff, 0x68, 0x98, 0x38, 0xff, 0x70, 0x98, 0x40, 0xff,
    0x70, 0x98, 0x40, 0xff, 0x70, 0x98, 0x40, 0xff, 0x70, 0x98, 0x40, 0xff,
    0x70, 0x98, 0x40, 0xff, 0x70, 0x98, 0x40, 0xff, 0x70, 0x9c, 0x40, 0xff,
    0x70, 0x98, 0x40, 0xff, 0x70, 0x98, 0x40, 0xff, 0x68, 0x98, 0x38, 0xff,
    0x70, 0x98, 0x40, 0xff, 0x70, 0x9c, 0x40, 0xff, 0x70, 0x98, 0x40, 0xff,
    0x70, 0x9c, 0x40, 0xff, 0x70, 0x98, 0x40, 0xff, 0x70, 0x98, 0x40, 0xff,
    0x70, 0x9c, 0x40, 0xff, 0x70, 0x98, 0x40, 0xff, 0x70, 0x98, 0x40, 0xff,
    0x70, 0x9c, 0x40, 0xff, 0x68, 0x98, 0x38, 0xff, 0x70, 0x98, 0x40, 0xff,
    0x70, 0x98, 0x40, 0xff, 0x68, 0x98, 0x38, 0xff, 0x70, 0x98, 0x40, 0xff,
    0x70, 0x98, 0x40, 0xff, 0x70, 0x98, 0x40, 0xff, 0x70, 0x98, 0x40, 0xff,
    0x70, 0x98, 0x40, 0xff, 0x70, 0x98, 0x40, 0xff, 0x70, 0x9c, 0x40, 0xff,
    0x70, 0x98, 0x40, 0xff, 0x70, 0x98, 0x40, 0xff, 0x68, 0x98, 0x38, 0xff,
    0x70, 0x98, 0x40, 0xff, 0x70, 0x9c, 0x40, 0xff, 0x70, 0x98, 0x40, 0xff,
    0x70, 0x9c, 0x40, 0xff, 0x70, 0x98, 0x40, 0xff, 0x70, 0x98, 0x40, 0xff,
    0x70, 0x9c, 0x40, 0xff, 0x70, 0x98, 0x40, 0xff, 0x70, 0x98, 0x40, 0xff,
    0x70, 0x9c, 0x40, 0xff, 0x68, 0x98, 0x38, 0xff, 0x70, 0x98, 0x40, 0xff,
    0x70, 0x98, 0x40, 0xff, 0x68, 0x98, 0x38, 0xff, 0x70, 0x98, 0x40, 0xff,
    0x70, 0x98, 0x40, 0xff, 0x70, 0x98, 0x40, 0xff, 0x70, 0x98, 0x40, 0xff,
    0x70, 0x98, 0x40, 0xff, 0x70, 0x98, 0x40, 0xff, 0x70, 0x9c, 0x40, 0xff,
    0x70, 0x98, 0x40, 0xff, 0x70, 0x98, 0x40, 0xff, 0x68, 0x98, 0x38, 0xff,
    0x70, 0x98, 0x40, 0xff, 0x70, 0x9c, 0x40, 0xff, 0x70, 0x98, 0x40, 0xff,
    0x70, 0x9c, 0x40, 0xff, 0x70, 0x98, 0x40, 0xff, 0x70, 0x98, 0x40, 0xff,
    0x70, 0x9c, 0x40, 0xff, 0x70, 0x98, 0x40, 0xff, 0x70, 0x98, 0x40, 0xff,
    0x70, 0x9c, 0x40, 0xff, 0x68, 0x98, 0x40, 0xff, 0x70, 0x98, 0x40, 0xff,
    0x70, 0x98, 0x40, 0xff, 0x68, 0x98, 0x40, 0xff, 0x70, 0x98, 0x40, 0xff,
    0x70, 0x98, 0x38, 0xff, 0x70, 0x9c, 0x40, 0xff, 0x70, 0x98, 0x40, 0xff,
    0x70, 0x98, 0x40, 0xff, 0x70, 0x98, 0x38, 0xff, 0x68, 0x98, 0x38, 0xff,
    0x70, 0x9c, 0x40, 0xff, 0x68, 0x98, 0x40, 0xff, 0x70, 0x98, 0x40, 0xff,
    0x70, 0x98, 0x40, 0xff, 0x70, 0x98, 0x40, 0xff, 0x68, 0x9c, 0x38, 0xff,
    0x70, 0x98, 0x40, 0xff, 0x70, 0x98, 0x40, 0xff, 0x68, 0x98, 0x38, 0xff,
    0x70, 0x9c, 0x40, 0xff, 0x70, 0x98, 0x40, 0xff, 0x70, 0x98, 0x38, 0xff,
    0x70, 0x98, 0x40, 0xff, 0x70, 0x9c, 0x40, 0xff, 0x68, 0x98, 0x40, 0xff,
    0x70, 0x98, 0x38, 0xff, 0x70, 0x98, 0x40, 0xdf, 0x00, 0x00, 0x00, 0x00,
    0x00, 0x00, 0x00, 0x00, 0x70, 0x98, 0x40, 0x82, 0x70, 0x98, 0x40, 0xff,
    0x68, 0x98, 0x38, 0xff, 0x70, 0x9c, 0x40, 0xff, 0x70, 0x98, 0x40, 0xff,
    0x70, 0x98, 0x40, 0xff, 0x68, 0x9c, 0x40, 0xff, 0x70, 0x98, 0x40, 0xff,
    0x70, 0x98, 0x40, 0xff, 0x68, 0x9c, 0x40, 0xff, 0x70, 0x98, 0x40, 0xff,
    0x70, 0x98, 0x40, 0xff, 0x68, 0x98, 0x40, 0xff, 0x70, 0x98, 0x40, 0xff,
    0x70, 0x98, 0x40, 0xff, 0x70, 0x9c, 0x38, 0xff, 0x68, 0x98, 0x40, 0xff,
    0x70, 0x98, 0x40, 0xff, 0x70, 0x9c, 0x40, 0xff, 0x68, 0x98, 0x40, 0xff,
    0x70, 0x98, 0x38, 0xff, 0x68, 0x98, 0x40, 0xff, 0x70, 0x98, 0x40, 0xff,
    0x70, 0x9c, 0x40, 0xff, 0x70, 0x9c, 0x40, 0xff, 0x70, 0x98, 0x40, 0xff,
    0x70, 0x98, 0x40, 0xff, 0x68, 0x9c, 0x40, 0xff, 0x70, 0x98, 0x40, 0xff,
    0x70, 0x98, 0x38, 0xff, 0x70, 0x98, 0x40, 0xff, 0x68, 0x98, 0x40, 0xff,
    0x70, 0x98, 0x38, 0xff, 0x68, 0x98, 0x40, 0xff, 0x70, 0x98, 0x38, 0xff,
    0x70, 0x98, 0x40, 0xff, 0x68, 0x98, 0x40, 0xff, 0x70, 0x98, 0x40, 0xff,
    0x70, 0x98, 0x40, 0xff, 0x70, 0x98, 0x40, 0xff, 0x70, 0x9c, 0x40, 0xff,
    0x70, 0x98, 0x40, 0xff, 0x68, 0x98, 0x40, 0xff, 0x70, 0x98, 0x38, 0xff,
    0x70, 0x98, 0x40, 0xff, 0x68, 0x98, 0x40, 0xff, 0x70, 0x9c, 0x38, 0xff,
    0x70, 0x98, 0x40, 0xff, 0x68, 0x98, 0x40, 0xff, 0x70, 0x9c, 0x40, 0xff,
    0x70, 0x98, 0x38, 0xff, 0x68, 0x98, 0x40, 0xff, 0x70, 0x98, 0x40, 0xff,
    0x70, 0x9c, 0x38, 0xff, 0x70, 0x98, 0x40, 0xff, 0x68, 0x98, 0x40, 0xff,
    0x70, 0x98, 0x38, 0xff, 0x68, 0x9c, 0x40, 0xff, 0x70, 0x98, 0x38, 0xff,
    0x70, 0x98, 0x40, 0xff, 0x70, 0x98, 0x38, 0xff, 0x70, 0x9c, 0x40, 0xff,
    0x70, 0x98, 0x40, 0xff, 0x68, 0x9c, 0x40, 0xff, 0x70, 0x98, 0x38, 0xff,
    0x70, 0x98, 0x40, 0xff, 0x70, 0x98, 0x40, 0xff, 0x70, 0x98, 0x40, 0xff,
    0x68, 0x98, 0x38, 0xff, 0x70, 0x98, 0x40, 0xff, 0x70, 0x98, 0x40, 0xff,
    0x68, 0x9c, 0x38, 0xff, 0x70, 0x98, 0x40, 0xff, 0x70, 0x98, 0x40, 0xff,
    0x70, 0x98, 0x40, 0xff, 0x70, 0x9c, 0x38, 0xff, 0x68, 0x98, 0x40, 0xff,
    0x70, 0x98, 0x40, 0xff, 0x70, 0x9c, 0x38, 0xff, 0x70, 0x9c, 0x40, 0xff,
    0x68, 0x98, 0x40, 0xff, 0x70, 0x9c, 0x38, 0xff, 0x68, 0x98, 0x38, 0xff,
    0x70, 0x9c, 0x40, 0xff, 0x70, 0x98, 0x40, 0xff, 0x70, 0x98, 0x40, 0xff,
    0x70, 0x98, 0x40, 0xff, 0x70, 0x98, 0x40, 0xff, 0x70, 0x9c, 0x40, 0xff,
    0x70, 0x98, 0x40, 0xff, 0x68, 0x9c, 0x38, 0xff, 0x70, 0x98, 0x40, 0xff,
    0x70, 0x9c, 0x40, 0xff, 0x68, 0x98, 0x38, 0xff, 0x68, 0x98, 0x38, 0xff,
    0x70, 0x98, 0x40, 0xff, 0x70, 0x9c, 0x40, 0xff, 0x68, 0x98, 0x38, 0xff,
    0x70, 0x98, 0x40, 0xff, 0x70, 0x9c, 0x40, 0xff, 0x68, 0x98, 0x38, 0xff,
    0x70, 0x98, 0x40, 0xff, 0x70, 0x98, 0x40, 0xff, 0x68, 0x9c, 0x38, 0xff,
    0x70, 0x98, 0x40, 0xff, 0x70, 0x98, 0x40, 0xff, 0x68, 0x98, 0x38, 0xff,
    0x70, 0x98, 0x40, 0xff, 0x70, 0x9c, 0x40, 0xff, 0x70, 0x98, 0x40, 0xff,
    0x70, 0x98, 0x40, 0xff, 0x70, 0x9c, 0x40, 0xff, 0x70, 0x98, 0x40, 0xff,
    0x70, 0x9c, 0x40, 0xff, 0x68, 0x9c, 0x38, 0xff, 0x70, 0x98, 0x40, 0xff,
    0x70, 0x98, 0x40, 0xff, 0x68, 0x9c, 0x38, 0xff, 0x68, 0x98, 0x38, 0xff,
    0x70, 0x98, 0x40, 0xff, 0x70, 0x9c, 0x40, 0xff, 0x68, 0x98, 0x38, 0xff,
    0x70, 0x98, 0x40, 0xff, 0x70, 0x9c, 0x40, 0xff, 0x68, 0x98, 0x38, 0xff,
    0x70, 0x98, 0x40, 0xff, 0x70, 0x98, 0x40, 0xff, 0x68, 0x9c, 0x38, 0xff,
    0x70, 0x98, 0x40, 0xff, 0x70, 0x98, 0x40, 0xff, 0x68, 0x98, 0x38, 0xff,
    0x70, 0x98, 0x40, 0xff, 0x70, 0x9c, 0x40, 0xff, 0x70, 0x98, 0x40, 0xff,
    0x70, 0x98, 0x40, 0xff, 0x70, 0x9c, 0x40, 0xff, 0x70, 0x98, 0x40, 0xff,
    0x70, 0x9c, 0x40, 0xff, 0x68, 0x9c, 0x38, 0xff, 0x70, 0x98, 0x40, 0xff,
    0x70, 0x98, 0x40, 0xff, 0x68, 0x9c, 0x38, 0xff, 0x68, 0x98, 0x38, 0xff,
    0x70, 0x98, 0x40, 0xff, 0x70, 0x9c, 0x40, 0xff, 0x68, 0x98, 0x38, 0xff,
    0x70, 0x98, 0x40, 0xff, 0x70, 0x9c, 0x40, 0xff, 0x68, 0x98, 0x38, 0xff,
    0x70, 0x98, 0x40, 0xff, 0x70, 0x98, 0x40, 0xff, 0x68, 0x9c, 0x38, 0xff,
    0x70, 0x98, 0x40, 0xff, 0x70, 0x98, 0x40, 0xff, 0x68, 0x98, 0x38, 0xff,
    0x70, 0x98, 0x40, 0xff, 0x70, 0x9c, 0x40, 0xff, 0x70, 0x98, 0x40, 0xff,
    0x70, 0x98, 0x40, 0xff, 0x70, 0x9c, 0x40, 0xff, 0x70, 0x98, 0x40, 0xff,
    0x70, 0x9c, 0x40, 0xff, 0x68, 0x9c, 0x38, 0xff, 0x70, 0x98, 0x40, 0xff,
    0x70, 0x98, 0x40, 0xff, 0x68, 0x9c, 0x38, 0xff, 0x68, 0x98, 0x38, 0xff,
    0x70, 0x98, 0x40, 0xff, 0x70, 0x9c, 0x40, 0xff, 0x68, 0x98, 0x38, 0xff,
    0x70, 0x98, 0x40, 0xff, 0x70, 0x9c, 0x40, 0xff, 0x68, 0x98, 0x38, 0xff,
    0x70, 0x98, 0x40, 0xff, 0x70, 0x98, 0x40, 0xff, 0x68, 0x9c, 0x38, 0xff,
    0x70, 0x98, 0x40, 0xff, 0x70, 0x98, 0x40, 0xff, 0x68, 0x98, 0x38, 0xff,
    0x70, 0x98, 0x40, 0xff, 0x70, 0x9c, 0x40, 0xff, 0x70, 0x98, 0x40, 0xff,
    0x70, 0x98, 0x40, 0xff, 0x70, 0x9c, 0x40, 0xff, 0x70, 0x98, 0x40, 0xff,
    0x70, 0x9c, 0x40, 0xff, 0x68, 0x9c, 0x38, 0xff, 0x70, 0x98, 0x40, 0xff,
    0x70, 0x98, 0x40, 0xff, 0x68, 0x9c, 0x38, 0xff, 0x68, 0x98, 0x38, 0xff,
    0x70, 0x98, 0x40, 0xff, 0x70, 0x9c, 0x40, 0xff, 0x68, 0x98, 0x38, 0xff,
    0x70, 0x98, 0x40, 0xff, 0x70, 0x9c, 0x40, 0xff, 0x68, 0x98, 0x38, 0xff,
    0x70, 0x98, 0x40, 0xff, 0x70, 0x98, 0x40, 0xff, 0x68, 0x9c, 0x38, 0xff,
    0x70, 0x98, 0x40, 0xff, 0x70, 0x98, 0x40, 0xff, 0x68, 0x98, 0x38, 0xff,
    0x70, 0x98, 0x38, 0xff, 0x70, 0x9c, 0x40, 0xff, 0x70, 0x98, 0x40, 0xff,
    0x70, 0x98, 0x38, 0xff, 0x70, 0x9c, 0x40, 0xff, 0x70, 0x9c, 0x40, 0xff,
    0x70, 0x98, 0x38, 0xff, 0x68, 0x98, 0x40, 0xff, 0x68, 0x98, 0x40, 0xff,
    0x70, 0x9c, 0x40, 0xff, 0x68, 0x98, 0x40, 0xff, 0x70, 0x98, 0x40, 0xff,
    0x70, 0x9c, 0x40, 0xff, 0x70, 0x98, 0x38, 0xff, 0x68, 0x98, 0x40, 0xff,
    0x70, 0x98, 0x40, 0xff, 0x70, 0x98, 0x38, 0xff, 0x68, 0x9c, 0x40, 0xff,
    0x70, 0x98, 0x40, 0xff, 0x70, 0x98, 0x38, 0xff, 0x68, 0x98, 0x40, 0xff,
    0x70, 0x9c, 0x40, 0xff, 0x70, 0x98, 0x40, 0xff, 0x70, 0x98, 0x40, 0xff,
    0x68, 0x98, 0x40, 0xff, 0x70, 0x9c, 0x38, 0xff, 0x70, 0x98, 0x40, 0xff,
    0x70, 0x98, 0x40, 0xff, 0x68, 0x98, 0x40, 0xff, 0x70, 0x98, 0x40, 0x82,
    0x00, 0x00, 0x00, 0x00, 0x00, 0x00, 0x00, 0x00, 0x70, 0xa0, 0x40, 0x10,
    0x70, 0x98, 0x40, 0xef, 0x70, 0x98, 0x40, 0xff, 0x68, 0x98, 0x38, 0xff,
    0x70, 0x98, 0x40, 0xff, 0x70, 0x98, 0x40, 0xff, 0x70, 0x98, 0x38, 0xff,
    0x70, 0x98, 0x40, 0xff, 0x70, 0x98, 0x38, 0xff, 0x70, 0x98, 0x40, 0xff,
    0x70, 0x9c, 0x38, 0xff, 0x70, 0x98, 0x38, 0xff, 0x70, 0x9c, 0x40, 0xff,
    0x68, 0x98, 0x40, 0xff, 0x70, 0x98, 0x38, 0xff, 0x70, 0x98, 0x40, 0xff,
    0x70, 0x9c, 0x40, 0xff, 0x68, 0x98, 0x38, 0xff, 0x70, 0x98, 0x40, 0xff,
    0x70, 0x9c, 0x40, 0xff, 0x68, 0x98, 0x38, 0xff, 0x70, 0x98, 0x40, 0xff,
    0x70, 0x98, 0x40, 0xff, 0x68, 0x98, 0x38, 0xff, 0x70, 0x98, 0x40, 0xff,
    0x70, 0x9c, 0x40, 0xff, 0x70, 0x98, 0x40, 0xff, 0x70, 0x98, 0x40, 0xff,
    0x70, 0x98, 0x40, 0xff, 0x70, 0x9c, 0x40, 0xff, 0x70, 0x98, 0x40, 0xff,
    0x70, 0x98, 0x40, 0xff, 0x68, 0x9c, 0x40, 0xff, 0x70, 0x9c, 0x40, 0xff,
    0x70, 0x98, 0x40, 0xff, 0x68, 0x98, 0x38, 0xff, 0x70, 0x9c, 0x40, 0xff,
    0x70, 0x98, 0x40, 0xff, 0x68, 0x98, 0x38, 0xff, 0x70, 0x9c, 0x40, 0xff,
    0x70, 0x98, 0x40, 0xff, 0x70, 0x98, 0x40, 0xff, 0x70, 0x9c, 0x40, 0xff,
    0x70, 0x98, 0x40, 0xff, 0x70, 0x98, 0x40, 0xff, 0x70, 0x9c, 0x40, 0xff,
    0x70, 0x98, 0x38, 0xff, 0x70, 0x98, 0x40, 0xff, 0x70, 0x9c, 0x40, 0xff,
    0x70, 0x98, 0x40, 0xff, 0x70, 0x9c, 0x40, 0xff, 0x68, 0x98, 0x40, 0xff,
    0x70, 0x98, 0x40, 0xff, 0x70, 0x98, 0x38, 0xff, 0x68, 0x9c, 0x40, 0xff,
    0x70, 0x98, 0x40, 0xff, 0x70, 0x98, 0x40, 0xff, 0x70, 0x98, 0x40, 0xff,
    0x68, 0x9c, 0x40, 0xff, 0x68, 0x98, 0x38, 0xff, 0x70, 0x98, 0x40, 0xff,
    0x70, 0x98, 0x40, 0xff, 0x68, 0x9c, 0x40, 0xff, 0x70, 0x98, 0x38, 0xff,
    0x70, 0x98, 0x40, 0xff, 0x68, 0x9c, 0x40, 0xff, 0x70, 0x98, 0x38, 0xff,
    0x70, 0x9c, 0x40, 0xff, 0x70, 0x9c, 0x40, 0xff, 0x70, 0x98, 0x38, 0xff,
    0x68, 0x98, 0x40, 0xff, 0x70, 0x98, 0x40, 0xff, 0x70, 0x98, 0x40, 0xff,
    0x68, 0x9c, 0x40, 0xff, 0x70, 0x98, 0x40, 0xff, 0x70, 0x98, 0x38, 0xff,
    0x70, 0x98, 0x40, 0xff, 0x68, 0x98, 0x40, 0xff, 0x70, 0x98, 0x38, 0xff,
    0x70, 0x98, 0x40, 0xff, 0x68, 0x98, 0x40, 0xff, 0x70, 0x98, 0x40, 0xff,
    0x70, 0x9c, 0x40, 0xff, 0x68, 0x98, 0x38, 0xff, 0x70, 0x98, 0x40, 0xff,
    0x70, 0x9c, 0x40, 0xff, 0x68, 0x98, 0x38, 0xff, 0x70, 0x98, 0x40, 0xff,
    0x70, 0x98, 0x40, 0xff, 0x68, 0x9c, 0x38, 0xff, 0x70, 0x98, 0x40, 0xff,
    0x70, 0x98, 0x40, 0xff, 0x70, 0x98, 0x40, 0xff, 0x70, 0x9c, 0x40, 0xff,
    0x70, 0x98, 0x40, 0xff, 0x68, 0x98, 0x38, 0xff, 0x70, 0x98, 0x40, 0xff,
    0x70, 0x9c, 0x40, 0xff, 0x70, 0x98, 0x40, 0xff, 0x70, 0x98, 0x40, 0xff,
    0x68, 0x98, 0x38, 0xff, 0x70, 0x98, 0x40, 0xff, 0x70, 0x98, 0x40, 0xff,
    0x68, 0x98, 0x38, 0xff, 0x70, 0x9c, 0x40, 0xff, 0x70, 0x98, 0x40, 0xff,
    0x68, 0x98, 0x38, 0xff, 0x70, 0x9c, 0x40, 0xff, 0x68, 0x98, 0x38, 0xff,
    0x70, 0x98, 0x40, 0xff, 0x68, 0x9c, 0x38, 0xff, 0x70, 0x98, 0x40, 0xff,
    0x70, 0x98, 0x40, 0xff, 0x68, 0x98, 0x38, 0xff, 0x70, 0x98, 0x40, 0xff,
    0x70, 0x98, 0x40, 0xff, 0x70, 0x9c, 0x40, 0xff, 0x70, 0x98, 0x40, 0xff,
    0x70, 0x98, 0x40, 0xff, 0x68, 0x98, 0x38, 0xff, 0x70, 0x98, 0x40, 0xff,
    0x70, 0x9c, 0x40, 0xff, 0x70, 0x98, 0x40, 0xff, 0x70, 0x98, 0x40, 0xff,
    0x68, 0x98, 0x38, 0xff, 0x70, 0x98, 0x40, 0xff, 0x70, 0x98, 0x40, 0xff,
    0x68, 0x98, 0x38, 0xff, 0x70, 0x9c, 0x40, 0xff, 0x70, 0x98, 0x40, 0xff,
    0x68, 0x98, 0x38, 0xff, 0x70, 0x9c, 0x40, 0xff, 0x68, 0x98, 0x38, 0xff,
    0x70, 0x98, 0x40, 0xff, 0x68, 0x9c, 0x38, 0xff, 0x70, 0x98, 0x40, 0xff,
    0x70, 0x98, 0x40, 0xff, 0x68, 0x98, 0x38, 0xff, 0x70, 0x98, 0x40, 0xff,
    0x70, 0x98, 0x40, 0xff, 0x70, 0x9c, 0x40, 0xff, 0x70, 0x98, 0x40, 0xff,
    0x70, 0x98, 0x40, 0xff, 0x68, 0x98, 0x38, 0xff, 0x70, 0x98, 0x40, 0xff,
    0x70, 0x9c, 0x40, 0xff, 0x70, 0x98, 0x40, 0xff, 0x70, 0x98, 0x40, 0xff,
    0x68, 0x98, 0x38, 0xff, 0x70, 0x98, 0x40, 0xff, 0x70, 0x98, 0x40, 0xff,
    0x68, 0x98, 0x38, 0xff, 0x70, 0x9c, 0x40, 0xff, 0x70, 0x98, 0x40, 0xff,
    0x68, 0x98, 0x38, 0xff, 0x70, 0x9c, 0x40, 0xff, 0x68, 0x98, 0x38, 0xff,
    0x70, 0x98, 0x40, 0xff, 0x68, 0x9c, 0x38, 0xff, 0x70, 0x98, 0x40, 0xff,
    0x70, 0x98, 0x40, 0xff, 0x68, 0x98, 0x38, 0xff, 0x70, 0x98, 0x40, 0xff,
    0x70, 0x98, 0x40, 0xff, 0x70, 0x9c, 0x40, 0xff, 0x70, 0x98, 0x40, 0xff,
    0x70, 0x98, 0x40, 0xff, 0x68, 0x98, 0x38, 0xff, 0x70, 0x98, 0x40, 0xff,
    0x70, 0x9c, 0x40, 0xff, 0x70, 0x98, 0x40, 0xff, 0x70, 0x98, 0x40, 0xff,
    0x68, 0x98, 0x38, 0xff, 0x70, 0x98, 0x40, 0xff, 0x70, 0x98, 0x40, 0xff,
    0x68, 0x98, 0x38, 0xff, 0x70, 0x9c, 0x40, 0xff, 0x70, 0x98, 0x40, 0xff,
    0x68, 0x98, 0x38, 0xff, 0x70, 0x9c, 0x40, 0xff, 0x68, 0x98, 0x38, 0xff,
    0x70, 0x98, 0x40, 0xff, 0x68, 0x9c, 0x38, 0xff, 0x70, 0x98, 0x40, 0xff,
    0x70, 0x98, 0x40, 0xff, 0x68, 0x98, 0x38, 0xff, 0x70, 0x98, 0x40, 0xff,
    0x70, 0x98, 0x40, 0xff, 0x70, 0x9c, 0x40, 0xff, 0x70, 0x98, 0x40, 0xff,
    0x70, 0x98, 0x40, 0xff, 0x68, 0x98, 0x38, 0xff, 0x70, 0x98, 0x40, 0xff,
    0x70, 0x9c, 0x40, 0xff, 0x70, 0x98, 0x40, 0xff, 0x70, 0x98, 0x40, 0xff,
    0x68, 0x98, 0x38, 0xff, 0x70, 0x98, 0x40, 0xff, 0x70, 0x98, 0x40, 0xff,
    0x68, 0x98, 0x38, 0xff, 0x70, 0x9c, 0x40, 0xff, 0x70, 0x98, 0x40, 0xff,
    0x68, 0x98, 0x40, 0xff, 0x70, 0x9c, 0x40, 0xff, 0x68, 0x98, 0x38, 0xff,
    0x70, 0x98, 0x40, 0xff, 0x68, 0x98, 0x40, 0xff, 0x70, 0x98, 0x38, 0xff,
    0x70, 0x98, 0x40, 0xff, 0x70, 0x9c, 0x40, 0xff, 0x70, 0x98, 0x40, 0xff,
    0x70, 0x98, 0x38, 0xff, 0x70, 0x98, 0x38, 0xff, 0x70, 0x9c, 0x40, 0xff,
    0x68, 0x98, 0x40, 0xff, 0x70, 0x98, 0x40, 0xff, 0x70, 0x98, 0x40, 0xff,
    0x70, 0x9c, 0x38, 0xff, 0x70, 0x98, 0x40, 0xff, 0x68, 0x98, 0x40, 0xff,
    0x70, 0x9c, 0x40, 0xff, 0x70, 0x98, 0x40, 0xff, 0x70, 0x98, 0x40, 0xff,
    0x70, 0x9c, 0x38, 0xff, 0x70, 0x98, 0x40, 0xff, 0x70, 0x98, 0x38, 0xff,
    0x68, 0x98, 0x40, 0xff, 0x70, 0x9c, 0x40, 0xff, 0x70, 0x98, 0x40, 0xff,
    0x68, 0x98, 0x38, 0xff, 0x70, 0x9c, 0x40, 0xff, 0x70, 0x98, 0x40, 0xdf,
    0x68, 0x98, 0x38, 0x20, 0x00, 0x00, 0x00, 0x00, 0x00, 0x00, 0x00, 0x00,
    0x00, 0x00, 0x00, 0x00, 0x68, 0x98, 0x38, 0x71, 0x70, 0x98, 0x40, 0xff,
    0x70, 0x9c, 0x40, 0xff, 0x68, 0x98, 0x40, 0xff, 0x70, 0x9c, 0x38, 0xff,
    0x70, 0x98, 0x40, 0xff, 0x68, 0x9c, 0x40, 0xff, 0x70, 0x98, 0x40, 0xff,
    0x68, 0x98, 0x40, 0xff, 0x70, 0x98, 0x40, 0xff, 0x70, 0x98, 0x40, 0xff,
    0x68, 0x9c, 0x40, 0xff, 0x70, 0x98, 0x38, 0xff, 0x70, 0x98, 0x40, 0xff,
    0x68, 0x98, 0x40, 0xff, 0x70, 0x98, 0x40, 0xff, 0x70, 0x98, 0x40, 0xff,
    0x70, 0x98, 0x40, 0xff, 0x70, 0x98, 0x40, 0xff, 0x70, 0x9c, 0x40, 0xff,
    0x70, 0x98, 0x40, 0xff, 0x70, 0x9c, 0x38, 0xff, 0x68, 0x98, 0x40, 0xff,
    0x70, 0x98, 0x40, 0xff, 0x68, 0x98, 0x38, 0xff, 0x70, 0x9c, 0x38, 0xff,
    0x70, 0x98, 0x40, 0xff, 0x68, 0x98, 0x38, 0xff, 0x68, 0x9c, 0x40, 0xff,
    0x70, 0x98, 0x38, 0xff, 0x70, 0x98, 0x38, 0xff, 0x70, 0x98, 0x40, 0xff,
    0x70, 0x98, 0x40, 0xff, 0x70, 0x98, 0x40, 0xff, 0x70, 0x9c, 0x38, 0xff,
    0x70, 0x98, 0x40, 0xff, 0x70, 0x98, 0x40, 0xff, 0x68, 0x9c, 0x38, 0xff,
    0x70, 0x98, 0x40, 0xff, 0x68, 0x98, 0x38, 0xff, 0x68, 0x98, 0x38, 0xff,
    0x70, 0x9c, 0x40, 0xff, 0x68, 0x98, 0x40, 0xff, 0x70, 0x98, 0x38, 0xff,
    0x68, 0x98, 0x40, 0xff, 0x68, 0x98, 0x40, 0xff, 0x70, 0x98, 0x38, 0xff,
    0x70, 0x98, 0x40, 0xff, 0x68, 0x98, 0x38, 0xff, 0x70, 0x98, 0x40, 0xff,
    0x70, 0x9c, 0x40, 0xff, 0x70, 0x98, 0x38, 0xff, 0x70, 0x98, 0x40, 0xff,
    0x70, 0x98, 0x40, 0xff, 0x70, 0x9c, 0x38, 0xff, 0x70, 0x98, 0x40, 0xff,
    0x70, 0x98, 0x40, 0xff, 0x70, 0x98, 0x40, 0xff, 0x70, 0x9c, 0x40, 0xff,
    0x68, 0x98, 0x40, 0xff, 0x70, 0x98, 0x38, 0xff, 0x70, 0x98, 0x40, 0xff,
    0x70, 0x98, 0x40, 0xff, 0x70, 0x98, 0x40, 0xff, 0x68, 0x9c, 0x40, 0xff,
    0x70, 0x98, 0x38, 0xff, 0x70, 0x98, 0x40, 0xff, 0x68, 0x98, 0x40, 0xff,
    0x70, 0x98, 0x40, 0xff, 0x70, 0x9c, 0x40, 0xff, 0x70, 0x98, 0x38, 0xff,
    0x70, 0x98, 0x40, 0xff, 0x68, 0x9c, 0x40, 0xff, 0x70, 0x98, 0x38, 0xff,
    0x70, 0x98, 0x40, 0xff, 0x70, 0x9c, 0x40, 0xff, 0x68, 0x98, 0x40, 0xff,
    0x70, 0x98, 0x40, 0xff, 0x70, 0x9c, 0x38, 0xff, 0x70, 0x98, 0x40, 0xff,
    0x70, 0x98, 0x40, 0xff, 0x70, 0x98, 0x40, 0xff, 0x70, 0x98, 0x40, 0xff,
    0x68, 0x98, 0x38, 0xff, 0x70, 0x9c, 0x40, 0xff, 0x70, 0x98, 0x40, 0xff,
    0x68, 0x98, 0x38, 0xff, 0x70, 0x98, 0x40, 0xff, 0x70, 0x98, 0x40, 0xff,
    0x68, 0x98, 0x38, 0xff, 0x70, 0x98, 0x40, 0xff, 0x68, 0x98, 0x38, 0xff,
    0x70, 0x9c, 0x40, 0xff, 0x70, 0x98, 0x40, 0xff, 0x70, 0x98, 0x40, 0xff,
    0x70, 0x98, 0x40, 0xff, 0x68, 0x98, 0x38, 0xff, 0x70, 0x9c, 0x40, 0xff,
    0x70, 0x98, 0x40, 0xff, 0x70, 0x9c, 0x40, 0xff, 0x70, 0x98, 0x40, 0xff,
    0x70, 0x98, 0x40, 0xff, 0x70, 0x9c, 0x40, 0xff, 0x70, 0x98, 0x40, 0xff,
    0x70, 0x98, 0x40, 0xff, 0x70, 0x98, 0x40, 0xff, 0x70, 0x98, 0x40, 0xff,
    0x70, 0x98, 0x40, 0xff, 0x68, 0x98, 0x38, 0xff, 0x70, 0x98, 0x40, 0xff,
    0x70, 0x98, 0x40, 0xff, 0x68, 0x98, 0x38, 0xff, 0x70, 0x9c, 0x40, 0xff,
    0x70, 0x98, 0x40, 0xff, 0x68, 0x98, 0x38, 0xff, 0x70, 0x98, 0x40, 0xff,
    0x70, 0x98, 0x40, 0xff, 0x70, 0x9c, 0x40, 0xff, 0x70, 0x98, 0x40, 0xff,
    0x68, 0x98, 0x38, 0xff, 0x70, 0x98, 0x40, 0xff, 0x70, 0x98, 0x40, 0xff,
    0x68, 0x9c, 0x38, 0xff, 0x70, 0x98, 0x40, 0xff, 0x70, 0x9c, 0x40, 0xff,
    0x70, 0x98, 0x40, 0xff, 0x70, 0x98, 0x40, 0xff, 0x70, 0x98, 0x40, 0xff,
    0x70, 0x9c, 0x40, 0xff, 0x70, 0x98, 0x40, 0xff, 0x70, 0x98, 0x40, 0xff,
    0x70, 0x98, 0x40, 0xff, 0x68, 0x98, 0x38, 0xff, 0x70, 0x98, 0x40, 0xff,
    0x70, 0x98, 0x40, 0xff, 0x68, 0x98, 0x38, 0xff, 0x70, 0x9c, 0x40, 0xff,
    0x70, 0x98, 0x40, 0xff, 0x68, 0x98, 0x38, 0xff, 0x70, 0x98, 0x40, 0xff,
    0x70, 0x98, 0x40, 0xff, 0x70, 0x9c, 0x40, 0xff, 0x70, 0x98, 0x40, 0xff,
    0x68, 0x98, 0x38, 0xff, 0x70, 0x98, 0x40, 0xff, 0x70, 0x98, 0x40, 0xff,
    0x68, 0x9c, 0x38, 0xff, 0x70, 0x98, 0x40, 0xff, 0x70, 0x9c, 0x40, 0xff,
    0x70, 0x98, 0x40, 0xff, 0x70, 0x98, 0x40, 0xff, 0x70, 0x98, 0x40, 0xff,
    0x70, 0x9c, 0x40, 0xff, 0x70, 0x98, 0x40, 0xff, 0x70, 0x98, 0x40, 0xff,
    0x70, 0x98, 0x40, 0xff, 0x68, 0x98, 0x38, 0xff, 0x70, 0x98, 0x40, 0xff,
    0x70, 0x98, 0x40, 0xff, 0x68, 0x98, 0x38, 0xff, 0x70, 0x9c, 0x40, 0xff,
    0x70, 0x98, 0x40, 0xff, 0x68, 0x98, 0x38, 0xff, 0x70, 0x98, 0x40, 0xff,
    0x70, 0x98, 0x40, 0xff, 0x70, 0x9c, 0x40, 0xff, 0x70, 0x98, 0x40, 0xff,
    0x68, 0x98, 0x38, 0xff, 0x70, 0x98, 0x40, 0xff, 0x70, 0x98, 0x40, 0xff,
    0x68, 0x9c, 0x38, 0xff, 0x70, 0x98, 0x40, 0xff, 0x70, 0x9c, 0x40, 0xff,
    0x70, 0x98, 0x40, 0xff, 0x70, 0x98, 0x40, 0xff, 0x70, 0x98, 0x40, 0xff,
    0x70, 0x9c, 0x40, 0xff, 0x70, 0x98, 0x40, 0xff, 0x70, 0x98, 0x40, 0xff,
    0x70, 0x98, 0x40, 0xff, 0x68, 0x98, 0x38, 0xff, 0x70, 0x98, 0x40, 0xff,
    0x70, 0x98, 0x40, 0xff, 0x68, 0x98, 0x38, 0xff, 0x70, 0x9c, 0x40, 0xff,
    0x70, 0x98, 0x40, 0xff, 0x68, 0x98, 0x38, 0xff, 0x70, 0x98, 0x40, 0xff,
    0x70, 0x98, 0x40, 0xff, 0x70, 0x9c, 0x40, 0xff, 0x70, 0x98, 0x40, 0xff,
    0x68, 0x98, 0x38, 0xff, 0x70, 0x98, 0x40, 0xff, 0x70, 0x98, 0x40, 0xff,
    0x68, 0x9c, 0x38, 0xff, 0x70, 0x98, 0x40, 0xff, 0x70, 0x9c, 0x40, 0xff,
    0x70, 0x98, 0x40, 0xff, 0x70, 0x98, 0x40, 0xff, 0x70, 0x98, 0x38, 0xff,
    0x70, 0x9c, 0x40, 0xff, 0x70, 0x98, 0x40, 0xff, 0x70, 0x98, 0x40, 0xff,
    0x70, 0x98, 0x40, 0xff, 0x68, 0x9c, 0x40, 0xff, 0x70, 0x98, 0x40, 0xff,
    0x70, 0x98, 0x38, 0xff, 0x68, 0x98, 0x40, 0xff, 0x68, 0x98, 0x40, 0xff,
    0x70, 0x9c, 0x40, 0xff, 0x70, 0x98, 0x40, 0xff, 0x70, 0x98, 0x40, 0xff,
    0x70, 0x98, 0x38, 0xff, 0x70, 0x9c, 0x40, 0xff, 0x68, 0x98, 0x40, 0xff,
    0x70, 0x98, 0x40, 0xff, 0x70, 0x9c, 0x40, 0xff, 0x68, 0x98, 0x38, 0xff,
    0x70, 0x98, 0x40, 0xff, 0x70, 0x98, 0x38, 0xff, 0x70, 0x98, 0x40, 0xff,
    0x68, 0x98, 0x40, 0xff, 0x70, 0x98, 0x40, 0xff, 0x70, 0x98, 0x40, 0xff,
    0x68, 0x98, 0x40, 0xff, 0x70, 0x9c, 0x38, 0xff, 0x70, 0x98, 0x40, 0xff,
    0x70, 0x98, 0x40, 0xff, 0x70, 0x98, 0x40, 0xff, 0x70, 0x98, 0x38, 0xff,
    0x68, 0x98, 0x38, 0x61, 0x00, 0x00, 0x00, 0x00, 0x00, 0x00, 0x00, 0x00,
    0x00, 0x00, 0x00, 0x00, 0x00, 0x00, 0x00, 0x00, 0x00, 0x00, 0x00, 0x00,
    0x70, 0x9c, 0x40, 0x8e, 0x70, 0x98, 0x40, 0xff, 0x70, 0x98, 0x40, 0xff,
    0x70, 0x98, 0x40, 0xff, 0x68, 0x9c, 0x38, 0xff, 0x70, 0x98, 0x40, 0xff,
    0x70, 0x98, 0x40, 0xff, 0x68, 0x9c, 0x38, 0xff, 0x70, 0x98, 0x40, 0xff,
    0x70, 0x98, 0x40, 0xff, 0x70, 0x98, 0x40, 0xff, 0x70, 0x9c, 0x40, 0xff,
    0x70, 0x98, 0x40, 0xff, 0x70, 0x9c, 0x38, 0xff, 0x68, 0x98, 0x40, 0xff,
    0x70, 0x9c, 0x40, 0xff, 0x70, 0x98, 0x38, 0xff, 0x68, 0x98, 0x38, 0xff,
    0x70, 0x98, 0x40, 0xff, 0x70, 0x98, 0x40, 0xff, 0x68, 0x98, 0x40, 0xff,
    0x70, 0x9c, 0x40, 0xff, 0x70, 0x98, 0x40, 0xff, 0x70, 0x98, 0x40, 0xff,
    0x68, 0x98, 0x40, 0xff, 0x70, 0x98, 0x40, 0xff, 0x70, 0x98, 0x40, 0xff,
    0x70, 0x98, 0x40, 0xff, 0x68, 0x9c, 0x40, 0xff, 0x70, 0x98, 0x40, 0xff,
    0x70, 0x98, 0x38, 0xff, 0x68, 0x98, 0x40, 0xff, 0x68, 0x9c, 0x40, 0xff,
    0x70, 0x98, 0x40, 0xff, 0x70, 0x98, 0x40, 0xff, 0x68, 0x98, 0x40, 0xff,
    0x70, 0x98, 0x40, 0xff, 0x70, 0x98, 0x40, 0xff, 0x70, 0x98, 0x40, 0xff,
    0x70, 0x9c, 0x40, 0xff, 0x70, 0x98, 0x40, 0xff, 0x70, 0x98, 0x38, 0xff,
    0x70, 0x9c, 0x40, 0xff, 0x70, 0x98, 0x40, 0xff, 0x70, 0x9c, 0x40, 0xff,
    0x70, 0x98, 0x40, 0xff, 0x68, 0x98, 0x40, 0xff, 0x70, 0x9c, 0x38, 0xff,
    0x70, 0x98, 0x40, 0xff, 0x68, 0x98, 0x40, 0xff, 0x70, 0x9c, 0x40, 0xff,
    0x68, 0x98, 0x40, 0xff, 0x70, 0x98, 0x40, 0xff, 0x68, 0x98, 0x40, 0xff,
    0x68, 0x9c, 0x38, 0xff, 0x70, 0x98, 0x40, 0xff, 0x70, 0x98, 0x38, 0xff,
    0x70, 0x98, 0x40, 0xff, 0x70, 0x9c, 0x40, 0xff, 0x68, 0x98, 0x38, 0xff,
    0x70, 0x98, 0x40, 0xff, 0x70, 0x9c, 0x40, 0xff, 0x70, 0x98, 0x38, 0xff,
    0x70, 0x98, 0x40, 0xff, 0x70, 0x98, 0x40, 0xff, 0x68, 0x98, 0x40, 0xff,
    0x70, 0x98, 0x38, 0xff, 0x70, 0x9c, 0x40, 0xff, 0x68, 0x98, 0x40, 0xff,
    0x70, 0x98, 0x38, 0xff, 0x70, 0x98, 0x40, 0xff, 0x70, 0x98, 0x40, 0xff,
    0x68, 0x98, 0x40, 0xff, 0x70, 0x9c, 0x40, 0xff, 0x70, 0x98, 0x38, 0xff,
    0x70, 0x98, 0x40, 0xff, 0x68, 0x9c, 0x40, 0xff, 0x70, 0x98, 0x40, 0xff,
    0x70, 0x98, 0x38, 0xff, 0x68, 0x9c, 0x40, 0xff, 0x70, 0x98, 0x40, 0xff,
    0x70, 0x98, 0x38, 0xff, 0x70, 0x9c, 0x40, 0xff, 0x70, 0x98, 0x40, 0xff,
    0x70, 0x98, 0x40, 0xff, 0x68, 0x9c, 0x40, 0xff, 0x70, 0x9c, 0x40, 0xff,
    0x70, 0x98, 0x40, 0xff, 0x70, 0x9c, 0x40, 0xff, 0x70, 0x98, 0x40, 0xff,
    0x70, 0x98, 0x38, 0xff, 0x68, 0x98, 0x40, 0xff, 0x70, 0x9c, 0x40, 0xff,
    0x70, 0x98, 0x38, 0xff, 0x68, 0x98, 0x40, 0xff, 0x70, 0x9c, 0x40, 0xff,
    0x70, 0x98, 0x38, 0xff, 0x68, 0x98, 0x40, 0xff, 0x70, 0x98, 0x38, 0xff,
    0x68, 0x9c, 0x40, 0xff, 0x68, 0x98, 0x38, 0xff, 0x70, 0x98, 0x40, 0xff,
    0x68, 0x98, 0x38, 0xff, 0x70, 0x9c, 0x38, 0xff, 0x68, 0x98, 0x40, 0xff,
    0x70, 0x9c, 0x40, 0xff, 0x70, 0x98, 0x40, 0xff, 0x70, 0x9c, 0x40, 0xff,
    0x70, 0x98, 0x40, 0xff, 0x70, 0x98, 0x40, 0xff, 0x70, 0x9c, 0x40, 0xff,
    0x70, 0x98, 0x40, 0xff, 0x70, 0x98, 0x40, 0xff, 0x68, 0x9c, 0x38, 0xff,
    0x70, 0x98, 0x40, 0xff, 0x68, 0x98, 0x38, 0xff, 0x70, 0x9c, 0x40, 0xff,
    0x70, 0x98, 0x40, 0xff, 0x70, 0x98, 0x40, 0xff, 0x68, 0x9c, 0x38, 0xff,
    0x70, 0x98, 0x40, 0xff, 0x70, 0x98, 0x40, 0xff, 0x70, 0x98, 0x40, 0xff,
    0x68, 0x9c, 0x38, 0xff, 0x70, 0x98, 0x40, 0xff, 0x68, 0x98, 0x38, 0xff,
    0x70, 0x98, 0x40, 0xff, 0x68, 0x98, 0x38, 0xff, 0x70, 0x9c, 0x40, 0xff,
    0x70, 0x98, 0x40, 0xff, 0x70, 0x98, 0x40, 0xff, 0x70, 0x9c, 0x40, 0xff,
    0x70, 0x98, 0x40, 0xff, 0x70, 0x98, 0x40, 0xff, 0x70, 0x9c, 0x40, 0xff,
    0x70, 0x98, 0x40, 0xff, 0x70, 0x98, 0x40, 0xff, 0x68, 0x9c, 0x38, 0xff,
    0x70, 0x98, 0x40, 0xff, 0x68, 0x98, 0x38, 0xff, 0x70, 0x9c, 0x40, 0xff,
    0x70, 0x98, 0x40, 0xff, 0x70, 0x98, 0x40, 0xff, 0x68, 0x9c, 0x38, 0xff,
    0x70, 0x98, 0x40, 0xff, 0x70, 0x98, 0x40, 0xff, 0x70, 0x98, 0x40, 0xff,
    0x68, 0x9c, 0x38, 0xff, 0x70, 0x98, 0x40, 0xff, 0x68, 0x98, 0x38, 0xff,
    0x70, 0x98, 0x40, 0xff, 0x68, 0x98, 0x38, 0xff, 0x70, 0x9c, 0x40, 0xff,
    0x70, 0x98, 0x40, 0xff, 0x70, 0x98, 0x40, 0xff, 0x70, 0x9c, 0x40, 0xff,
    0x70, 0x98, 0x40, 0xff, 0x70, 0x98, 0x40, 0xff, 0x70, 0x9c, 0x40, 0xff,
    0x70, 0x98, 0x40, 0xff, 0x70, 0x98, 0x40, 0xff, 0x68, 0x9c, 0x38, 0xff,
    0x70, 0x98, 0x40, 0xff, 0x68, 0x98, 0x38, 0xff, 0x70, 0x9c, 0x40, 0xff,
    0x70, 0x98, 0x40, 0xff, 0x70, 0x98, 0x40, 0xff, 0x68, 0x9c, 0x38, 0xff,
    0x70, 0x98, 0x40, 0xff, 0x70, 0x98, 0x40, 0xff, 0x70, 0x98, 0x40, 0xff,
    0x68, 0x9c, 0x38, 0xff, 0x70, 0x98, 0x40, 0xff, 0x68, 0x98, 0x38, 0xff,
    0x70, 0x98, 0x40, 0xff, 0x68, 0x98, 0x38, 0xff, 0x70, 0x9c, 0x40, 0xff,
    0x70, 0x98, 0x40, 0xff, 0x70, 0x98, 0x40, 0xff, 0x70, 0x9c, 0x40, 0xff,
    0x70, 0x98, 0x40, 0xff, 0x70, 0x98, 0x40, 0xff, 0x70, 0x9c, 0x40, 0xff,
    0x70, 0x98, 0x40, 0xff, 0x70, 0x98, 0x40, 0xff, 0x68, 0x9c, 0x38, 0xff,
    0x70, 0x98, 0x40, 0xff, 0x68, 0x98, 0x38, 0xff, 0x70, 0x9c, 0x40, 0xff,
    0x70, 0x98, 0x40, 0xff, 0x70, 0x98, 0x40, 0xff, 0x68, 0x9c, 0x38, 0xff,
    0x70, 0x98, 0x40, 0xff, 0x70, 0x98, 0x40, 0xff, 0x70, 0x98, 0x40, 0xff,
    0x68, 0x9c, 0x38, 0xff, 0x70, 0x98, 0x40, 0xff, 0x68, 0x98, 0x40, 0xff,
    0x70, 0x98, 0x40, 0xff, 0x68, 0x98, 0x38, 0xff, 0x70, 0x9c, 0x40, 0xff,
    0x70, 0x98, 0x38, 0xff, 0x70, 0x98, 0x40, 0xff, 0x70, 0x9c, 0x40, 0xff,
    0x70, 0x98, 0x38, 0xff, 0x70, 0x9c, 0x40, 0xff, 0x70, 0x98, 0x40, 0xff,
    0x70, 0x98, 0x38, 0xff, 0x68, 0x98, 0x40, 0xff, 0x70, 0x9c, 0x40, 0xff,
    0x68, 0x98, 0x40, 0xff, 0x70, 0x98, 0x40, 0xff, 0x70, 0x98, 0x38, 0xff,
    0x70, 0x98, 0x38, 0xff, 0x68, 0x98, 0x40, 0xff, 0x70, 0x98, 0x40, 0xff,
    0x70, 0x9c, 0x40, 0xff, 0x70, 0x98, 0x40, 0xff, 0x70, 0x98, 0x40, 0xff,
    0x68, 0x9c, 0x38, 0xff, 0x70, 0x98, 0x40, 0xff, 0x70, 0x9c, 0x40, 0xff,
    0x68, 0x98, 0x38, 0xff, 0x70, 0x98, 0x40, 0xff, 0x70, 0x98, 0x40, 0xff,
    0x68, 0x98, 0x38, 0xff, 0x70, 0x9c, 0x40, 0xff, 0x70, 0x98, 0x40, 0xff,
    0x68, 0x98, 0x40, 0x8e, 0x00, 0x00, 0x00, 0x00, 0x00, 0x00, 0x00, 0x00,
    0x00, 0x00, 0x00, 0x00, 0x00, 0x00, 0x00, 0x00, 0x00, 0x00, 0x00, 0x00,
    0x00, 0x00, 0x00, 0x00, 0x00, 0x00, 0x00, 0x00, 0x70, 0x98, 0x38, 0x9e,
    0x70, 0x98, 0x40, 0xff, 0x68, 0x98, 0x40, 0xff, 0x70, 0x98, 0x40, 0xff,
    0x70, 0x98, 0x38, 0xff, 0x70, 0x98, 0x40, 0xff, 0x70, 0x9c, 0x40, 0xff,
    0x68, 0x98, 0x38, 0xff, 0x70, 0x98, 0x40, 0xff, 0x70, 0x98, 0x38, 0xff,
    0x68, 0x98, 0x40, 0xff, 0x70, 0x9c, 0x40, 0xff, 0x70, 0x98, 0x38, 0xff,
    0x70, 0x98, 0x40, 0xff, 0x68, 0x98, 0x40, 0xff, 0x70, 0x9c, 0x40, 0xff,
    0x70, 0x98, 0x40, 0xff, 0x68, 0x98, 0x38, 0xff, 0x70, 0x9c, 0x40, 0xff,
    0x70, 0x98, 0x38, 0xff, 0x70, 0x98, 0x40, 0xff, 0x70, 0x9c, 0x38, 0xff,
    0x70, 0x98, 0x40, 0xff, 0x70, 0x98, 0x40, 0xff, 0x68, 0x9c, 0x38, 0xff,
    0x70, 0x98, 0x40, 0xff, 0x70, 0x98, 0x40, 0xff, 0x70, 0x98, 0x40, 0xff,
    0x68, 0x9c, 0x40, 0xff, 0x70, 0x98, 0x40, 0xff, 0x70, 0x98, 0x38, 0xff,
    0x70, 0x9c, 0x40, 0xff, 0x70, 0x98, 0x38, 0xff, 0x68, 0x98, 0x40, 0xff,
    0x70, 0x9c, 0x38, 0xff, 0x70, 0x98, 0x40, 0xff, 0x70, 0x98, 0x40, 0xff,
    0x70, 0x9c, 0x40, 0xff, 0x70, 0x98, 0x40, 0xff, 0x68, 0x98, 0x38, 0xff,
    0x70, 0x98, 0x40, 0xff, 0x70, 0x98, 0x40, 0xff, 0x68, 0x98, 0x38, 0xff,
    0x70, 0x9c, 0x40, 0xff, 0x70, 0x98, 0x40, 0xff, 0x70, 0x98, 0x40, 0xff,
    0x70, 0x9c, 0x40, 0xff, 0x70, 0x98, 0x38, 0xff, 0x70, 0x98, 0x40, 0xff,
    0x68, 0x98, 0x40, 0xff, 0x70, 0x9c, 0x38, 0xff, 0x70, 0x98, 0x40, 0xff,
    0x70, 0x98, 0x40, 0xff, 0x70, 0x98, 0x40, 0xff, 0x68, 0x9c, 0x40, 0xff,
    0x70, 0x98, 0x38, 0xff, 0x70, 0x98, 0x40, 0xff, 0x70, 0x98, 0x40, 0xff,
    0x70, 0x9c, 0x40, 0xff, 0x68, 0x98, 0x40, 0xff, 0x70, 0x98, 0x40, 0xff,
    0x68, 0x9c, 0x38, 0xff, 0x70, 0x98, 0x40, 0xff, 0x70, 0x98, 0x40, 0xff,
    0x70, 0x9c, 0x40, 0xff, 0x70, 0x98, 0x38, 0xff, 0x70, 0x98, 0x40, 0xff,
    0x68, 0x9c, 0x40, 0xff, 0x70, 0x98, 0x40, 0xff, 0x70, 0x9c, 0x38, 0xff,
    0x70, 0x98, 0x40, 0xff, 0x70, 0x98, 0x40, 0xff, 0x68, 0x98, 0x38, 0xff,
    0x70, 0x98, 0x40, 0xff, 0x70, 0x98, 0x40, 0xff, 0x70, 0x98, 0x38, 0xff,
    0x68, 0x98, 0x40, 0xff, 0x70, 0x98, 0x40, 0xff, 0x70, 0x9c, 0x38, 0xff,
    0x68, 0x98, 0x40, 0xff, 0x70, 0x98, 0x40, 0xff, 0x68, 0x98, 0x40, 0xff,
    0x70, 0x98, 0x38, 0xff, 0x70, 0x98, 0x40, 0xff, 0x70, 0x98, 0x38, 0xff,
    0x70, 0x98, 0x40, 0xff, 0x68, 0x98, 0x38, 0xff, 0x70, 0x98, 0x40, 0xff,
    0x70, 0x9c, 0x40, 0xff, 0x70, 0x98, 0x40, 0xff, 0x68, 0x98, 0x40, 0xff,
    0x70, 0x98, 0x38, 0xff, 0x70, 0x9c, 0x40, 0xff, 0x70, 0x98, 0x40, 0xff,
    0x70, 0x98, 0x40, 0xff, 0x68, 0x98, 0x40, 0xff, 0x70, 0x98, 0x40, 0xff,
    0x70, 0x98, 0x40, 0xff, 0x70, 0x98, 0x38, 0xff, 0x70, 0x9c, 0x40, 0xff,
    0x70, 0x98, 0x40, 0xff, 0x70, 0x98, 0x40, 0xff, 0x68, 0x98, 0x40, 0xff,
    0x70, 0x9c, 0x38, 0xff, 0x70, 0x98, 0x40, 0xff, 0x68, 0x98, 0x38, 0xff,
    0x70, 0x98, 0x40, 0xff, 0x70, 0x9c, 0x38, 0xff, 0x68, 0x98, 0x40, 0xff,
    0x70, 0x98, 0x40, 0xff, 0x70, 0x98, 0x38, 0xff, 0x68, 0x98, 0x40, 0xff,
    0x70, 0x9c, 0x40, 0xff, 0x70, 0x98, 0x40, 0xff, 0x70, 0x98, 0x40, 0xff,
    0x68, 0x98, 0x38, 0xff, 0x70, 0x98, 0x40, 0xff, 0x70, 0x9c, 0x40, 0xff,
    0x70, 0x98, 0x40, 0xff, 0x68, 0x98, 0x38, 0xff, 0x70, 0x98, 0x40, 0xff,
    0x70, 0x98, 0x40, 0xff, 0x70, 0x98, 0x40, 0xff, 0x68, 0x9c, 0x38, 0xff,
    0x70, 0x98, 0x40, 0xff, 0x70, 0x98, 0x40, 0xff, 0x70, 0x9c, 0x40, 0xff,
    0x68, 0x98, 0x38, 0xff, 0x68, 0x98, 0x38, 0xff, 0x70, 0x9c, 0x40, 0xff,
    0x70, 0x98, 0x40, 0xff, 0x68, 0x98, 0x38, 0xff, 0x70, 0x9c, 0x40, 0xff,
    0x68, 0x98, 0x38, 0xff, 0x70, 0x98, 0x40, 0xff, 0x70, 0x98, 0x40, 0xff,
    0x70, 0x9c, 0x40, 0xff, 0x70, 0x98, 0x40, 0xff, 0x70, 0x98, 0x40, 0xff,
    0x68, 0x98, 0x38, 0xff, 0x70, 0x98, 0x40, 0xff, 0x70, 0x9c, 0x40, 0xff,
    0x70, 0x98, 0x40, 0xff, 0x68, 0x98, 0x38, 0xff, 0x70, 0x98, 0x40, 0xff,
    0x70, 0x98, 0x40, 0xff, 0x70, 0x98, 0x40, 0xff, 0x68, 0x9c, 0x38, 0xff,
    0x70, 0x98, 0x40, 0xff, 0x70, 0x98, 0x40, 0xff, 0x70, 0x9c, 0x40, 0xff,
    0x68, 0x98, 0x38, 0xff, 0x68, 0x98, 0x38, 0xff, 0x70, 0x9c, 0x40, 0xff,
    0x70, 0x98, 0x40, 0xff, 0x68, 0x98, 0x38, 0xff, 0x70, 0x9c, 0x40, 0xff,
    0x68, 0x98, 0x38, 0xff, 0x70, 0x98, 0x40, 0xff, 0x70, 0x98, 0x40, 0xff,
    0x70, 0x9c, 0x40, 0xff, 0x70, 0x98, 0x40, 0xff, 0x70, 0x98, 0x40, 0xff,
    0x68, 0x98, 0x38, 0xff, 0x70, 0x98, 0x40, 0xff, 0x70, 0x9c, 0x40, 0xff,
    0x70, 0x98, 0x40, 0xff, 0x68, 0x98, 0x38, 0xff, 0x70, 0x98, 0x40, 0xff,
    0x70, 0x98, 0x40, 0xff, 0x70, 0x98, 0x40, 0xff, 0x68, 0x9c, 0x38, 0xff,
    0x70, 0x98, 0x40, 0xff, 0x70, 0x98, 0x40, 0xff, 0x70, 0x9c, 0x40, 0xff,
    0x68, 0x98, 0x38, 0xff, 0x68, 0x98, 0x38, 0xff, 0x70, 0x9c, 0x40, 0xff,
    0x70, 0x98, 0x40, 0xff, 0x68, 0x98, 0x38, 0xff, 0x70, 0x9c, 0x40, 0xff,
    0x68, 0x98, 0x38, 0xff, 0x70, 0x98, 0x40, 0xff, 0x70, 0x98, 0x40, 0xff,
    0x70, 0x9c, 0x40, 0xff, 0x70, 0x98, 0x40, 0xff, 0x70, 0x98, 0x40, 0xff,
    0x68, 0x98, 0x38, 0xff, 0x70, 0x98, 0x40, 0xff, 0x70, 0x9c, 0x40, 0xff,
    0x70, 0x98, 0x40, 0xff, 0x68, 0x98, 0x38, 0xff, 0x70, 0x98, 0x40, 0xff,
    0x70, 0x98, 0x40, 0xff, 0x70, 0x98, 0x38, 0xff, 0x68, 0x9c, 0x40, 0xff,
    0x70, 0x98, 0x40, 0xff, 0x70, 0x98, 0x40, 0xff, 0x70, 0x9c, 0x40, 0xff,
    0x68, 0x98, 0x38, 0xff, 0x68, 0x98, 0x40, 0xff, 0x70, 0x98, 0x40, 0xff,
    0x70, 0x98, 0x38, 0xff, 0x68, 0x98, 0x40, 0xff, 0x70, 0x98, 0x40, 0xff,
    0x70, 0x9c, 0x40, 0xff, 0x70, 0x98, 0x38, 0xff, 0x70, 0x98, 0x40, 0xff,
    0x70, 0x98, 0x38, 0xff, 0x68, 0x9c, 0x40, 0xff, 0x70, 0x98, 0x40, 0xff,
    0x70, 0x98, 0x40, 0xff, 0x68, 0x9c, 0x40, 0xff, 0x70, 0x98, 0x38, 0xff,
    0x70, 0x98, 0x40, 0xff, 0x70, 0x98, 0x40, 0xff, 0x68, 0x9c, 0x38, 0xff,
    0x70, 0x98, 0x40, 0xff, 0x70, 0x98, 0x40, 0xff, 0x70, 0x9c, 0x38, 0xff,
    0x70, 0x98, 0x40, 0xff, 0x70, 0x98, 0x40, 0xff, 0x70, 0x9c, 0x40, 0xff,
    0x70, 0x98, 0x40, 0xff, 0x68, 0x98, 0x40, 0xff, 0x70, 0x9c, 0x38, 0xff,
    0x70, 0x98, 0x40, 0x9e, 0x00, 0x00, 0x00, 0x00, 0x00, 0x00, 0x00, 0x00,
    0x00, 0x00, 0x00, 0x00, 0x00, 0x00, 0x00, 0x00, 0x00, 0x00, 0x00, 0x00,
    0x00, 0x00, 0x00, 0x00, 0x00, 0x00, 0x00, 0x00, 0x00, 0x00, 0x00, 0x00,
    0x00, 0x00, 0x00, 0x00, 0x68, 0x9c, 0x38, 0x92, 0x70, 0x98, 0x40, 0xff,
    0x70, 0x9c, 0x40, 0xff, 0x68, 0x98, 0x40, 0xff, 0x70, 0x98, 0x40, 0xff,
    0x70, 0x98, 0x40, 0xff, 0x70, 0x9c, 0x40, 0xff, 0x68, 0x98, 0x40, 0xff,
    0x70, 0x98, 0x38, 0xff, 0x70, 0x98, 0x40, 0xff, 0x68, 0x98, 0x40, 0xff,
    0x70, 0x98, 0x40, 0xff, 0x70, 0x98, 0x38, 0xff, 0x70, 0x98, 0x40, 0xff,
    0x70, 0x9c, 0x40, 0xff, 0x70, 0x98, 0x40, 0xff, 0x70, 0x98, 0x40, 0xff,
    0x68, 0x9c, 0x40, 0xff, 0x70, 0x98, 0x40, 0xff, 0x68, 0x98, 0x38, 0xff,
    0x70, 0x98, 0x40, 0xff, 0x70, 0x98, 0x40, 0xff, 0x68, 0x9c, 0x38, 0xff,
    0x70, 0x98, 0x40, 0xff, 0x70, 0x98, 0x38, 0xff, 0x70, 0x9c, 0x38, 0xff,
    0x70, 0x98, 0x40, 0xff, 0x70, 0x98, 0x38, 0xff, 0x70, 0x9c, 0x40, 0xff,
    0x70, 0x98, 0x40, 0xff, 0x70, 0x98, 0x40, 0xff, 0x68, 0x98, 0x40, 0xff,
    0x70, 0x9c, 0x38, 0xff, 0x70, 0x98, 0x40, 0xff, 0x70, 0x98, 0x40, 0xff,
    0x68, 0x9c, 0x38, 0xff, 0x70, 0x98, 0x38, 0xff, 0x68, 0x98, 0x40, 0xff,
    0x70, 0x98, 0x40, 0xff, 0x70, 0x9c, 0x40, 0xff, 0x68, 0x98, 0x40, 0xff,
    0x70, 0x98, 0x38, 0xff, 0x70, 0x98, 0x40, 0xff, 0x68, 0x98, 0x38, 0xff,
    0x70, 0x98, 0x40, 0xff, 0x68, 0x98, 0x40, 0xff, 0x70, 0x98, 0x38, 0xff,
    0x70, 0x98, 0x40, 0xff, 0x70, 0x98, 0x40, 0xff, 0x70, 0x98, 0x38, 0xff,
    0x70, 0x9c, 0x40, 0xff, 0x70, 0x98, 0x38, 0xff, 0x70, 0x98, 0x40, 0xff,
    0x70, 0x98, 0x40, 0xff, 0x68, 0x9c, 0x40, 0xff, 0x68, 0x98, 0x40, 0xff,
    0x70, 0x98, 0x38, 0xff, 0x70, 0x98, 0x40, 0xff, 0x70, 0x98, 0x40, 0xff,
    0x70, 0x98, 0x38, 0xff, 0x68, 0x98, 0x40, 0xff, 0x70, 0x9c, 0x40, 0xff,
    0x70, 0x98, 0x40, 0xff, 0x68, 0x98, 0x38, 0xff, 0x70, 0x98, 0x40, 0xff,
    0x70, 0x98, 0x40, 0xff, 0x70, 0x98, 0x40, 0xff, 0x68, 0x98, 0x40, 0xff,
    0x70, 0x9c, 0x40, 0xff, 0x70, 0x98, 0x38, 0xff, 0x68, 0x98, 0x40, 0xff,
    0x70, 0x9c, 0x40, 0xff, 0x70, 0x9c, 0x40, 0xff, 0x68, 0x98, 0x40, 0xff,
    0x70, 0x9c, 0x38, 0xff, 0x70, 0x98, 0x40, 0xff, 0x70, 0x98, 0x40, 0xff,
    0x70, 0x98, 0x40, 0xff, 0x70, 0x9c, 0x40, 0xff, 0x70, 0x98, 0x40, 0xff,
    0x68, 0x98, 0x38, 0xff, 0x70, 0x9c, 0x40, 0xff, 0x70, 0x98, 0x40, 0xff,
    0x68, 0x98, 0x40, 0xff, 0x70, 0x9c, 0x38, 0xff, 0x70, 0x98, 0x40, 0xff,
    0x68, 0x98, 0x40, 0xff, 0x70, 0x98, 0x38, 0xff, 0x70, 0x9c, 0x40, 0xff,
    0x70, 0x98, 0x40, 0xff, 0x68, 0x98, 0x40, 0xff, 0x70, 0x98, 0x40, 0xff,
    0x70, 0x9c, 0x38, 0xff, 0x68, 0x98, 0x40, 0xff, 0x70, 0x9c, 0x38, 0xff,
    0x70, 0x98, 0x40, 0xff, 0x70, 0x98, 0x40, 0xff, 0x70, 0x9c, 0x40, 0xff,
    0x68, 0x98, 0x40, 0xff, 0x70, 0x98, 0x40, 0xff, 0x70, 0x9c, 0x40, 0xff,
    0x70, 0x98, 0x40, 0xff, 0x70, 0x98, 0x40, 0xff, 0x70, 0x98, 0x40, 0xff,
    0x68, 0x98, 0x40, 0xff, 0x70, 0x98, 0x38, 0xff, 0x70, 0x98, 0x40, 0xff,
    0x68, 0x9c, 0x40, 0xff, 0x70, 0x98, 0x38, 0xff, 0x70, 0x98, 0x40, 0xff,
    0x70, 0x9c, 0x40, 0xff, 0x70, 0x98, 0x38, 0xff, 0x70, 0x98, 0x40, 0xff,
    0x70, 0x9c, 0x40, 0xff, 0x68, 0x98, 0x40, 0xff, 0x70, 0x98, 0x38, 0xff,
    0x70, 0x98, 0x40, 0xff, 0x70, 0x9c, 0x40, 0xff, 0x70, 0x98, 0x40, 0xff,
    0x68, 0x9c, 0x38, 0xff, 0x70, 0x98, 0x40, 0xff, 0x70, 0x98, 0x40, 0xff,
    0x70, 0x9c, 0x40, 0xff, 0x70, 0x98, 0x40, 0xff, 0x70, 0x98, 0x40, 0xff,
    0x70, 0x98, 0x40, 0xff, 0x70, 0x98, 0x40, 0xff, 0x70, 0x98, 0x40, 0xff,
    0x70, 0x98, 0x40, 0xff, 0x68, 0x98, 0x38, 0xff, 0x70, 0x98, 0x40, 0xff,
    0x70, 0x98, 0x40, 0xff, 0x68, 0x9c, 0x38, 0xff, 0x70, 0x98, 0x40, 0xff,
    0x70, 0x98, 0x40, 0xff, 0x68, 0x98, 0x38, 0xff, 0x70, 0x9c, 0x40, 0xff,
    0x70, 0x98, 0x40, 0xff, 0x68, 0x98, 0x38, 0xff, 0x70, 0x9c, 0x40, 0xff,
    0x70, 0x98, 0x40, 0xff, 0x70, 0x98, 0x40, 0xff, 0x70, 0x9c, 0x40, 0xff,
    0x68, 0x9c, 0x38, 0xff, 0x70, 0x98, 0x40, 0xff, 0x70, 0x98, 0x40, 0xff,
    0x70, 0x9c, 0x40, 0xff, 0x70, 0x98, 0x40, 0xff, 0x70, 0x98, 0x40, 0xff,
    0x70, 0x98, 0x40, 0xff, 0x70, 0x98, 0x40, 0xff, 0x70, 0x98, 0x40, 0xff,
    0x70, 0x98, 0x40, 0xff, 0x68, 0x98, 0x38, 0xff, 0x70, 0x98, 0x40, 0xff,
    0x70, 0x98, 0x40, 0xff, 0x68, 0x9c, 0x38, 0xff, 0x70, 0x98, 0x40, 0xff,
    0x70, 0x98, 0x40, 0xff, 0x68, 0x98, 0x38, 0xff, 0x70, 0x9c, 0x40, 0xff,
    0x70, 0x98, 0x40, 0xff, 0x68, 0x98, 0x38, 0xff, 0x70, 0x9c, 0x40, 0xff,
    0x70, 0x98, 0x40, 0xff, 0x70, 0x98, 0x40, 0xff, 0x70, 0x9c, 0x40, 0xff,
    0x68, 0x9c, 0x38, 0xff, 0x70, 0x98, 0x40, 0xff, 0x70, 0x98, 0x40, 0xff,
    0x70, 0x9c, 0x40, 0xff, 0x70, 0x98, 0x40, 0xff, 0x70, 0x98, 0x40, 0xff,
    0x70, 0x98, 0x40, 0xff, 0x70, 0x98, 0x40, 0xff, 0x70, 0x98, 0x40, 0xff,
    0x70, 0x98, 0x40, 0xff, 0x68, 0x98, 0x38, 0xff, 0x70, 0x98, 0x40, 0xff,
    0x70, 0x98, 0x40, 0xff, 0x68, 0x9c, 0x38, 0xff, 0x70, 0x98, 0x40, 0xff,
    0x70, 0x98, 0x40, 0xff, 0x68, 0x98, 0x38, 0xff, 0x70, 0x9c, 0x40, 0xff,
    0x70, 0x98, 0x40, 0xff, 0x68, 0x98, 0x38, 0xff, 0x70, 0x9c, 0x40, 0xff,
    0x70, 0x98, 0x40, 0xff, 0x70, 0x98, 0x40, 0xff, 0x70, 0x9c, 0x40, 0xff,
    0x68, 0x9c, 0x40, 0xff, 0x70, 0x98, 0x40, 0xff, 0x70, 0x98, 0x40, 0xff,
    0x70, 0x9c, 0x38, 0xff, 0x70, 0x98, 0x40, 0xff, 0x70, 0x98, 0x40, 0xff,
    0x70, 0x98, 0x40, 0xff, 0x70, 0x98, 0x40, 0xff, 0x70, 0x9c, 0x40, 0xff,
    0x70, 0x98, 0x40, 0xff, 0x68, 0x98, 0x40, 0xff, 0x70, 0x9c, 0x40, 0xff,
    0x68, 0x98, 0x40, 0xff, 0x70, 0x98, 0x38, 0xff, 0x68, 0x9c, 0x40, 0xff,
    0x70, 0x98, 0x40, 0xff, 0x70, 0x98, 0x40, 0xff, 0x70, 0x98, 0x38, 0xff,
    0x68, 0x9c, 0x40, 0xff, 0x70, 0x98, 0x40, 0xff, 0x70, 0x98, 0x40, 0xff,
    0x70, 0x9c, 0x40, 0xff, 0x70, 0x98, 0x38, 0xff, 0x68, 0x98, 0x40, 0xff,
    0x70, 0x98, 0x40, 0xff, 0x70, 0x98, 0x40, 0xff, 0x68, 0x98, 0x40, 0xff,
    0x70, 0x98, 0x40, 0xff, 0x68, 0x98, 0x38, 0xff, 0x70, 0x98, 0x40, 0xff,
    0x70, 0x9c, 0x38, 0xff, 0x68, 0x98, 0x40, 0xff, 0x70, 0x98, 0x40, 0xff,
    0x70, 0x98, 0x40, 0x92, 0x00, 0x00, 0x00, 0x00, 0x00, 0x00, 0x00, 0x00,
    0x00, 0x00, 0x00, 0x00, 0x00, 0x00, 0x00, 0x00, 0x00, 0x00, 0x00, 0x00,
    0x00, 0x00, 0x00, 0x00, 0x00, 0x00, 0x00, 0x00, 0x00, 0x00, 0x00, 0x00,
    0x00, 0x00, 0x00, 0x00, 0x00, 0x00, 0x00, 0x00, 0x00, 0x00, 0x00, 0x00,
    0x70, 0x98, 0x38, 0x61, 0x70, 0x98, 0x40, 0xdf, 0x70, 0x9c, 0x40, 0xff,
    0x68, 0x98, 0x38, 0xff, 0x70, 0x98, 0x38, 0xff, 0x70, 0x98, 0x40, 0xff,
    0x70, 0x9c, 0x40, 0xff, 0x70, 0x9c, 0x40, 0xff, 0x70, 0x98, 0x38, 0xff,
    0x68, 0x9c, 0x40, 0xff, 0x70, 0x98, 0x40, 0xff, 0x70, 0x9c, 0x40, 0xff,
    0x68, 0x98, 0x38, 0xff, 0x68, 0x98, 0x40, 0xff, 0x70, 0x98, 0x38, 0xff,
    0x70, 0x98, 0x40, 0xff, 0x70, 0x98, 0x40, 0xff, 0x70, 0x98, 0x40, 0xff,
    0x70, 0x9c, 0x40, 0xff, 0x68, 0x98, 0x40, 0xff, 0x70, 0x98, 0x40, 0xff,
    0x70, 0x98, 0x40, 0xff, 0x70, 0x98, 0x40, 0xff, 0x68, 0x9c, 0x40, 0xff,
    0x68, 0x98, 0x40, 0xff, 0x70, 0x98, 0x40, 0xff, 0x70, 0x98, 0x40, 0xff,
    0x68, 0x98, 0x38, 0xff, 0x68, 0x98, 0x40, 0xff, 0x70, 0x98, 0x40, 0xff,
    0x70, 0x9c, 0x40, 0xff, 0x70, 0x98, 0x40, 0xff, 0x70, 0x98, 0x40, 0xff,
    0x68, 0x98, 0x40, 0xff, 0x70, 0x98, 0x40, 0xff, 0x70, 0x98, 0x40, 0xff,
    0x70, 0x9c, 0x40, 0xff, 0x70, 0x98, 0x38, 0xff, 0x70, 0x98, 0x40, 0xff,
    0x70, 0x9c, 0x40, 0xff, 0x70, 0x98, 0x40, 0xff, 0x70, 0x9c, 0x40, 0xff,
    0x70, 0x98, 0x40, 0xff, 0x68, 0x9c, 0x38, 0xff, 0x70, 0x98, 0x40, 0xff,
    0x70, 0x9c, 0x40, 0xff, 0x68, 0x9c, 0x40, 0xff, 0x70, 0x98, 0x40, 0xff,
    0x68, 0x98, 0x40, 0xff, 0x68, 0x98, 0x40, 0xff, 0x70, 0x9c, 0x40, 0xff,
    0x70, 0x98, 0x38, 0xff, 0x70, 0x98, 0x40, 0xff, 0x70, 0x98, 0x40, 0xff,
    0x70, 0x9c, 0x38, 0xff, 0x68, 0x98, 0x40, 0xff, 0x70, 0x98, 0x40, 0xff,
    0x70, 0x9c, 0x38, 0xff, 0x70, 0x98, 0x40, 0xff, 0x70, 0x98, 0x40, 0xff,
    0x68, 0x98, 0x40, 0xff, 0x70, 0x9c, 0x38, 0xff, 0x70, 0x98, 0x40, 0xff,
    0x68, 0x9c, 0x40, 0xff, 0x70, 0x98, 0x38, 0xff, 0x70, 0x98, 0x40, 0xff,
    0x70, 0x98, 0x40, 0xff, 0x68, 0x98, 0x38, 0xff, 0x70, 0x98, 0x40, 0xff,
    0x70, 0x98, 0x40, 0xff, 0x70, 0x98, 0x38, 0xff, 0x70, 0x98, 0x40, 0xff,
    0x70, 0x98, 0x40, 0xff, 0x68, 0x98, 0x40, 0xff, 0x70, 0x9c, 0x40, 0xff,
    0x70, 0x98, 0x38, 0xff, 0x68, 0x98, 0x40, 0xff, 0x70, 0x98, 0x40, 0xff,
    0x70, 0x9c, 0x38, 0xff, 0x70, 0x98, 0x40, 0xff, 0x70, 0x98, 0x40, 0xff,
    0x68, 0x9c, 0x40, 0xff, 0x70, 0x98, 0x40, 0xff, 0x70, 0x98, 0x40, 0xff,
    0x70, 0x9c, 0x40, 0xff, 0x70, 0x98, 0x40, 0xff, 0x68, 0x98, 0x38, 0xff,
    0x70, 0x98, 0x40, 0xff, 0x70, 0x9c, 0x40, 0xff, 0x70, 0x98, 0x38, 0xff,
    0x68, 0x98, 0x40, 0xff, 0x70, 0x98, 0x40, 0xff, 0x70, 0x98, 0x40, 0xff,
    0x70, 0x98, 0x38, 0xff, 0x68, 0x9c, 0x40, 0xff, 0x70, 0x98, 0x40, 0xff,
    0x70, 0x98, 0x38, 0xff, 0x68, 0x98, 0x40, 0xff, 0x70, 0x98, 0x38, 0xff,
    0x70, 0x98, 0x38, 0xff, 0x68, 0x9c, 0x40, 0xff, 0x70, 0x98, 0x40, 0xff,
    0x70, 0x98, 0x38, 0xff, 0x70, 0x9c, 0x40, 0xff, 0x70, 0x98, 0x40, 0xff,
    0x70, 0x98, 0x40, 0xff, 0x70, 0x9c, 0x40, 0xff, 0x68, 0x98, 0x40, 0xff,
    0x70, 0x98, 0x40, 0xff, 0x68, 0x98, 0x40, 0xff, 0x70, 0x98, 0x38, 0xff,
    0x68, 0x98, 0x40, 0xff, 0x70, 0x9c, 0x40, 0xff, 0x70, 0x98, 0x38, 0xff,
    0x68, 0x98, 0x40, 0xff, 0x70, 0x98, 0x40, 0xff, 0x70, 0x98, 0x40, 0xff,
    0x68, 0x98, 0x40, 0xff, 0x70, 0x9c, 0x40, 0xff, 0x70, 0x98, 0x38, 0xff,
    0x68, 0x98, 0x40, 0xff, 0x70, 0x98, 0x40, 0xff, 0x68, 0x9c, 0x38, 0xff,
    0x68, 0x98, 0x38, 0xff, 0x70, 0x98, 0x40, 0xff, 0x70, 0x9c, 0x40, 0xff,
    0x70, 0x98, 0x40, 0xff, 0x68, 0x9c, 0x38, 0xff, 0x70, 0x98, 0x40, 0xff,
    0x70, 0x98, 0x40, 0xff, 0x70, 0x9c, 0x40, 0xff, 0x70, 0x98, 0x40, 0xff,
    0x70, 0x98, 0x40, 0xff, 0x68, 0x98, 0x38, 0xff, 0x70, 0x98, 0x40, 0xff,
    0x70, 0x98, 0x40, 0xff, 0x70, 0x9c, 0x40, 0xff, 0x70, 0x98, 0x40, 0xff,
    0x68, 0x98, 0x38, 0xff, 0x70, 0x98, 0x40, 0xff, 0x70, 0x98, 0x40, 0xff,
    0x68, 0x98, 0x38, 0xff, 0x70, 0x98, 0x40, 0xff, 0x70, 0x98, 0x40, 0xff,
    0x68, 0x98, 0x38, 0xff, 0x70, 0x98, 0x40, 0xff, 0x68, 0x9c, 0x38, 0xff,
    0x68, 0x98, 0x38, 0xff, 0x70, 0x98, 0x40, 0xff, 0x70, 0x9c, 0x40, 0xff,
    0x70, 0x98, 0x40, 0xff, 0x68, 0x9c, 0x38, 0xff, 0x70, 0x98, 0x40, 0xff,
    0x70, 0x98, 0x40, 0xff, 0x70, 0x9c, 0x40, 0xff, 0x70, 0x98, 0x40, 0xff,
    0x70, 0x98, 0x40, 0xff, 0x68, 0x98, 0x38, 0xff, 0x70, 0x98, 0x40, 0xff,
    0x70, 0x98, 0x40, 0xff, 0x70, 0x9c, 0x40, 0xff, 0x70, 0x98, 0x40, 0xff,
    0x68, 0x98, 0x38, 0xff, 0x70, 0x98, 0x40, 0xff, 0x70, 0x98, 0x40, 0xff,
    0x68, 0x98, 0x38, 0xff, 0x70, 0x98, 0x40, 0xff, 0x70, 0x98, 0x40, 0xff,
    0x68, 0x98, 0x38, 0xff, 0x70, 0x98, 0x40, 0xff, 0x68, 0x9c, 0x38, 0xff,
    0x68, 0x98, 0x38, 0xff, 0x70, 0x98, 0x40, 0xff, 0x70, 0x9c, 0x40, 0xff,
    0x70, 0x98, 0x40, 0xff, 0x68, 0x9c, 0x38, 0xff, 0x70, 0x98, 0x40, 0xff,
    0x70, 0x98, 0x40, 0xff, 0x70, 0x9c, 0x40, 0xff, 0x70, 0x98, 0x40, 0xff,
    0x70, 0x98, 0x40, 0xff, 0x68, 0x98, 0x38, 0xff, 0x70, 0x98, 0x40, 0xff,
    0x70, 0x98, 0x40, 0xff, 0x70, 0x9c, 0x40, 0xff, 0x70, 0x98, 0x40, 0xff,
    0x68, 0x98, 0x38, 0xff, 0x70, 0x98, 0x40, 0xff, 0x70, 0x98, 0x38, 0xff,
    0x68, 0x98, 0x40, 0xff, 0x70, 0x98, 0x38, 0xff, 0x70, 0x98, 0x40, 0xff,
    0x68, 0x98, 0x40, 0xff, 0x70, 0x98, 0x40, 0xff, 0x68, 0x9c, 0x38, 0xff,
    0x68, 0x98, 0x38, 0xff, 0x70, 0x98, 0x40, 0xff, 0x70, 0x9c, 0x38, 0xff,
    0x70, 0x98, 0x40, 0xff, 0x68, 0x98, 0x38, 0xff, 0x70, 0x9c, 0x40, 0xff,
    0x70, 0x98, 0x40, 0xff, 0x70, 0x98, 0x38, 0xff, 0x70, 0x98, 0x40, 0xff,
    0x68, 0x98, 0x40, 0xff, 0x70, 0x9c, 0x40, 0xff, 0x70, 0x98, 0x40, 0xff,
    0x70, 0x98, 0x40, 0xff, 0x70, 0x98, 0x38, 0xff, 0x68, 0x98, 0x40, 0xff,
    0x70, 0x98, 0x40, 0xff, 0x70, 0x9c, 0x40, 0xff, 0x68, 0x98, 0x40, 0xff,
    0x70, 0x98, 0x38, 0xff, 0x70, 0x9c, 0x40, 0xff, 0x70, 0x9c, 0x38, 0xff,
    0x70, 0x98, 0x40, 0xff, 0x68, 0x98, 0x40, 0xff, 0x70, 0x9c, 0x40, 0xff,
    0x70, 0x98, 0x40, 0xff, 0x68, 0x98, 0x40, 0xff, 0x70, 0x98, 0x38, 0xef,
    0x70, 0x98, 0x38, 0x71, 0x00, 0x00, 0x00, 0x00, 0x00, 0x00, 0x00, 0x00,
    0x00, 0x00, 0x00, 0x00, 0x00, 0x00, 0x00, 0x00, 0x00, 0x00, 0x00, 0x00,
    0x00, 0x00, 0x00, 0x00, 0x00, 0x00, 0x00, 0x00, 0x00, 0x00, 0x00, 0x00,
    0x00, 0x00, 0x00, 0x00, 0x00, 0x00, 0x00, 0x00, 0x00, 0x00, 0x00, 0x00,
    0x00, 0x00, 0x00, 0x00, 0x00, 0x00, 0x00, 0x00, 0x70, 0x98, 0x40, 0x20,
    0x70, 0x98, 0x40, 0x82, 0x70, 0x98, 0x40, 0xdf, 0x68, 0x9c, 0x40, 0xff,
    0x70, 0x98, 0x38, 0xff, 0x68, 0x98, 0x40, 0xff, 0x70, 0x98, 0x40, 0xff,
    0x70, 0x98, 0x40, 0xff, 0x70, 0x98, 0x38, 0xff, 0x70, 0x9c, 0x40, 0xff,
    0x70, 0x98, 0x40, 0xff, 0x70, 0x98, 0x40, 0xff, 0x70, 0x9c, 0x40, 0xff,
    0x68, 0x98, 0x38, 0xff, 0x70, 0x9c, 0x40, 0xff, 0x70, 0x98, 0x38, 0xff,
    0x68, 0x98, 0x38, 0xff, 0x70, 0x9c, 0x40, 0xff, 0x70, 0x98, 0x40, 0xff,
    0x68, 0x98, 0x38, 0xff, 0x70, 0x9c, 0x40, 0xff, 0x70, 0x98, 0x40, 0xff,
    0x70, 0x98, 0x40, 0xff, 0x70, 0x98, 0x38, 0xff, 0x70, 0x9c, 0x40, 0xff,
    0x68, 0x98, 0x40, 0xff, 0x70, 0x98, 0x40, 0xff, 0x70, 0x9c, 0x38, 0xff,
    0x70, 0x98, 0x40, 0xff, 0x68, 0x98, 0x38, 0xff, 0x70, 0x98, 0x40, 0xff,
    0x70, 0x9c, 0x38, 0xff, 0x68, 0x98, 0x40, 0xff, 0x70, 0x98, 0x40, 0xff,
    0x70, 0x9c, 0x40, 0xff, 0x68, 0x98, 0x38, 0xff, 0x70, 0x98, 0x40, 0xff,
    0x68, 0x98, 0x40, 0xff, 0x70, 0x98, 0x38, 0xff, 0x68, 0x98, 0x40, 0xff,
    0x70, 0x98, 0x40, 0xff, 0x70, 0x9c, 0x40, 0xff, 0x70, 0x98, 0x40, 0xff,
    0x70, 0x98, 0x38, 0xff, 0x70, 0x98, 0x40, 0xff, 0x70, 0x98, 0x40, 0xff,
    0x70, 0x98, 0x38, 0xff, 0x70, 0x9c, 0x40, 0xff, 0x70, 0x98, 0x40, 0xff,
    0x68, 0x98, 0x40, 0xff, 0x68, 0x9c, 0x38, 0xff, 0x70, 0x98, 0x40, 0xff,
    0x70, 0x98, 0x40, 0xff, 0x70, 0x98, 0x40, 0xff, 0x70, 0x9c, 0x40, 0xff,
    0x68, 0x98, 0x40, 0xff, 0x70, 0x98, 0x40, 0xff, 0x68, 0x9c, 0x40, 0xff,
    0x70, 0x98, 0x40, 0xff, 0x70, 0x98, 0x38, 0xff, 0x70, 0x98, 0x40, 0xff,
    0x70, 0x98, 0x40, 0xff, 0x68, 0x9c, 0x40, 0xff, 0x70, 0x98, 0x38, 0xff,
    0x70, 0x9c, 0x40, 0xff, 0x70, 0x9c, 0x40, 0xff, 0x70, 0x98, 0x40, 0xff,
    0x68, 0x9c, 0x40, 0xff, 0x70, 0x98, 0x40, 0xff, 0x68, 0x98, 0x38, 0xff,
    0x70, 0x9c, 0x40, 0xff, 0x70, 0x98, 0x40, 0xff, 0x70, 0x98, 0x38, 0xff,
    0x68, 0x98, 0x40, 0xff, 0x70, 0x9c, 0x40, 0xff, 0x70, 0x98, 0x38, 0xff,
    0x68, 0x98, 0x40, 0xff, 0x70, 0x98, 0x40, 0xff, 0x70, 0x98, 0x40, 0xff,
    0x68, 0x98, 0x38, 0xff, 0x70, 0x9c, 0x40, 0xff, 0x70, 0x98, 0x38, 0xff,
    0x68, 0x98, 0x40, 0xff, 0x70, 0x98, 0x40, 0xff, 0x70, 0x9c, 0x38, 0xff,
    0x68, 0x98, 0x40, 0xff, 0x70, 0x98, 0x40, 0xff, 0x70, 0x98, 0x38, 0xff,
    0x70, 0x9c, 0x40, 0xff, 0x70, 0x98, 0x40, 0xff, 0x68, 0x98, 0x40, 0xff,
    0x70, 0x9c, 0x40, 0xff, 0x70, 0x98, 0x40, 0xff, 0x68, 0x98, 0x40, 0xff,
    0x70, 0x9c, 0x38, 0xff, 0x70, 0x98, 0x40, 0xff, 0x70, 0x98, 0x40, 0xff,
    0x70, 0x9c, 0x40, 0xff, 0x68, 0x98, 0x40, 0xff, 0x70, 0x98, 0x40, 0xff,
    0x70, 0x98, 0x38, 0xff, 0x68, 0x9c, 0x40, 0xff, 0x70, 0x98, 0x40, 0xff,
    0x68, 0x98, 0x40, 0xff, 0x70, 0x98, 0x38, 0xff, 0x70, 0x98, 0x40, 0xff,
    0x70, 0x9c, 0x38, 0xff, 0x70, 0x98, 0x40, 0xff, 0x70, 0x98, 0x40, 0xff,
    0x68, 0x9c, 0x40, 0xff, 0x70, 0x98, 0x40, 0xff, 0x70, 0x98, 0x40, 0xff,
    0x70, 0x9c, 0x40, 0xff, 0x70, 0x98, 0x38, 0xff, 0x68, 0x9c, 0x40, 0xff,
    0x70, 0x98, 0x38, 0xff, 0x70, 0x98, 0x40, 0xff, 0x70, 0x98, 0x40, 0xff,
    0x70, 0x9c, 0x40, 0xff, 0x70, 0x98, 0x38, 0xff, 0x70, 0x98, 0x40, 0xff,
    0x70, 0x98, 0x40, 0xff, 0x70, 0x9c, 0x40, 0xff, 0x68, 0x98, 0x38, 0xff,
    0x70, 0x98, 0x40, 0xff, 0x70, 0x9c, 0x40, 0xff, 0x68, 0x98, 0x38, 0xff,
    0x70, 0x98, 0x40, 0xff, 0x70, 0x9c, 0x40, 0xff, 0x68, 0x98, 0x38, 0xff,
    0x70, 0x98, 0x40, 0xff, 0x70, 0x9c, 0x40, 0xff, 0x70, 0x9c, 0x40, 0xff,
    0x68, 0x98, 0x38, 0xff, 0x70, 0x98, 0x40, 0xff, 0x70, 0x98, 0x40, 0xff,
    0x68, 0x98, 0x38, 0xff, 0x70, 0x9c, 0x40, 0xff, 0x70, 0x98, 0x40, 0xff,
    0x68, 0x98, 0x38, 0xff, 0x70, 0x9c, 0x40, 0xff, 0x70, 0x98, 0x40, 0xff,
    0x70, 0x98, 0x40, 0xff, 0x70, 0x9c, 0x40, 0xff, 0x70, 0x98, 0x40, 0xff,
    0x70, 0x98, 0x40, 0xff, 0x70, 0x9c, 0x40, 0xff, 0x68, 0x98, 0x38, 0xff,
    0x70, 0x98, 0x40, 0xff, 0x70, 0x9c, 0x40, 0xff, 0x68, 0x98, 0x38, 0xff,
    0x70, 0x98, 0x40, 0xff, 0x70, 0x9c, 0x40, 0xff, 0x68, 0x98, 0x38, 0xff,
    0x70, 0x98, 0x40, 0xff, 0x70, 0x9c, 0x40, 0xff, 0x70, 0x9c, 0x40, 0xff,
    0x68, 0x98, 0x38, 0xff, 0x70, 0x98, 0x40, 0xff, 0x70, 0x98, 0x40, 0xff,
    0x68, 0x98, 0x38, 0xff, 0x70, 0x9c, 0x40, 0xff, 0x70, 0x98, 0x40, 0xff,
    0x68, 0x98, 0x38, 0xff, 0x70, 0x9c, 0x40, 0xff, 0x70, 0x98, 0x40, 0xff,
    0x70, 0x98, 0x40, 0xff, 0x70, 0x9c, 0x40, 0xff, 0x70, 0x98, 0x40, 0xff,
    0x70, 0x98, 0x40, 0xff, 0x70, 0x9c, 0x40, 0xff, 0x68, 0x98, 0x38, 0xff,
    0x70, 0x98, 0x40, 0xff, 0x70, 0x9c, 0x40, 0xff, 0x68, 0x98, 0x38, 0xff,
    0x70, 0x98, 0x40, 0xff, 0x70, 0x9c, 0x40, 0xff, 0x68, 0x98, 0x38, 0xff,
    0x70, 0x98, 0x40, 0xff, 0x70, 0x9c, 0x40, 0xff, 0x70, 0x9c, 0x40, 0xff,
    0x68, 0x98, 0x38, 0xff, 0x70, 0x98, 0x40, 0xff, 0x70, 0x98, 0x40, 0xff,
    0x68, 0x98, 0x38, 0xff, 0x70, 0x9c, 0x40, 0xff, 0x70, 0x98, 0x40, 0xff,
    0x68, 0x98, 0x40, 0xff, 0x70, 0x9c, 0x38, 0xff, 0x70, 0x98, 0x40, 0xff,
    0x70, 0x98, 0x40, 0xff, 0x70, 0x9c, 0x38, 0xff, 0x70, 0x98, 0x40, 0xff,
    0x70, 0x98, 0x40, 0xff, 0x70, 0x9c, 0x40, 0xff, 0x68, 0x98, 0x40, 0xff,
    0x70, 0x98, 0x40, 0xff, 0x70, 0x98, 0x38, 0xff, 0x70, 0x98, 0x40, 0xff,
    0x70, 0x98, 0x40, 0xff, 0x70, 0x98, 0x38, 0xff, 0x70, 0x9c, 0x40, 0xff,
    0x70, 0x98, 0x40, 0xff, 0x70, 0x98, 0x38, 0xff, 0x68, 0x98, 0x40, 0xff,
    0x70, 0x9c, 0x40, 0xff, 0x70, 0x98, 0x38, 0xff, 0x68, 0x9c, 0x40, 0xff,
    0x70, 0x98, 0x40, 0xff, 0x70, 0x98, 0x38, 0xff, 0x68, 0x98, 0x40, 0xff,
    0x70, 0x9c, 0x40, 0xff, 0x70, 0x98, 0x40, 0xff, 0x68, 0x98, 0x40, 0xff,
    0x70, 0x98, 0x40, 0xff, 0x70, 0x98, 0x38, 0xff, 0x70, 0x9c, 0x40, 0xff,
    0x70, 0x98, 0x40, 0xff, 0x70, 0x98, 0x38, 0xef, 0x70, 0x9c, 0x40, 0x82,
    0x70, 0xa0, 0x40, 0x10, 0x00, 0x00, 0x00, 0x00, 0x00, 0x00, 0x00, 0x00,
    0x00, 0x00, 0x00, 0x00, 0x00, 0x00, 0x00, 0x00, 0x00, 0x00, 0x00, 0x00,
    0x00, 0x00, 0x00, 0x00, 0x00, 0x00, 0x00, 0x00, 0x00, 0x00, 0x00, 0x00,
    0x00, 0x00, 0x00, 0x00, 0x00, 0x00, 0x00, 0x00, 0x00, 0x00, 0x00, 0x00,
    0x00, 0x00, 0x00, 0x00, 0x00, 0x00, 0x00, 0x00, 0x00, 0x00, 0x00, 0x00,
    0x00, 0x00, 0x00, 0x00, 0x00, 0x00, 0x00, 0x00, 0x00, 0x00, 0x00, 0x00,
    0x70, 0x98, 0x40, 0x51, 0x70, 0x98, 0x40, 0x8e, 0x70, 0x98, 0x40, 0xbe,
    0x68, 0x98, 0x40, 0xef, 0x70, 0x98, 0x40, 0xff, 0x68, 0x98, 0x40, 0xff,
    0x68, 0x98, 0x38, 0xff, 0x70, 0x98, 0x40, 0xff, 0x70, 0x98, 0x40, 0xff,
    0x70, 0x98, 0x40, 0xff, 0x70, 0x9c, 0x40, 0xff, 0x68, 0x98, 0x40, 0xff,
    0x70, 0x98, 0x40, 0xff, 0x70, 0x98, 0x40, 0xff, 0x70, 0x98, 0x40, 0xff,
    0x70, 0x98, 0x38, 0xff, 0x70, 0x9c, 0x40, 0xff, 0x68, 0x98, 0x38, 0xff,
    0x70, 0x98, 0x40, 0xff, 0x70, 0x98, 0x40, 0xff, 0x70, 0x9c, 0x38, 0xff,
    0x68, 0x98, 0x40, 0xff, 0x70, 0x98, 0x40, 0xff, 0x70, 0x9c, 0x40, 0xff,
    0x70, 0x98, 0x40, 0xff, 0x70, 0x98, 0x40, 0xff, 0x68, 0x98, 0x40, 0xff,
    0x70, 0x9c, 0x38, 0xff, 0x70, 0x98, 0x40, 0xff, 0x70, 0x98, 0x40, 0xff,
    0x70, 0x9c, 0x38, 0xff, 0x68, 0x98, 0x40, 0xff, 0x70, 0x98, 0x40, 0xff,
    0x70, 0x9c, 0x40, 0xff, 0x70, 0x98, 0x40, 0xff, 0x68, 0x98, 0x38, 0xff,
    0x70, 0x9c, 0x40, 0xff, 0x70, 0x98, 0x38, 0xff, 0x68, 0x98, 0x40, 0xff,
    0x70, 0x98, 0x40, 0xff, 0x68, 0x98, 0x40, 0xff, 0x68, 0x98, 0x38, 0xff,
    0x70, 0x98, 0x40, 0xff, 0x70, 0x9c, 0x40, 0xff, 0x70, 0x98, 0x38, 0xff,
    0x70, 0x98, 0x40, 0xff, 0x70, 0x98, 0x40, 0xff, 0x70, 0x98, 0x40, 0xff,
    0x68, 0x9c, 0x38, 0xff, 0x70, 0x98, 0x40, 0xff, 0x70, 0x98, 0x38, 0xff,
    0x68, 0x98, 0x40, 0xff, 0x70, 0x98, 0x38, 0xff, 0x70, 0x98, 0x40, 0xff,
    0x70, 0x9c, 0x40, 0xff, 0x68, 0x98, 0x38, 0xff, 0x70, 0x98, 0x40, 0xff,
    0x70, 0x9c, 0x40, 0xff, 0x68, 0x98, 0x40, 0xff, 0x70, 0x98, 0x40, 0xff,
    0x70, 0x98, 0x40, 0xff, 0x68, 0x98, 0x38, 0xff, 0x70, 0x98, 0x40, 0xff,
    0x70, 0x98, 0x38, 0xff, 0x70, 0x9c, 0x40, 0xff, 0x70, 0x98, 0x40, 0xff,
    0x70, 0x98, 0x40, 0xff, 0x68, 0x9c, 0x40, 0xff, 0x70, 0x98, 0x38, 0xff,
    0x70, 0x98, 0x40, 0xff, 0x70, 0x98, 0x40, 0xff, 0x70, 0x9c, 0x40, 0xff,
    0x70, 0x98, 0x40, 0xff, 0x68, 0x98, 0x38, 0xff, 0x70, 0x9c, 0x40, 0xff,
    0x70, 0x98, 0x40, 0xff, 0x70, 0x98, 0x40, 0xff, 0x70, 0x98, 0x38, 0xff,
    0x70, 0x98, 0x40, 0xff, 0x68, 0x98, 0x40, 0xff, 0x70, 0x98, 0x38, 0xff,
    0x70, 0x98, 0x40, 0xff, 0x70, 0x9c, 0x40, 0xff, 0x68, 0x98, 0x40, 0xff,
    0x70, 0x98, 0x40, 0xff, 0x70, 0x98, 0x40, 0xff, 0x68, 0x9c, 0x38, 0xff,
    0x70, 0x98, 0x38, 0xff, 0x70, 0x98, 0x40, 0xff, 0x70, 0x98, 0x40, 0xff,
    0x70, 0x98, 0x38, 0xff, 0x68, 0x98, 0x40, 0xff, 0x70, 0x9c, 0x40, 0xff,
    0x70, 0x98, 0x40, 0xff, 0x68, 0x98, 0x38, 0xff, 0x70, 0x9c, 0x40, 0xff,
    0x70, 0x98, 0x40, 0xff, 0x70, 0x98, 0x40, 0xff, 0x70, 0x98, 0x40, 0xff,
    0x68, 0x9c, 0x38, 0xff, 0x70, 0x98, 0x40, 0xff, 0x70, 0x98, 0x40, 0xff,
    0x68, 0x9c, 0x38, 0xff, 0x70, 0x98, 0x40, 0xff, 0x70, 0x98, 0x40, 0xff,
    0x70, 0x9c, 0x38, 0xff, 0x70, 0x98, 0x40, 0xff, 0x70, 0x98, 0x38, 0xff,
    0x68, 0x98, 0x40, 0xff, 0x70, 0x98, 0x40, 0xff, 0x70, 0x98, 0x40, 0xff,
    0x70, 0x9c, 0x40, 0xff, 0x68, 0x98, 0x38, 0xff, 0x70, 0x98, 0x40, 0xff,
    0x70, 0x98, 0x40, 0xff, 0x68, 0x98, 0x38, 0xff, 0x70, 0x9c, 0x40, 0xff,
    0x70, 0x98, 0x40, 0xff, 0x70, 0x98, 0x40, 0xff, 0x70, 0x98, 0x40, 0xff,
    0x70, 0x98, 0x40, 0xff, 0x68, 0x98, 0x38, 0xff, 0x70, 0x98, 0x40, 0xff,
    0x70, 0x98, 0x40, 0xff, 0x70, 0x98, 0x40, 0xff, 0x70, 0x98, 0x40, 0xff,
    0x68, 0x98, 0x38, 0xff, 0x70, 0x98, 0x40, 0xff, 0x70, 0x98, 0x40, 0xff,
    0x70, 0x98, 0x40, 0xff, 0x68, 0x9c, 0x38, 0xff, 0x70, 0x98, 0x40, 0xff,
    0x70, 0x98, 0x40, 0xff, 0x70, 0x9c, 0x40, 0xff, 0x70, 0x98, 0x40, 0xff,
    0x70, 0x98, 0x40, 0xff, 0x70, 0x9c, 0x40, 0xff, 0x70, 0x98, 0x40, 0xff,
    0x68, 0x98, 0x38, 0xff, 0x70, 0x9c, 0x40, 0xff, 0x70, 0x98, 0x40, 0xff,
    0x68, 0x98, 0x38, 0xff, 0x70, 0x98, 0x40, 0xff, 0x70, 0x98, 0x40, 0xff,
    0x70, 0x98, 0x40, 0xff, 0x70, 0x98, 0x40, 0xff, 0x70, 0x98, 0x40, 0xff,
    0x70, 0x98, 0x40, 0xff, 0x70, 0x98, 0x40, 0xff, 0x70, 0x98, 0x40, 0xff,
    0x68, 0x98, 0x38, 0xff, 0x70, 0x98, 0x40, 0xff, 0x70, 0x98, 0x40, 0xff,
    0x70, 0x98, 0x40, 0xff, 0x68, 0x9c, 0x38, 0xff, 0x70, 0x98, 0x40, 0xff,
    0x70, 0x98, 0x40, 0xff, 0x70, 0x9c, 0x40, 0xff, 0x70, 0x98, 0x40, 0xff,
    0x70, 0x98, 0x40, 0xff, 0x70, 0x9c, 0x40, 0xff, 0x70, 0x98, 0x40, 0xff,
    0x68, 0x98, 0x38, 0xff, 0x70, 0x9c, 0x40, 0xff, 0x70, 0x98, 0x40, 0xff,
    0x68, 0x98, 0x38, 0xff, 0x70, 0x98, 0x40, 0xff, 0x70, 0x98, 0x40, 0xff,
    0x70, 0x98, 0x40, 0xff, 0x70, 0x98, 0x40, 0xff, 0x70, 0x98, 0x40, 0xff,
    0x70, 0x98, 0x40, 0xff, 0x70, 0x98, 0x40, 0xff, 0x70, 0x98, 0x40, 0xff,
    0x68, 0x98, 0x38, 0xff, 0x70, 0x98, 0x40, 0xff, 0x70, 0x98, 0x40, 0xff,
    0x70, 0x98, 0x40, 0xff, 0x68, 0x9c, 0x38, 0xff, 0x70, 0x98, 0x40, 0xff,
    0x70, 0x98, 0x40, 0xff, 0x70, 0x9c, 0x40, 0xff, 0x70, 0x98, 0x40, 0xff,
    0x70, 0x98, 0x40, 0xff, 0x70, 0x9c, 0x40, 0xff, 0x70, 0x98, 0x40, 0xff,
    0x68, 0x98, 0x40, 0xff, 0x70, 0x9c, 0x40, 0xff, 0x70, 0x98, 0x40, 0xff,
    0x68, 0x98, 0x38, 0xff, 0x70, 0x98, 0x40, 0xff, 0x70, 0x98, 0x40, 0xff,
    0x70, 0x98, 0x40, 0xff, 0x68, 0x9c, 0x40, 0xff, 0x70, 0x98, 0x40, 0xff,
    0x68, 0x9c, 0x40, 0xff, 0x68, 0x98, 0x40, 0xff, 0x70, 0x98, 0x40, 0xff,
    0x68, 0x9c, 0x40, 0xff, 0x70, 0x98, 0x40, 0xff, 0x70, 0x98, 0x38, 0xff,
    0x68, 0x98, 0x40, 0xff, 0x70, 0x98, 0x40, 0xff, 0x70, 0x98, 0x40, 0xff,
    0x70, 0x9c, 0x40, 0xff, 0x70, 0x98, 0x38, 0xff, 0x70, 0x98, 0x40, 0xff,
    0x70, 0x9c, 0x38, 0xff, 0x70, 0x98, 0x40, 0xff, 0x70, 0x98, 0x40, 0xff,
    0x68, 0x98, 0x38, 0xff, 0x70, 0x98, 0x40, 0xef, 0x70, 0x9c, 0x40, 0xcf,
    0x68, 0x98, 0x40, 0x8e, 0x70, 0x98, 0x40, 0x41, 0x70, 0xa0, 0x40, 0x10,
    0x00, 0x00, 0x00, 0x00, 0x00, 0x00, 0x00, 0x00, 0x00, 0x00, 0x00, 0x00,
    0x00, 0x00, 0x00, 0x00, 0x00, 0x00, 0x00, 0x00, 0x00, 0x00, 0x00, 0x00,
    0x00, 0x00, 0x00, 0x00, 0x00, 0x00, 0x00, 0x00, 0x00, 0x00, 0x00, 0x00
};
