// 4.26.0 0x4807fca8 D2 AY R0 FARGB8888 U565 N0 SExtFlashSection
// Generated by imageconverter. Please, do not edit!

#include <touchgfx/hal/Config.hpp>

LOCATION_PRAGMA_32("ExtFlashSection")
KEEP extern const unsigned char image_ip_bg[] LOCATION_ATTRIBUTE_32("ExtFlashSection") = { // 80x51 ARGB8888 pixels.
    0x00, 0x00, 0x00, 0x00, 0x00, 0x00, 0x00, 0x00, 0x00, 0x00, 0x00, 0x00,
    0x00, 0x00, 0x00, 0x00, 0x10, 0x10, 0x10, 0x10, 0x18, 0x18, 0x18, 0x61,
    0x18, 0x18, 0x18, 0x8e, 0x18, 0x18, 0x18, 0xae, 0x18, 0x18, 0x18, 0xdf,
    0x18, 0x18, 0x18, 0xdf, 0x18, 0x18, 0x18, 0xff, 0x18, 0x18, 0x18, 0xff,
    0x18, 0x1c, 0x18, 0xff, 0x18, 0x18, 0x18, 0xff, 0x18, 0x18, 0x18, 0xff,
    0x18, 0x1c, 0x18, 0xff, 0x18, 0x18, 0x18, 0xff, 0x18, 0x18, 0x18, 0xff,
    0x18, 0x1c, 0x18, 0xff, 0x18, 0x18, 0x18, 0xff, 0x18, 0x18, 0x18, 0xff,
    0x18, 0x1c, 0x18, 0xff, 0x18, 0x18, 0x18, 0xff, 0x18, 0x18, 0x18, 0xff,
    0x18, 0x1c, 0x18, 0xff, 0x18, 0x18, 0x18, 0xff, 0x18, 0x18, 0x18, 0xff,
    0x18, 0x1c, 0x18, 0xff, 0x18, 0x18, 0x18, 0xff, 0x18, 0x18, 0x18, 0xff,
    0x18, 0x1c, 0x18, 0xff, 0x18, 0x18, 0x18, 0xff, 0x18, 0x18, 0x18, 0xff,
    0x18, 0x1c, 0x18, 0xff, 0x18, 0x18, 0x18, 0xff, 0x18, 0x18, 0x18, 0xff,
    0x18, 0x1c, 0x18, 0xff, 0x18, 0x18, 0x18, 0xff, 0x18, 0x18, 0x18, 0xff,
    0x18, 0x1c, 0x18, 0xff, 0x18, 0x18, 0x18, 0xff, 0x18, 0x18, 0x18, 0xff,
    0x18, 0x1c, 0x18, 0xff, 0x18, 0x18, 0x18, 0xff, 0x18, 0x18, 0x18, 0xff,
    0x18, 0x1c, 0x18, 0xff, 0x18, 0x18, 0x18, 0xff, 0x18, 0x18, 0x18, 0xff,
    0x18, 0x1c, 0x18, 0xff, 0x18, 0x18, 0x18, 0xff, 0x18, 0x18, 0x18, 0xff,
    0x18, 0x1c, 0x18, 0xff, 0x18, 0x18, 0x18, 0xff, 0x18, 0x18, 0x18, 0xff,
    0x18, 0x1c, 0x18, 0xff, 0x18, 0x18, 0x18, 0xff, 0x18, 0x18, 0x18, 0xff,
    0x18, 0x1c, 0x18, 0xff, 0x18, 0x18, 0x18, 0xff, 0x18, 0x18, 0x18, 0xff,
    0x18, 0x1c, 0x18, 0xff, 0x18, 0x18, 0x18, 0xff, 0x18, 0x18, 0x18, 0xff,
    0x18, 0x1c, 0x18, 0xff, 0x18, 0x18, 0x18, 0xff, 0x18, 0x18, 0x18, 0xff,
    0x18, 0x1c, 0x18, 0xff, 0x18, 0x18, 0x18, 0xff, 0x18, 0x18, 0x18, 0xff,
    0x18, 0x1c, 0x18, 0xff, 0x18, 0x18, 0x18, 0xdf, 0x18, 0x18, 0x18, 0xcf,
    0x18, 0x18, 0x18, 0xbe, 0x18, 0x18, 0x18, 0x8e, 0x18, 0x18, 0x18, 0x61,
    0x18, 0x18, 0x18, 0x20, 0x00, 0x00, 0x00, 0x00, 0x00, 0x00, 0x00, 0x00,
    0x00, 0x00, 0x00, 0x00, 0x00, 0x00, 0x00, 0x00, 0x00, 0x00, 0x00, 0x00,
    0x00, 0x00, 0x00, 0x00, 0x10, 0x10, 0x10, 0x10, 0x18, 0x18, 0x18, 0x7d,
    0x18, 0x18, 0x18, 0xef, 0x18, 0x18, 0x18, 0xff, 0x18, 0x1c, 0x18, 0xff,
    0x18, 0x1c, 0x18, 0xff, 0x18, 0x18, 0x18, 0xff, 0x18, 0x1c, 0x18, 0xff,
    0x18, 0x1c, 0x18, 0xff, 0x18, 0x18, 0x18, 0xff, 0x18, 0x1c, 0x18, 0xff,
    0x18, 0x1c, 0x18, 0xff, 0x18, 0x18, 0x18, 0xff, 0x18, 0x1c, 0x18, 0xff,
    0x18, 0x18, 0x18, 0xff, 0x18, 0x1c, 0x18, 0xff, 0x18, 0x1c, 0x18, 0xff,
    0x18, 0x18, 0x18, 0xff, 0x18, 0x1c, 0x18, 0xff, 0x18, 0x18, 0x18, 0xff,
    0x18, 0x1c, 0x18, 0xff, 0x18, 0x18, 0x18, 0xff, 0x18, 0x1c, 0x18, 0xff,
    0x18, 0x18, 0x18, 0xff, 0x18, 0x1c, 0x18, 0xff, 0x18, 0x1c, 0x18, 0xff,
    0x18, 0x18, 0x18, 0xff, 0x18, 0x1c, 0x18, 0xff, 0x18, 0x18, 0x18, 0xff,
    0x18, 0x1c, 0x18, 0xff, 0x18, 0x18, 0x18, 0xff, 0x18, 0x1c, 0x18, 0xff,
    0x18, 0x18, 0x18, 0xff, 0x18, 0x1c, 0x18, 0xff, 0x18, 0x1c, 0x18, 0xff,
    0x18, 0x18, 0x18, 0xff, 0x18, 0x1c, 0x18, 0xff, 0x18, 0x18, 0x18, 0xff,
    0x18, 0x1c, 0x18, 0xff, 0x18, 0x18, 0x18, 0xff, 0x18, 0x1c, 0x18, 0xff,
    0x18, 0x18, 0x18, 0xff, 0x18, 0x1c, 0x18, 0xff, 0x18, 0x1c, 0x18, 0xff,
    0x18, 0x18, 0x18, 0xff, 0x18, 0x1c, 0x18, 0xff, 0x18, 0x18, 0x18, 0xff,
    0x18, 0x1c, 0x18, 0xff, 0x18, 0x18, 0x18, 0xff, 0x18, 0x1c, 0x18, 0xff,
    0x18, 0x18, 0x18, 0xff, 0x18, 0x1c, 0x18, 0xff, 0x18, 0x1c, 0x18, 0xff,
    0x18, 0x18, 0x18, 0xff, 0x18, 0x1c, 0x18, 0xff, 0x18, 0x18, 0x18, 0xff,
    0x18, 0x1c, 0x18, 0xff, 0x18, 0x18, 0x18, 0xff, 0x18, 0x1c, 0x18, 0xff,
    0x18, 0x18, 0x18, 0xff, 0x18, 0x1c, 0x18, 0xff, 0x18, 0x1c, 0x18, 0xff,
    0x18, 0x18, 0x18, 0xff, 0x18, 0x1c, 0x18, 0xff, 0x18, 0x18, 0x18, 0xff,
    0x18, 0x1c, 0x18, 0xff, 0x18, 0x18, 0x18, 0xff, 0x18, 0x1c, 0x18, 0xff,
    0x18, 0x18, 0x18, 0xff, 0x18, 0x1c, 0x18, 0xff, 0x18, 0x1c, 0x18, 0xff,
    0x18, 0x18, 0x18, 0xff, 0x18, 0x18, 0x18, 0xff, 0x18, 0x1c, 0x18, 0xff,
    0x18, 0x18, 0x18, 0x8e, 0x00, 0x00, 0x00, 0x00, 0x00, 0x00, 0x00, 0x00,
    0x00, 0x00, 0x00, 0x00, 0x00, 0x00, 0x00, 0x00, 0x00, 0x00, 0x00, 0x00,
    0x18, 0x18, 0x18, 0xcf, 0x18, 0x1c, 0x18, 0xff, 0x18, 0x18, 0x18, 0xff,
    0x18, 0x1c, 0x18, 0xff, 0x18, 0x18, 0x18, 0xff, 0x18, 0x1c, 0x20, 0xff,
    0x18, 0x18, 0x18, 0xff, 0x18, 0x1c, 0x18, 0xff, 0x18, 0x1c, 0x20, 0xff,
    0x18, 0x18, 0x20, 0xff, 0x18, 0x18, 0x18, 0xff, 0x18, 0x1c, 0x20, 0xff,
    0x18, 0x18, 0x20, 0xff, 0x18, 0x1c, 0x18, 0xff, 0x18, 0x18, 0x20, 0xff,
    0x18, 0x18, 0x20, 0xff, 0x18, 0x1c, 0x18, 0xff, 0x18, 0x18, 0x20, 0xff,
    0x18, 0x1c, 0x20, 0xff, 0x18, 0x1c, 0x18, 0xff, 0x18, 0x18, 0x20, 0xff,
    0x18, 0x1c, 0x20, 0xff, 0x18, 0x18, 0x18, 0xff, 0x18, 0x1c, 0x20, 0xff,
    0x18, 0x18, 0x20, 0xff, 0x18, 0x18, 0x18, 0xff, 0x18, 0x1c, 0x20, 0xff,
    0x18, 0x18, 0x20, 0xff, 0x18, 0x1c, 0x18, 0xff, 0x18, 0x18, 0x20, 0xff,
    0x18, 0x1c, 0x20, 0xff, 0x18, 0x18, 0x18, 0xff, 0x18, 0x1c, 0x20, 0xff,
    0x18, 0x18, 0x20, 0xff, 0x18, 0x18, 0x18, 0xff, 0x18, 0x1c, 0x20, 0xff,
    0x18, 0x18, 0x20, 0xff, 0x18, 0x1c, 0x18, 0xff, 0x18, 0x18, 0x20, 0xff,
    0x18, 0x1c, 0x20, 0xff, 0x18, 0x18, 0x18, 0xff, 0x18, 0x1c, 0x20, 0xff,
    0x18, 0x18, 0x20, 0xff, 0x18, 0x18, 0x18, 0xff, 0x18, 0x1c, 0x20, 0xff,
    0x18, 0x18, 0x20, 0xff, 0x18, 0x1c, 0x18, 0xff, 0x18, 0x18, 0x20, 0xff,
    0x18, 0x1c, 0x20, 0xff, 0x18, 0x18, 0x18, 0xff, 0x18, 0x1c, 0x20, 0xff,
    0x18, 0x18, 0x20, 0xff, 0x18, 0x18, 0x18, 0xff, 0x18, 0x1c, 0x20, 0xff,
    0x18, 0x18, 0x20, 0xff, 0x18, 0x1c, 0x18, 0xff, 0x18, 0x18, 0x20, 0xff,
    0x18, 0x1c, 0x20, 0xff, 0x18, 0x18, 0x18, 0xff, 0x18, 0x1c, 0x20, 0xff,
    0x18, 0x18, 0x20, 0xff, 0x18, 0x18, 0x18, 0xff, 0x18, 0x1c, 0x20, 0xff,
    0x18, 0x18, 0x20, 0xff, 0x18, 0x1c, 0x18, 0xff, 0x18, 0x18, 0x20, 0xff,
    0x18, 0x1c, 0x20, 0xff, 0x18, 0x18, 0x18, 0xff, 0x18, 0x18, 0x20, 0xff,
    0x18, 0x1c, 0x18, 0xff, 0x18, 0x1c, 0x18, 0xff, 0x18, 0x18, 0x20, 0xff,
    0x18, 0x1c, 0x18, 0xff, 0x18, 0x18, 0x18, 0xff, 0x18, 0x18, 0x18, 0xff,
    0x18, 0x18, 0x18, 0xcf, 0x10, 0x10, 0x10, 0x10, 0x00, 0x00, 0x00, 0x00,
    0x00, 0x00, 0x00, 0x00, 0x18, 0x18, 0x18, 0x8e, 0x18, 0x18, 0x18, 0xff,
    0x18, 0x1c, 0x18, 0xff, 0x18, 0x1c, 0x20, 0xff, 0x18, 0x18, 0x18, 0xff,
    0x18, 0x1c, 0x18, 0xff, 0x18, 0x18, 0x20, 0xff, 0x18, 0x18, 0x18, 0xff,
    0x18, 0x18, 0x18, 0xff, 0x18, 0x1c, 0x18, 0xff, 0x18, 0x18, 0x18, 0xff,
    0x18, 0x1c, 0x18, 0xff, 0x18, 0x18, 0x18, 0xff, 0x18, 0x1c, 0x18, 0xff,
    0x18, 0x18, 0x18, 0xff, 0x18, 0x1c, 0x18, 0xff, 0x18, 0x1c, 0x18, 0xff,
    0x18, 0x18, 0x18, 0xff, 0x18, 0x18, 0x18, 0xff, 0x18, 0x1c, 0x18, 0xff,
    0x18, 0x18, 0x18, 0xff, 0x18, 0x18, 0x18, 0xff, 0x18, 0x1c, 0x18, 0xff,
    0x18, 0x1c, 0x18, 0xff, 0x18, 0x18, 0x18, 0xff, 0x18, 0x1c, 0x18, 0xff,
    0x18, 0x18, 0x18, 0xff, 0x18, 0x1c, 0x18, 0xff, 0x18, 0x1c, 0x18, 0xff,
    0x18, 0x18, 0x18, 0xff, 0x18, 0x1c, 0x18, 0xff, 0x18, 0x18, 0x18, 0xff,
    0x18, 0x1c, 0x18, 0xff, 0x18, 0x1c, 0x18, 0xff, 0x18, 0x18, 0x18, 0xff,
    0x18, 0x1c, 0x18, 0xff, 0x18, 0x18, 0x18, 0xff, 0x18, 0x1c, 0x18, 0xff,
    0x18, 0x18, 0x18, 0xff, 0x18, 0x1c, 0x18, 0xff, 0x18, 0x18, 0x18, 0xff,
    0x18, 0x1c, 0x18, 0xff, 0x18, 0x1c, 0x18, 0xff, 0x18, 0x18, 0x18, 0xff,
    0x18, 0x1c, 0x18, 0xff, 0x18, 0x18, 0x18, 0xff, 0x18, 0x1c, 0x18, 0xff,
    0x18, 0x18, 0x18, 0xff, 0x18, 0x1c, 0x18, 0xff, 0x18, 0x18, 0x18, 0xff,
    0x18, 0x1c, 0x18, 0xff, 0x18, 0x1c, 0x18, 0xff, 0x18, 0x18, 0x18, 0xff,
    0x18, 0x1c, 0x18, 0xff, 0x18, 0x18, 0x18, 0xff, 0x18, 0x1c, 0x18, 0xff,
    0x18, 0x18, 0x18, 0xff, 0x18, 0x1c, 0x18, 0xff, 0x18, 0x18, 0x18, 0xff,
    0x18, 0x1c, 0x18, 0xff, 0x18, 0x1c, 0x18, 0xff, 0x18, 0x18, 0x18, 0xff,
    0x18, 0x1c, 0x18, 0xff, 0x18, 0x18, 0x18, 0xff, 0x18, 0x1c, 0x18, 0xff,
    0x18, 0x18, 0x18, 0xff, 0x18, 0x1c, 0x18, 0xff, 0x18, 0x1c, 0x18, 0xff,
    0x18, 0x18, 0x18, 0xff, 0x18, 0x1c, 0x18, 0xff, 0x18, 0x18, 0x20, 0xff,
    0x18, 0x18, 0x18, 0xff, 0x18, 0x1c, 0x18, 0xff, 0x18, 0x1c, 0x20, 0xff,
    0x18, 0x1c, 0x18, 0xff, 0x18, 0x18, 0x18, 0xff, 0x18, 0x1c, 0x18, 0xff,
    0x18, 0x1c, 0x18, 0x82, 0x00, 0x00, 0x00, 0x00, 0x18, 0x18, 0x18, 0x20,
    0x18, 0x18, 0x18, 0xff, 0x18, 0x1c, 0x18, 0xff, 0x18, 0x18, 0x18, 0xff,
    0x18, 0x18, 0x20, 0xff, 0x18, 0x1c, 0x18, 0xff, 0x18, 0x1c, 0x18, 0xff,
    0x18, 0x18, 0x18, 0xff, 0x18, 0x1c, 0x20, 0xff, 0x18, 0x1c, 0x18, 0xff,
    0x18, 0x18, 0x18, 0xff, 0x18, 0x1c, 0x20, 0xff, 0x18, 0x18, 0x18, 0xff,
    0x18, 0x1c, 0x18, 0xff, 0x18, 0x18, 0x18, 0xff, 0x18, 0x1c, 0x20, 0xff,
    0x18, 0x18, 0x18, 0xff, 0x18, 0x1c, 0x18, 0xff, 0x18, 0x18, 0x20, 0xff,
    0x18, 0x1c, 0x18, 0xff, 0x18, 0x1c, 0x18, 0xff, 0x18, 0x18, 0x20, 0xff,
    0x18, 0x18, 0x18, 0xff, 0x18, 0x1c, 0x18, 0xff, 0x18, 0x18, 0x20, 0xff,
    0x18, 0x18, 0x18, 0xff, 0x18, 0x1c, 0x18, 0xff, 0x18, 0x1c, 0x20, 0xff,
    0x18, 0x18, 0x18, 0xff, 0x18, 0x18, 0x18, 0xff, 0x18, 0x1c, 0x20, 0xff,
    0x18, 0x18, 0x18, 0xff, 0x18, 0x18, 0x18, 0xff, 0x18, 0x1c, 0x20, 0xff,
    0x18, 0x18, 0x18, 0xff, 0x18, 0x1c, 0x18, 0xff, 0x18, 0x18, 0x20, 0xff,
    0x18, 0x1c, 0x18, 0xff, 0x18, 0x18, 0x18, 0xff, 0x18, 0x1c, 0x20, 0xff,
    0x18, 0x18, 0x18, 0xff, 0x18, 0x1c, 0x18, 0xff, 0x18, 0x18, 0x20, 0xff,
    0x18, 0x18, 0x18, 0xff, 0x18, 0x1c, 0x18, 0xff, 0x18, 0x1c, 0x20, 0xff,
    0x18, 0x18, 0x18, 0xff, 0x18, 0x1c, 0x18, 0xff, 0x18, 0x1c, 0x20, 0xff,
    0x18, 0x18, 0x18, 0xff, 0x18, 0x18, 0x18, 0xff, 0x18, 0x1c, 0x20, 0xff,
    0x18, 0x18, 0x18, 0xff, 0x18, 0x1c, 0x18, 0xff, 0x18, 0x18, 0x20, 0xff,
    0x18, 0x1c, 0x18, 0xff, 0x18, 0x18, 0x18, 0xff, 0x18, 0x1c, 0x20, 0xff,
    0x18, 0x18, 0x18, 0xff, 0x18, 0x1c, 0x18, 0xff, 0x18, 0x18, 0x20, 0xff,
    0x18, 0x18, 0x18, 0xff, 0x18, 0x1c, 0x18, 0xff, 0x18, 0x1c, 0x20, 0xff,
    0x18, 0x18, 0x18, 0xff, 0x18, 0x1c, 0x18, 0xff, 0x18, 0x18, 0x20, 0xff,
    0x18, 0x18, 0x18, 0xff, 0x18, 0x1c, 0x18, 0xff, 0x18, 0x1c, 0x18, 0xff,
    0x18, 0x18, 0x18, 0xff, 0x18, 0x1c, 0x20, 0xff, 0x18, 0x18, 0x18, 0xff,
    0x18, 0x18, 0x18, 0xff, 0x18, 0x1c, 0x18, 0xff, 0x18, 0x18, 0x20, 0xff,
    0x18, 0x1c, 0x18, 0xff, 0x18, 0x18, 0x20, 0xff, 0x18, 0x18, 0x18, 0xef,
    0x10, 0x10, 0x10, 0x10, 0x18, 0x18, 0x18, 0x61, 0x18, 0x1c, 0x18, 0xff,
    0x18, 0x18, 0x18, 0xff, 0x18, 0x1c, 0x20, 0xff, 0x18, 0x18, 0x18, 0xff,
    0x18, 0x18, 0x18, 0xff, 0x18, 0x1c, 0x18, 0xff, 0x18, 0x18, 0x18, 0xff,
    0x18, 0x1c, 0x18, 0xff, 0x18, 0x18, 0x20, 0xff, 0x18, 0x1c, 0x18, 0xff,
    0x18, 0x18, 0x18, 0xff, 0x18, 0x1c, 0x20, 0xff, 0x18, 0x18, 0x18, 0xff,
    0x18, 0x1c, 0x18, 0xff, 0x18, 0x18, 0x20, 0xff, 0x18, 0x1c, 0x18, 0xff,
    0x18, 0x18, 0x18, 0xff, 0x18, 0x1c, 0x20, 0xff, 0x18, 0x18, 0x18, 0xff,
    0x18, 0x1c, 0x18, 0xff, 0x18, 0x1c, 0x20, 0xff, 0x18, 0x18, 0x18, 0xff,
    0x18, 0x1c, 0x18, 0xff, 0x18, 0x1c, 0x20, 0xff, 0x18, 0x18, 0x18, 0xff,
    0x18, 0x18, 0x18, 0xff, 0x18, 0x1c, 0x20, 0xff, 0x18, 0x18, 0x18, 0xff,
    0x18, 0x1c, 0x18, 0xff, 0x18, 0x1c, 0x20, 0xff, 0x18, 0x18, 0x18, 0xff,
    0x18, 0x1c, 0x18, 0xff, 0x18, 0x18, 0x20, 0xff, 0x18, 0x18, 0x18, 0xff,
    0x18, 0x1c, 0x18, 0xff, 0x18, 0x1c, 0x20, 0xff, 0x18, 0x18, 0x18, 0xff,
    0x18, 0x1c, 0x18, 0xff, 0x18, 0x18, 0x20, 0xff, 0x18, 0x1c, 0x18, 0xff,
    0x18, 0x1c, 0x18, 0xff, 0x18, 0x18, 0x20, 0xff, 0x18, 0x18, 0x18, 0xff,
    0x18, 0x1c, 0x18, 0xff, 0x18, 0x18, 0x20, 0xff, 0x18, 0x18, 0x18, 0xff,
    0x18, 0x1c, 0x18, 0xff, 0x18, 0x18, 0x20, 0xff, 0x18, 0x1c, 0x18, 0xff,
    0x18, 0x1c, 0x18, 0xff, 0x18, 0x18, 0x20, 0xff, 0x18, 0x18, 0x18, 0xff,
    0x18, 0x1c, 0x18, 0xff, 0x18, 0x1c, 0x20, 0xff, 0x18, 0x18, 0x18, 0xff,
    0x18, 0x1c, 0x18, 0xff, 0x18, 0x18, 0x20, 0xff, 0x18, 0x1c, 0x18, 0xff,
    0x18, 0x1c, 0x18, 0xff, 0x18, 0x18, 0x20, 0xff, 0x18, 0x18, 0x18, 0xff,
    0x18, 0x1c, 0x18, 0xff, 0x18, 0x18, 0x20, 0xff, 0x18, 0x18, 0x18, 0xff,
    0x18, 0x1c, 0x18, 0xff, 0x18, 0x1c, 0x20, 0xff, 0x18, 0x18, 0x18, 0xff,
    0x18, 0x18, 0x20, 0xff, 0x18, 0x1c, 0x18, 0xff, 0x18, 0x18, 0x18, 0xff,
    0x18, 0x1c, 0x18, 0xff, 0x18, 0x1c, 0x18, 0xff, 0x18, 0x18, 0x18, 0xff,
    0x18, 0x18, 0x20, 0xff, 0x18, 0x1c, 0x18, 0xff, 0x18, 0x18, 0x18, 0xff,
    0x18, 0x1c, 0x18, 0xff, 0x18, 0x18, 0x18, 0xff, 0x18, 0x1c, 0x20, 0x61,
    0x18, 0x1c, 0x18, 0x8e, 0x18, 0x18, 0x18, 0xff, 0x18, 0x1c, 0x20, 0xff,
    0x18, 0x1c, 0x18, 0xff, 0x18, 0x18, 0x18, 0xff, 0x18, 0x1c, 0x20, 0xff,
    0x18, 0x18, 0x18, 0xff, 0x18, 0x1c, 0x18, 0xff, 0x18, 0x18, 0x20, 0xff,
    0x18, 0x1c, 0x18, 0xff, 0x18, 0x18, 0x18, 0xff, 0x18, 0x1c, 0x18, 0xff,
    0x18, 0x18, 0x18, 0xff, 0x18, 0x1c, 0x20, 0xff, 0x18, 0x18, 0x18, 0xff,
    0x18, 0x1c, 0x18, 0xff, 0x18, 0x18, 0x18, 0xff, 0x18, 0x1c, 0x18, 0xff,
    0x18, 0x18, 0x18, 0xff, 0x18, 0x18, 0x18, 0xff, 0x18, 0x18, 0x18, 0xff,
    0x18, 0x1c, 0x18, 0xff, 0x18, 0x18, 0x18, 0xff, 0x18, 0x18, 0x18, 0xff,
    0x18, 0x1c, 0x18, 0xff, 0x18, 0x1c, 0x18, 0xff, 0x18, 0x18, 0x18, 0xff,
    0x18, 0x1c, 0x18, 0xff, 0x18, 0x18, 0x18, 0xff, 0x18, 0x18, 0x18, 0xff,
    0x18, 0x1c, 0x18, 0xff, 0x18, 0x1c, 0x18, 0xff, 0x18, 0x18, 0x18, 0xff,
    0x18, 0x1c, 0x18, 0xff, 0x18, 0x1c, 0x18, 0xff, 0x18, 0x18, 0x18, 0xff,
    0x18, 0x18, 0x18, 0xff, 0x18, 0x1c, 0x18, 0xff, 0x18, 0x18, 0x18, 0xff,
    0x18, 0x18, 0x18, 0xff, 0x18, 0x1c, 0x18, 0xff, 0x18, 0x18, 0x18, 0xff,
    0x18, 0x1c, 0x18, 0xff, 0x18, 0x1c, 0x18, 0xff, 0x18, 0x18, 0x18, 0xff,
    0x18, 0x1c, 0x18, 0xff, 0x18, 0x1c, 0x18, 0xff, 0x18, 0x18, 0x18, 0xff,
    0x18, 0x18, 0x18, 0xff, 0x18, 0x1c, 0x18, 0xff, 0x18, 0x18, 0x18, 0xff,
    0x18, 0x1c, 0x18, 0xff, 0x18, 0x18, 0x18, 0xff, 0x18, 0x18, 0x18, 0xff,
    0x18, 0x1c, 0x18, 0xff, 0x18, 0x18, 0x18, 0xff, 0x18, 0x18, 0x18, 0xff,
    0x18, 0x1c, 0x18, 0xff, 0x18, 0x18, 0x18, 0xff, 0x18, 0x1c, 0x18, 0xff,
    0x18, 0x1c, 0x18, 0xff, 0x18, 0x18, 0x18, 0xff, 0x18, 0x1c, 0x18, 0xff,
    0x18, 0x1c, 0x18, 0xff, 0x18, 0x18, 0x18, 0xff, 0x18, 0x1c, 0x18, 0xff,
    0x18, 0x1c, 0x18, 0xff, 0x18, 0x18, 0x18, 0xff, 0x18, 0x1c, 0x18, 0xff,
    0x18, 0x18, 0x20, 0xff, 0x18, 0x18, 0x18, 0xff, 0x18, 0x1c, 0x20, 0xff,
    0x18, 0x1c, 0x18, 0xff, 0x18, 0x18, 0x18, 0xff, 0x18, 0x1c, 0x18, 0xff,
    0x18, 0x1c, 0x18, 0xff, 0x18, 0x18, 0x20, 0xff, 0x18, 0x1c, 0x18, 0xff,
    0x18, 0x1c, 0x18, 0xff, 0x18, 0x18, 0x18, 0x8e, 0x18, 0x18, 0x18, 0xbe,
    0x18, 0x18, 0x18, 0xff, 0x18, 0x1c, 0x18, 0xff, 0x18, 0x18, 0x18, 0xff,
    0x18, 0x1c, 0x18, 0xff, 0x18, 0x1c, 0x20, 0xff, 0x18, 0x18, 0x18, 0xff,
    0x18, 0x18, 0x18, 0xff, 0x18, 0x1c, 0x18, 0xff, 0x18, 0x18, 0x18, 0xff,
    0x18, 0x1c, 0x20, 0xff, 0x18, 0x18, 0x18, 0xff, 0x18, 0x1c, 0x18, 0xff,
    0x18, 0x18, 0x18, 0xff, 0x18, 0x1c, 0x20, 0xff, 0x18, 0x18, 0x18, 0xff,
    0x18, 0x1c, 0x18, 0xff, 0x18, 0x18, 0x20, 0xff, 0x18, 0x1c, 0x18, 0xff,
    0x18, 0x1c, 0x20, 0xff, 0x18, 0x18, 0x18, 0xff, 0x18, 0x1c, 0x18, 0xff,
    0x18, 0x1c, 0x20, 0xff, 0x18, 0x18, 0x18, 0xff, 0x18, 0x18, 0x20, 0xff,
    0x18, 0x1c, 0x18, 0xff, 0x18, 0x1c, 0x20, 0xff, 0x18, 0x18, 0x18, 0xff,
    0x18, 0x1c, 0x20, 0xff, 0x18, 0x18, 0x18, 0xff, 0x18, 0x18, 0x18, 0xff,
    0x18, 0x1c, 0x20, 0xff, 0x18, 0x18, 0x18, 0xff, 0x18, 0x1c, 0x20, 0xff,
    0x18, 0x18, 0x18, 0xff, 0x18, 0x18, 0x20, 0xff, 0x18, 0x1c, 0x18, 0xff,
    0x18, 0x1c, 0x20, 0xff, 0x18, 0x18, 0x18, 0xff, 0x18, 0x1c, 0x18, 0xff,
    0x18, 0x18, 0x20, 0xff, 0x18, 0x18, 0x18, 0xff, 0x18, 0x1c, 0x20, 0xff,
    0x18, 0x18, 0x18, 0xff, 0x18, 0x18, 0x20, 0xff, 0x18, 0x1c, 0x18, 0xff,
    0x18, 0x18, 0x20, 0xff, 0x18, 0x1c, 0x18, 0xff, 0x18, 0x1c, 0x18, 0xff,
    0x18, 0x18, 0x20, 0xff, 0x18, 0x18, 0x18, 0xff, 0x18, 0x1c, 0x20, 0xff,
    0x18, 0x1c, 0x18, 0xff, 0x18, 0x18, 0x20, 0xff, 0x18, 0x1c, 0x18, 0xff,
    0x18, 0x1c, 0x20, 0xff, 0x18, 0x18, 0x18, 0xff, 0x18, 0x1c, 0x18, 0xff,
    0x18, 0x18, 0x20, 0xff, 0x18, 0x18, 0x18, 0xff, 0x18, 0x1c, 0x20, 0xff,
    0x18, 0x18, 0x18, 0xff, 0x18, 0x18, 0x20, 0xff, 0x18, 0x1c, 0x18, 0xff,
    0x18, 0x18, 0x20, 0xff, 0x18, 0x18, 0x18, 0xff, 0x18, 0x18, 0x18, 0xff,
    0x18, 0x1c, 0x20, 0xff, 0x18, 0x1c, 0x18, 0xff, 0x18, 0x18, 0x18, 0xff,
    0x18, 0x1c, 0x18, 0xff, 0x18, 0x18, 0x20, 0xff, 0x18, 0x18, 0x18, 0xff,
    0x18, 0x1c, 0x18, 0xff, 0x18, 0x18, 0x20, 0xff, 0x18, 0x18, 0x18, 0xff,
    0x18, 0x1c, 0x18, 0xff, 0x18, 0x18, 0x20, 0xff, 0x18, 0x18, 0x18, 0xff,
    0x18, 0x18, 0x18, 0xae, 0x18, 0x18, 0x18, 0xcf, 0x18, 0x1c, 0x18, 0xff,
    0x18, 0x18, 0x20, 0xff, 0x18, 0x18, 0x18, 0xff, 0x18, 0x1c, 0x18, 0xff,
    0x18, 0x18, 0x18, 0xff, 0x18, 0x1c, 0x20, 0xff, 0x18, 0x1c, 0x18, 0xff,
    0x18, 0x18, 0x18, 0xff, 0x18, 0x1c, 0x20, 0xff, 0x18, 0x18, 0x18, 0xff,
    0x18, 0x1c, 0x18, 0xff, 0x18, 0x18, 0x20, 0xff, 0x18, 0x1c, 0x18, 0xff,
    0x18, 0x18, 0x18, 0xff, 0x18, 0x1c, 0x18, 0xff, 0x18, 0x18, 0x20, 0xff,
    0x18, 0x1c, 0x18, 0xff, 0x18, 0x18, 0x18, 0xff, 0x18, 0x1c, 0x20, 0xff,
    0x18, 0x18, 0x18, 0xff, 0x18, 0x18, 0x18, 0xff, 0x18, 0x1c, 0x20, 0xff,
    0x18, 0x1c, 0x18, 0xff, 0x18, 0x18, 0x18, 0xff, 0x18, 0x18, 0x18, 0xff,
    0x18, 0x1c, 0x18, 0xff, 0x18, 0x18, 0x20, 0xff, 0x18, 0x1c, 0x18, 0xff,
    0x18, 0x1c, 0x18, 0xff, 0x18, 0x18, 0x20, 0xff, 0x18, 0x18, 0x18, 0xff,
    0x18, 0x1c, 0x18, 0xff, 0x18, 0x18, 0x18, 0xff, 0x18, 0x1c, 0x18, 0xff,
    0x18, 0x1c, 0x18, 0xff, 0x18, 0x18, 0x20, 0xff, 0x18, 0x18, 0x18, 0xff,
    0x18, 0x1c, 0x18, 0xff, 0x18, 0x1c, 0x20, 0xff, 0x18, 0x18, 0x18, 0xff,
    0x18, 0x1c, 0x18, 0xff, 0x18, 0x1c, 0x18, 0xff, 0x18, 0x18, 0x18, 0xff,
    0x18, 0x1c, 0x18, 0xff, 0x18, 0x18, 0x20, 0xff, 0x18, 0x18, 0x18, 0xff,
    0x18, 0x1c, 0x18, 0xff, 0x18, 0x18, 0x20, 0xff, 0x18, 0x1c, 0x18, 0xff,
    0x18, 0x1c, 0x18, 0xff, 0x18, 0x18, 0x18, 0xff, 0x18, 0x1c, 0x18, 0xff,
    0x18, 0x18, 0x18, 0xff, 0x18, 0x18, 0x20, 0xff, 0x18, 0x1c, 0x18, 0xff,
    0x18, 0x1c, 0x18, 0xff, 0x18, 0x18, 0x20, 0xff, 0x18, 0x1c, 0x18, 0xff,
    0x18, 0x18, 0x18, 0xff, 0x18, 0x1c, 0x18, 0xff, 0x18, 0x1c, 0x18, 0xff,
    0x18, 0x18, 0x18, 0xff, 0x18, 0x1c, 0x20, 0xff, 0x18, 0x1c, 0x18, 0xff,
    0x18, 0x18, 0x18, 0xff, 0x18, 0x1c, 0x20, 0xff, 0x18, 0x18, 0x18, 0xff,
    0x18, 0x18, 0x18, 0xff, 0x18, 0x1c, 0x18, 0xff, 0x18, 0x1c, 0x18, 0xff,
    0x18, 0x18, 0x18, 0xff, 0x18, 0x1c, 0x20, 0xff, 0x18, 0x1c, 0x18, 0xff,
    0x18, 0x18, 0x18, 0xff, 0x18, 0x1c, 0x18, 0xff, 0x18, 0x1c, 0x18, 0xff,
    0x18, 0x18, 0x18, 0xff, 0x18, 0x1c, 0x18, 0xff, 0x18, 0x1c, 0x18, 0xdf,
    0x18, 0x1c, 0x18, 0xdf, 0x18, 0x18, 0x18, 0xff, 0x18, 0x1c, 0x20, 0xff,
    0x18, 0x1c, 0x18, 0xff, 0x18, 0x18, 0x18, 0xff, 0x18, 0x18, 0x18, 0xff,
    0x18, 0x1c, 0x18, 0xff, 0x18, 0x18, 0x20, 0xff, 0x18, 0x1c, 0x18, 0xff,
    0x18, 0x18, 0x18, 0xff, 0x18, 0x1c, 0x18, 0xff, 0x18, 0x18, 0x18, 0xff,
    0x18, 0x1c, 0x20, 0xff, 0x18, 0x18, 0x18, 0xff, 0x18, 0x1c, 0x18, 0xff,
    0x18, 0x18, 0x18, 0xff, 0x18, 0x1c, 0x18, 0xff, 0x18, 0x18, 0x18, 0xff,
    0x18, 0x1c, 0x18, 0xff, 0x18, 0x18, 0x18, 0xff, 0x18, 0x1c, 0x18, 0xff,
    0x18, 0x18, 0x18, 0xff, 0x18, 0x1c, 0x18, 0xff, 0x18, 0x18, 0x18, 0xff,
    0x18, 0x1c, 0x18, 0xff, 0x18, 0x1c, 0x20, 0xff, 0x18, 0x18, 0x18, 0xff,
    0x18, 0x18, 0x18, 0xff, 0x18, 0x1c, 0x18, 0xff, 0x18, 0x1c, 0x18, 0xff,
    0x18, 0x18, 0x18, 0xff, 0x18, 0x1c, 0x18, 0xff, 0x18, 0x1c, 0x20, 0xff,
    0x18, 0x18, 0x18, 0xff, 0x18, 0x1c, 0x18, 0xff, 0x18, 0x18, 0x18, 0xff,
    0x18, 0x1c, 0x18, 0xff, 0x18, 0x18, 0x18, 0xff, 0x18, 0x1c, 0x18, 0xff,
    0x18, 0x18, 0x18, 0xff, 0x18, 0x1c, 0x18, 0xff, 0x18, 0x18, 0x20, 0xff,
    0x18, 0x18, 0x18, 0xff, 0x18, 0x1c, 0x18, 0xff, 0x18, 0x1c, 0x18, 0xff,
    0x18, 0x18, 0x18, 0xff, 0x18, 0x1c, 0x18, 0xff, 0x18, 0x18, 0x18, 0xff,
    0x18, 0x18, 0x18, 0xff, 0x18, 0x1c, 0x18, 0xff, 0x18, 0x18, 0x20, 0xff,
    0x18, 0x18, 0x18, 0xff, 0x18, 0x1c, 0x18, 0xff, 0x18, 0x1c, 0x18, 0xff,
    0x18, 0x18, 0x18, 0xff, 0x18, 0x18, 0x18, 0xff, 0x18, 0x1c, 0x18, 0xff,
    0x18, 0x18, 0x18, 0xff, 0x18, 0x1c, 0x18, 0xff, 0x18, 0x18, 0x20, 0xff,
    0x18, 0x18, 0x18, 0xff, 0x18, 0x1c, 0x18, 0xff, 0x18, 0x18, 0x18, 0xff,
    0x18, 0x18, 0x18, 0xff, 0x18, 0x1c, 0x18, 0xff, 0x18, 0x1c, 0x18, 0xff,
    0x18, 0x18, 0x18, 0xff, 0x18, 0x1c, 0x18, 0xff, 0x18, 0x18, 0x20, 0xff,
    0x18, 0x1c, 0x20, 0xff, 0x18, 0x18, 0x18, 0xff, 0x18, 0x18, 0x18, 0xff,
    0x18, 0x1c, 0x18, 0xff, 0x18, 0x18, 0x20, 0xff, 0x18, 0x18, 0x18, 0xff,
    0x18, 0x1c, 0x20, 0xff, 0x18, 0x18, 0x18, 0xff, 0x18, 0x18, 0x20, 0xff,
    0x18, 0x1c, 0x18, 0xff, 0x18, 0x18, 0x18, 0xdf, 0x18, 0x18, 0x18, 0xff,
    0x18, 0x1c, 0x18, 0xff, 0x18, 0x18, 0x18, 0xff, 0x18, 0x1c, 0x20, 0xff,
    0x18, 0x18, 0x18, 0xff, 0x18, 0x1c, 0x18, 0xff, 0x18, 0x18, 0x20, 0xff,
    0x18, 0x18, 0x18, 0xff, 0x18, 0x1c, 0x18, 0xff, 0x18, 0x1c, 0x20, 0xff,
    0x18, 0x18, 0x18, 0xff, 0x18, 0x1c, 0x18, 0xff, 0x18, 0x18, 0x18, 0xff,
    0x18, 0x1c, 0x20, 0xff, 0x18, 0x18, 0x18, 0xff, 0x18, 0x1c, 0x20, 0xff,
    0x18, 0x18, 0x18, 0xff, 0x18, 0x1c, 0x20, 0xff, 0x18, 0x18, 0x18, 0xff,
    0x18, 0x1c, 0x18, 0xff, 0x18, 0x1c, 0x20, 0xff, 0x18, 0x18, 0x20, 0xff,
    0x18, 0x18, 0x18, 0xff, 0x18, 0x1c, 0x18, 0xff, 0x18, 0x18, 0x20, 0xff,
    0x18, 0x1c, 0x18, 0xff, 0x18, 0x18, 0x18, 0xff, 0x18, 0x1c, 0x18, 0xff,
    0x18, 0x18, 0x20, 0xff, 0x18, 0x18, 0x18, 0xff, 0x18, 0x1c, 0x18, 0xff,
    0x18, 0x18, 0x20, 0xff, 0x18, 0x18, 0x18, 0xff, 0x18, 0x1c, 0x20, 0xff,
    0x18, 0x18, 0x18, 0xff, 0x18, 0x1c, 0x20, 0xff, 0x18, 0x18, 0x18, 0xff,
    0x18, 0x1c, 0x20, 0xff, 0x18, 0x18, 0x18, 0xff, 0x18, 0x1c, 0x18, 0xff,
    0x18, 0x18, 0x20, 0xff, 0x18, 0x1c, 0x18, 0xff, 0x18, 0x18, 0x20, 0xff,
    0x18, 0x1c, 0x18, 0xff, 0x18, 0x18, 0x20, 0xff, 0x18, 0x1c, 0x18, 0xff,
    0x18, 0x1c, 0x20, 0xff, 0x18, 0x18, 0x18, 0xff, 0x18, 0x1c, 0x18, 0xff,
    0x18, 0x1c, 0x20, 0xff, 0x18, 0x18, 0x18, 0xff, 0x18, 0x1c, 0x20, 0xff,
    0x18, 0x18, 0x18, 0xff, 0x18, 0x1c, 0x20, 0xff, 0x18, 0x1c, 0x18, 0xff,
    0x18, 0x18, 0x20, 0xff, 0x18, 0x18, 0x18, 0xff, 0x18, 0x1c, 0x18, 0xff,
    0x18, 0x1c, 0x20, 0xff, 0x18, 0x18, 0x18, 0xff, 0x18, 0x1c, 0x20, 0xff,
    0x18, 0x1c, 0x18, 0xff, 0x18, 0x18, 0x20, 0xff, 0x18, 0x18, 0x18, 0xff,
    0x18, 0x1c, 0x20, 0xff, 0x18, 0x18, 0x18, 0xff, 0x18, 0x1c, 0x18, 0xff,
    0x18, 0x18, 0x18, 0xff, 0x18, 0x1c, 0x18, 0xff, 0x18, 0x18, 0x18, 0xff,
    0x18, 0x1c, 0x20, 0xff, 0x18, 0x1c, 0x18, 0xff, 0x18, 0x18, 0x18, 0xff,
    0x18, 0x1c, 0x18, 0xff, 0x18, 0x18, 0x18, 0xff, 0x18, 0x1c, 0x18, 0xff,
    0x18, 0x1c, 0x20, 0xff, 0x18, 0x18, 0x18, 0xff, 0x18, 0x18, 0x18, 0xff,
    0x18, 0x1c, 0x20, 0xff, 0x18, 0x18, 0x18, 0xff, 0x18, 0x1c, 0x18, 0xff,
    0x18, 0x18, 0x20, 0xff, 0x18, 0x18, 0x18, 0xff, 0x18, 0x1c, 0x18, 0xff,
    0x18, 0x1c, 0x20, 0xff, 0x18, 0x18, 0x18, 0xff, 0x18, 0x1c, 0x18, 0xff,
    0x18, 0x18, 0x18, 0xff, 0x18, 0x18, 0x20, 0xff, 0x18, 0x1c, 0x18, 0xff,
    0x18, 0x18, 0x18, 0xff, 0x18, 0x1c, 0x18, 0xff, 0x18, 0x18, 0x18, 0xff,
    0x18, 0x1c, 0x18, 0xff, 0x18, 0x18, 0x18, 0xff, 0x18, 0x1c, 0x20, 0xff,
    0x18, 0x18, 0x18, 0xff, 0x18, 0x18, 0x18, 0xff, 0x18, 0x1c, 0x18, 0xff,
    0x18, 0x18, 0x18, 0xff, 0x18, 0x1c, 0x18, 0xff, 0x18, 0x1c, 0x20, 0xff,
    0x18, 0x18, 0x18, 0xff, 0x18, 0x18, 0x18, 0xff, 0x18, 0x1c, 0x18, 0xff,
    0x18, 0x1c, 0x20, 0xff, 0x18, 0x18, 0x18, 0xff, 0x18, 0x1c, 0x18, 0xff,
    0x18, 0x18, 0x20, 0xff, 0x18, 0x1c, 0x18, 0xff, 0x18, 0x1c, 0x18, 0xff,
    0x18, 0x18, 0x18, 0xff, 0x18, 0x1c, 0x18, 0xff, 0x18, 0x18, 0x18, 0xff,
    0x18, 0x18, 0x18, 0xff, 0x18, 0x1c, 0x20, 0xff, 0x18, 0x18, 0x18, 0xff,
    0x18, 0x1c, 0x18, 0xff, 0x18, 0x18, 0x20, 0xff, 0x18, 0x1c, 0x18, 0xff,
    0x18, 0x1c, 0x18, 0xff, 0x18, 0x18, 0x18, 0xff, 0x18, 0x18, 0x18, 0xff,
    0x18, 0x1c, 0x18, 0xff, 0x18, 0x18, 0x20, 0xff, 0x18, 0x18, 0x18, 0xff,
    0x18, 0x1c, 0x18, 0xff, 0x18, 0x18, 0x20, 0xff, 0x18, 0x18, 0x18, 0xff,
    0x18, 0x1c, 0x18, 0xff, 0x18, 0x18, 0x18, 0xff, 0x18, 0x18, 0x18, 0xff,
    0x18, 0x1c, 0x18, 0xff, 0x18, 0x18, 0x20, 0xff, 0x18, 0x1c, 0x18, 0xff,
    0x18, 0x1c, 0x18, 0xff, 0x18, 0x18, 0x20, 0xff, 0x18, 0x18, 0x18, 0xff,
    0x18, 0x1c, 0x18, 0xff, 0x18, 0x18, 0x18, 0xff, 0x18, 0x1c, 0x18, 0xff,
    0x18, 0x1c, 0x18, 0xff, 0x18, 0x18, 0x20, 0xff, 0x18, 0x1c, 0x18, 0xff,
    0x18, 0x18, 0x18, 0xff, 0x18, 0x18, 0x20, 0xff, 0x18, 0x1c, 0x20, 0xff,
    0x18, 0x18, 0x18, 0xff, 0x18, 0x1c, 0x18, 0xff, 0x18, 0x18, 0x18, 0xff,
    0x18, 0x18, 0x20, 0xff, 0x18, 0x1c, 0x18, 0xff, 0x18, 0x1c, 0x18, 0xff,
    0x18, 0x18, 0x20, 0xff, 0x18, 0x18, 0x18, 0xff, 0x18, 0x1c, 0x18, 0xff,
    0x18, 0x1c, 0x18, 0xff, 0x18, 0x18, 0x18, 0xff, 0x18, 0x1c, 0x18, 0xff,
    0x18, 0x1c, 0x18, 0xff, 0x18, 0x18, 0x18, 0xff, 0x18, 0x1c, 0x18, 0xff,
    0x18, 0x1c, 0x18, 0xff, 0x18, 0x18, 0x18, 0xff, 0x18, 0x18, 0x18, 0xff,
    0x18, 0x1c, 0x18, 0xff, 0x18, 0x1c, 0x18, 0xff, 0x18, 0x18, 0x18, 0xff,
    0x18, 0x1c, 0x18, 0xff, 0x18, 0x18, 0x20, 0xff, 0x18, 0x1c, 0x18, 0xff,
    0x18, 0x18, 0x20, 0xff, 0x18, 0x1c, 0x18, 0xff, 0x18, 0x18, 0x18, 0xff,
    0x18, 0x1c, 0x18, 0xff, 0x18, 0x1c, 0x18, 0xff, 0x18, 0x18, 0x18, 0xff,
    0x18, 0x1c, 0x20, 0xff, 0x18, 0x18, 0x20, 0xff, 0x18, 0x18, 0x18, 0xff,
    0x18, 0x1c, 0x18, 0xff, 0x18, 0x1c, 0x18, 0xff, 0x18, 0x18, 0x20, 0xff,
    0x18, 0x1c, 0x18, 0xff, 0x18, 0x18, 0x18, 0xff, 0x18, 0x18, 0x20, 0xff,
    0x18, 0x1c, 0x18, 0xff, 0x18, 0x1c, 0x18, 0xff, 0x18, 0x18, 0x18, 0xff,
    0x18, 0x18, 0x20, 0xff, 0x18, 0x1c, 0x18, 0xff, 0x18, 0x1c, 0x18, 0xff,
    0x18, 0x18, 0x20, 0xff, 0x18, 0x1c, 0x18, 0xff, 0x18, 0x1c, 0x18, 0xff,
    0x18, 0x18, 0x18, 0xff, 0x18, 0x1c, 0x18, 0xff, 0x18, 0x18, 0x18, 0xff,
    0x18, 0x18, 0x18, 0xff, 0x18, 0x1c, 0x18, 0xff, 0x18, 0x18, 0x18, 0xff,
    0x18, 0x1c, 0x20, 0xff, 0x18, 0x1c, 0x18, 0xff, 0x18, 0x18, 0x18, 0xff,
    0x18, 0x1c, 0x18, 0xff, 0x18, 0x1c, 0x18, 0xff, 0x18, 0x18, 0x18, 0xff,
    0x18, 0x1c, 0x18, 0xff, 0x18, 0x1c, 0x18, 0xff, 0x18, 0x18, 0x18, 0xff,
    0x18, 0x1c, 0x20, 0xff, 0x18, 0x1c, 0x18, 0xff, 0x18, 0x18, 0x18, 0xff,
    0x18, 0x18, 0x18, 0xff, 0x18, 0x1c, 0x18, 0xff, 0x18, 0x18, 0x18, 0xff,
    0x18, 0x1c, 0x18, 0xff, 0x18, 0x18, 0x18, 0xff, 0x18, 0x1c, 0x18, 0xff,
    0x18, 0x18, 0x20, 0xff, 0x18, 0x18, 0x18, 0xff, 0x18, 0x1c, 0x18, 0xff,
    0x18, 0x1c, 0x18, 0xff, 0x18, 0x18, 0x18, 0xff, 0x18, 0x1c, 0x18, 0xff,
    0x18, 0x1c, 0x18, 0xff, 0x18, 0x18, 0x18, 0xff, 0x18, 0x1c, 0x20, 0xff,
    0x18, 0x1c, 0x18, 0xff, 0x18, 0x18, 0x18, 0xff, 0x18, 0x18, 0x18, 0xff,
    0x18, 0x1c, 0x18, 0xff, 0x18, 0x18, 0x20, 0xff, 0x18, 0x1c, 0x18, 0xff,
    0x18, 0x18, 0x18, 0xff, 0x18, 0x18, 0x18, 0xff, 0x18, 0x1c, 0x20, 0xff,
    0x18, 0x18, 0x18, 0xff, 0x18, 0x18, 0x18, 0xff, 0x18, 0x18, 0x18, 0xff,
    0x18, 0x18, 0x20, 0xff, 0x18, 0x1c, 0x18, 0xff, 0x18, 0x1c, 0x20, 0xff,
    0x18, 0x18, 0x18, 0xff, 0x18, 0x18, 0x20, 0xff, 0x18, 0x1c, 0x20, 0xff,
    0x18, 0x18, 0x18, 0xff, 0x18, 0x1c, 0x18, 0xff, 0x18, 0x1c, 0x20, 0xff,
    0x18, 0x18, 0x18, 0xff, 0x18, 0x18, 0x18, 0xff, 0x18, 0x1c, 0x18, 0xff,
    0x18, 0x18, 0x20, 0xff, 0x18, 0x18, 0x20, 0xff, 0x18, 0x1c, 0x18, 0xff,
    0x18, 0x18, 0x18, 0xff, 0x18, 0x1c, 0x18, 0xff, 0x18, 0x1c, 0x18, 0xff,
    0x18, 0x18, 0x18, 0xff, 0x18, 0x1c, 0x20, 0xff, 0x18, 0x18, 0x18, 0xff,
    0x18, 0x18, 0x18, 0xff, 0x18, 0x1c, 0x18, 0xff, 0x18, 0x1c, 0x18, 0xff,
    0x18, 0x18, 0x18, 0xff, 0x18, 0x18, 0x18, 0xff, 0x18, 0x1c, 0x18, 0xff,
    0x18, 0x18, 0x18, 0xff, 0x18, 0x1c, 0x18, 0xff, 0x18, 0x18, 0x18, 0xff,
    0x18, 0x18, 0x20, 0xff, 0x18, 0x1c, 0x18, 0xff, 0x18, 0x18, 0x18, 0xff,
    0x18, 0x18, 0x20, 0xff, 0x18, 0x1c, 0x18, 0xff, 0x18, 0x18, 0x18, 0xff,
    0x18, 0x1c, 0x20, 0xff, 0x18, 0x1c, 0x18, 0xff, 0x18, 0x18, 0x20, 0xff,
    0x18, 0x1c, 0x18, 0xff, 0x18, 0x18, 0x18, 0xff, 0x18, 0x18, 0x20, 0xff,
    0x18, 0x1c, 0x18, 0xff, 0x18, 0x18, 0x18, 0xff, 0x18, 0x1c, 0x20, 0xff,
    0x18, 0x18, 0x18, 0xff, 0x18, 0x18, 0x20, 0xff, 0x18, 0x1c, 0x18, 0xff,
    0x18, 0x18, 0x18, 0xff, 0x18, 0x18, 0x20, 0xff, 0x18, 0x1c, 0x18, 0xff,
    0x18, 0x1c, 0x18, 0xff, 0x18, 0x18, 0x20, 0xff, 0x18, 0x1c, 0x18, 0xff,
    0x18, 0x18, 0x20, 0xff, 0x18, 0x1c, 0x18, 0xff, 0x18, 0x18, 0x18, 0xff,
    0x18, 0x1c, 0x20, 0xff, 0x18, 0x1c, 0x18, 0xff, 0x18, 0x18, 0x18, 0xff,
    0x18, 0x18, 0x20, 0xff, 0x18, 0x1c, 0x18, 0xff, 0x18, 0x18, 0x18, 0xff,
    0x18, 0x18, 0x20, 0xff, 0x18, 0x1c, 0x18, 0xff, 0x18, 0x18, 0x18, 0xff,
    0x18, 0x18, 0x18, 0xff, 0x18, 0x1c, 0x18, 0xff, 0x18, 0x18, 0x20, 0xff,
    0x18, 0x1c, 0x18, 0xff, 0x18, 0x1c, 0x18, 0xff, 0x18, 0x18, 0x20, 0xff,
    0x18, 0x1c, 0x18, 0xff, 0x18, 0x1c, 0x18, 0xff, 0x18, 0x18, 0x18, 0xff,
    0x18, 0x1c, 0x20, 0xff, 0x18, 0x1c, 0x18, 0xff, 0x18, 0x18, 0x18, 0xff,
    0x18, 0x1c, 0x18, 0xff, 0x18, 0x18, 0x18, 0xff, 0x18, 0x1c, 0x18, 0xff,
    0x18, 0x18, 0x18, 0xff, 0x18, 0x18, 0x18, 0xff, 0x18, 0x1c, 0x18, 0xff,
    0x18, 0x1c, 0x18, 0xff, 0x18, 0x18, 0x18, 0xff, 0x18, 0x18, 0x18, 0xff,
    0x18, 0x1c, 0x20, 0xff, 0x18, 0x18, 0x18, 0xff, 0x18, 0x1c, 0x18, 0xff,
    0x18, 0x1c, 0x18, 0xff, 0x18, 0x18, 0x18, 0xff, 0x18, 0x1c, 0x18, 0xff,
    0x18, 0x1c, 0x18, 0xff, 0x18, 0x18, 0x20, 0xff, 0x18, 0x18, 0x18, 0xff,
    0x18, 0x1c, 0x20, 0xff, 0x18, 0x18, 0x18, 0xff, 0x18, 0x1c, 0x18, 0xff,
    0x18, 0x1c, 0x18, 0xff, 0x18, 0x18, 0x18, 0xff, 0x18, 0x18, 0x20, 0xff,
    0x18, 0x1c, 0x18, 0xff, 0x18, 0x18, 0x20, 0xff, 0x18, 0x1c, 0x18, 0xff,
    0x18, 0x1c, 0x20, 0xff, 0x18, 0x18, 0x20, 0xff, 0x18, 0x1c, 0x18, 0xff,
    0x18, 0x1c, 0x18, 0xff, 0x18, 0x18, 0x20, 0xff, 0x18, 0x1c, 0x18, 0xff,
    0x18, 0x1c, 0x18, 0xff, 0x18, 0x18, 0x18, 0xff, 0x18, 0x1c, 0x18, 0xff,
    0x18, 0x18, 0x20, 0xff, 0x18, 0x1c, 0x18, 0xff, 0x18, 0x18, 0x18, 0xff,
    0x18, 0x1c, 0x20, 0xff, 0x18, 0x1c, 0x18, 0xff, 0x18, 0x18, 0x18, 0xff,
    0x18, 0x1c, 0x18, 0xff, 0x18, 0x1c, 0x18, 0xff, 0x18, 0x18, 0x18, 0xff,
    0x18, 0x1c, 0x20, 0xff, 0x18, 0x18, 0x18, 0xff, 0x18, 0x1c, 0x18, 0xff,
    0x18, 0x1c, 0x18, 0xff, 0x18, 0x18, 0x20, 0xff, 0x18, 0x1c, 0x18, 0xff,
    0x18, 0x18, 0x18, 0xff, 0x18, 0x18, 0x18, 0xff, 0x18, 0x1c, 0x18, 0xff,
    0x18, 0x18, 0x18, 0xff, 0x18, 0x1c, 0x20, 0xff, 0x18, 0x1c, 0x18, 0xff,
    0x18, 0x18, 0x18, 0xff, 0x18, 0x18, 0x20, 0xff, 0x18, 0x1c, 0x18, 0xff,
    0x18, 0x18, 0x18, 0xff, 0x18, 0x1c, 0x18, 0xff, 0x18, 0x1c, 0x18, 0xff,
    0x18, 0x18, 0x20, 0xff, 0x18, 0x1c, 0x18, 0xff, 0x18, 0x1c, 0x18, 0xff,
    0x18, 0x18, 0x20, 0xff, 0x18, 0x1c, 0x20, 0xff, 0x18, 0x1c, 0x18, 0xff,
    0x18, 0x18, 0x18, 0xff, 0x18, 0x18, 0x18, 0xff, 0x18, 0x1c, 0x18, 0xff,
    0x18, 0x18, 0x20, 0xff, 0x18, 0x18, 0x18, 0xff, 0x18, 0x1c, 0x18, 0xff,
    0x18, 0x18, 0x18, 0xff, 0x18, 0x18, 0x20, 0xff, 0x18, 0x1c, 0x18, 0xff,
    0x18, 0x18, 0x18, 0xff, 0x18, 0x1c, 0x20, 0xff, 0x18, 0x18, 0x18, 0xff,
    0x18, 0x1c, 0x18, 0xff, 0x18, 0x1c, 0x18, 0xff, 0x18, 0x18, 0x20, 0xff,
    0x18, 0x1c, 0x18, 0xff, 0x18, 0x1c, 0x18, 0xff, 0x18, 0x18, 0x20, 0xff,
    0x18, 0x1c, 0x18, 0xff, 0x18, 0x1c, 0x18, 0xff, 0x18, 0x18, 0x18, 0xff,
    0x18, 0x18, 0x18, 0xff, 0x18, 0x1c, 0x20, 0xff, 0x18, 0x18, 0x18, 0xff,
    0x18, 0x18, 0x20, 0xff, 0x18, 0x1c, 0x18, 0xff, 0x18, 0x1c, 0x18, 0xff,
    0x18, 0x18, 0x18, 0xff, 0x18, 0x1c, 0x18, 0xff, 0x18, 0x18, 0x18, 0xff,
    0x18, 0x18, 0x20, 0xff, 0x18, 0x1c, 0x18, 0xff, 0x18, 0x18, 0x18, 0xff,
    0x18, 0x1c, 0x20, 0xff, 0x18, 0x1c, 0x18, 0xff, 0x18, 0x18, 0x18, 0xff,
    0x18, 0x18, 0x18, 0xff, 0x18, 0x1c, 0x18, 0xff, 0x18, 0x18, 0x18, 0xff,
    0x18, 0x18, 0x18, 0xff, 0x18, 0x1c, 0x18, 0xff, 0x18, 0x18, 0x20, 0xff,
    0x18, 0x18, 0x18, 0xff, 0x18, 0x1c, 0x18, 0xff, 0x18, 0x18, 0x20, 0xff,
    0x18, 0x1c, 0x18, 0xff, 0x18, 0x18, 0x18, 0xff, 0x18, 0x1c, 0x18, 0xff,
    0x18, 0x18, 0x18, 0xff, 0x18, 0x18, 0x18, 0xff, 0x18, 0x18, 0x18, 0xff,
    0x18, 0x1c, 0x18, 0xff, 0x18, 0x18, 0x20, 0xff, 0x18, 0x18, 0x18, 0xff,
    0x18, 0x1c, 0x18, 0xff, 0x18, 0x18, 0x20, 0xff, 0x18, 0x18, 0x18, 0xff,
    0x18, 0x1c, 0x18, 0xff, 0x18, 0x18, 0x18, 0xff, 0x18, 0x1c, 0x18, 0xff,
    0x18, 0x18, 0x18, 0xff, 0x18, 0x1c, 0x20, 0xff, 0x18, 0x1c, 0x18, 0xff,
    0x18, 0x18, 0x20, 0xff, 0x18, 0x1c, 0x18, 0xff, 0x18, 0x18, 0x18, 0xff,
    0x18, 0x18, 0x18, 0xff, 0x18, 0x1c, 0x18, 0xff, 0x18, 0x18, 0x18, 0xff,
    0x18, 0x1c, 0x18, 0xff, 0x18, 0x18, 0x20, 0xff, 0x18, 0x18, 0x18, 0xff,
    0x18, 0x1c, 0x18, 0xff, 0x18, 0x18, 0x20, 0xff, 0x18, 0x18, 0x18, 0xff,
    0x18, 0x1c, 0x18, 0xff, 0x18, 0x18, 0x18, 0xff, 0x18, 0x18, 0x18, 0xff,
    0x18, 0x1c, 0x18, 0xff, 0x18, 0x1c, 0x18, 0xff, 0x18, 0x18, 0x20, 0xff,
    0x18, 0x1c, 0x18, 0xff, 0x18, 0x1c, 0x18, 0xff, 0x18, 0x18, 0x18, 0xff,
    0x18, 0x1c, 0x18, 0xff, 0x18, 0x1c, 0x18, 0xff, 0x18, 0x18, 0x20, 0xff,
    0x18, 0x1c, 0x18, 0xff, 0x18, 0x18, 0x18, 0xff, 0x18, 0x1c, 0x18, 0xff,
    0x18, 0x18, 0x18, 0xff, 0x18, 0x1c, 0x18, 0xff, 0x18, 0x18, 0x18, 0xff,
    0x18, 0x18, 0x18, 0xff, 0x18, 0x1c, 0x20, 0xff, 0x18, 0x18, 0x18, 0xff,
    0x18, 0x18, 0x18, 0xff, 0x18, 0x18, 0x20, 0xff, 0x18, 0x1c, 0x18, 0xff,
    0x18, 0x1c, 0x18, 0xff, 0x18, 0x18, 0x20, 0xff, 0x18, 0x1c, 0x18, 0xff,
    0x18, 0x1c, 0x18, 0xff, 0x18, 0x18, 0x18, 0xff, 0x18, 0x1c, 0x18, 0xff,
    0x18, 0x18, 0x20, 0xff, 0x18, 0x18, 0x18, 0xff, 0x18, 0x1c, 0x18, 0xff,
    0x18, 0x1c, 0x20, 0xff, 0x18, 0x18, 0x18, 0xff, 0x18, 0x1c, 0x18, 0xff,
    0x18, 0x18, 0x18, 0xff, 0x18, 0x18, 0x20, 0xff, 0x18, 0x1c, 0x18, 0xff,
    0x18, 0x1c, 0x18, 0xff, 0x18, 0x18, 0x18, 0xff, 0x18, 0x1c, 0x20, 0xff,
    0x18, 0x1c, 0x18, 0xff, 0x18, 0x18, 0x18, 0xff, 0x18, 0x1c, 0x18, 0xff,
    0x18, 0x1c, 0x20, 0xff, 0x18, 0x18, 0x18, 0xff, 0x18, 0x1c, 0x18, 0xff,
    0x18, 0x18, 0x18, 0xff, 0x18, 0x18, 0x18, 0xff, 0x18, 0x1c, 0x20, 0xff,
    0x18, 0x1c, 0x18, 0xff, 0x18, 0x18, 0x18, 0xff, 0x18, 0x1c, 0x20, 0xff,
    0x18, 0x1c, 0x18, 0xff, 0x18, 0x18, 0x18, 0xff, 0x18, 0x1c, 0x20, 0xff,
    0x18, 0x1c, 0x18, 0xff, 0x18, 0x18, 0x18, 0xff, 0x18, 0x1c, 0x20, 0xff,
    0x18, 0x1c, 0x18, 0xff, 0x18, 0x18, 0x18, 0xff, 0x18, 0x1c, 0x20, 0xff,
    0x18, 0x18, 0x20, 0xff, 0x18, 0x18, 0x18, 0xff, 0x18, 0x1c, 0x18, 0xff,
    0x18, 0x18, 0x18, 0xff, 0x18, 0x1c, 0x18, 0xff, 0x18, 0x1c, 0x18, 0xff,
    0x18, 0x18, 0x20, 0xff, 0x18, 0x1c, 0x18, 0xff, 0x18, 0x18, 0x18, 0xff,
    0x18, 0x1c, 0x20, 0xff, 0x18, 0x1c, 0x18, 0xff, 0x18, 0x18, 0x18, 0xff,
    0x18, 0x1c, 0x18, 0xff, 0x18, 0x1c, 0x20, 0xff, 0x18, 0x18, 0x18, 0xff,
    0x18, 0x1c, 0x18, 0xff, 0x18, 0x1c, 0x18, 0xff, 0x18, 0x18, 0x20, 0xff,
    0x18, 0x1c, 0x18, 0xff, 0x18, 0x18, 0x18, 0xff, 0x18, 0x18, 0x18, 0xff,
    0x18, 0x1c, 0x20, 0xff, 0x18, 0x18, 0x18, 0xff, 0x18, 0x18, 0x18, 0xff,
    0x18, 0x1c, 0x20, 0xff, 0x18, 0x18, 0x18, 0xff, 0x18, 0x18, 0x18, 0xff,
    0x18, 0x1c, 0x20, 0xff, 0x18, 0x18, 0x18, 0xff, 0x18, 0x1c, 0x18, 0xff,
    0x18, 0x1c, 0x20, 0xff, 0x18, 0x18, 0x18, 0xff, 0x18, 0x18, 0x18, 0xff,
    0x18, 0x1c, 0x20, 0xff, 0x18, 0x18, 0x18, 0xff, 0x18, 0x1c, 0x18, 0xff,
    0x18, 0x1c, 0x18, 0xff, 0x18, 0x18, 0x18, 0xff, 0x18, 0x1c, 0x18, 0xff,
    0x18, 0x1c, 0x18, 0xff, 0x18, 0x18, 0x18, 0xff, 0x18, 0x18, 0x20, 0xff,
    0x18, 0x1c, 0x18, 0xff, 0x18, 0x18, 0x18, 0xff, 0x18, 0x18, 0x20, 0xff,
    0x18, 0x1c, 0x18, 0xff, 0x18, 0x1c, 0x18, 0xff, 0x18, 0x18, 0x18, 0xff,
    0x18, 0x18, 0x20, 0xff, 0x18, 0x1c, 0x18, 0xff, 0x18, 0x18, 0x18, 0xff,
    0x18, 0x1c, 0x20, 0xff, 0x18, 0x1c, 0x18, 0xff, 0x18, 0x18, 0x18, 0xff,
    0x18, 0x1c, 0x18, 0xff, 0x18, 0x18, 0x18, 0xff, 0x18, 0x18, 0x18, 0xff,
    0x18, 0x1c, 0x20, 0xff, 0x18, 0x18, 0x18, 0xff, 0x18, 0x18, 0x20, 0xff,
    0x18, 0x1c, 0x18, 0xff, 0x18, 0x18, 0x18, 0xff, 0x18, 0x18, 0x18, 0xff,
    0x18, 0x1c, 0x18, 0xff, 0x18, 0x1c, 0x20, 0xff, 0x18, 0x18, 0x18, 0xff,
    0x18, 0x1c, 0x18, 0xff, 0x18, 0x18, 0x18, 0xff, 0x18, 0x18, 0x20, 0xff,
    0x18, 0x1c, 0x18, 0xff, 0x18, 0x18, 0x18, 0xff, 0x18, 0x1c, 0x20, 0xff,
    0x18, 0x18, 0x18, 0xff, 0x18, 0x18, 0x18, 0xff, 0x18, 0x1c, 0x18, 0xff,
    0x18, 0x18, 0x18, 0xff, 0x18, 0x18, 0x18, 0xff, 0x18, 0x1c, 0x18, 0xff,
    0x18, 0x1c, 0x18, 0xff, 0x18, 0x18, 0x18, 0xff, 0x18, 0x1c, 0x18, 0xff,
    0x18, 0x1c, 0x20, 0xff, 0x18, 0x18, 0x18, 0xff, 0x18, 0x18, 0x18, 0xff,
    0x18, 0x18, 0x20, 0xff, 0x18, 0x1c, 0x18, 0xff, 0x18, 0x18, 0x18, 0xff,
    0x18, 0x1c, 0x20, 0xff, 0x18, 0x18, 0x18, 0xff, 0x18, 0x18, 0x18, 0xff,
    0x18, 0x1c, 0x20, 0xff, 0x18, 0x18, 0x18, 0xff, 0x18, 0x1c, 0x18, 0xff,
    0x18, 0x18, 0x18, 0xff, 0x18, 0x18, 0x20, 0xff, 0x18, 0x1c, 0x18, 0xff,
    0x18, 0x18, 0x18, 0xff, 0x18, 0x1c, 0x20, 0xff, 0x18, 0x1c, 0x18, 0xff,
    0x18, 0x18, 0x18, 0xff, 0x18, 0x1c, 0x20, 0xff, 0x18, 0x1c, 0x18, 0xff,
    0x18, 0x18, 0x18, 0xff, 0x18, 0x1c, 0x18, 0xff, 0x18, 0x1c, 0x20, 0xff,
    0x18, 0x18, 0x18, 0xff, 0x18, 0x1c, 0x18, 0xff, 0x18, 0x18, 0x20, 0xff,
    0x18, 0x18, 0x18, 0xff, 0x18, 0x1c, 0x18, 0xff, 0x18, 0x18, 0x18, 0xff,
    0x18, 0x1c, 0x20, 0xff, 0x18, 0x18, 0x18, 0xff, 0x18, 0x18, 0x18, 0xff,
    0x18, 0x18, 0x18, 0xff, 0x18, 0x1c, 0x20, 0xff, 0x18, 0x18, 0x18, 0xff,
    0x18, 0x18, 0x20, 0xff, 0x18, 0x1c, 0x20, 0xff, 0x18, 0x1c, 0x18, 0xff,
    0x18, 0x18, 0x18, 0xff, 0x18, 0x18, 0x18, 0xff, 0x18, 0x1c, 0x18, 0xff,
    0x18, 0x1c, 0x18, 0xff, 0x18, 0x18, 0x20, 0xff, 0x18, 0x18, 0x18, 0xff,
    0x18, 0x1c, 0x18, 0xff, 0x18, 0x1c, 0x18, 0xff, 0x18, 0x18, 0x18, 0xff,
    0x18, 0x1c, 0x18, 0xff, 0x18, 0x18, 0x18, 0xff, 0x18, 0x18, 0x18, 0xff,
    0x18, 0x1c, 0x20, 0xff, 0x18, 0x18, 0x18, 0xff, 0x18, 0x1c, 0x18, 0xff,
    0x18, 0x1c, 0x20, 0xff, 0x18, 0x18, 0x18, 0xff, 0x18, 0x1c, 0x18, 0xff,
    0x18, 0x1c, 0x18, 0xff, 0x18, 0x18, 0x18, 0xff, 0x18, 0x1c, 0x20, 0xff,
    0x18, 0x1c, 0x18, 0xff, 0x18, 0x18, 0x18, 0xff, 0x18, 0x18, 0x20, 0xff,
    0x18, 0x1c, 0x18, 0xff, 0x18, 0x1c, 0x18, 0xff, 0x18, 0x18, 0x20, 0xff,
    0x18, 0x1c, 0x18, 0xff, 0x18, 0x1c, 0x18, 0xff, 0x18, 0x18, 0x18, 0xff,
    0x18, 0x1c, 0x18, 0xff, 0x18, 0x18, 0x20, 0xff, 0x18, 0x1c, 0x18, 0xff,
    0x18, 0x1c, 0x18, 0xff, 0x18, 0x18, 0x20, 0xff, 0x18, 0x1c, 0x20, 0xff,
    0x18, 0x18, 0x18, 0xff, 0x18, 0x18, 0x18, 0xff, 0x18, 0x1c, 0x20, 0xff,
    0x18, 0x18, 0x18, 0xff, 0x18, 0x18, 0x18, 0xff, 0x18, 0x1c, 0x18, 0xff,
    0x18, 0x1c, 0x18, 0xff, 0x18, 0x18, 0x20, 0xff, 0x18, 0x1c, 0x18, 0xff,
    0x18, 0x18, 0x18, 0xff, 0x18, 0x1c, 0x18, 0xff, 0x18, 0x1c, 0x18, 0xff,
    0x18, 0x18, 0x18, 0xff, 0x18, 0x1c, 0x18, 0xff, 0x18, 0x18, 0x20, 0xff,
    0x18, 0x1c, 0x18, 0xff, 0x18, 0x18, 0x18, 0xff, 0x18, 0x1c, 0x18, 0xff,
    0x18, 0x1c, 0x18, 0xff, 0x18, 0x18, 0x18, 0xff, 0x18, 0x18, 0x18, 0xff,
    0x18, 0x1c, 0x18, 0xff, 0x18, 0x18, 0x18, 0xff, 0x18, 0x18, 0x20, 0xff,
    0x18, 0x1c, 0x18, 0xff, 0x18, 0x18, 0x18, 0xff, 0x18, 0x18, 0x18, 0xff,
    0x18, 0x1c, 0x20, 0xff, 0x18, 0x18, 0x18, 0xff, 0x18, 0x1c, 0x18, 0xff,
    0x18, 0x1c, 0x18, 0xff, 0x18, 0x18, 0x18, 0xff, 0x18, 0x1c, 0x18, 0xff,
    0x18, 0x18, 0x18, 0xff, 0x18, 0x1c, 0x18, 0xff, 0x18, 0x1c, 0x18, 0xff,
    0x18, 0x1c, 0x18, 0xff, 0x18, 0x18, 0x18, 0xff, 0x18, 0x1c, 0x18, 0xff,
    0x18, 0x18, 0x18, 0xff, 0x18, 0x1c, 0x18, 0xff, 0x18, 0x18, 0x18, 0xff,
    0x18, 0x18, 0x18, 0xff, 0x18, 0x1c, 0x20, 0xff, 0x18, 0x1c, 0x18, 0xff,
    0x18, 0x18, 0x18, 0xff, 0x18, 0x1c, 0x20, 0xff, 0x18, 0x1c, 0x18, 0xff,
    0x18, 0x18, 0x18, 0xff, 0x18, 0x18, 0x20, 0xff, 0x18, 0x1c, 0x18, 0xff,
    0x18, 0x18, 0x20, 0xff, 0x18, 0x1c, 0x18, 0xff, 0x18, 0x1c, 0x20, 0xff,
    0x18, 0x18, 0x18, 0xff, 0x18, 0x1c, 0x18, 0xff, 0x18, 0x18, 0x18, 0xff,
    0x18, 0x18, 0x20, 0xff, 0x18, 0x1c, 0x18, 0xff, 0x18, 0x18, 0x18, 0xff,
    0x18, 0x18, 0x20, 0xff, 0x18, 0x1c, 0x18, 0xff, 0x18, 0x18, 0x18, 0xff,
    0x18, 0x18, 0x18, 0xff, 0x18, 0x1c, 0x20, 0xff, 0x18, 0x1c, 0x18, 0xff,
    0x18, 0x18, 0x18, 0xff, 0x18, 0x18, 0x18, 0xff, 0x18, 0x1c, 0x18, 0xff,
    0x18, 0x18, 0x18, 0xff, 0x18, 0x18, 0x20, 0xff, 0x18, 0x1c, 0x18, 0xff,
    0x18, 0x18, 0x18, 0xff, 0x18, 0x18, 0x20, 0xff, 0x18, 0x1c, 0x18, 0xff,
    0x18, 0x18, 0x18, 0xff, 0x18, 0x1c, 0x18, 0xff, 0x18, 0x18, 0x18, 0xff,
    0x18, 0x1c, 0x18, 0xff, 0x18, 0x1c, 0x18, 0xff, 0x18, 0x18, 0x18, 0xff,
    0x18, 0x1c, 0x20, 0xff, 0x18, 0x1c, 0x18, 0xff, 0x18, 0x18, 0x18, 0xff,
    0x18, 0x18, 0x20, 0xff, 0x18, 0x1c, 0x18, 0xff, 0x18, 0x18, 0x18, 0xff,
    0x18, 0x1c, 0x18, 0xff, 0x18, 0x1c, 0x18, 0xff, 0x18, 0x18, 0x20, 0xff,
    0x18, 0x18, 0x18, 0xff, 0x18, 0x1c, 0x20, 0xff, 0x18, 0x18, 0x18, 0xff,
    0x18, 0x1c, 0x18, 0xff, 0x18, 0x1c, 0x18, 0xff, 0x18, 0x18, 0x20, 0xff,
    0x18, 0x18, 0x18, 0xff, 0x18, 0x1c, 0x20, 0xff, 0x18, 0x1c, 0x18, 0xff,
    0x18, 0x18, 0x20, 0xff, 0x18, 0x1c, 0x18, 0xff, 0x18, 0x1c, 0x18, 0xff,
    0x18, 0x18, 0x20, 0xff, 0x18, 0x1c, 0x18, 0xff, 0x18, 0x1c, 0x18, 0xff,
    0x18, 0x18, 0x18, 0xff, 0x18, 0x1c, 0x20, 0xff, 0x18, 0x18, 0x18, 0xff,
    0x18, 0x18, 0x18, 0xff, 0x18, 0x1c, 0x20, 0xff, 0x18, 0x18, 0x18, 0xff,
    0x18, 0x1c, 0x18, 0xff, 0x18, 0x1c, 0x20, 0xff, 0x18, 0x18, 0x20, 0xff,
    0x18, 0x18, 0x18, 0xff, 0x18, 0x18, 0x20, 0xff, 0x18, 0x1c, 0x18, 0xff,
    0x18, 0x1c, 0x18, 0xff, 0x18, 0x18, 0x18, 0xff, 0x18, 0x1c, 0x18, 0xff,
    0x18, 0x1c, 0x20, 0xff, 0x18, 0x18, 0x18, 0xff, 0x18, 0x1c, 0x18, 0xff,
    0x18, 0x18, 0x18, 0xff, 0x18, 0x18, 0x20, 0xff, 0x18, 0x1c, 0x18, 0xff,
    0x18, 0x18, 0x18, 0xff, 0x18, 0x18, 0x18, 0xff, 0x18, 0x1c, 0x18, 0xff,
    0x18, 0x1c, 0x18, 0xff, 0x18, 0x18, 0x18, 0xff, 0x18, 0x18, 0x18, 0xff,
    0x18, 0x1c, 0x20, 0xff, 0x18, 0x18, 0x18, 0xff, 0x18, 0x1c, 0x18, 0xff,
    0x18, 0x1c, 0x20, 0xff, 0x18, 0x18, 0x18, 0xff, 0x18, 0x1c, 0x18, 0xff,
    0x18, 0x1c, 0x18, 0xff, 0x18, 0x18, 0x18, 0xff, 0x18, 0x1c, 0x18, 0xff,
    0x18, 0x1c, 0x20, 0xff, 0x18, 0x18, 0x18, 0xff, 0x18, 0x18, 0x18, 0xff,
    0x18, 0x1c, 0x18, 0xff, 0x18, 0x18, 0x20, 0xff, 0x18, 0x1c, 0x18, 0xff,
    0x18, 0x1c, 0x20, 0xff, 0x18, 0x18, 0x18, 0xff, 0x18, 0x1c, 0x18, 0xff,
    0x18, 0x1c, 0x18, 0xff, 0x18, 0x18, 0x18, 0xff, 0x18, 0x1c, 0x20, 0xff,
    0x18, 0x1c, 0x18, 0xff, 0x18, 0x18, 0x18, 0xff, 0x18, 0x1c, 0x20, 0xff,
    0x18, 0x18, 0x18, 0xff, 0x18, 0x18, 0x20, 0xff, 0x18, 0x1c, 0x18, 0xff,
    0x18, 0x18, 0x18, 0xff, 0x18, 0x18, 0x20, 0xff, 0x18, 0x1c, 0x18, 0xff,
    0x18, 0x18, 0x18, 0xff, 0x18, 0x1c, 0x18, 0xff, 0x18, 0x1c, 0x20, 0xff,
    0x18, 0x18, 0x18, 0xff, 0x18, 0x18, 0x18, 0xff, 0x18, 0x1c, 0x20, 0xff,
    0x18, 0x18, 0x18, 0xff, 0x18, 0x1c, 0x18, 0xff, 0x18, 0x18, 0x18, 0xff,
    0x18, 0x18, 0x20, 0xff, 0x18, 0x1c, 0x18, 0xff, 0x18, 0x18, 0x18, 0xff,
    0x18, 0x1c, 0x20, 0xff, 0x18, 0x18, 0x18, 0xff, 0x18, 0x1c, 0x18, 0xff,
    0x18, 0x18, 0x18, 0xff, 0x18, 0x18, 0x20, 0xff, 0x18, 0x1c, 0x18, 0xff,
    0x18, 0x18, 0x18, 0xff, 0x18, 0x18, 0x20, 0xff, 0x18, 0x1c, 0x18, 0xff,
    0x18, 0x18, 0x18, 0xff, 0x18, 0x18, 0x18, 0xff, 0x18, 0x1c, 0x20, 0xff,
    0x18, 0x1c, 0x18, 0xff, 0x18, 0x18, 0x18, 0xff, 0x18, 0x1c, 0x18, 0xff,
    0x18, 0x18, 0x18, 0xff, 0x18, 0x18, 0x20, 0xff, 0x18, 0x1c, 0x18, 0xff,
    0x18, 0x18, 0x18, 0xff, 0x18, 0x1c, 0x18, 0xff, 0x18, 0x18, 0x18, 0xff,
    0x18, 0x18, 0x20, 0xff, 0x18, 0x1c, 0x18, 0xff, 0x18, 0x18, 0x18, 0xff,
    0x18, 0x18, 0x18, 0xff, 0x18, 0x18, 0x18, 0xff, 0x18, 0x1c, 0x20, 0xff,
    0x18, 0x1c, 0x18, 0xff, 0x18, 0x18, 0x18, 0xff, 0x18, 0x1c, 0x18, 0xff,
    0x18, 0x18, 0x18, 0xff, 0x18, 0x1c, 0x20, 0xff, 0x18, 0x18, 0x18, 0xff,
    0x18, 0x1c, 0x20, 0xff, 0x18, 0x1c, 0x18, 0xff, 0x18, 0x18, 0x18, 0xff,
    0x18, 0x1c, 0x20, 0xff, 0x18, 0x1c, 0x18, 0xff, 0x18, 0x18, 0x18, 0xff,
    0x18, 0x18, 0x18, 0xff, 0x18, 0x1c, 0x18, 0xff, 0x18, 0x18, 0x20, 0xff,
    0x18, 0x18, 0x18, 0xff, 0x18, 0x1c, 0x18, 0xff, 0x18, 0x18, 0x20, 0xff,
    0x18, 0x18, 0x18, 0xff, 0x18, 0x1c, 0x18, 0xff, 0x18, 0x1c, 0x18, 0xff,
    0x18, 0x18, 0x20, 0xff, 0x18, 0x1c, 0x18, 0xff, 0x18, 0x18, 0x18, 0xff,
    0x18, 0x18, 0x18, 0xff, 0x18, 0x1c, 0x18, 0xff, 0x18, 0x18, 0x18, 0xff,
    0x18, 0x18, 0x20, 0xff, 0x18, 0x1c, 0x18, 0xff, 0x18, 0x18, 0x18, 0xff,
    0x18, 0x18, 0x20, 0xff, 0x18, 0x1c, 0x18, 0xff, 0x18, 0x18, 0x18, 0xff,
    0x18, 0x1c, 0x18, 0xff, 0x18, 0x1c, 0x18, 0xff, 0x18, 0x18, 0x18, 0xff,
    0x18, 0x1c, 0x20, 0xff, 0x18, 0x18, 0x18, 0xff, 0x18, 0x1c, 0x18, 0xff,
    0x18, 0x1c, 0x18, 0xff, 0x18, 0x18, 0x18, 0xff, 0x18, 0x18, 0x18, 0xff,
    0x18, 0x1c, 0x20, 0xff, 0x18, 0x1c, 0x18, 0xff, 0x18, 0x18, 0x18, 0xff,
    0x18, 0x1c, 0x18, 0xff, 0x18, 0x18, 0x20, 0xff, 0x18, 0x1c, 0x18, 0xff,
    0x18, 0x1c, 0x18, 0xff, 0x18, 0x1c, 0x18, 0xff, 0x18, 0x18, 0x18, 0xff,
    0x18, 0x1c, 0x18, 0xff, 0x18, 0x18, 0x18, 0xff, 0x18, 0x18, 0x18, 0xff,
    0x18, 0x1c, 0x18, 0xff, 0x18, 0x1c, 0x18, 0xff, 0x18, 0x18, 0x18, 0xff,
    0x18, 0x1c, 0x18, 0xff, 0x18, 0x1c, 0x18, 0xff, 0x18, 0x18, 0x18, 0xff,
    0x18, 0x1c, 0x18, 0xff, 0x18, 0x1c, 0x18, 0xff, 0x18, 0x18, 0x20, 0xff,
    0x18, 0x18, 0x18, 0xff, 0x18, 0x1c, 0x18, 0xff, 0x18, 0x18, 0x18, 0xff,
    0x18, 0x1c, 0x20, 0xff, 0x18, 0x1c, 0x18, 0xff, 0x18, 0x18, 0x18, 0xff,
    0x18, 0x1c, 0x18, 0xff, 0x18, 0x18, 0x20, 0xff, 0x18, 0x1c, 0x18, 0xff,
    0x18, 0x1c, 0x18, 0xff, 0x18, 0x1c, 0x18, 0xff, 0x18, 0x18, 0x18, 0xff,
    0x18, 0x1c, 0x18, 0xff, 0x18, 0x18, 0x18, 0xff, 0x18, 0x1c, 0x18, 0xff,
    0x18, 0x18, 0x18, 0xff, 0x18, 0x18, 0x18, 0xff, 0x18, 0x1c, 0x20, 0xff,
    0x18, 0x18, 0x18, 0xff, 0x18, 0x1c, 0x18, 0xff, 0x18, 0x1c, 0x18, 0xff,
    0x18, 0x18, 0x18, 0xff, 0x18, 0x1c, 0x18, 0xff, 0x18, 0x18, 0x20, 0xff,
    0x18, 0x18, 0x18, 0xff, 0x18, 0x18, 0x18, 0xff, 0x18, 0x1c, 0x20, 0xff,
    0x18, 0x1c, 0x18, 0xff, 0x18, 0x18, 0x18, 0xff, 0x18, 0x1c, 0x20, 0xff,
    0x18, 0x18, 0x18, 0xff, 0x18, 0x1c, 0x18, 0xff, 0x18, 0x1c, 0x18, 0xff,
    0x18, 0x18, 0x18, 0xff, 0x18, 0x1c, 0x20, 0xff, 0x18, 0x18, 0x18, 0xff,
    0x18, 0x18, 0x18, 0xff, 0x18, 0x1c, 0x20, 0xff, 0x18, 0x18, 0x18, 0xff,
    0x18, 0x1c, 0x18, 0xff, 0x18, 0x1c, 0x20, 0xff, 0x18, 0x18, 0x18, 0xff,
    0x18, 0x1c, 0x18, 0xff, 0x18, 0x1c, 0x18, 0xff, 0x18, 0x18, 0x20, 0xff,
    0x18, 0x1c, 0x18, 0xff, 0x18, 0x1c, 0x18, 0xff, 0x18, 0x18, 0x18, 0xff,
    0x18, 0x18, 0x18, 0xff, 0x18, 0x1c, 0x20, 0xff, 0x18, 0x18, 0x18, 0xff,
    0x18, 0x18, 0x18, 0xff, 0x18, 0x1c, 0x18, 0xff, 0x18, 0x18, 0x18, 0xff,
    0x18, 0x1c, 0x20, 0xff, 0x18, 0x18, 0x18, 0xff, 0x18, 0x1c, 0x18, 0xff,
    0x18, 0x18, 0x20, 0xff, 0x18, 0x1c, 0x18, 0xff, 0x18, 0x18, 0x18, 0xff,
    0x18, 0x18, 0x18, 0xff, 0x18, 0x1c, 0x18, 0xff, 0x18, 0x1c, 0x20, 0xff,
    0x18, 0x18, 0x18, 0xff, 0x18, 0x18, 0x18, 0xff, 0x18, 0x1c, 0x20, 0xff,
    0x18, 0x18, 0x20, 0xff, 0x18, 0x1c, 0x18, 0xff, 0x18, 0x1c, 0x20, 0xff,
    0x18, 0x18, 0x18, 0xff, 0x18, 0x1c, 0x20, 0xff, 0x18, 0x18, 0x20, 0xff,
    0x18, 0x18, 0x18, 0xff, 0x18, 0x1c, 0x20, 0xff, 0x18, 0x18, 0x18, 0xff,
    0x18, 0x18, 0x20, 0xff, 0x18, 0x1c, 0x18, 0xff, 0x18, 0x18, 0x18, 0xff,
    0x18, 0x1c, 0x20, 0xff, 0x18, 0x1c, 0x18, 0xff, 0x18, 0x18, 0x18, 0xff,
    0x18, 0x1c, 0x18, 0xff, 0x18, 0x18, 0x20, 0xff, 0x18, 0x18, 0x18, 0xff,
    0x18, 0x1c, 0x18, 0xff, 0x18, 0x1c, 0x20, 0xff, 0x18, 0x18, 0x18, 0xff,
    0x18, 0x18, 0x18, 0xff, 0x18, 0x18, 0x20, 0xff, 0x18, 0x1c, 0x18, 0xff,
    0x18, 0x18, 0x20, 0xff, 0x18, 0x1c, 0x18, 0xff, 0x18, 0x18, 0x20, 0xff,
    0x18, 0x1c, 0x18, 0xff, 0x18, 0x1c, 0x18, 0xff, 0x18, 0x18, 0x18, 0xff,
    0x18, 0x1c, 0x18, 0xff, 0x18, 0x18, 0x18, 0xff, 0x18, 0x18, 0x20, 0xff,
    0x18, 0x1c, 0x20, 0xff, 0x18, 0x18, 0x18, 0xff, 0x18, 0x18, 0x18, 0xff,
    0x18, 0x1c, 0x18, 0xff, 0x18, 0x1c, 0x18, 0xff, 0x18, 0x18, 0x18, 0xff,
    0x18, 0x1c, 0x18, 0xff, 0x18, 0x18, 0x18, 0xff, 0x18, 0x18, 0x18, 0xff,
    0x18, 0x1c, 0x18, 0xff, 0x18, 0x18, 0x20, 0xff, 0x18, 0x1c, 0x18, 0xff,
    0x18, 0x18, 0x18, 0xff, 0x18, 0x18, 0x20, 0xff, 0x18, 0x1c, 0x18, 0xff,
    0x18, 0x1c, 0x18, 0xff, 0x18, 0x18, 0x18, 0xff, 0x18, 0x1c, 0x20, 0xff,
    0x18, 0x18, 0x18, 0xff, 0x18, 0x18, 0x18, 0xff, 0x18, 0x1c, 0x18, 0xff,
    0x18, 0x18, 0x20, 0xff, 0x18, 0x1c, 0x18, 0xff, 0x18, 0x18, 0x18, 0xff,
    0x18, 0x1c, 0x20, 0xff, 0x18, 0x18, 0x18, 0xff, 0x18, 0x18, 0x18, 0xff,
    0x18, 0x1c, 0x20, 0xff, 0x18, 0x1c, 0x18, 0xff, 0x18, 0x18, 0x18, 0xff,
    0x18, 0x1c, 0x20, 0xff, 0x18, 0x18, 0x18, 0xff, 0x18, 0x1c, 0x20, 0xff,
    0x18, 0x1c, 0x18, 0xff, 0x18, 0x18, 0x18, 0xff, 0x18, 0x18, 0x18, 0xff,
    0x18, 0x1c, 0x20, 0xff, 0x18, 0x18, 0x18, 0xff, 0x18, 0x1c, 0x18, 0xff,
    0x18, 0x1c, 0x20, 0xff, 0x18, 0x18, 0x18, 0xff, 0x18, 0x18, 0x18, 0xff,
    0x18, 0x1c, 0x20, 0xff, 0x18, 0x18, 0x18, 0xff, 0x18, 0x1c, 0x18, 0xff,
    0x18, 0x18, 0x18, 0xff, 0x18, 0x18, 0x18, 0xff, 0x18, 0x18, 0x18, 0xff,
    0x18, 0x1c, 0x18, 0xff, 0x18, 0x18, 0x18, 0xff, 0x18, 0x1c, 0x18, 0xff,
    0x18, 0x1c, 0x18, 0xff, 0x18, 0x18, 0x18, 0xff, 0x18, 0x1c, 0x18, 0xff,
    0x18, 0x1c, 0x18, 0xff, 0x18, 0x18, 0x20, 0xff, 0x18, 0x1c, 0x18, 0xff,
    0x18, 0x18, 0x18, 0xff, 0x18, 0x18, 0x20, 0xff, 0x18, 0x1c, 0x18, 0xff,
    0x18, 0x18, 0x18, 0xff, 0x18, 0x1c, 0x18, 0xff, 0x18, 0x1c, 0x20, 0xff,
    0x18, 0x18, 0x18, 0xff, 0x18, 0x18, 0x18, 0xff, 0x18, 0x1c, 0x18, 0xff,
    0x18, 0x18, 0x18, 0xff, 0x18, 0x1c, 0x18, 0xff, 0x18, 0x1c, 0x18, 0xff,
    0x18, 0x18, 0x18, 0xff, 0x18, 0x18, 0x18, 0xff, 0x18, 0x1c, 0x18, 0xff,
    0x18, 0x18, 0x18, 0xff, 0x18, 0x1c, 0x18, 0xff, 0x18, 0x18, 0x18, 0xff,
    0x18, 0x18, 0x18, 0xff, 0x18, 0x1c, 0x20, 0xff, 0x18, 0x1c, 0x18, 0xff,
    0x18, 0x18, 0x18, 0xff, 0x18, 0x1c, 0x18, 0xff, 0x18, 0x1c, 0x18, 0xff,
    0x18, 0x18, 0x20, 0xff, 0x18, 0x1c, 0x18, 0xff, 0x18, 0x18, 0x20, 0xff,
    0x18, 0x1c, 0x18, 0xff, 0x18, 0x1c, 0x20, 0xff, 0x18, 0x18, 0x18, 0xff,
    0x18, 0x1c, 0x20, 0xff, 0x18, 0x18, 0x18, 0xff, 0x18, 0x1c, 0x18, 0xff,
    0x18, 0x18, 0x18, 0xff, 0x18, 0x1c, 0x18, 0xff, 0x18, 0x1c, 0x18, 0xff,
    0x18, 0x18, 0x20, 0xff, 0x18, 0x18, 0x18, 0xff, 0x18, 0x1c, 0x18, 0xff,
    0x18, 0x1c, 0x20, 0xff, 0x18, 0x18, 0x18, 0xff, 0x18, 0x1c, 0x18, 0xff,
    0x18, 0x1c, 0x18, 0xff, 0x18, 0x18, 0x18, 0xff, 0x18, 0x1c, 0x18, 0xff,
    0x18, 0x18, 0x20, 0xff, 0x18, 0x18, 0x18, 0xff, 0x18, 0x1c, 0x18, 0xff,
    0x18, 0x1c, 0x18, 0xff, 0x18, 0x18, 0x18, 0xff, 0x18, 0x18, 0x20, 0xff,
    0x18, 0x1c, 0x18, 0xff, 0x18, 0x1c, 0x18, 0xff, 0x18, 0x18, 0x18, 0xff,
    0x18, 0x1c, 0x18, 0xff, 0x18, 0x18, 0x18, 0xff, 0x18, 0x1c, 0x20, 0xff,
    0x18, 0x18, 0x18, 0xff, 0x18, 0x1c, 0x18, 0xff, 0x18, 0x1c, 0x18, 0xff,
    0x18, 0x18, 0x18, 0xff, 0x18, 0x18, 0x18, 0xff, 0x18, 0x1c, 0x20, 0xff,
    0x18, 0x1c, 0x18, 0xff, 0x18, 0x18, 0x18, 0xff, 0x18, 0x1c, 0x18, 0xff,
    0x18, 0x18, 0x18, 0xff, 0x18, 0x1c, 0x20, 0xff, 0x18, 0x1c, 0x18, 0xff,
    0x18, 0x18, 0x18, 0xff, 0x18, 0x1c, 0x18, 0xff, 0x18, 0x18, 0x20, 0xff,
    0x18, 0x18, 0x18, 0xff, 0x18, 0x1c, 0x18, 0xff, 0x18, 0x18, 0x20, 0xff,
    0x18, 0x18, 0x18, 0xff, 0x18, 0x1c, 0x18, 0xff, 0x18, 0x18, 0x18, 0xff,
    0x18, 0x1c, 0x18, 0xff, 0x18, 0x1c, 0x18, 0xff, 0x18, 0x18, 0x18, 0xff,
    0x18, 0x1c, 0x18, 0xff, 0x18, 0x18, 0x18, 0xff, 0x18, 0x18, 0x20, 0xff,
    0x18, 0x1c, 0x18, 0xff, 0x18, 0x18, 0x18, 0xff, 0x18, 0x1c, 0x18, 0xff,
    0x18, 0x1c, 0x20, 0xff, 0x18, 0x18, 0x18, 0xff, 0x18, 0x18, 0x18, 0xff,
    0x18, 0x1c, 0x20, 0xff, 0x18, 0x1c, 0x18, 0xff, 0x18, 0x18, 0x18, 0xff,
    0x18, 0x1c, 0x20, 0xff, 0x18, 0x1c, 0x18, 0xff, 0x18, 0x18, 0x18, 0xff,
    0x18, 0x18, 0x20, 0xff, 0x18, 0x1c, 0x18, 0xff, 0x18, 0x18, 0x18, 0xff,
    0x18, 0x18, 0x18, 0xff, 0x18, 0x1c, 0x20, 0xff, 0x18, 0x18, 0x18, 0xff,
    0x18, 0x1c, 0x18, 0xff, 0x18, 0x18, 0x18, 0xff, 0x18, 0x1c, 0x18, 0xff,
    0x18, 0x18, 0x18, 0xff, 0x18, 0x18, 0x18, 0xff, 0x18, 0x18, 0x20, 0xff,
    0x18, 0x1c, 0x18, 0xff, 0x18, 0x18, 0x18, 0xff, 0x18, 0x1c, 0x18, 0xff,
    0x18, 0x1c, 0x20, 0xff, 0x18, 0x18, 0x18, 0xff, 0x18, 0x18, 0x20, 0xff,
    0x18, 0x1c, 0x18, 0xff, 0x18, 0x1c, 0x18, 0xff, 0x18, 0x18, 0x18, 0xff,
    0x18, 0x18, 0x18, 0xff, 0x18, 0x1c, 0x18, 0xff, 0x18, 0x18, 0x18, 0xff,
    0x18, 0x18, 0x18, 0xff, 0x18, 0x1c, 0x20, 0xff, 0x18, 0x18, 0x20, 0xff,
    0x18, 0x1c, 0x18, 0xff, 0x18, 0x1c, 0x18, 0xff, 0x18, 0x18, 0x18, 0xff,
    0x18, 0x1c, 0x20, 0xff, 0x18, 0x18, 0x18, 0xff, 0x18, 0x1c, 0x18, 0xff,
    0x18, 0x1c, 0x18, 0xff, 0x18, 0x18, 0x18, 0xff, 0x18, 0x18, 0x20, 0xff,
    0x18, 0x1c, 0x18, 0xff, 0x18, 0x18, 0x18, 0xff, 0x18, 0x18, 0x20, 0xff,
    0x18, 0x1c, 0x18, 0xff, 0x18, 0x18, 0x18, 0xff, 0x18, 0x1c, 0x20, 0xff,
    0x18, 0x18, 0x18, 0xff, 0x18, 0x1c, 0x20, 0xff, 0x18, 0x18, 0x18, 0xff,
    0x18, 0x18, 0x18, 0xff, 0x18, 0x1c, 0x18, 0xff, 0x18, 0x18, 0x20, 0xff,
    0x18, 0x1c, 0x18, 0xff, 0x18, 0x18, 0x18, 0xff, 0x18, 0x1c, 0x20, 0xff,
    0x18, 0x18, 0x18, 0xff, 0x18, 0x1c, 0x18, 0xff, 0x18, 0x1c, 0x20, 0xff,
    0x18, 0x1c, 0x18, 0xff, 0x18, 0x18, 0x18, 0xff, 0x18, 0x1c, 0x20, 0xff,
    0x18, 0x1c, 0x18, 0xff, 0x18, 0x18, 0x18, 0xff, 0x18, 0x1c, 0x20, 0xff,
    0x18, 0x18, 0x18, 0xff, 0x18, 0x18, 0x20, 0xff, 0x18, 0x1c, 0x18, 0xff,
    0x18, 0x18, 0x20, 0xff, 0x18, 0x1c, 0x18, 0xff, 0x18, 0x1c, 0x18, 0xff,
    0x18, 0x18, 0x20, 0xff, 0x18, 0x1c, 0x18, 0xff, 0x18, 0x18, 0x18, 0xff,
    0x18, 0x18, 0x18, 0xff, 0x18, 0x1c, 0x20, 0xff, 0x18, 0x1c, 0x18, 0xff,
    0x18, 0x18, 0x18, 0xff, 0x18, 0x1c, 0x20, 0xff, 0x18, 0x18, 0x18, 0xff,
    0x18, 0x18, 0x18, 0xff, 0x18, 0x1c, 0x20, 0xff, 0x18, 0x18, 0x18, 0xff,
    0x18, 0x1c, 0x18, 0xff, 0x18, 0x18, 0x20, 0xff, 0x18, 0x1c, 0x18, 0xff,
    0x18, 0x18, 0x18, 0xff, 0x18, 0x1c, 0x18, 0xff, 0x18, 0x18, 0x18, 0xff,
    0x18, 0x18, 0x18, 0xff, 0x18, 0x1c, 0x20, 0xff, 0x18, 0x18, 0x18, 0xff,
    0x18, 0x18, 0x20, 0xff, 0x18, 0x1c, 0x18, 0xff, 0x18, 0x1c, 0x18, 0xff,
    0x18, 0x18, 0x18, 0xff, 0x18, 0x1c, 0x18, 0xff, 0x18, 0x18, 0x18, 0xff,
    0x18, 0x18, 0x18, 0xff, 0x18, 0x1c, 0x18, 0xff, 0x18, 0x18, 0x18, 0xff,
    0x18, 0x1c, 0x18, 0xff, 0x18, 0x18, 0x20, 0xff, 0x18, 0x18, 0x18, 0xff,
    0x18, 0x1c, 0x18, 0xff, 0x18, 0x1c, 0x20, 0xff, 0x18, 0x18, 0x18, 0xff,
    0x18, 0x1c, 0x20, 0xff, 0x18, 0x1c, 0x18, 0xff, 0x18, 0x18, 0x18, 0xff,
    0x18, 0x1c, 0x18, 0xff, 0x18, 0x18, 0x18, 0xff, 0x18, 0x18, 0x20, 0xff,
    0x18, 0x1c, 0x18, 0xff, 0x18, 0x18, 0x18, 0xff, 0x18, 0x1c, 0x18, 0xff,
    0x18, 0x18, 0x20, 0xff, 0x18, 0x18, 0x18, 0xff, 0x18, 0x1c, 0x18, 0xff,
    0x18, 0x1c, 0x20, 0xff, 0x18, 0x18, 0x18, 0xff, 0x18, 0x1c, 0x18, 0xff,
    0x18, 0x1c, 0x18, 0xff, 0x18, 0x18, 0x20, 0xff, 0x18, 0x1c, 0x18, 0xff,
    0x18, 0x18, 0x18, 0xff, 0x18, 0x18, 0x18, 0xff, 0x18, 0x1c, 0x18, 0xff,
    0x18, 0x18, 0x18, 0xff, 0x18, 0x1c, 0x20, 0xff, 0x18, 0x1c, 0x18, 0xff,
    0x18, 0x18, 0x18, 0xff, 0x18, 0x1c, 0x18, 0xff, 0x18, 0x18, 0x20, 0xff,
    0x18, 0x1c, 0x18, 0xff, 0x18, 0x18, 0x18, 0xff, 0x18, 0x18, 0x18, 0xff,
    0x18, 0x18, 0x18, 0xff, 0x18, 0x1c, 0x20, 0xff, 0x18, 0x18, 0x18, 0xff,
    0x18, 0x18, 0x18, 0xff, 0x18, 0x1c, 0x18, 0xff, 0x18, 0x18, 0x18, 0xff,
    0x18, 0x1c, 0x18, 0xff, 0x18, 0x1c, 0x18, 0xff, 0x18, 0x18, 0x18, 0xff,
    0x18, 0x1c, 0x18, 0xff, 0x18, 0x18, 0x20, 0xff, 0x18, 0x18, 0x18, 0xff,
    0x18, 0x1c, 0x18, 0xff, 0x18, 0x18, 0x20, 0xff, 0x18, 0x1c, 0x18, 0xff,
    0x18, 0x1c, 0x18, 0xff, 0x18, 0x18, 0x18, 0xff, 0x18, 0x1c, 0x20, 0xff,
    0x18, 0x18, 0x18, 0xff, 0x18, 0x18, 0x18, 0xff, 0x18, 0x1c, 0x18, 0xff,
    0x18, 0x1c, 0x18, 0xff, 0x18, 0x18, 0x18, 0xff, 0x18, 0x1c, 0x20, 0xff,
    0x18, 0x18, 0x18, 0xff, 0x18, 0x1c, 0x18, 0xff, 0x18, 0x18, 0x18, 0xff,
    0x18, 0x1c, 0x18, 0xff, 0x18, 0x1c, 0x18, 0xff, 0x18, 0x18, 0x18, 0xff,
    0x18, 0x1c, 0x18, 0xff, 0x18, 0x1c, 0x18, 0xff, 0x18, 0x18, 0x18, 0xff,
    0x18, 0x1c, 0x18, 0xff, 0x18, 0x1c, 0x18, 0xff, 0x18, 0x18, 0x20, 0xff,
    0x18, 0x1c, 0x18, 0xff, 0x18, 0x1c, 0x20, 0xff, 0x18, 0x18, 0x20, 0xff,
    0x18, 0x1c, 0x18, 0xff, 0x18, 0x1c, 0x20, 0xff, 0x18, 0x18, 0x20, 0xff,
    0x18, 0x1c, 0x18, 0xff, 0x18, 0x18, 0x18, 0xff, 0x18, 0x1c, 0x18, 0xff,
    0x18, 0x1c, 0x18, 0xff, 0x18, 0x18, 0x18, 0xff, 0x18, 0x18, 0x20, 0xff,
    0x18, 0x1c, 0x18, 0xff, 0x18, 0x18, 0x18, 0xff, 0x18, 0x18, 0x20, 0xff,
    0x18, 0x1c, 0x18, 0xff, 0x18, 0x1c, 0x18, 0xff, 0x18, 0x18, 0x18, 0xff,
    0x18, 0x1c, 0x18, 0xff, 0x18, 0x18, 0x18, 0xff, 0x18, 0x18, 0x20, 0xff,
    0x18, 0x1c, 0x18, 0xff, 0x18, 0x1c, 0x18, 0xff, 0x18, 0x18, 0x18, 0xff,
    0x18, 0x18, 0x20, 0xff, 0x18, 0x1c, 0x18, 0xff, 0x18, 0x18, 0x18, 0xff,
    0x18, 0x18, 0x18, 0xff, 0x18, 0x1c, 0x18, 0xff, 0x18, 0x18, 0x20, 0xff,
    0x18, 0x1c, 0x18, 0xff, 0x18, 0x1c, 0x18, 0xff, 0x18, 0x18, 0x18, 0xff,
    0x18, 0x1c, 0x20, 0xff, 0x18, 0x1c, 0x18, 0xff, 0x18, 0x18, 0x18, 0xff,
    0x18, 0x1c, 0x18, 0xff, 0x18, 0x18, 0x20, 0xff, 0x18, 0x1c, 0x18, 0xff,
    0x18, 0x18, 0x18, 0xff, 0x18, 0x1c, 0x18, 0xff, 0x18, 0x1c, 0x18, 0xff,
    0x18, 0x18, 0x20, 0xff, 0x18, 0x1c, 0x18, 0xff, 0x18, 0x1c, 0x18, 0xff,
    0x18, 0x18, 0x18, 0xff, 0x18, 0x18, 0x20, 0xff, 0x18, 0x1c, 0x18, 0xff,
    0x18, 0x18, 0x18, 0xff, 0x18, 0x18, 0x20, 0xff, 0x18, 0x1c, 0x20, 0xff,
    0x18, 0x18, 0x18, 0xff, 0x18, 0x1c, 0x18, 0xff, 0x18, 0x1c, 0x18, 0xff,
    0x18, 0x18, 0x18, 0xff, 0x18, 0x1c, 0x18, 0xff, 0x18, 0x18, 0x18, 0xff,
    0x18, 0x18, 0x18, 0xff, 0x18, 0x1c, 0x18, 0xff, 0x18, 0x18, 0x20, 0xff,
    0x18, 0x1c, 0x18, 0xff, 0x18, 0x1c, 0x18, 0xff, 0x18, 0x18, 0x18, 0xff,
    0x18, 0x18, 0x20, 0xff, 0x18, 0x1c, 0x18, 0xff, 0x18, 0x18, 0x18, 0xff,
    0x18, 0x1c, 0x20, 0xff, 0x18, 0x18, 0x18, 0xff, 0x18, 0x1c, 0x18, 0xff,
    0x18, 0x18, 0x20, 0xff, 0x18, 0x18, 0x18, 0xff, 0x18, 0x1c, 0x20, 0xff,
    0x18, 0x18, 0x18, 0xff, 0x18, 0x1c, 0x18, 0xff, 0x18, 0x18, 0x18, 0xff,
    0x18, 0x18, 0x20, 0xff, 0x18, 0x1c, 0x20, 0xff, 0x18, 0x18, 0x18, 0xff,
    0x18, 0x1c, 0x18, 0xff, 0x18, 0x18, 0x18, 0xff, 0x18, 0x18, 0x18, 0xff,
    0x18, 0x1c, 0x18, 0xff, 0x18, 0x18, 0x18, 0xff, 0x18, 0x18, 0x18, 0xff,
    0x18, 0x1c, 0x18, 0xff, 0x18, 0x1c, 0x18, 0xff, 0x18, 0x18, 0x20, 0xff,
    0x18, 0x18, 0x20, 0xff, 0x18, 0x1c, 0x18, 0xff, 0x18, 0x1c, 0x18, 0xff,
    0x18, 0x18, 0x20, 0xff, 0x18, 0x1c, 0x18, 0xff, 0x18, 0x1c, 0x18, 0xff,
    0x18, 0x18, 0x18, 0xff, 0x18, 0x18, 0x18, 0xff, 0x18, 0x1c, 0x20, 0xff,
    0x18, 0x18, 0x18, 0xff, 0x18, 0x18, 0x20, 0xff, 0x18, 0x1c, 0x18, 0xff,
    0x18, 0x1c, 0x18, 0xff, 0x18, 0x18, 0x18, 0xff, 0x18, 0x1c, 0x20, 0xff,
    0x18, 0x18, 0x18, 0xff, 0x18, 0x1c, 0x18, 0xff, 0x18, 0x1c, 0x18, 0xff,
    0x18, 0x18, 0x20, 0xff, 0x18, 0x1c, 0x18, 0xff, 0x18, 0x1c, 0x18, 0xff,
    0x18, 0x18, 0x20, 0xff, 0x18, 0x18, 0x18, 0xff, 0x18, 0x1c, 0x18, 0xff,
    0x18, 0x18, 0x18, 0xff, 0x18, 0x18, 0x20, 0xff, 0x18, 0x1c, 0x18, 0xff,
    0x18, 0x18, 0x18, 0xff, 0x18, 0x18, 0x20, 0xff, 0x18, 0x1c, 0x18, 0xff,
    0x18, 0x18, 0x18, 0xff, 0x18, 0x18, 0x20, 0xff, 0x18, 0x1c, 0x18, 0xff,
    0x18, 0x18, 0x18, 0xff, 0x18, 0x18, 0x20, 0xff, 0x18, 0x1c, 0x18, 0xff,
    0x18, 0x1c, 0x18, 0xff, 0x18, 0x18, 0x20, 0xff, 0x18, 0x1c, 0x18, 0xff,
    0x18, 0x1c, 0x18, 0xff, 0x18, 0x1c, 0x20, 0xff, 0x18, 0x18, 0x18, 0xff,
    0x18, 0x1c, 0x18, 0xff, 0x18, 0x18, 0x18, 0xff, 0x18, 0x18, 0x20, 0xff,
    0x18, 0x1c, 0x18, 0xff, 0x18, 0x18, 0x20, 0xff, 0x18, 0x1c, 0x18, 0xff,
    0x18, 0x1c, 0x20, 0xff, 0x18, 0x18, 0x18, 0xff, 0x18, 0x1c, 0x18, 0xff,
    0x18, 0x18, 0x20, 0xff, 0x18, 0x18, 0x18, 0xff, 0x18, 0x1c, 0x18, 0xff,
    0x18, 0x18, 0x18, 0xff, 0x18, 0x1c, 0x20, 0xff, 0x18, 0x1c, 0x18, 0xff,
    0x18, 0x18, 0x18, 0xff, 0x18, 0x18, 0x20, 0xff, 0x18, 0x1c, 0x18, 0xff,
    0x18, 0x1c, 0x18, 0xff, 0x18, 0x18, 0x18, 0xff, 0x18, 0x1c, 0x18, 0xff,
    0x18, 0x1c, 0x20, 0xff, 0x18, 0x18, 0x18, 0xff, 0x18, 0x18, 0x18, 0xff,
    0x18, 0x1c, 0x20, 0xff, 0x18, 0x18, 0x18, 0xff, 0x18, 0x1c, 0x18, 0xff,
    0x18, 0x18, 0x18, 0xff, 0x18, 0x1c, 0x18, 0xff, 0x18, 0x18, 0x20, 0xff,
    0x18, 0x1c, 0x18, 0xff, 0x18, 0x18, 0x18, 0xff, 0x18, 0x1c, 0x18, 0xff,
    0x18, 0x1c, 0x18, 0xff, 0x18, 0x18, 0x20, 0xff, 0x18, 0x18, 0x18, 0xff,
    0x18, 0x1c, 0x18, 0xff, 0x18, 0x18, 0x18, 0xff, 0x18, 0x1c, 0x18, 0xff,
    0x18, 0x18, 0x18, 0xff, 0x18, 0x18, 0x20, 0xff, 0x18, 0x1c, 0x18, 0xff,
    0x18, 0x18, 0x18, 0xff, 0x18, 0x1c, 0x20, 0xff, 0x18, 0x1c, 0x18, 0xff,
    0x18, 0x18, 0x18, 0xff, 0x18, 0x1c, 0x18, 0xff, 0x18, 0x1c, 0x18, 0xff,
    0x18, 0x18, 0x20, 0xff, 0x18, 0x1c, 0x18, 0xff, 0x18, 0x18, 0x18, 0xff,
    0x18, 0x1c, 0x18, 0xff, 0x18, 0x18, 0x18, 0xff, 0x18, 0x18, 0x20, 0xff,
    0x18, 0x1c, 0x18, 0xff, 0x18, 0x18, 0x18, 0xff, 0x18, 0x18, 0x18, 0xff,
    0x18, 0x1c, 0x20, 0xff, 0x18, 0x1c, 0x18, 0xff, 0x18, 0x18, 0x18, 0xff,
    0x18, 0x1c, 0x18, 0xff, 0x18, 0x18, 0x18, 0xff, 0x18, 0x1c, 0x20, 0xff,
    0x18, 0x1c, 0x18, 0xff, 0x18, 0x18, 0x18, 0xff, 0x18, 0x1c, 0x18, 0xff,
    0x18, 0x1c, 0x20, 0xff, 0x18, 0x18, 0x18, 0xff, 0x18, 0x1c, 0x18, 0xff,
    0x18, 0x1c, 0x18, 0xff, 0x18, 0x18, 0x18, 0xff, 0x18, 0x1c, 0x20, 0xff,
    0x18, 0x18, 0x18, 0xff, 0x18, 0x18, 0x18, 0xff, 0x18, 0x1c, 0x18, 0xff,
    0x18, 0x18, 0x18, 0xff, 0x18, 0x18, 0x18, 0xff, 0x18, 0x1c, 0x18, 0xff,
    0x18, 0x18, 0x18, 0xff, 0x18, 0x1c, 0x18, 0xff, 0x18, 0x1c, 0x18, 0xff,
    0x18, 0x18, 0x18, 0xff, 0x18, 0x1c, 0x18, 0xff, 0x18, 0x18, 0x18, 0xff,
    0x18, 0x18, 0x18, 0xff, 0x18, 0x1c, 0x20, 0xff, 0x18, 0x18, 0x18, 0xff,
    0x18, 0x1c, 0x18, 0xff, 0x18, 0x1c, 0x20, 0xff, 0x18, 0x18, 0x18, 0xff,
    0x18, 0x1c, 0x18, 0xff, 0x18, 0x18, 0x18, 0xff, 0x18, 0x18, 0x20, 0xff,
    0x18, 0x1c, 0x18, 0xff, 0x18, 0x1c, 0x18, 0xff, 0x18, 0x18, 0x18, 0xff,
    0x18, 0x1c, 0x18, 0xff, 0x18, 0x18, 0x18, 0xff, 0x18, 0x18, 0x20, 0xff,
    0x18, 0x1c, 0x18, 0xff, 0x18, 0x18, 0x18, 0xff, 0x18, 0x1c, 0x18, 0xff,
    0x18, 0x18, 0x18, 0xff, 0x18, 0x1c, 0x18, 0xff, 0x18, 0x18, 0x18, 0xff,
    0x18, 0x1c, 0x18, 0xff, 0x18, 0x18, 0x18, 0xff, 0x18, 0x1c, 0x18, 0xff,
    0x18, 0x18, 0x20, 0xff, 0x18, 0x1c, 0x18, 0xff, 0x18, 0x18, 0x18, 0xff,
    0x18, 0x1c, 0x20, 0xff, 0x18, 0x18, 0x20, 0xff, 0x18, 0x1c, 0x18, 0xff,
    0x18, 0x1c, 0x18, 0xff, 0x18, 0x18, 0x20, 0xff, 0x18, 0x1c, 0x18, 0xff,
    0x18, 0x1c, 0x18, 0xff, 0x18, 0x18, 0x18, 0xff, 0x18, 0x1c, 0x18, 0xff,
    0x18, 0x18, 0x18, 0xff, 0x18, 0x1c, 0x18, 0xff, 0x18, 0x18, 0x18, 0xff,
    0x18, 0x18, 0x18, 0xff, 0x18, 0x1c, 0x20, 0xff, 0x18, 0x18, 0x18, 0xff,
    0x18, 0x18, 0x18, 0xff, 0x18, 0x1c, 0x18, 0xff, 0x18, 0x18, 0x18, 0xff,
    0x18, 0x18, 0x20, 0xff, 0x18, 0x1c, 0x18, 0xff, 0x18, 0x1c, 0x20, 0xff,
    0x18, 0x18, 0x18, 0xff, 0x18, 0x1c, 0x18, 0xff, 0x18, 0x1c, 0x20, 0xff,
    0x18, 0x18, 0x18, 0xff, 0x18, 0x1c, 0x18, 0xff, 0x18, 0x18, 0x18, 0xff,
    0x18, 0x18, 0x20, 0xff, 0x18, 0x1c, 0x18, 0xff, 0x18, 0x18, 0x18, 0xff,
    0x18, 0x1c, 0x20, 0xff, 0x18, 0x18, 0x18, 0xff, 0x18, 0x1c, 0x18, 0xff,
    0x18, 0x18, 0x18, 0xff, 0x18, 0x18, 0x18, 0xff, 0x18, 0x1c, 0x18, 0xff,
    0x18, 0x18, 0x18, 0xff, 0x18, 0x1c, 0x20, 0xff, 0x18, 0x18, 0x18, 0xff,
    0x18, 0x1c, 0x18, 0xff, 0x18, 0x1c, 0x18, 0xff, 0x18, 0x18, 0x18, 0xff,
    0x18, 0x1c, 0x20, 0xff, 0x18, 0x1c, 0x18, 0xff, 0x18, 0x18, 0x20, 0xff,
    0x18, 0x18, 0x18, 0xff, 0x18, 0x1c, 0x20, 0xff, 0x18, 0x18, 0x18, 0xff,
    0x18, 0x18, 0x20, 0xff, 0x18, 0x1c, 0x20, 0xff, 0x18, 0x1c, 0x18, 0xff,
    0x18, 0x18, 0x18, 0xff, 0x18, 0x1c, 0x20, 0xff, 0x18, 0x1c, 0x18, 0xff,
    0x18, 0x18, 0x18, 0xff, 0x18, 0x18, 0x18, 0xff, 0x18, 0x1c, 0x18, 0xff,
    0x18, 0x18, 0x18, 0xff, 0x18, 0x1c, 0x18, 0xff, 0x18, 0x1c, 0x20, 0xff,
    0x18, 0x18, 0x18, 0xff, 0x18, 0x1c, 0x18, 0xff, 0x18, 0x18, 0x18, 0xff,
    0x18, 0x18, 0x20, 0xff, 0x18, 0x1c, 0x18, 0xff, 0x18, 0x1c, 0x18, 0xff,
    0x18, 0x18, 0x20, 0xff, 0x18, 0x1c, 0x18, 0xff, 0x18, 0x18, 0x18, 0xff,
    0x18, 0x1c, 0x20, 0xff, 0x18, 0x18, 0x18, 0xff, 0x18, 0x1c, 0x18, 0xff,
    0x18, 0x18, 0x20, 0xff, 0x18, 0x1c, 0x18, 0xff, 0x18, 0x18, 0x18, 0xff,
    0x18, 0x1c, 0x18, 0xff, 0x18, 0x18, 0x20, 0xff, 0x18, 0x1c, 0x18, 0xff,
    0x18, 0x18, 0x18, 0xff, 0x18, 0x1c, 0x18, 0xff, 0x18, 0x18, 0x18, 0xff,
    0x18, 0x18, 0x18, 0xff, 0x18, 0x18, 0x18, 0xff, 0x18, 0x1c, 0x18, 0xff,
    0x18, 0x18, 0x18, 0xff, 0x18, 0x18, 0x20, 0xff, 0x18, 0x1c, 0x18, 0xff,
    0x18, 0x18, 0x20, 0xff, 0x18, 0x1c, 0x20, 0xff, 0x18, 0x1c, 0x18, 0xff,
    0x18, 0x18, 0x20, 0xff, 0x18, 0x1c, 0x18, 0xff, 0x18, 0x18, 0x18, 0xff,
    0x18, 0x1c, 0x18, 0xff, 0x18, 0x1c, 0x20, 0xff, 0x18, 0x18, 0x18, 0xff,
    0x18, 0x1c, 0x20, 0xff, 0x18, 0x1c, 0x18, 0xff, 0x18, 0x18, 0x18, 0xff,
    0x18, 0x1c, 0x18, 0xff, 0x18, 0x18, 0x18, 0xff, 0x18, 0x18, 0x18, 0xff,
    0x18, 0x1c, 0x18, 0xff, 0x18, 0x18, 0x18, 0xff, 0x18, 0x1c, 0x20, 0xff,
    0x18, 0x1c, 0x18, 0xff, 0x18, 0x18, 0x18, 0xff, 0x18, 0x1c, 0x18, 0xff,
    0x18, 0x18, 0x20, 0xff, 0x18, 0x1c, 0x18, 0xff, 0x18, 0x18, 0x18, 0xff,
    0x18, 0x18, 0x18, 0xff, 0x18, 0x1c, 0x20, 0xff, 0x18, 0x1c, 0x20, 0xff,
    0x18, 0x18, 0x18, 0xff, 0x18, 0x18, 0x18, 0xff, 0x18, 0x1c, 0x20, 0xff,
    0x18, 0x18, 0x18, 0xff, 0x18, 0x18, 0x18, 0xff, 0x18, 0x1c, 0x20, 0xff,
    0x18, 0x18, 0x18, 0xff, 0x18, 0x18, 0x18, 0xff, 0x18, 0x1c, 0x18, 0xff,
    0x18, 0x18, 0x20, 0xff, 0x18, 0x1c, 0x18, 0xff, 0x18, 0x1c, 0x18, 0xff,
    0x18, 0x18, 0x18, 0xff, 0x18, 0x1c, 0x18, 0xff, 0x18, 0x18, 0x18, 0xff,
    0x18, 0x18, 0x18, 0xff, 0x18, 0x1c, 0x18, 0xff, 0x18, 0x18, 0x20, 0xff,
    0x18, 0x18, 0x18, 0xff, 0x18, 0x1c, 0x18, 0xff, 0x18, 0x18, 0x18, 0xff,
    0x18, 0x1c, 0x20, 0xff, 0x18, 0x18, 0x18, 0xff, 0x18, 0x18, 0x18, 0xff,
    0x18, 0x1c, 0x20, 0xff, 0x18, 0x18, 0x18, 0xff, 0x18, 0x1c, 0x18, 0xff,
    0x18, 0x1c, 0x18, 0xff, 0x18, 0x18, 0x20, 0xff, 0x18, 0x18, 0x18, 0xff,
    0x18, 0x1c, 0x18, 0xff, 0x18, 0x18, 0x20, 0xff, 0x18, 0x1c, 0x18, 0xff,
    0x18, 0x18, 0x18, 0xff, 0x18, 0x1c, 0x18, 0xff, 0x18, 0x18, 0x20, 0xff,
    0x18, 0x1c, 0x18, 0xff, 0x18, 0x18, 0x18, 0xff, 0x18, 0x1c, 0x20, 0xff,
    0x18, 0x18, 0x18, 0xff, 0x18, 0x18, 0x18, 0xff, 0x18, 0x1c, 0x18, 0xff,
    0x18, 0x1c, 0x18, 0xff, 0x18, 0x18, 0x18, 0xff, 0x18, 0x1c, 0x20, 0xff,
    0x18, 0x1c, 0x18, 0xff, 0x18, 0x18, 0x18, 0xff, 0x18, 0x1c, 0x20, 0xff,
    0x18, 0x1c, 0x18, 0xff, 0x18, 0x18, 0x18, 0xff, 0x18, 0x1c, 0x18, 0xff,
    0x18, 0x18, 0x18, 0xff, 0x18, 0x18, 0x18, 0xff, 0x18, 0x1c, 0x18, 0xff,
    0x18, 0x18, 0x18, 0xff, 0x18, 0x18, 0x18, 0xff, 0x18, 0x1c, 0x18, 0xff,
    0x18, 0x18, 0x20, 0xff, 0x18, 0x1c, 0x18, 0xff, 0x18, 0x18, 0x18, 0xff,
    0x18, 0x18, 0x18, 0xff, 0x18, 0x1c, 0x18, 0xff, 0x18, 0x18, 0x18, 0xff,
    0x18, 0x1c, 0x20, 0xff, 0x18, 0x18, 0x18, 0xff, 0x18, 0x1c, 0x18, 0xff,
    0x18, 0x1c, 0x20, 0xff, 0x18, 0x18, 0x18, 0xff, 0x18, 0x1c, 0x18, 0xff,
    0x18, 0x18, 0x20, 0xff, 0x18, 0x18, 0x18, 0xff, 0x18, 0x1c, 0x18, 0xff,
    0x18, 0x18, 0x18, 0xff, 0x18, 0x1c, 0x18, 0xff, 0x18, 0x1c, 0x18, 0xff,
    0x18, 0x18, 0x20, 0xff, 0x18, 0x1c, 0x18, 0xff, 0x18, 0x1c, 0x18, 0xff,
    0x18, 0x18, 0x18, 0xff, 0x18, 0x1c, 0x18, 0xff, 0x18, 0x1c, 0x18, 0xff,
    0x18, 0x18, 0x20, 0xff, 0x18, 0x1c, 0x18, 0xff, 0x18, 0x1c, 0x18, 0xff,
    0x18, 0x18, 0x18, 0xff, 0x18, 0x1c, 0x20, 0xff, 0x18, 0x1c, 0x18, 0xff,
    0x18, 0x18, 0x18, 0xff, 0x18, 0x1c, 0x18, 0xff, 0x18, 0x18, 0x18, 0xff,
    0x18, 0x18, 0x18, 0xff, 0x18, 0x1c, 0x20, 0xff, 0x18, 0x18, 0x18, 0xff,
    0x18, 0x1c, 0x18, 0xff, 0x18, 0x1c, 0x20, 0xff, 0x18, 0x18, 0x18, 0xff,
    0x18, 0x1c, 0x18, 0xff, 0x18, 0x1c, 0x18, 0xff, 0x18, 0x18, 0x18, 0xff,
    0x18, 0x1c, 0x20, 0xff, 0x18, 0x1c, 0x18, 0xff, 0x18, 0x18, 0x18, 0xff,
    0x18, 0x1c, 0x20, 0xff, 0x18, 0x1c, 0x18, 0xff, 0x18, 0x18, 0x18, 0xff,
    0x18, 0x18, 0x18, 0xff, 0x18, 0x1c, 0x20, 0xff, 0x18, 0x18, 0x18, 0xff,
    0x18, 0x1c, 0x18, 0xff, 0x18, 0x1c, 0x18, 0xff, 0x18, 0x18, 0x18, 0xff,
    0x18, 0x18, 0x18, 0xff, 0x18, 0x1c, 0x18, 0xff, 0x18, 0x1c, 0x18, 0xff,
    0x18, 0x18, 0x20, 0xff, 0x18, 0x1c, 0x18, 0xff, 0x18, 0x18, 0x18, 0xff,
    0x18, 0x1c, 0x18, 0xff, 0x18, 0x18, 0x18, 0xff, 0x18, 0x18, 0x18, 0xff,
    0x18, 0x18, 0x18, 0xff, 0x18, 0x18, 0x20, 0xff, 0x18, 0x1c, 0x18, 0xff,
    0x18, 0x18, 0x18, 0xff, 0x18, 0x18, 0x20, 0xff, 0x18, 0x1c, 0x18, 0xff,
    0x18, 0x18, 0x18, 0xff, 0x18, 0x1c, 0x20, 0xff, 0x18, 0x18, 0x18, 0xff,
    0x18, 0x1c, 0x20, 0xff, 0x18, 0x1c, 0x20, 0xff, 0x18, 0x1c, 0x18, 0xff,
    0x18, 0x18, 0x18, 0xff, 0x18, 0x1c, 0x20, 0xff, 0x18, 0x1c, 0x18, 0xff,
    0x18, 0x18, 0x18, 0xff, 0x18, 0x1c, 0x18, 0xff, 0x18, 0x18, 0x18, 0xff,
    0x18, 0x1c, 0x20, 0xff, 0x18, 0x1c, 0x18, 0xff, 0x18, 0x18, 0x20, 0xff,
    0x18, 0x1c, 0x18, 0xff, 0x18, 0x18, 0x18, 0xff, 0x18, 0x18, 0x18, 0xff,
    0x18, 0x1c, 0x20, 0xff, 0x18, 0x18, 0x18, 0xff, 0x18, 0x18, 0x18, 0xff,
    0x18, 0x1c, 0x20, 0xff, 0x18, 0x1c, 0x18, 0xff, 0x18, 0x18, 0x18, 0xff,
    0x18, 0x1c, 0x18, 0xff, 0x18, 0x18, 0x20, 0xff, 0x18, 0x18, 0x20, 0xff,
    0x18, 0x1c, 0x18, 0xff, 0x18, 0x18, 0x18, 0xff, 0x18, 0x18, 0x18, 0xff,
    0x18, 0x1c, 0x20, 0xff, 0x18, 0x18, 0x18, 0xff, 0x18, 0x18, 0x18, 0xff,
    0x18, 0x18, 0x18, 0xff, 0x18, 0x1c, 0x20, 0xff, 0x18, 0x18, 0x18, 0xff,
    0x18, 0x1c, 0x18, 0xff, 0x18, 0x18, 0x18, 0xff, 0x18, 0x18, 0x20, 0xff,
    0x18, 0x1c, 0x18, 0xff, 0x18, 0x18, 0x18, 0xff, 0x18, 0x1c, 0x20, 0xff,
    0x18, 0x1c, 0x20, 0xff, 0x18, 0x18, 0x18, 0xff, 0x18, 0x1c, 0x18, 0xff,
    0x18, 0x18, 0x20, 0xff, 0x18, 0x1c, 0x18, 0xff, 0x18, 0x18, 0x18, 0xff,
    0x18, 0x1c, 0x20, 0xff, 0x18, 0x18, 0x18, 0xff, 0x18, 0x18, 0x18, 0xff,
    0x18, 0x1c, 0x20, 0xff, 0x18, 0x18, 0x18, 0xff, 0x18, 0x18, 0x18, 0xff,
    0x18, 0x1c, 0x18, 0xff, 0x18, 0x18, 0x18, 0xff, 0x18, 0x18, 0x18, 0xff,
    0x18, 0x1c, 0x20, 0xff, 0x18, 0x18, 0x18, 0xff, 0x18, 0x1c, 0x18, 0xff,
    0x18, 0x18, 0x20, 0xff, 0x18, 0x18, 0x18, 0xff, 0x18, 0x1c, 0x18, 0xff,
    0x18, 0x1c, 0x20, 0xff, 0x18, 0x18, 0x18, 0xff, 0x18, 0x1c, 0x20, 0xff,
    0x18, 0x18, 0x18, 0xff, 0x18, 0x18, 0x18, 0xff, 0x18, 0x1c, 0x18, 0xff,
    0x18, 0x18, 0x18, 0xff, 0x18, 0x1c, 0x20, 0xff, 0x18, 0x1c, 0x18, 0xff,
    0x18, 0x18, 0x18, 0xff, 0x18, 0x1c, 0x18, 0xff, 0x18, 0x1c, 0x18, 0xff,
    0x18, 0x18, 0x18, 0xff, 0x18, 0x1c, 0x20, 0xff, 0x18, 0x18, 0x18, 0xff,
    0x18, 0x1c, 0x18, 0xff, 0x18, 0x18, 0x18, 0xff, 0x18, 0x1c, 0x18, 0xff,
    0x18, 0x18, 0x18, 0xff, 0x18, 0x18, 0x18, 0xff, 0x18, 0x18, 0x18, 0xff,
    0x18, 0x1c, 0x18, 0xff, 0x18, 0x18, 0x18, 0xff, 0x18, 0x18, 0x20, 0xff,
    0x18, 0x1c, 0x18, 0xff, 0x18, 0x18, 0x18, 0xff, 0x18, 0x1c, 0x20, 0xff,
    0x18, 0x18, 0x18, 0xff, 0x18, 0x1c, 0x18, 0xff, 0x18, 0x18, 0x18, 0xff,
    0x18, 0x18, 0x18, 0xff, 0x18, 0x1c, 0x20, 0xff, 0x18, 0x1c, 0x18, 0xff,
    0x18, 0x18, 0x18, 0xff, 0x18, 0x1c, 0x18, 0xff, 0x18, 0x1c, 0x18, 0xff,
    0x18, 0x18, 0x18, 0xff, 0x18, 0x18, 0x18, 0xff, 0x18, 0x1c, 0x20, 0xff,
    0x18, 0x18, 0x18, 0xff, 0x18, 0x1c, 0x18, 0xff, 0x18, 0x1c, 0x18, 0xff,
    0x18, 0x18, 0x18, 0xff, 0x18, 0x1c, 0x18, 0xff, 0x18, 0x1c, 0x20, 0xff,
    0x18, 0x18, 0x18, 0xff, 0x18, 0x1c, 0x18, 0xff, 0x18, 0x18, 0x18, 0xff,
    0x18, 0x1c, 0x20, 0xff, 0x18, 0x1c, 0x18, 0xff, 0x18, 0x18, 0x18, 0xff,
    0x18, 0x1c, 0x18, 0xff, 0x18, 0x18, 0x18, 0xff, 0x18, 0x1c, 0x18, 0xff,
    0x18, 0x1c, 0x20, 0xff, 0x18, 0x18, 0x18, 0xff, 0x18, 0x18, 0x18, 0xff,
    0x18, 0x1c, 0x18, 0xff, 0x18, 0x18, 0x18, 0xff, 0x18, 0x18, 0x18, 0xff,
    0x18, 0x1c, 0x18, 0xff, 0x18, 0x1c, 0x18, 0xff, 0x18, 0x18, 0x18, 0xff,
    0x18, 0x18, 0x18, 0xff, 0x18, 0x1c, 0x18, 0xff, 0x18, 0x18, 0x18, 0xff,
    0x18, 0x1c, 0x18, 0xff, 0x18, 0x1c, 0x20, 0xff, 0x18, 0x18, 0x18, 0xff,
    0x18, 0x1c, 0x18, 0xff, 0x18, 0x18, 0x20, 0xff, 0x18, 0x1c, 0x18, 0xff,
    0x18, 0x1c, 0x18, 0xff, 0x18, 0x18, 0x20, 0xff, 0x18, 0x1c, 0x18, 0xff,
    0x18, 0x1c, 0x18, 0xff, 0x18, 0x18, 0x18, 0xff, 0x18, 0x1c, 0x18, 0xff,
    0x18, 0x18, 0x18, 0xff, 0x18, 0x18, 0x20, 0xff, 0x18, 0x1c, 0x18, 0xff,
    0x18, 0x18, 0x18, 0xff, 0x18, 0x1c, 0x20, 0xff, 0x18, 0x1c, 0x18, 0xff,
    0x18, 0x18, 0x18, 0xff, 0x18, 0x1c, 0x20, 0xff, 0x18, 0x18, 0x18, 0xff,
    0x18, 0x18, 0x18, 0xff, 0x18, 0x1c, 0x20, 0xff, 0x18, 0x18, 0x18, 0xff,
    0x18, 0x1c, 0x18, 0xff, 0x18, 0x18, 0x18, 0xff, 0x18, 0x1c, 0x18, 0xff,
    0x18, 0x18, 0x18, 0xff, 0x18, 0x1c, 0x18, 0xff, 0x18, 0x1c, 0x20, 0xff,
    0x18, 0x18, 0x18, 0xff, 0x18, 0x1c, 0x20, 0xff, 0x18, 0x1c, 0x18, 0xff,
    0x18, 0x18, 0x18, 0xff, 0x18, 0x1c, 0x20, 0xff, 0x18, 0x18, 0x18, 0xff,
    0x18, 0x1c, 0x18, 0xff, 0x18, 0x1c, 0x18, 0xff, 0x18, 0x18, 0x18, 0xff,
    0x18, 0x18, 0x18, 0xff, 0x18, 0x1c, 0x20, 0xff, 0x18, 0x18, 0x18, 0xff,
    0x18, 0x1c, 0x20, 0xff, 0x18, 0x1c, 0x18, 0xff, 0x18, 0x18, 0x18, 0xff,
    0x18, 0x18, 0x18, 0xff, 0x18, 0x1c, 0x20, 0xff, 0x18, 0x18, 0x18, 0xff,
    0x18, 0x18, 0x20, 0xff, 0x18, 0x1c, 0x18, 0xff, 0x18, 0x1c, 0x18, 0xff,
    0x18, 0x18, 0x20, 0xff, 0x18, 0x1c, 0x18, 0xff, 0x18, 0x18, 0x18, 0xff,
    0x18, 0x18, 0x20, 0xff, 0x18, 0x1c, 0x18, 0xff, 0x18, 0x18, 0x18, 0xff,
    0x18, 0x18, 0x18, 0xff, 0x18, 0x1c, 0x18, 0xff, 0x18, 0x18, 0x20, 0xff,
    0x18, 0x1c, 0x18, 0xff, 0x18, 0x18, 0x18, 0xff, 0x18, 0x1c, 0x18, 0xff,
    0x18, 0x1c, 0x20, 0xff, 0x18, 0x18, 0x18, 0xff, 0x18, 0x18, 0x20, 0xff,
    0x18, 0x1c, 0x18, 0xff, 0x18, 0x18, 0x18, 0xff, 0x18, 0x1c, 0x18, 0xff,
    0x18, 0x1c, 0x18, 0xff, 0x18, 0x18, 0x20, 0xff, 0x18, 0x1c, 0x18, 0xff,
    0x18, 0x18, 0x18, 0xff, 0x18, 0x18, 0x20, 0xff, 0x18, 0x1c, 0x18, 0xff,
    0x18, 0x18, 0x20, 0xff, 0x18, 0x1c, 0x18, 0xff, 0x18, 0x1c, 0x20, 0xff,
    0x18, 0x18, 0x18, 0xff, 0x18, 0x18, 0x18, 0xff, 0x18, 0x1c, 0x20, 0xff,
    0x18, 0x18, 0x18, 0xff, 0x18, 0x1c, 0x18, 0xff, 0x18, 0x18, 0x18, 0xff,
    0x18, 0x1c, 0x20, 0xff, 0x18, 0x18, 0x18, 0xff, 0x18, 0x18, 0x18, 0xff,
    0x18, 0x1c, 0x18, 0xff, 0x18, 0x18, 0x18, 0xff, 0x18, 0x18, 0x20, 0xff,
    0x18, 0x1c, 0x18, 0xff, 0x18, 0x1c, 0x18, 0xff, 0x18, 0x18, 0x20, 0xff,
    0x18, 0x1c, 0x18, 0xff, 0x18, 0x18, 0x18, 0xff, 0x18, 0x18, 0x18, 0xff,
    0x18, 0x1c, 0x18, 0xff, 0x18, 0x18, 0x18, 0xff, 0x18, 0x1c, 0x20, 0xff,
    0x18, 0x18, 0x18, 0xff, 0x18, 0x1c, 0x18, 0xff, 0x18, 0x18, 0x18, 0xff,
    0x18, 0x1c, 0x20, 0xff, 0x18, 0x18, 0x18, 0xff, 0x18, 0x18, 0x18, 0xff,
    0x18, 0x18, 0x18, 0xff, 0x18, 0x1c, 0x18, 0xff, 0x18, 0x18, 0x20, 0xff,
    0x18, 0x18, 0x18, 0xff, 0x18, 0x1c, 0x18, 0xff, 0x18, 0x18, 0x18, 0xff,
    0x18, 0x18, 0x18, 0xff, 0x18, 0x1c, 0x20, 0xff, 0x18, 0x1c, 0x18, 0xff,
    0x18, 0x18, 0x18, 0xff, 0x18, 0x1c, 0x20, 0xff, 0x18, 0x18, 0x18, 0xff,
    0x18, 0x1c, 0x18, 0xff, 0x18, 0x18, 0x20, 0xff, 0x18, 0x1c, 0x18, 0xff,
    0x18, 0x1c, 0x18, 0xff, 0x18, 0x18, 0x18, 0xff, 0x18, 0x18, 0x18, 0xff,
    0x18, 0x1c, 0x20, 0xff, 0x18, 0x1c, 0x18, 0xff, 0x18, 0x18, 0x18, 0xff,
    0x18, 0x1c, 0x18, 0xff, 0x18, 0x1c, 0x18, 0xff, 0x18, 0x18, 0x20, 0xff,
    0x18, 0x18, 0x18, 0xff, 0x18, 0x1c, 0x18, 0xff, 0x18, 0x1c, 0x18, 0xff,
    0x18, 0x18, 0x18, 0xff, 0x18, 0x1c, 0x18, 0xff, 0x18, 0x18, 0x20, 0xff,
    0x18, 0x1c, 0x18, 0xff, 0x18, 0x1c, 0x20, 0xff, 0x18, 0x18, 0x18, 0xff,
    0x18, 0x18, 0x18, 0xff, 0x18, 0x1c, 0x18, 0xff, 0x18, 0x18, 0x20, 0xff,
    0x18, 0x18, 0x18, 0xff, 0x18, 0x1c, 0x18, 0xff, 0x18, 0x18, 0x18, 0xff,
    0x18, 0x1c, 0x18, 0xff, 0x18, 0x1c, 0x20, 0xff, 0x18, 0x18, 0x18, 0xff,
    0x18, 0x18, 0x20, 0xff, 0x18, 0x1c, 0x18, 0xff, 0x18, 0x18, 0x18, 0xff,
    0x18, 0x1c, 0x20, 0xff, 0x18, 0x1c, 0x18, 0xff, 0x18, 0x1c, 0x18, 0xff,
    0x18, 0x18, 0x18, 0xff, 0x18, 0x1c, 0x20, 0xff, 0x18, 0x18, 0x18, 0xff,
    0x18, 0x18, 0x18, 0xff, 0x18, 0x1c, 0x18, 0xff, 0x18, 0x1c, 0x20, 0xff,
    0x18, 0x18, 0x18, 0xff, 0x18, 0x1c, 0x18, 0xff, 0x18, 0x18, 0x18, 0xff,
    0x18, 0x18, 0x18, 0xff, 0x18, 0x1c, 0x20, 0xff, 0x18, 0x1c, 0x18, 0xff,
    0x18, 0x18, 0x18, 0xff, 0x18, 0x1c, 0x20, 0xff, 0x18, 0x1c, 0x18, 0xff,
    0x18, 0x18, 0x18, 0xff, 0x18, 0x18, 0x20, 0xff, 0x18, 0x1c, 0x18, 0xff,
    0x18, 0x18, 0x18, 0xff, 0x18, 0x1c, 0x18, 0xff, 0x18, 0x1c, 0x18, 0xff,
    0x18, 0x18, 0x20, 0xff, 0x18, 0x1c, 0x18, 0xff, 0x18, 0x18, 0x18, 0xff,
    0x18, 0x1c, 0x20, 0xff, 0x18, 0x18, 0x18, 0xff, 0x18, 0x1c, 0x18, 0xff,
    0x18, 0x18, 0x18, 0xff, 0x18, 0x1c, 0x20, 0xff, 0x18, 0x1c, 0x18, 0xff,
    0x18, 0x18, 0x18, 0xff, 0x18, 0x1c, 0x18, 0xff, 0x18, 0x1c, 0x18, 0xff,
    0x18, 0x18, 0x18, 0xff, 0x18, 0x1c, 0x20, 0xff, 0x18, 0x1c, 0x18, 0xff,
    0x18, 0x18, 0x18, 0xff, 0x18, 0x1c, 0x20, 0xff, 0x18, 0x18, 0x18, 0xff,
    0x18, 0x18, 0x18, 0xff, 0x18, 0x1c, 0x18, 0xff, 0x18, 0x18, 0x18, 0xff,
    0x18, 0x18, 0x18, 0xff, 0x18, 0x1c, 0x20, 0xff, 0x18, 0x18, 0x18, 0xff,
    0x18, 0x1c, 0x18, 0xff, 0x18, 0x18, 0x20, 0xff, 0x18, 0x1c, 0x18, 0xff,
    0x18, 0x18, 0x18, 0xff, 0x18, 0x18, 0x18, 0xff, 0x18, 0x1c, 0x18, 0xff,
    0x18, 0x18, 0x20, 0xff, 0x18, 0x18, 0x18, 0xff, 0x18, 0x1c, 0x18, 0xff,
    0x18, 0x1c, 0x18, 0xff, 0x18, 0x18, 0x18, 0xff, 0x18, 0x1c, 0x20, 0xff,
    0x18, 0x18, 0x18, 0xff, 0x18, 0x18, 0x20, 0xff, 0x18, 0x1c, 0x18, 0xff,
    0x18, 0x18, 0x18, 0xff, 0x18, 0x1c, 0x18, 0xff, 0x18, 0x18, 0x18, 0xff,
    0x18, 0x1c, 0x18, 0xff, 0x18, 0x1c, 0x20, 0xff, 0x18, 0x18, 0x18, 0xff,
    0x18, 0x1c, 0x18, 0xff, 0x18, 0x1c, 0x18, 0xff, 0x18, 0x18, 0x20, 0xff,
    0x18, 0x18, 0x18, 0xff, 0x18, 0x1c, 0x18, 0xff, 0x18, 0x18, 0x18, 0xff,
    0x18, 0x1c, 0x18, 0xff, 0x18, 0x18, 0x18, 0xff, 0x18, 0x1c, 0x18, 0xff,
    0x18, 0x18, 0x20, 0xff, 0x18, 0x18, 0x18, 0xff, 0x18, 0x18, 0x18, 0xff,
    0x18, 0x1c, 0x18, 0xff, 0x18, 0x18, 0x18, 0xff, 0x18, 0x1c, 0x18, 0xff,
    0x18, 0x1c, 0x18, 0xff, 0x18, 0x18, 0x18, 0xff, 0x18, 0x18, 0x18, 0xff,
    0x18, 0x1c, 0x18, 0xff, 0x18, 0x18, 0x18, 0xff, 0x18, 0x1c, 0x20, 0xff,
    0x18, 0x1c, 0x18, 0xff, 0x18, 0x18, 0x18, 0xff, 0x18, 0x1c, 0x20, 0xff,
    0x18, 0x18, 0x18, 0xff, 0x18, 0x18, 0x18, 0xff, 0x18, 0x1c, 0x18, 0xff,
    0x18, 0x18, 0x20, 0xff, 0x18, 0x1c, 0x18, 0xff, 0x18, 0x1c, 0x18, 0xff,
    0x18, 0x18, 0x18, 0xff, 0x18, 0x1c, 0x20, 0xff, 0x18, 0x18, 0x18, 0xff,
    0x18, 0x18, 0x18, 0xff, 0x18, 0x1c, 0x20, 0xff, 0x18, 0x1c, 0x18, 0xff,
    0x18, 0x18, 0x18, 0xff, 0x18, 0x1c, 0x18, 0xff, 0x18, 0x18, 0x18, 0xff,
    0x18, 0x1c, 0x18, 0xff, 0x18, 0x18, 0x20, 0xff, 0x18, 0x18, 0x18, 0xff,
    0x18, 0x1c, 0x18, 0xff, 0x18, 0x18, 0x18, 0xff, 0x18, 0x1c, 0x20, 0xff,
    0x18, 0x18, 0x18, 0xff, 0x18, 0x18, 0x18, 0xff, 0x18, 0x1c, 0x18, 0xff,
    0x18, 0x18, 0x18, 0xff, 0x18, 0x18, 0x18, 0xff, 0x18, 0x1c, 0x20, 0xff,
    0x18, 0x1c, 0x18, 0xff, 0x18, 0x18, 0x18, 0xff, 0x18, 0x1c, 0x20, 0xff,
    0x18, 0x1c, 0x18, 0xff, 0x18, 0x18, 0x18, 0xff, 0x18, 0x1c, 0x20, 0xff,
    0x18, 0x1c, 0x18, 0xff, 0x18, 0x18, 0x18, 0xff, 0x18, 0x18, 0x18, 0xff,
    0x18, 0x1c, 0x18, 0xff, 0x18, 0x18, 0x20, 0xff, 0x18, 0x1c, 0x18, 0xff,
    0x18, 0x1c, 0x18, 0xff, 0x18, 0x18, 0x20, 0xff, 0x18, 0x1c, 0x18, 0xff,
    0x18, 0x18, 0x18, 0xff, 0x18, 0x18, 0x20, 0xff, 0x18, 0x1c, 0x18, 0xff,
    0x18, 0x18, 0x18, 0xff, 0x18, 0x1c, 0x18, 0xff, 0x18, 0x1c, 0x18, 0xff,
    0x18, 0x18, 0x20, 0xff, 0x18, 0x1c, 0x18, 0xff, 0x18, 0x1c, 0x18, 0xff,
    0x18, 0x18, 0x20, 0xff, 0x18, 0x18, 0x18, 0xff, 0x18, 0x18, 0x18, 0xff,
    0x18, 0x1c, 0x18, 0xff, 0x18, 0x18, 0x20, 0xff, 0x18, 0x1c, 0x18, 0xff,
    0x18, 0x1c, 0x18, 0xff, 0x18, 0x18, 0x18, 0xff, 0x18, 0x1c, 0x20, 0xff,
    0x18, 0x1c, 0x18, 0xff, 0x18, 0x18, 0x20, 0xff, 0x18, 0x18, 0x18, 0xff,
    0x18, 0x1c, 0x18, 0xff, 0x18, 0x1c, 0x18, 0xff, 0x18, 0x1c, 0x18, 0xff,
    0x18, 0x18, 0x20, 0xff, 0x18, 0x1c, 0x18, 0xff, 0x18, 0x18, 0x20, 0xff,
    0x18, 0x18, 0x20, 0xff, 0x18, 0x1c, 0x18, 0xff, 0x18, 0x18, 0x18, 0xff,
    0x18, 0x1c, 0x20, 0xff, 0x18, 0x1c, 0x20, 0xff, 0x18, 0x18, 0x18, 0xff,
    0x18, 0x18, 0x18, 0xff, 0x18, 0x1c, 0x18, 0xff, 0x18, 0x18, 0x20, 0xff,
    0x18, 0x1c, 0x18, 0xff, 0x18, 0x1c, 0x18, 0xff, 0x18, 0x18, 0x18, 0xff,
    0x18, 0x1c, 0x18, 0xff, 0x18, 0x18, 0x18, 0xff, 0x18, 0x18, 0x18, 0xff,
    0x18, 0x1c, 0x20, 0xff, 0x18, 0x18, 0x18, 0xff, 0x18, 0x1c, 0x18, 0xff,
    0x18, 0x1c, 0x18, 0xff, 0x18, 0x18, 0x20, 0xff, 0x18, 0x18, 0x18, 0xff,
    0x18, 0x1c, 0x18, 0xff, 0x18, 0x18, 0x18, 0xff, 0x18, 0x18, 0x20, 0xff,
    0x18, 0x1c, 0x18, 0xff, 0x18, 0x1c, 0x18, 0xff, 0x18, 0x18, 0x20, 0xff,
    0x18, 0x1c, 0x18, 0xff, 0x18, 0x1c, 0x18, 0xff, 0x18, 0x18, 0x18, 0xff,
    0x18, 0x18, 0x20, 0xff, 0x18, 0x1c, 0x18, 0xff, 0x18, 0x18, 0x18, 0xff,
    0x18, 0x18, 0x18, 0xff, 0x18, 0x1c, 0x20, 0xff, 0x18, 0x1c, 0x18, 0xff,
    0x18, 0x18, 0x18, 0xff, 0x18, 0x18, 0x18, 0xff, 0x18, 0x1c, 0x18, 0xff,
    0x18, 0x18, 0x18, 0xff, 0x18, 0x1c, 0x20, 0xff, 0x18, 0x18, 0x18, 0xff,
    0x18, 0x18, 0x18, 0xff, 0x18, 0x1c, 0x18, 0xff, 0x18, 0x18, 0x18, 0xff,
    0x18, 0x1c, 0x20, 0xff, 0x18, 0x1c, 0x18, 0xff, 0x18, 0x18, 0x18, 0xff,
    0x18, 0x1c, 0x18, 0xff, 0x18, 0x18, 0x20, 0xff, 0x18, 0x1c, 0x18, 0xff,
    0x18, 0x18, 0x18, 0xff, 0x18, 0x1c, 0x18, 0xff, 0x18, 0x1c, 0x18, 0xff,
    0x18, 0x18, 0x20, 0xff, 0x18, 0x18, 0x18, 0xff, 0x18, 0x1c, 0x20, 0xff,
    0x18, 0x18, 0x18, 0xff, 0x18, 0x18, 0x18, 0xff, 0x18, 0x1c, 0x18, 0xff,
    0x18, 0x18, 0x18, 0xff, 0x18, 0x18, 0x20, 0xff, 0x18, 0x1c, 0x18, 0xff,
    0x18, 0x1c, 0x18, 0xff, 0x18, 0x18, 0x20, 0xff, 0x18, 0x1c, 0x18, 0xff,
    0x18, 0x18, 0x18, 0xff, 0x18, 0x18, 0x20, 0xff, 0x18, 0x1c, 0x18, 0xff,
    0x18, 0x18, 0x18, 0xff, 0x18, 0x18, 0x18, 0xff, 0x18, 0x1c, 0x20, 0xff,
    0x18, 0x1c, 0x18, 0xff, 0x18, 0x18, 0x20, 0xff, 0x18, 0x18, 0x18, 0xff,
    0x18, 0x1c, 0x18, 0xff, 0x18, 0x18, 0x20, 0xff, 0x18, 0x1c, 0x18, 0xff,
    0x18, 0x1c, 0x18, 0xff, 0x18, 0x18, 0x18, 0xff, 0x18, 0x1c, 0x18, 0xff,
    0x18, 0x18, 0x18, 0xff, 0x18, 0x18, 0x20, 0xff, 0x18, 0x1c, 0x18, 0xff,
    0x18, 0x1c, 0x18, 0xff, 0x18, 0x18, 0x20, 0xff, 0x18, 0x1c, 0x18, 0xff,
    0x18, 0x18, 0x18, 0xff, 0x18, 0x18, 0x18, 0xff, 0x18, 0x1c, 0x20, 0xff,
    0x18, 0x18, 0x18, 0xff, 0x18, 0x1c, 0x20, 0xff, 0x18, 0x1c, 0x18, 0xff,
    0x18, 0x18, 0x18, 0xff, 0x18, 0x1c, 0x20, 0xff, 0x18, 0x18, 0x18, 0xff,
    0x18, 0x18, 0x18, 0xff, 0x18, 0x1c, 0x18, 0xff, 0x18, 0x18, 0x18, 0xff,
    0x18, 0x1c, 0x18, 0xff, 0x18, 0x1c, 0x20, 0xff, 0x18, 0x18, 0x18, 0xff,
    0x18, 0x1c, 0x18, 0xff, 0x18, 0x18, 0x20, 0xff, 0x18, 0x1c, 0x18, 0xff,
    0x18, 0x18, 0x18, 0xff, 0x18, 0x18, 0x20, 0xff, 0x18, 0x1c, 0x18, 0xff,
    0x18, 0x1c, 0x18, 0xff, 0x18, 0x18, 0x20, 0xff, 0x18, 0x1c, 0x18, 0xff,
    0x18, 0x1c, 0x18, 0xff, 0x18, 0x18, 0x18, 0xff, 0x18, 0x18, 0x18, 0xff,
    0x18, 0x18, 0x18, 0xff, 0x18, 0x1c, 0x18, 0xff, 0x18, 0x1c, 0x20, 0xff,
    0x18, 0x18, 0x18, 0xff, 0x18, 0x18, 0x18, 0xff, 0x18, 0x1c, 0x20, 0xff,
    0x18, 0x18, 0x18, 0xff, 0x18, 0x1c, 0x18, 0xff, 0x18, 0x1c, 0x20, 0xff,
    0x18, 0x18, 0x18, 0xff, 0x18, 0x18, 0x18, 0xff, 0x18, 0x1c, 0x20, 0xff,
    0x18, 0x18, 0x18, 0xff, 0x18, 0x1c, 0x18, 0xff, 0x18, 0x18, 0x20, 0xff,
    0x18, 0x1c, 0x18, 0xff, 0x18, 0x18, 0x18, 0xff, 0x18, 0x18, 0x20, 0xff,
    0x18, 0x1c, 0x18, 0xff, 0x18, 0x1c, 0x18, 0xff, 0x18, 0x18, 0x18, 0xff,
    0x18, 0x1c, 0x18, 0xff, 0x18, 0x1c, 0x18, 0xff, 0x18, 0x18, 0x20, 0xff,
    0x18, 0x1c, 0x18, 0xff, 0x18, 0x1c, 0x18, 0xff, 0x18, 0x18, 0x20, 0xff,
    0x18, 0x18, 0x18, 0xff, 0x18, 0x1c, 0x18, 0xff, 0x18, 0x1c, 0x18, 0xff,
    0x18, 0x18, 0x20, 0xff, 0x18, 0x1c, 0x18, 0xff, 0x18, 0x1c, 0x18, 0xff,
    0x18, 0x18, 0x18, 0xff, 0x18, 0x1c, 0x20, 0xff, 0x18, 0x1c, 0x18, 0xff,
    0x18, 0x18, 0x18, 0xff, 0x18, 0x18, 0x18, 0xff, 0x18, 0x1c, 0x18, 0xff,
    0x18, 0x1c, 0x18, 0xff, 0x18, 0x18, 0x20, 0xff, 0x18, 0x18, 0x18, 0xff,
    0x18, 0x1c, 0x18, 0xff, 0x18, 0x18, 0x18, 0xff, 0x18, 0x18, 0x18, 0xff,
    0x18, 0x1c, 0x18, 0xff, 0x18, 0x1c, 0x18, 0xff, 0x18, 0x18, 0x20, 0xff,
    0x18, 0x1c, 0x18, 0xff, 0x18, 0x18, 0x18, 0xff, 0x18, 0x18, 0x18, 0xff,
    0x18, 0x1c, 0x18, 0xff, 0x18, 0x1c, 0x20, 0xff, 0x18, 0x18, 0x18, 0xff,
    0x18, 0x1c, 0x18, 0xff, 0x18, 0x18, 0x18, 0xff, 0x18, 0x18, 0x18, 0xff,
    0x18, 0x1c, 0x18, 0xff, 0x18, 0x18, 0x20, 0xff, 0x18, 0x1c, 0x18, 0xff,
    0x18, 0x1c, 0x18, 0xff, 0x18, 0x18, 0x18, 0xff, 0x18, 0x1c, 0x20, 0xff,
    0x18, 0x18, 0x20, 0xff, 0x18, 0x18, 0x18, 0xff, 0x18, 0x1c, 0x18, 0xff,
    0x18, 0x18, 0x18, 0xff, 0x18, 0x1c, 0x18, 0xff, 0x18, 0x1c, 0x18, 0xff,
    0x18, 0x18, 0x18, 0xff, 0x18, 0x1c, 0x18, 0xff, 0x18, 0x18, 0x18, 0xff,
    0x18, 0x18, 0x18, 0xff, 0x18, 0x1c, 0x18, 0xff, 0x18, 0x18, 0x18, 0xff,
    0x18, 0x18, 0x18, 0xff, 0x18, 0x1c, 0x18, 0xff, 0x18, 0x18, 0x18, 0xff,
    0x18, 0x18, 0x18, 0xff, 0x18, 0x18, 0x18, 0xdf, 0x18, 0x18, 0x18, 0xff,
    0x18, 0x1c, 0x18, 0xff, 0x18, 0x18, 0x20, 0xff, 0x18, 0x1c, 0x18, 0xff,
    0x18, 0x1c, 0x18, 0xff, 0x18, 0x18, 0x18, 0xff, 0x18, 0x1c, 0x18, 0xff,
    0x18, 0x18, 0x18, 0xff, 0x18, 0x1c, 0x20, 0xff, 0x18, 0x1c, 0x18, 0xff,
    0x18, 0x18, 0x18, 0xff, 0x18, 0x18, 0x18, 0xff, 0x18, 0x1c, 0x18, 0xff,
    0x18, 0x18, 0x18, 0xff, 0x18, 0x1c, 0x18, 0xff, 0x18, 0x1c, 0x18, 0xff,
    0x18, 0x18, 0x18, 0xff, 0x18, 0x1c, 0x20, 0xff, 0x18, 0x18, 0x18, 0xff,
    0x18, 0x18, 0x18, 0xff, 0x18, 0x1c, 0x20, 0xff, 0x18, 0x18, 0x18, 0xff,
    0x18, 0x18, 0x18, 0xff, 0x18, 0x1c, 0x18, 0xff, 0x18, 0x18, 0x20, 0xff,
    0x18, 0x1c, 0x18, 0xff, 0x18, 0x1c, 0x18, 0xff, 0x18, 0x18, 0x18, 0xff,
    0x18, 0x1c, 0x18, 0xff, 0x18, 0x18, 0x20, 0xff, 0x18, 0x18, 0x18, 0xff,
    0x18, 0x1c, 0x18, 0xff, 0x18, 0x18, 0x18, 0xff, 0x18, 0x18, 0x18, 0xff,
    0x18, 0x1c, 0x18, 0xff, 0x18, 0x18, 0x20, 0xff, 0x18, 0x1c, 0x18, 0xff,
    0x18, 0x18, 0x18, 0xff, 0x18, 0x18, 0x18, 0xff, 0x18, 0x1c, 0x18, 0xff,
    0x18, 0x1c, 0x18, 0xff, 0x18, 0x18, 0x20, 0xff, 0x18, 0x1c, 0x18, 0xff,
    0x18, 0x1c, 0x18, 0xff, 0x18, 0x18, 0x20, 0xff, 0x18, 0x18, 0x20, 0xff,
    0x18, 0x1c, 0x18, 0xff, 0x18, 0x1c, 0x18, 0xff, 0x18, 0x18, 0x18, 0xff,
    0x18, 0x1c, 0x18, 0xff, 0x18, 0x18, 0x18, 0xff, 0x18, 0x1c, 0x18, 0xff,
    0x18, 0x18, 0x18, 0xff, 0x18, 0x1c, 0x20, 0xff, 0x18, 0x1c, 0x18, 0xff,
    0x18, 0x18, 0x18, 0xff, 0x18, 0x1c, 0x20, 0xff, 0x18, 0x18, 0x18, 0xff,
    0x18, 0x18, 0x18, 0xff, 0x18, 0x1c, 0x20, 0xff, 0x18, 0x18, 0x18, 0xff,
    0x18, 0x1c, 0x18, 0xff, 0x18, 0x1c, 0x18, 0xff, 0x18, 0x18, 0x18, 0xff,
    0x18, 0x1c, 0x20, 0xff, 0x18, 0x18, 0x18, 0xff, 0x18, 0x18, 0x18, 0xff,
    0x18, 0x1c, 0x20, 0xff, 0x18, 0x18, 0x20, 0xff, 0x18, 0x18, 0x18, 0xff,
    0x18, 0x1c, 0x20, 0xff, 0x18, 0x1c, 0x18, 0xff, 0x18, 0x18, 0x20, 0xff,
    0x18, 0x1c, 0x18, 0xff, 0x18, 0x1c, 0x20, 0xff, 0x18, 0x18, 0x18, 0xff,
    0x18, 0x1c, 0x20, 0xff, 0x18, 0x18, 0x18, 0xff, 0x18, 0x18, 0x18, 0xdf,
    0x10, 0x14, 0x18, 0xdf, 0x18, 0x1c, 0x18, 0xff, 0x18, 0x18, 0x18, 0xff,
    0x18, 0x18, 0x18, 0xff, 0x18, 0x1c, 0x20, 0xff, 0x18, 0x18, 0x18, 0xff,
    0x18, 0x1c, 0x18, 0xff, 0x18, 0x18, 0x20, 0xff, 0x18, 0x18, 0x18, 0xff,
    0x18, 0x1c, 0x18, 0xff, 0x18, 0x18, 0x18, 0xff, 0x18, 0x1c, 0x20, 0xff,
    0x18, 0x1c, 0x18, 0xff, 0x18, 0x18, 0x20, 0xff, 0x18, 0x18, 0x18, 0xff,
    0x18, 0x1c, 0x20, 0xff, 0x18, 0x18, 0x18, 0xff, 0x18, 0x1c, 0x18, 0xff,
    0x18, 0x1c, 0x18, 0xff, 0x18, 0x18, 0x18, 0xff, 0x18, 0x1c, 0x20, 0xff,
    0x18, 0x1c, 0x18, 0xff, 0x18, 0x18, 0x18, 0xff, 0x18, 0x1c, 0x20, 0xff,
    0x18, 0x18, 0x18, 0xff, 0x18, 0x18, 0x18, 0xff, 0x18, 0x1c, 0x18, 0xff,
    0x18, 0x18, 0x20, 0xff, 0x18, 0x1c, 0x18, 0xff, 0x18, 0x18, 0x18, 0xff,
    0x18, 0x1c, 0x18, 0xff, 0x18, 0x1c, 0x18, 0xff, 0x18, 0x18, 0x20, 0xff,
    0x18, 0x1c, 0x18, 0xff, 0x18, 0x1c, 0x18, 0xff, 0x18, 0x18, 0x20, 0xff,
    0x18, 0x18, 0x18, 0xff, 0x18, 0x1c, 0x18, 0xff, 0x18, 0x1c, 0x20, 0xff,
    0x18, 0x18, 0x20, 0xff, 0x18, 0x18, 0x18, 0xff, 0x18, 0x1c, 0x18, 0xff,
    0x18, 0x18, 0x18, 0xff, 0x18, 0x18, 0x20, 0xff, 0x18, 0x1c, 0x18, 0xff,
    0x18, 0x1c, 0x18, 0xff, 0x18, 0x18, 0x18, 0xff, 0x18, 0x18, 0x18, 0xff,
    0x18, 0x1c, 0x20, 0xff, 0x18, 0x18, 0x18, 0xff, 0x18, 0x1c, 0x20, 0xff,
    0x18, 0x1c, 0x20, 0xff, 0x18, 0x18, 0x18, 0xff, 0x18, 0x18, 0x18, 0xff,
    0x18, 0x1c, 0x18, 0xff, 0x18, 0x18, 0x20, 0xff, 0x18, 0x1c, 0x18, 0xff,
    0x18, 0x1c, 0x18, 0xff, 0x18, 0x18, 0x18, 0xff, 0x18, 0x1c, 0x18, 0xff,
    0x18, 0x18, 0x18, 0xff, 0x18, 0x18, 0x20, 0xff, 0x18, 0x1c, 0x18, 0xff,
    0x18, 0x18, 0x18, 0xff, 0x18, 0x1c, 0x18, 0xff, 0x18, 0x1c, 0x18, 0xff,
    0x18, 0x18, 0x20, 0xff, 0x18, 0x1c, 0x18, 0xff, 0x18, 0x1c, 0x18, 0xff,
    0x18, 0x18, 0x18, 0xff, 0x18, 0x1c, 0x18, 0xff, 0x18, 0x18, 0x18, 0xff,
    0x18, 0x1c, 0x20, 0xff, 0x18, 0x18, 0x18, 0xff, 0x18, 0x18, 0x18, 0xff,
    0x18, 0x1c, 0x18, 0xff, 0x18, 0x18, 0x20, 0xff, 0x18, 0x1c, 0x18, 0xff,
    0x18, 0x1c, 0x18, 0xff, 0x18, 0x18, 0x18, 0xcf, 0x10, 0x14, 0x18, 0xae,
    0x18, 0x1c, 0x18, 0xff, 0x18, 0x1c, 0x18, 0xff, 0x18, 0x18, 0x18, 0xff,
    0x18, 0x1c, 0x20, 0xff, 0x18, 0x18, 0x18, 0xff, 0x18, 0x1c, 0x18, 0xff,
    0x18, 0x1c, 0x20, 0xff, 0x18, 0x18, 0x18, 0xff, 0x18, 0x18, 0x18, 0xff,
    0x18, 0x1c, 0x20, 0xff, 0x18, 0x18, 0x18, 0xff, 0x18, 0x1c, 0x18, 0xff,
    0x18, 0x1c, 0x18, 0xff, 0x18, 0x18, 0x20, 0xff, 0x18, 0x18, 0x18, 0xff,
    0x18, 0x1c, 0x18, 0xff, 0x18, 0x18, 0x20, 0xff, 0x18, 0x18, 0x18, 0xff,
    0x18, 0x1c, 0x18, 0xff, 0x18, 0x18, 0x18, 0xff, 0x18, 0x18, 0x18, 0xff,
    0x18, 0x1c, 0x18, 0xff, 0x18, 0x1c, 0x20, 0xff, 0x18, 0x18, 0x18, 0xff,
    0x18, 0x1c, 0x18, 0xff, 0x18, 0x18, 0x20, 0xff, 0x18, 0x18, 0x18, 0xff,
    0x18, 0x1c, 0x18, 0xff, 0x18, 0x18, 0x20, 0xff, 0x18, 0x18, 0x18, 0xff,
    0x18, 0x1c, 0x18, 0xff, 0x18, 0x18, 0x20, 0xff, 0x18, 0x18, 0x18, 0xff,
    0x18, 0x1c, 0x18, 0xff, 0x18, 0x1c, 0x20, 0xff, 0x18, 0x18, 0x18, 0xff,
    0x18, 0x1c, 0x18, 0xff, 0x18, 0x1c, 0x18, 0xff, 0x18, 0x18, 0x18, 0xff,
    0x18, 0x1c, 0x20, 0xff, 0x18, 0x1c, 0x18, 0xff, 0x18, 0x18, 0x18, 0xff,
    0x18, 0x18, 0x18, 0xff, 0x18, 0x1c, 0x18, 0xff, 0x18, 0x18, 0x18, 0xff,
    0x18, 0x1c, 0x18, 0xff, 0x18, 0x1c, 0x20, 0xff, 0x18, 0x18, 0x18, 0xff,
    0x18, 0x18, 0x18, 0xff, 0x18, 0x1c, 0x18, 0xff, 0x18, 0x18, 0x18, 0xff,
    0x18, 0x18, 0x20, 0xff, 0x18, 0x1c, 0x18, 0xff, 0x18, 0x18, 0x18, 0xff,
    0x18, 0x18, 0x18, 0xff, 0x18, 0x1c, 0x20, 0xff, 0x18, 0x18, 0x18, 0xff,
    0x18, 0x1c, 0x18, 0xff, 0x18, 0x1c, 0x20, 0xff, 0x18, 0x18, 0x18, 0xff,
    0x18, 0x1c, 0x18, 0xff, 0x18, 0x18, 0x20, 0xff, 0x18, 0x18, 0x18, 0xff,
    0x18, 0x1c, 0x18, 0xff, 0x18, 0x18, 0x18, 0xff, 0x18, 0x1c, 0x18, 0xff,
    0x18, 0x18, 0x20, 0xff, 0x18, 0x18, 0x18, 0xff, 0x18, 0x1c, 0x18, 0xff,
    0x18, 0x18, 0x18, 0xff, 0x18, 0x1c, 0x18, 0xff, 0x18, 0x18, 0x18, 0xff,
    0x18, 0x1c, 0x18, 0xff, 0x18, 0x1c, 0x18, 0xff, 0x18, 0x18, 0x18, 0xff,
    0x18, 0x18, 0x18, 0xff, 0x18, 0x1c, 0x18, 0xff, 0x18, 0x18, 0x18, 0xff,
    0x10, 0x14, 0x18, 0xbe, 0x10, 0x10, 0x10, 0x92, 0x18, 0x18, 0x18, 0xff,
    0x18, 0x1c, 0x20, 0xff, 0x18, 0x1c, 0x18, 0xff, 0x18, 0x18, 0x18, 0xff,
    0x18, 0x18, 0x18, 0xff, 0x18, 0x1c, 0x18, 0xff, 0x18, 0x1c, 0x18, 0xff,
    0x18, 0x18, 0x18, 0xff, 0x18, 0x1c, 0x18, 0xff, 0x18, 0x1c, 0x18, 0xff,
    0x18, 0x18, 0x18, 0xff, 0x18, 0x18, 0x18, 0xff, 0x18, 0x1c, 0x18, 0xff,
    0x18, 0x1c, 0x18, 0xff, 0x18, 0x18, 0x18, 0xff, 0x18, 0x1c, 0x18, 0xff,
    0x18, 0x18, 0x20, 0xff, 0x18, 0x1c, 0x18, 0xff, 0x18, 0x1c, 0x18, 0xff,
    0x18, 0x18, 0x20, 0xff, 0x18, 0x18, 0x18, 0xff, 0x18, 0x1c, 0x18, 0xff,
    0x18, 0x18, 0x18, 0xff, 0x18, 0x1c, 0x18, 0xff, 0x18, 0x1c, 0x18, 0xff,
    0x18, 0x18, 0x18, 0xff, 0x18, 0x1c, 0x18, 0xff, 0x18, 0x1c, 0x18, 0xff,
    0x18, 0x18, 0x20, 0xff, 0x18, 0x1c, 0x18, 0xff, 0x18, 0x1c, 0x18, 0xff,
    0x18, 0x18, 0x18, 0xff, 0x18, 0x18, 0x18, 0xff, 0x18, 0x1c, 0x18, 0xff,
    0x18, 0x18, 0x18, 0xff, 0x18, 0x18, 0x18, 0xff, 0x18, 0x1c, 0x20, 0xff,
    0x18, 0x18, 0x18, 0xff, 0x18, 0x18, 0x18, 0xff, 0x18, 0x1c, 0x18, 0xff,
    0x18, 0x1c, 0x20, 0xff, 0x18, 0x18, 0x18, 0xff, 0x18, 0x1c, 0x18, 0xff,
    0x18, 0x1c, 0x20, 0xff, 0x18, 0x18, 0x20, 0xff, 0x18, 0x18, 0x18, 0xff,
    0x18, 0x1c, 0x18, 0xff, 0x18, 0x18, 0x18, 0xff, 0x18, 0x1c, 0x18, 0xff,
    0x18, 0x1c, 0x18, 0xff, 0x18, 0x18, 0x18, 0xff, 0x18, 0x1c, 0x18, 0xff,
    0x18, 0x1c, 0x20, 0xff, 0x18, 0x18, 0x18, 0xff, 0x18, 0x1c, 0x18, 0xff,
    0x18, 0x18, 0x18, 0xff, 0x18, 0x18, 0x20, 0xff, 0x18, 0x1c, 0x18, 0xff,
    0x18, 0x18, 0x18, 0xff, 0x18, 0x1c, 0x18, 0xff, 0x18, 0x1c, 0x18, 0xff,
    0x18, 0x18, 0x18, 0xff, 0x18, 0x1c, 0x20, 0xff, 0x18, 0x18, 0x18, 0xff,
    0x18, 0x1c, 0x20, 0xff, 0x18, 0x18, 0x18, 0xff, 0x18, 0x1c, 0x18, 0xff,
    0x18, 0x1c, 0x20, 0xff, 0x18, 0x18, 0x18, 0xff, 0x18, 0x1c, 0x20, 0xff,
    0x18, 0x18, 0x20, 0xff, 0x18, 0x1c, 0x18, 0xff, 0x18, 0x18, 0x20, 0xff,
    0x18, 0x1c, 0x18, 0xff, 0x18, 0x1c, 0x20, 0xff, 0x18, 0x18, 0x18, 0xff,
    0x18, 0x18, 0x18, 0xff, 0x18, 0x1c, 0x20, 0xff, 0x10, 0x10, 0x10, 0x8e,
    0x08, 0x04, 0x08, 0x61, 0x18, 0x18, 0x18, 0xff, 0x18, 0x1c, 0x18, 0xff,
    0x18, 0x18, 0x18, 0xff, 0x18, 0x18, 0x20, 0xff, 0x18, 0x1c, 0x18, 0xff,
    0x18, 0x18, 0x20, 0xff, 0x18, 0x18, 0x18, 0xff, 0x18, 0x1c, 0x20, 0xff,
    0x18, 0x18, 0x18, 0xff, 0x18, 0x1c, 0x20, 0xff, 0x18, 0x18, 0x18, 0xff,
    0x18, 0x18, 0x20, 0xff, 0x18, 0x1c, 0x20, 0xff, 0x18, 0x18, 0x18, 0xff,
    0x18, 0x1c, 0x18, 0xff, 0x18, 0x18, 0x20, 0xff, 0x18, 0x1c, 0x18, 0xff,
    0x18, 0x18, 0x18, 0xff, 0x18, 0x1c, 0x20, 0xff, 0x18, 0x1c, 0x18, 0xff,
    0x18, 0x18, 0x20, 0xff, 0x18, 0x1c, 0x18, 0xff, 0x18, 0x18, 0x20, 0xff,
    0x18, 0x18, 0x18, 0xff, 0x18, 0x1c, 0x20, 0xff, 0x18, 0x18, 0x18, 0xff,
    0x18, 0x1c, 0x18, 0xff, 0x18, 0x18, 0x20, 0xff, 0x18, 0x18, 0x18, 0xff,
    0x18, 0x1c, 0x18, 0xff, 0x18, 0x1c, 0x20, 0xff, 0x18, 0x18, 0x18, 0xff,
    0x18, 0x1c, 0x20, 0xff, 0x18, 0x1c, 0x18, 0xff, 0x18, 0x18, 0x18, 0xff,
    0x18, 0x1c, 0x20, 0xff, 0x18, 0x18, 0x18, 0xff, 0x18, 0x1c, 0x18, 0xff,
    0x18, 0x18, 0x18, 0xff, 0x18, 0x18, 0x18, 0xff, 0x18, 0x1c, 0x18, 0xff,
    0x18, 0x18, 0x20, 0xff, 0x18, 0x18, 0x18, 0xff, 0x18, 0x1c, 0x18, 0xff,
    0x18, 0x18, 0x18, 0xff, 0x18, 0x1c, 0x18, 0xff, 0x18, 0x18, 0x20, 0xff,
    0x18, 0x1c, 0x18, 0xff, 0x18, 0x18, 0x20, 0xff, 0x18, 0x18, 0x20, 0xff,
    0x18, 0x1c, 0x18, 0xff, 0x18, 0x18, 0x18, 0xff, 0x18, 0x1c, 0x18, 0xff,
    0x18, 0x1c, 0x20, 0xff, 0x18, 0x18, 0x18, 0xff, 0x18, 0x1c, 0x18, 0xff,
    0x18, 0x1c, 0x18, 0xff, 0x18, 0x18, 0x20, 0xff, 0x18, 0x18, 0x18, 0xff,
    0x18, 0x1c, 0x20, 0xff, 0x18, 0x18, 0x18, 0xff, 0x18, 0x1c, 0x18, 0xff,
    0x18, 0x1c, 0x18, 0xff, 0x18, 0x18, 0x18, 0xff, 0x18, 0x18, 0x18, 0xff,
    0x18, 0x1c, 0x18, 0xff, 0x18, 0x18, 0x18, 0xff, 0x18, 0x1c, 0x18, 0xff,
    0x18, 0x18, 0x18, 0xff, 0x18, 0x18, 0x18, 0xff, 0x18, 0x1c, 0x18, 0xff,
    0x18, 0x18, 0x18, 0xff, 0x18, 0x18, 0x18, 0xff, 0x18, 0x1c, 0x20, 0xff,
    0x18, 0x18, 0x18, 0xff, 0x18, 0x1c, 0x18, 0xff, 0x18, 0x1c, 0x20, 0xff,
    0x18, 0x18, 0x18, 0xff, 0x08, 0x08, 0x08, 0x61, 0x00, 0x00, 0x00, 0x10,
    0x10, 0x10, 0x10, 0xef, 0x18, 0x18, 0x18, 0xff, 0x18, 0x1c, 0x18, 0xff,
    0x18, 0x1c, 0x18, 0xff, 0x18, 0x1c, 0x20, 0xff, 0x18, 0x18, 0x18, 0xff,
    0x18, 0x1c, 0x18, 0xff, 0x18, 0x18, 0x18, 0xff, 0x18, 0x18, 0x20, 0xff,
    0x18, 0x1c, 0x18, 0xff, 0x18, 0x1c, 0x18, 0xff, 0x18, 0x18, 0x18, 0xff,
    0x18, 0x1c, 0x18, 0xff, 0x18, 0x18, 0x18, 0xff, 0x18, 0x18, 0x20, 0xff,
    0x18, 0x1c, 0x18, 0xff, 0x18, 0x18, 0x18, 0xff, 0x18, 0x18, 0x18, 0xff,
    0x18, 0x1c, 0x18, 0xff, 0x18, 0x18, 0x18, 0xff, 0x18, 0x1c, 0x18, 0xff,
    0x18, 0x1c, 0x18, 0xff, 0x18, 0x18, 0x18, 0xff, 0x18, 0x1c, 0x20, 0xff,
    0x18, 0x18, 0x18, 0xff, 0x18, 0x1c, 0x18, 0xff, 0x18, 0x18, 0x20, 0xff,
    0x18, 0x1c, 0x18, 0xff, 0x18, 0x18, 0x18, 0xff, 0x18, 0x18, 0x18, 0xff,
    0x18, 0x1c, 0x18, 0xff, 0x18, 0x18, 0x20, 0xff, 0x18, 0x18, 0x18, 0xff,
    0x18, 0x1c, 0x18, 0xff, 0x18, 0x1c, 0x20, 0xff, 0x18, 0x18, 0x18, 0xff,
    0x18, 0x1c, 0x18, 0xff, 0x18, 0x1c, 0x20, 0xff, 0x18, 0x18, 0x18, 0xff,
    0x18, 0x1c, 0x18, 0xff, 0x18, 0x1c, 0x20, 0xff, 0x18, 0x18, 0x18, 0xff,
    0x18, 0x1c, 0x18, 0xff, 0x18, 0x18, 0x18, 0xff, 0x18, 0x1c, 0x18, 0xff,
    0x18, 0x1c, 0x20, 0xff, 0x18, 0x18, 0x18, 0xff, 0x18, 0x1c, 0x18, 0xff,
    0x18, 0x1c, 0x18, 0xff, 0x18, 0x18, 0x18, 0xff, 0x18, 0x1c, 0x18, 0xff,
    0x18, 0x18, 0x20, 0xff, 0x18, 0x18, 0x18, 0xff, 0x18, 0x1c, 0x18, 0xff,
    0x18, 0x18, 0x20, 0xff, 0x18, 0x18, 0x18, 0xff, 0x18, 0x1c, 0x18, 0xff,
    0x18, 0x1c, 0x18, 0xff, 0x18, 0x18, 0x18, 0xff, 0x18, 0x18, 0x18, 0xff,
    0x18, 0x1c, 0x20, 0xff, 0x18, 0x18, 0x18, 0xff, 0x18, 0x18, 0x20, 0xff,
    0x18, 0x1c, 0x18, 0xff, 0x18, 0x1c, 0x18, 0xff, 0x18, 0x18, 0x20, 0xff,
    0x18, 0x18, 0x18, 0xff, 0x18, 0x1c, 0x18, 0xff, 0x18, 0x1c, 0x20, 0xff,
    0x18, 0x18, 0x18, 0xff, 0x18, 0x1c, 0x18, 0xff, 0x18, 0x1c, 0x18, 0xff,
    0x18, 0x18, 0x18, 0xff, 0x18, 0x1c, 0x18, 0xff, 0x18, 0x18, 0x18, 0xff,
    0x18, 0x18, 0x18, 0xff, 0x18, 0x1c, 0x18, 0xff, 0x10, 0x0c, 0x10, 0xff,
    0x00, 0x00, 0x00, 0x20, 0x00, 0x00, 0x00, 0x00, 0x00, 0x04, 0x08, 0x82,
    0x10, 0x14, 0x18, 0xff, 0x18, 0x18, 0x18, 0xff, 0x18, 0x1c, 0x18, 0xff,
    0x18, 0x18, 0x18, 0xff, 0x18, 0x1c, 0x18, 0xff, 0x18, 0x1c, 0x18, 0xff,
    0x18, 0x18, 0x18, 0xff, 0x18, 0x1c, 0x18, 0xff, 0x18, 0x18, 0x18, 0xff,
    0x18, 0x1c, 0x18, 0xff, 0x18, 0x1c, 0x20, 0xff, 0x18, 0x18, 0x18, 0xff,
    0x18, 0x1c, 0x18, 0xff, 0x18, 0x1c, 0x18, 0xff, 0x18, 0x1c, 0x18, 0xff,
    0x18, 0x18, 0x20, 0xff, 0x18, 0x1c, 0x18, 0xff, 0x18, 0x18, 0x18, 0xff,
    0x18, 0x18, 0x20, 0xff, 0x18, 0x1c, 0x18, 0xff, 0x18, 0x18, 0x18, 0xff,
    0x18, 0x1c, 0x18, 0xff, 0x18, 0x18, 0x18, 0xff, 0x18, 0x1c, 0x18, 0xff,
    0x18, 0x18, 0x18, 0xff, 0x18, 0x1c, 0x18, 0xff, 0x18, 0x1c, 0x18, 0xff,
    0x18, 0x18, 0x20, 0xff, 0x18, 0x1c, 0x18, 0xff, 0x18, 0x1c, 0x18, 0xff,
    0x18, 0x18, 0x18, 0xff, 0x18, 0x18, 0x18, 0xff, 0x18, 0x1c, 0x18, 0xff,
    0x18, 0x18, 0x18, 0xff, 0x18, 0x18, 0x18, 0xff, 0x18, 0x1c, 0x18, 0xff,
    0x18, 0x18, 0x20, 0xff, 0x18, 0x18, 0x18, 0xff, 0x18, 0x1c, 0x18, 0xff,
    0x18, 0x18, 0x20, 0xff, 0x18, 0x1c, 0x18, 0xff, 0x18, 0x1c, 0x18, 0xff,
    0x18, 0x18, 0x20, 0xff, 0x18, 0x18, 0x18, 0xff, 0x18, 0x1c, 0x18, 0xff,
    0x18, 0x18, 0x18, 0xff, 0x18, 0x18, 0x18, 0xff, 0x18, 0x1c, 0x20, 0xff,
    0x18, 0x18, 0x18, 0xff, 0x18, 0x1c, 0x18, 0xff, 0x18, 0x1c, 0x18, 0xff,
    0x18, 0x18, 0x18, 0xff, 0x18, 0x1c, 0x18, 0xff, 0x18, 0x1c, 0x18, 0xff,
    0x18, 0x18, 0x20, 0xff, 0x18, 0x18, 0x18, 0xff, 0x18, 0x1c, 0x18, 0xff,
    0x18, 0x1c, 0x20, 0xff, 0x18, 0x18, 0x18, 0xff, 0x18, 0x1c, 0x18, 0xff,
    0x18, 0x1c, 0x18, 0xff, 0x18, 0x18, 0x20, 0xff, 0x18, 0x1c, 0x18, 0xff,
    0x18, 0x1c, 0x18, 0xff, 0x18, 0x18, 0x20, 0xff, 0x18, 0x1c, 0x18, 0xff,
    0x18, 0x18, 0x18, 0xff, 0x18, 0x1c, 0x20, 0xff, 0x18, 0x18, 0x18, 0xff,
    0x18, 0x1c, 0x20, 0xff, 0x18, 0x18, 0x20, 0xff, 0x18, 0x1c, 0x18, 0xff,
    0x18, 0x1c, 0x18, 0xff, 0x18, 0x18, 0x20, 0xff, 0x18, 0x1c, 0x18, 0xff,
    0x10, 0x14, 0x18, 0xff, 0x00, 0x00, 0x00, 0x8e, 0x00, 0x00, 0x00, 0x00,
    0x00, 0x00, 0x00, 0x00, 0x00, 0x00, 0x00, 0x10, 0x00, 0x00, 0x00, 0xcf,
    0x10, 0x10, 0x10, 0xff, 0x18, 0x18, 0x18, 0xff, 0x18, 0x18, 0x20, 0xff,
    0x18, 0x1c, 0x18, 0xff, 0x18, 0x18, 0x20, 0xff, 0x18, 0x1c, 0x18, 0xff,
    0x18, 0x18, 0x18, 0xff, 0x18, 0x18, 0x20, 0xff, 0x18, 0x1c, 0x18, 0xff,
    0x18, 0x18, 0x18, 0xff, 0x18, 0x18, 0x20, 0xff, 0x18, 0x1c, 0x18, 0xff,
    0x18, 0x18, 0x18, 0xff, 0x18, 0x18, 0x20, 0xff, 0x18, 0x1c, 0x18, 0xff,
    0x18, 0x1c, 0x18, 0xff, 0x18, 0x18, 0x20, 0xff, 0x18, 0x1c, 0x18, 0xff,
    0x18, 0x18, 0x18, 0xff, 0x18, 0x18, 0x20, 0xff, 0x18, 0x1c, 0x20, 0xff,
    0x18, 0x1c, 0x18, 0xff, 0x18, 0x18, 0x20, 0xff, 0x18, 0x18, 0x18, 0xff,
    0x18, 0x1c, 0x18, 0xff, 0x18, 0x18, 0x20, 0xff, 0x18, 0x18, 0x18, 0xff,
    0x18, 0x1c, 0x18, 0xff, 0x18, 0x1c, 0x20, 0xff, 0x18, 0x18, 0x18, 0xff,
    0x18, 0x1c, 0x20, 0xff, 0x18, 0x1c, 0x18, 0xff, 0x18, 0x18, 0x18, 0xff,
    0x18, 0x1c, 0x20, 0xff, 0x18, 0x18, 0x18, 0xff, 0x18, 0x1c, 0x18, 0xff,
    0x18, 0x1c, 0x18, 0xff, 0x18, 0x18, 0x18, 0xff, 0x18, 0x18, 0x18, 0xff,
    0x18, 0x1c, 0x18, 0xff, 0x18, 0x18, 0x20, 0xff, 0x18, 0x1c, 0x18, 0xff,
    0x18, 0x18, 0x18, 0xff, 0x18, 0x1c, 0x20, 0xff, 0x18, 0x1c, 0x18, 0xff,
    0x18, 0x18, 0x18, 0xff, 0x18, 0x18, 0x20, 0xff, 0x18, 0x1c, 0x18, 0xff,
    0x18, 0x18, 0x18, 0xff, 0x18, 0x18, 0x20, 0xff, 0x18, 0x1c, 0x18, 0xff,
    0x18, 0x18, 0x18, 0xff, 0x18, 0x1c, 0x18, 0xff, 0x18, 0x1c, 0x18, 0xff,
    0x18, 0x18, 0x20, 0xff, 0x18, 0x18, 0x18, 0xff, 0x18, 0x1c, 0x18, 0xff,
    0x18, 0x18, 0x20, 0xff, 0x18, 0x18, 0x18, 0xff, 0x18, 0x1c, 0x18, 0xff,
    0x18, 0x18, 0x18, 0xff, 0x18, 0x18, 0x18, 0xff, 0x18, 0x1c, 0x18, 0xff,
    0x18, 0x18, 0x20, 0xff, 0x18, 0x1c, 0x18, 0xff, 0x18, 0x18, 0x18, 0xff,
    0x18, 0x18, 0x18, 0xff, 0x18, 0x1c, 0x18, 0xff, 0x18, 0x18, 0x18, 0xff,
    0x18, 0x18, 0x18, 0xff, 0x18, 0x1c, 0x18, 0xff, 0x18, 0x18, 0x20, 0xff,
    0x18, 0x18, 0x18, 0xff, 0x08, 0x0c, 0x10, 0xff, 0x00, 0x00, 0x00, 0xcf,
    0x00, 0x00, 0x00, 0x00, 0x00, 0x00, 0x00, 0x00, 0x00, 0x00, 0x00, 0x00,
    0x00, 0x00, 0x00, 0x00, 0x00, 0x00, 0x00, 0x00, 0x00, 0x00, 0x00, 0x8e,
    0x00, 0x04, 0x08, 0xff, 0x08, 0x0c, 0x08, 0xff, 0x10, 0x0c, 0x10, 0xff,
    0x10, 0x14, 0x18, 0xff, 0x10, 0x18, 0x18, 0xff, 0x18, 0x18, 0x18, 0xff,
    0x18, 0x18, 0x18, 0xff, 0x18, 0x1c, 0x18, 0xff, 0x18, 0x18, 0x18, 0xff,
    0x18, 0x1c, 0x18, 0xff, 0x18, 0x18, 0x20, 0xff, 0x18, 0x1c, 0x18, 0xff,
    0x18, 0x18, 0x18, 0xff, 0x18, 0x1c, 0x18, 0xff, 0x18, 0x18, 0x18, 0xff,
    0x18, 0x1c, 0x18, 0xff, 0x18, 0x1c, 0x18, 0xff, 0x18, 0x18, 0x18, 0xff,
    0x18, 0x1c, 0x18, 0xff, 0x18, 0x18, 0x18, 0xff, 0x18, 0x1c, 0x18, 0xff,
    0x18, 0x18, 0x18, 0xff, 0x18, 0x1c, 0x20, 0xff, 0x18, 0x1c, 0x18, 0xff,
    0x18, 0x18, 0x18, 0xff, 0x18, 0x1c, 0x18, 0xff, 0x18, 0x18, 0x18, 0xff,
    0x18, 0x18, 0x18, 0xff, 0x18, 0x1c, 0x20, 0xff, 0x18, 0x18, 0x18, 0xff,
    0x18, 0x18, 0x18, 0xff, 0x18, 0x1c, 0x20, 0xff, 0x18, 0x1c, 0x18, 0xff,
    0x18, 0x18, 0x18, 0xff, 0x18, 0x18, 0x20, 0xff, 0x18, 0x1c, 0x18, 0xff,
    0x18, 0x1c, 0x20, 0xff, 0x18, 0x18, 0x18, 0xff, 0x18, 0x18, 0x18, 0xff,
    0x18, 0x1c, 0x18, 0xff, 0x18, 0x18, 0x18, 0xff, 0x18, 0x1c, 0x18, 0xff,
    0x18, 0x18, 0x20, 0xff, 0x18, 0x1c, 0x18, 0xff, 0x18, 0x1c, 0x18, 0xff,
    0x18, 0x18, 0x18, 0xff, 0x18, 0x1c, 0x18, 0xff, 0x18, 0x1c, 0x20, 0xff,
    0x18, 0x18, 0x18, 0xff, 0x18, 0x18, 0x20, 0xff, 0x18, 0x1c, 0x18, 0xff,
    0x18, 0x18, 0x20, 0xff, 0x18, 0x18, 0x18, 0xff, 0x18, 0x1c, 0x18, 0xff,
    0x18, 0x1c, 0x18, 0xff, 0x18, 0x18, 0x18, 0xff, 0x18, 0x1c, 0x18, 0xff,
    0x18, 0x1c, 0x20, 0xff, 0x18, 0x18, 0x18, 0xff, 0x18, 0x1c, 0x18, 0xff,
    0x18, 0x18, 0x20, 0xff, 0x18, 0x18, 0x18, 0xff, 0x18, 0x1c, 0x18, 0xff,
    0x18, 0x1c, 0x18, 0xff, 0x18, 0x18, 0x20, 0xff, 0x18, 0x1c, 0x18, 0xff,
    0x18, 0x18, 0x18, 0xff, 0x18, 0x18, 0x18, 0xff, 0x10, 0x10, 0x10, 0xff,
    0x10, 0x10, 0x10, 0xff, 0x08, 0x0c, 0x08, 0xff, 0x00, 0x00, 0x00, 0xef,
    0x00, 0x00, 0x00, 0x82, 0x00, 0x00, 0x00, 0x10, 0x00, 0x00, 0x00, 0x00,
    0x00, 0x00, 0x00, 0x00, 0x00, 0x00, 0x00, 0x00, 0x00, 0x00, 0x00, 0x00,
    0x00, 0x00, 0x00, 0x00, 0x00, 0x00, 0x00, 0x00, 0x00, 0x00, 0x00, 0x20,
    0x00, 0x00, 0x00, 0x61, 0x00, 0x00, 0x00, 0x8e, 0x00, 0x00, 0x00, 0xbe,
    0x00, 0x00, 0x00, 0xcf, 0x00, 0x00, 0x00, 0xdf, 0x00, 0x00, 0x00, 0xff,
    0x00, 0x00, 0x00, 0xff, 0x00, 0x00, 0x00, 0xff, 0x00, 0x00, 0x00, 0xff,
    0x00, 0x00, 0x00, 0xff, 0x00, 0x00, 0x00, 0xff, 0x00, 0x00, 0x00, 0xff,
    0x00, 0x00, 0x00, 0xff, 0x00, 0x00, 0x00, 0xff, 0x00, 0x00, 0x00, 0xff,
    0x00, 0x00, 0x00, 0xff, 0x00, 0x00, 0x00, 0xff, 0x00, 0x00, 0x00, 0xff,
    0x00, 0x00, 0x00, 0xff, 0x00, 0x00, 0x00, 0xff, 0x00, 0x00, 0x00, 0xff,
    0x00, 0x00, 0x00, 0xff, 0x00, 0x00, 0x00, 0xff, 0x00, 0x00, 0x00, 0xff,
    0x00, 0x00, 0x00, 0xff, 0x00, 0x00, 0x00, 0xff, 0x00, 0x00, 0x00, 0xff,
    0x00, 0x00, 0x00, 0xff, 0x00, 0x00, 0x00, 0xff, 0x00, 0x00, 0x00, 0xff,
    0x00, 0x00, 0x00, 0xff, 0x00, 0x00, 0x00, 0xff, 0x00, 0x00, 0x00, 0xff,
    0x00, 0x00, 0x00, 0xff, 0x00, 0x00, 0x00, 0xff, 0x00, 0x00, 0x00, 0xff,
    0x00, 0x00, 0x00, 0xff, 0x00, 0x00, 0x00, 0xff, 0x00, 0x00, 0x00, 0xff,
    0x00, 0x00, 0x00, 0xff, 0x00, 0x00, 0x00, 0xff, 0x00, 0x00, 0x00, 0xff,
    0x00, 0x00, 0x00, 0xff, 0x00, 0x00, 0x00, 0xff, 0x00, 0x00, 0x00, 0xff,
    0x00, 0x00, 0x00, 0xff, 0x00, 0x00, 0x00, 0xff, 0x00, 0x00, 0x00, 0xff,
    0x00, 0x00, 0x00, 0xff, 0x00, 0x00, 0x00, 0xff, 0x00, 0x00, 0x00, 0xff,
    0x00, 0x00, 0x00, 0xff, 0x00, 0x00, 0x00, 0xff, 0x00, 0x00, 0x00, 0xff,
    0x00, 0x00, 0x00, 0xff, 0x00, 0x00, 0x00, 0xff, 0x00, 0x00, 0x00, 0xff,
    0x00, 0x00, 0x00, 0xff, 0x00, 0x00, 0x00, 0xff, 0x00, 0x00, 0x00, 0xff,
    0x00, 0x00, 0x00, 0xff, 0x00, 0x00, 0x00, 0xff, 0x00, 0x00, 0x00, 0xff,
    0x00, 0x00, 0x00, 0xff, 0x00, 0x00, 0x00, 0xff, 0x00, 0x00, 0x00, 0xdf,
    0x00, 0x00, 0x00, 0xdf, 0x00, 0x00, 0x00, 0xae, 0x00, 0x00, 0x00, 0x8e,
    0x00, 0x00, 0x00, 0x61, 0x00, 0x00, 0x00, 0x10, 0x00, 0x00, 0x00, 0x00,
    0x00, 0x00, 0x00, 0x00, 0x00, 0x00, 0x00, 0x00, 0x00, 0x00, 0x00, 0x00
};
