// 4.26.0 0x873dfd8f D2 AY R0 FARGB8888 U565 N0 SExtFlashSection
// Generated by imageconverter. Please, do not edit!

#include <touchgfx/hal/Config.hpp>

LOCATION_PRAGMA_32("ExtFlashSection")
KEEP extern const unsigned char image_toggle_g[] LOCATION_ATTRIBUTE_32("ExtFlashSection") = { // 91x51 ARGB8888 pixels.
    0x00, 0x00, 0x00, 0x00, 0x00, 0x00, 0x00, 0x00, 0x00, 0x00, 0x00, 0x00,
    0x00, 0x00, 0x00, 0x00, 0x00, 0x00, 0x00, 0x00, 0x00, 0x00, 0x00, 0x00,
    0x00, 0x00, 0x00, 0x00, 0x00, 0x00, 0x00, 0x00, 0x00, 0x00, 0x00, 0x00,
    0x00, 0x00, 0x00, 0x00, 0x20, 0x40, 0x10, 0x10, 0x28, 0x40, 0x18, 0x41,
    0x30, 0x40, 0x18, 0x71, 0x30, 0x40, 0x20, 0x9e, 0x30, 0x44, 0x18, 0xae,
    0x30, 0x44, 0x18, 0xcf, 0x30, 0x48, 0x20, 0xdf, 0x30, 0x48, 0x20, 0xdf,
    0x38, 0x48, 0x20, 0xff, 0x30, 0x48, 0x20, 0xff, 0x30, 0x48, 0x20, 0xff,
    0x38, 0x48, 0x20, 0xff, 0x38, 0x48, 0x20, 0xff, 0x30, 0x48, 0x20, 0xff,
    0x38, 0x48, 0x20, 0xff, 0x38, 0x48, 0x20, 0xff, 0x30, 0x48, 0x20, 0xff,
    0x38, 0x48, 0x20, 0xff, 0x38, 0x48, 0x20, 0xff, 0x30, 0x48, 0x20, 0xff,
    0x38, 0x48, 0x20, 0xff, 0x38, 0x48, 0x20, 0xff, 0x30, 0x48, 0x20, 0xff,
    0x38, 0x48, 0x20, 0xff, 0x38, 0x48, 0x20, 0xff, 0x30, 0x48, 0x20, 0xff,
    0x38, 0x48, 0x20, 0xff, 0x38, 0x48, 0x20, 0xff, 0x30, 0x48, 0x20, 0xff,
    0x38, 0x48, 0x20, 0xff, 0x38, 0x48, 0x20, 0xff, 0x30, 0x48, 0x20, 0xff,
    0x38, 0x48, 0x20, 0xff, 0x38, 0x48, 0x20, 0xff, 0x30, 0x48, 0x20, 0xff,
    0x38, 0x48, 0x20, 0xff, 0x38, 0x48, 0x20, 0xff, 0x30, 0x48, 0x20, 0xff,
    0x38, 0x48, 0x20, 0xff, 0x38, 0x48, 0x20, 0xff, 0x30, 0x48, 0x20, 0xff,
    0x38, 0x48, 0x20, 0xff, 0x38, 0x48, 0x20, 0xff, 0x30, 0x48, 0x20, 0xff,
    0x38, 0x48, 0x20, 0xff, 0x38, 0x48, 0x20, 0xff, 0x30, 0x48, 0x20, 0xff,
    0x38, 0x48, 0x20, 0xff, 0x38, 0x48, 0x20, 0xff, 0x30, 0x48, 0x20, 0xff,
    0x38, 0x48, 0x20, 0xff, 0x38, 0x48, 0x20, 0xff, 0x30, 0x48, 0x20, 0xff,
    0x38, 0x48, 0x20, 0xff, 0x38, 0x48, 0x20, 0xff, 0x30, 0x48, 0x20, 0xff,
    0x38, 0x48, 0x20, 0xff, 0x38, 0x48, 0x20, 0xff, 0x30, 0x48, 0x20, 0xff,
    0x38, 0x48, 0x20, 0xff, 0x38, 0x48, 0x20, 0xff, 0x38, 0x48, 0x20, 0xff,
    0x30, 0x48, 0x20, 0xff, 0x38, 0x48, 0x20, 0xdf, 0x38, 0x48, 0x20, 0xdf,
    0x30, 0x48, 0x20, 0xcf, 0x38, 0x48, 0x20, 0xbe, 0x38, 0x48, 0x20, 0x9e,
    0x30, 0x48, 0x20, 0x71, 0x30, 0x48, 0x20, 0x41, 0x00, 0x00, 0x00, 0x00,
    0x00, 0x00, 0x00, 0x00, 0x00, 0x00, 0x00, 0x00, 0x00, 0x00, 0x00, 0x00,
    0x00, 0x00, 0x00, 0x00, 0x00, 0x00, 0x00, 0x00, 0x00, 0x00, 0x00, 0x00,
    0x00, 0x00, 0x00, 0x00, 0x00, 0x00, 0x00, 0x00, 0x00, 0x00, 0x00, 0x00,
    0x00, 0x00, 0x00, 0x00, 0x00, 0x00, 0x00, 0x00, 0x00, 0x00, 0x00, 0x00,
    0x00, 0x00, 0x00, 0x00, 0x00, 0x00, 0x00, 0x00, 0x00, 0x00, 0x00, 0x00,
    0x00, 0x00, 0x00, 0x00, 0x00, 0x00, 0x00, 0x00, 0x00, 0x00, 0x00, 0x00,
    0x28, 0x40, 0x18, 0x20, 0x30, 0x3c, 0x18, 0x8e, 0x30, 0x40, 0x20, 0xef,
    0x30, 0x44, 0x20, 0xff, 0x38, 0x48, 0x20, 0xff, 0x38, 0x4c, 0x20, 0xff,
    0x38, 0x4c, 0x20, 0xff, 0x38, 0x50, 0x20, 0xff, 0x40, 0x50, 0x20, 0xff,
    0x40, 0x54, 0x20, 0xff, 0x40, 0x54, 0x20, 0xff, 0x40, 0x54, 0x20, 0xff,
    0x40, 0x54, 0x20, 0xff, 0x40, 0x54, 0x20, 0xff, 0x40, 0x54, 0x20, 0xff,
    0x40, 0x54, 0x20, 0xff, 0x40, 0x54, 0x20, 0xff, 0x40, 0x54, 0x20, 0xff,
    0x40, 0x54, 0x20, 0xff, 0x40, 0x54, 0x20, 0xff, 0x40, 0x54, 0x20, 0xff,
    0x40, 0x54, 0x20, 0xff, 0x40, 0x54, 0x20, 0xff, 0x40, 0x54, 0x20, 0xff,
    0x40, 0x54, 0x20, 0xff, 0x40, 0x54, 0x20, 0xff, 0x40, 0x54, 0x20, 0xff,
    0x40, 0x54, 0x20, 0xff, 0x40, 0x54, 0x20, 0xff, 0x40, 0x54, 0x20, 0xff,
    0x40, 0x54, 0x20, 0xff, 0x40, 0x54, 0x20, 0xff, 0x40, 0x58, 0x20, 0xff,
    0x40, 0x54, 0x20, 0xff, 0x40, 0x54, 0x20, 0xff, 0x40, 0x54, 0x20, 0xff,
    0x40, 0x54, 0x20, 0xff, 0x40, 0x54, 0x20, 0xff, 0x40, 0x54, 0x20, 0xff,
    0x40, 0x54, 0x20, 0xff, 0x40, 0x54, 0x20, 0xff, 0x40, 0x54, 0x20, 0xff,
    0x40, 0x54, 0x20, 0xff, 0x40, 0x58, 0x20, 0xff, 0x40, 0x54, 0x20, 0xff,
    0x40, 0x54, 0x20, 0xff, 0x40, 0x54, 0x20, 0xff, 0x40, 0x54, 0x20, 0xff,
    0x40, 0x54, 0x20, 0xff, 0x40, 0x54, 0x20, 0xff, 0x40, 0x54, 0x20, 0xff,
    0x40, 0x54, 0x20, 0xff, 0x40, 0x58, 0x20, 0xff, 0x40, 0x54, 0x20, 0xff,
    0x40, 0x54, 0x20, 0xff, 0x40, 0x58, 0x20, 0xff, 0x40, 0x54, 0x20, 0xff,
    0x40, 0x54, 0x20, 0xff, 0x40, 0x54, 0x20, 0xff, 0x40, 0x54, 0x20, 0xff,
    0x40, 0x58, 0x20, 0xff, 0x40, 0x54, 0x20, 0xff, 0x40, 0x54, 0x20, 0xff,
    0x40, 0x58, 0x20, 0xff, 0x40, 0x54, 0x28, 0xff, 0x40, 0x54, 0x20, 0xff,
    0x38, 0x54, 0x20, 0xff, 0x40, 0x54, 0x20, 0xff, 0x38, 0x54, 0x20, 0xff,
    0x38, 0x50, 0x20, 0xff, 0x40, 0x50, 0x20, 0xff, 0x38, 0x50, 0x20, 0xff,
    0x38, 0x4c, 0x20, 0xef, 0x38, 0x4c, 0x20, 0x9e, 0x38, 0x48, 0x20, 0x20,
    0x00, 0x00, 0x00, 0x00, 0x00, 0x00, 0x00, 0x00, 0x00, 0x00, 0x00, 0x00,
    0x00, 0x00, 0x00, 0x00, 0x00, 0x00, 0x00, 0x00, 0x00, 0x00, 0x00, 0x00,
    0x00, 0x00, 0x00, 0x00, 0x00, 0x00, 0x00, 0x00, 0x00, 0x00, 0x00, 0x00,
    0x00, 0x00, 0x00, 0x00, 0x00, 0x00, 0x00, 0x00, 0x00, 0x00, 0x00, 0x00,
    0x00, 0x00, 0x00, 0x00, 0x00, 0x00, 0x00, 0x00, 0x20, 0x40, 0x10, 0x10,
    0x30, 0x3c, 0x18, 0x8e, 0x30, 0x40, 0x18, 0xff, 0x30, 0x48, 0x20, 0xff,
    0x38, 0x4c, 0x20, 0xff, 0x38, 0x50, 0x20, 0xff, 0x40, 0x54, 0x20, 0xff,
    0x40, 0x58, 0x20, 0xff, 0x40, 0x5c, 0x28, 0xff, 0x48, 0x60, 0x28, 0xff,
    0x48, 0x60, 0x28, 0xff, 0x48, 0x60, 0x28, 0xff, 0x40, 0x60, 0x28, 0xff,
    0x48, 0x60, 0x28, 0xff, 0x48, 0x60, 0x28, 0xff, 0x48, 0x64, 0x28, 0xff,
    0x48, 0x64, 0x28, 0xff, 0x48, 0x64, 0x28, 0xff, 0x48, 0x64, 0x28, 0xff,
    0x48, 0x64, 0x28, 0xff, 0x48, 0x64, 0x28, 0xff, 0x48, 0x64, 0x28, 0xff,
    0x48, 0x64, 0x28, 0xff, 0x48, 0x64, 0x28, 0xff, 0x48, 0x64, 0x28, 0xff,
    0x48, 0x64, 0x28, 0xff, 0x48, 0x64, 0x28, 0xff, 0x48, 0x64, 0x28, 0xff,
    0x48, 0x64, 0x28, 0xff, 0x48, 0x64, 0x28, 0xff, 0x48, 0x64, 0x28, 0xff,
    0x48, 0x64, 0x28, 0xff, 0x48, 0x64, 0x28, 0xff, 0x48, 0x64, 0x28, 0xff,
    0x48, 0x64, 0x28, 0xff, 0x48, 0x64, 0x28, 0xff, 0x48, 0x64, 0x28, 0xff,
    0x48, 0x64, 0x28, 0xff, 0x48, 0x64, 0x28, 0xff, 0x48, 0x64, 0x28, 0xff,
    0x48, 0x64, 0x28, 0xff, 0x48, 0x64, 0x28, 0xff, 0x48, 0x64, 0x28, 0xff,
    0x48, 0x64, 0x28, 0xff, 0x48, 0x64, 0x28, 0xff, 0x48, 0x64, 0x28, 0xff,
    0x48, 0x64, 0x28, 0xff, 0x48, 0x64, 0x28, 0xff, 0x48, 0x64, 0x28, 0xff,
    0x48, 0x64, 0x28, 0xff, 0x48, 0x64, 0x28, 0xff, 0x48, 0x64, 0x28, 0xff,
    0x48, 0x64, 0x28, 0xff, 0x48, 0x64, 0x28, 0xff, 0x48, 0x64, 0x28, 0xff,
    0x48, 0x64, 0x28, 0xff, 0x48, 0x64, 0x28, 0xff, 0x48, 0x64, 0x28, 0xff,
    0x48, 0x64, 0x28, 0xff, 0x48, 0x64, 0x28, 0xff, 0x48, 0x64, 0x28, 0xff,
    0x48, 0x64, 0x28, 0xff, 0x48, 0x64, 0x28, 0xff, 0x48, 0x64, 0x28, 0xff,
    0x48, 0x64, 0x28, 0xff, 0x48, 0x64, 0x28, 0xff, 0x48, 0x64, 0x28, 0xff,
    0x48, 0x60, 0x28, 0xff, 0x48, 0x64, 0x28, 0xff, 0x48, 0x60, 0x28, 0xff,
    0x48, 0x60, 0x28, 0xff, 0x48, 0x60, 0x28, 0xff, 0x40, 0x60, 0x28, 0xff,
    0x48, 0x5c, 0x28, 0xff, 0x40, 0x5c, 0x28, 0xff, 0x40, 0x58, 0x20, 0xff,
    0x40, 0x54, 0x28, 0xff, 0x38, 0x50, 0x20, 0x7d, 0x00, 0x00, 0x00, 0x00,
    0x00, 0x00, 0x00, 0x00, 0x00, 0x00, 0x00, 0x00, 0x00, 0x00, 0x00, 0x00,
    0x00, 0x00, 0x00, 0x00, 0x00, 0x00, 0x00, 0x00, 0x00, 0x00, 0x00, 0x00,
    0x00, 0x00, 0x00, 0x00, 0x00, 0x00, 0x00, 0x00, 0x00, 0x00, 0x00, 0x00,
    0x00, 0x00, 0x00, 0x00, 0x00, 0x00, 0x00, 0x00, 0x28, 0x40, 0x18, 0x20,
    0x30, 0x3c, 0x18, 0xdf, 0x30, 0x44, 0x18, 0xff, 0x38, 0x4c, 0x20, 0xff,
    0x38, 0x50, 0x20, 0xff, 0x40, 0x58, 0x20, 0xff, 0x48, 0x60, 0x28, 0xff,
    0x48, 0x64, 0x28, 0xff, 0x48, 0x68, 0x28, 0xff, 0x50, 0x68, 0x28, 0xff,
    0x50, 0x6c, 0x28, 0xff, 0x48, 0x6c, 0x28, 0xff, 0x50, 0x6c, 0x28, 0xff,
    0x50, 0x70, 0x28, 0xff, 0x50, 0x70, 0x28, 0xff, 0x50, 0x6c, 0x30, 0xff,
    0x50, 0x70, 0x28, 0xff, 0x50, 0x70, 0x30, 0xff, 0x50, 0x70, 0x30, 0xff,
    0x50, 0x70, 0x30, 0xff, 0x50, 0x70, 0x30, 0xff, 0x50, 0x70, 0x30, 0xff,
    0x50, 0x70, 0x30, 0xff, 0x50, 0x70, 0x30, 0xff, 0x50, 0x70, 0x30, 0xff,
    0x50, 0x70, 0x30, 0xff, 0x50, 0x70, 0x30, 0xff, 0x50, 0x70, 0x30, 0xff,
    0x50, 0x70, 0x30, 0xff, 0x50, 0x70, 0x30, 0xff, 0x50, 0x70, 0x30, 0xff,
    0x50, 0x70, 0x30, 0xff, 0x50, 0x70, 0x30, 0xff, 0x50, 0x70, 0x30, 0xff,
    0x50, 0x70, 0x30, 0xff, 0x50, 0x70, 0x30, 0xff, 0x50, 0x70, 0x30, 0xff,
    0x50, 0x70, 0x30, 0xff, 0x50, 0x70, 0x30, 0xff, 0x50, 0x70, 0x30, 0xff,
    0x50, 0x70, 0x30, 0xff, 0x50, 0x70, 0x30, 0xff, 0x50, 0x70, 0x30, 0xff,
    0x50, 0x70, 0x30, 0xff, 0x50, 0x70, 0x30, 0xff, 0x50, 0x70, 0x30, 0xff,
    0x50, 0x70, 0x30, 0xff, 0x50, 0x70, 0x30, 0xff, 0x50, 0x70, 0x30, 0xff,
    0x50, 0x70, 0x30, 0xff, 0x50, 0x70, 0x30, 0xff, 0x50, 0x70, 0x30, 0xff,
    0x50, 0x70, 0x30, 0xff, 0x50, 0x70, 0x30, 0xff, 0x50, 0x70, 0x30, 0xff,
    0x50, 0x70, 0x30, 0xff, 0x50, 0x70, 0x30, 0xff, 0x50, 0x70, 0x30, 0xff,
    0x50, 0x70, 0x30, 0xff, 0x50, 0x70, 0x30, 0xff, 0x50, 0x70, 0x30, 0xff,
    0x50, 0x70, 0x30, 0xff, 0x50, 0x70, 0x30, 0xff, 0x50, 0x70, 0x30, 0xff,
    0x50, 0x6c, 0x30, 0xff, 0x50, 0x70, 0x30, 0xff, 0x50, 0x70, 0x28, 0xff,
    0x50, 0x70, 0x28, 0xff, 0x50, 0x6c, 0x30, 0xff, 0x50, 0x70, 0x28, 0xff,
    0x50, 0x70, 0x30, 0xff, 0x50, 0x6c, 0x28, 0xff, 0x50, 0x6c, 0x28, 0xff,
    0x50, 0x6c, 0x28, 0xff, 0x48, 0x68, 0x28, 0xff, 0x48, 0x68, 0x28, 0xff,
    0x48, 0x64, 0x28, 0xff, 0x48, 0x60, 0x28, 0xff, 0x40, 0x5c, 0x28, 0xff,
    0x40, 0x58, 0x28, 0xdf, 0x40, 0x50, 0x28, 0x20, 0x00, 0x00, 0x00, 0x00,
    0x00, 0x00, 0x00, 0x00, 0x00, 0x00, 0x00, 0x00, 0x00, 0x00, 0x00, 0x00,
    0x00, 0x00, 0x00, 0x00, 0x00, 0x00, 0x00, 0x00, 0x00, 0x00, 0x00, 0x00,
    0x00, 0x00, 0x00, 0x00, 0x00, 0x00, 0x00, 0x00, 0x28, 0x38, 0x18, 0x30,
    0x30, 0x40, 0x18, 0xdf, 0x30, 0x48, 0x20, 0xff, 0x38, 0x4c, 0x20, 0xff,
    0x40, 0x58, 0x20, 0xff, 0x40, 0x5c, 0x28, 0xff, 0x48, 0x64, 0x28, 0xff,
    0x50, 0x6c, 0x28, 0xff, 0x50, 0x70, 0x30, 0xff, 0x50, 0x70, 0x30, 0xff,
    0x50, 0x74, 0x30, 0xff, 0x50, 0x74, 0x30, 0xff, 0x58, 0x74, 0x30, 0xff,
    0x50, 0x78, 0x30, 0xff, 0x58, 0x78, 0x30, 0xff, 0x58, 0x78, 0x30, 0xff,
    0x50, 0x74, 0x30, 0xff, 0x58, 0x78, 0x30, 0xff, 0x50, 0x78, 0x30, 0xff,
    0x58, 0x78, 0x30, 0xff, 0x50, 0x78, 0x30, 0xff, 0x58, 0x78, 0x30, 0xff,
    0x50, 0x78, 0x30, 0xff, 0x58, 0x74, 0x30, 0xff, 0x58, 0x78, 0x30, 0xff,
    0x50, 0x78, 0x30, 0xff, 0x58, 0x78, 0x30, 0xff, 0x50, 0x78, 0x30, 0xff,
    0x58, 0x78, 0x30, 0xff, 0x50, 0x78, 0x30, 0xff, 0x58, 0x74, 0x30, 0xff,
    0x50, 0x78, 0x30, 0xff, 0x58, 0x78, 0x30, 0xff, 0x50, 0x74, 0x30, 0xff,
    0x58, 0x78, 0x30, 0xff, 0x50, 0x78, 0x30, 0xff, 0x58, 0x74, 0x30, 0xff,
    0x50, 0x78, 0x30, 0xff, 0x50, 0x74, 0x30, 0xff, 0x58, 0x78, 0x30, 0xff,
    0x50, 0x78, 0x30, 0xff, 0x58, 0x74, 0x30, 0xff, 0x50, 0x78, 0x30, 0xff,
    0x58, 0x78, 0x30, 0xff, 0x50, 0x78, 0x30, 0xff, 0x58, 0x74, 0x30, 0xff,
    0x50, 0x78, 0x30, 0xff, 0x58, 0x74, 0x30, 0xff, 0x50, 0x78, 0x30, 0xff,
    0x58, 0x78, 0x30, 0xff, 0x58, 0x74, 0x30, 0xff, 0x50, 0x78, 0x30, 0xff,
    0x58, 0x78, 0x30, 0xff, 0x50, 0x74, 0x30, 0xff, 0x50, 0x78, 0x30, 0xff,
    0x58, 0x78, 0x30, 0xff, 0x50, 0x74, 0x30, 0xff, 0x58, 0x78, 0x30, 0xff,
    0x58, 0x78, 0x30, 0xff, 0x58, 0x74, 0x30, 0xff, 0x50, 0x74, 0x30, 0xff,
    0x50, 0x78, 0x30, 0xff, 0x58, 0x78, 0x30, 0xff, 0x50, 0x78, 0x30, 0xff,
    0x58, 0x78, 0x30, 0xff, 0x50, 0x78, 0x30, 0xff, 0x50, 0x78, 0x30, 0xff,
    0x58, 0x78, 0x30, 0xff, 0x50, 0x78, 0x30, 0xff, 0x58, 0x78, 0x30, 0xff,
    0x50, 0x78, 0x30, 0xff, 0x50, 0x74, 0x30, 0xff, 0x58, 0x78, 0x30, 0xff,
    0x50, 0x78, 0x30, 0xff, 0x50, 0x74, 0x30, 0xff, 0x58, 0x74, 0x30, 0xff,
    0x50, 0x70, 0x30, 0xff, 0x50, 0x70, 0x28, 0xff, 0x50, 0x6c, 0x28, 0xff,
    0x48, 0x64, 0x28, 0xff, 0x48, 0x60, 0x28, 0xff, 0x40, 0x5c, 0x28, 0xdf,
    0x40, 0x54, 0x28, 0x30, 0x00, 0x00, 0x00, 0x00, 0x00, 0x00, 0x00, 0x00,
    0x00, 0x00, 0x00, 0x00, 0x00, 0x00, 0x00, 0x00, 0x00, 0x00, 0x00, 0x00,
    0x00, 0x00, 0x00, 0x00, 0x00, 0x00, 0x00, 0x00, 0x28, 0x40, 0x18, 0x20,
    0x30, 0x40, 0x18, 0xdf, 0x30, 0x44, 0x20, 0xff, 0x38, 0x50, 0x20, 0xff,
    0x40, 0x58, 0x20, 0xff, 0x48, 0x60, 0x28, 0xff, 0x48, 0x6c, 0x28, 0xff,
    0x50, 0x70, 0x28, 0xff, 0x58, 0x74, 0x30, 0xff, 0x58, 0x74, 0x30, 0xff,
    0x58, 0x78, 0x30, 0xff, 0x58, 0x7c, 0x30, 0xff, 0x58, 0x7c, 0x30, 0xff,
    0x58, 0x7c, 0x30, 0xff, 0x58, 0x7c, 0x30, 0xff, 0x58, 0x7c, 0x30, 0xff,
    0x58, 0x7c, 0x30, 0xff, 0x58, 0x7c, 0x30, 0xff, 0x58, 0x7c, 0x30, 0xff,
    0x58, 0x7c, 0x30, 0xff, 0x58, 0x7c, 0x30, 0xff, 0x58, 0x7c, 0x30, 0xff,
    0x58, 0x7c, 0x30, 0xff, 0x58, 0x7c, 0x30, 0xff, 0x58, 0x7c, 0x30, 0xff,
    0x58, 0x7c, 0x30, 0xff, 0x58, 0x7c, 0x30, 0xff, 0x58, 0x7c, 0x30, 0xff,
    0x58, 0x7c, 0x30, 0xff, 0x58, 0x7c, 0x30, 0xff, 0x58, 0x7c, 0x30, 0xff,
    0x58, 0x7c, 0x30, 0xff, 0x58, 0x7c, 0x30, 0xff, 0x58, 0x7c, 0x30, 0xff,
    0x58, 0x7c, 0x30, 0xff, 0x58, 0x7c, 0x30, 0xff, 0x58, 0x7c, 0x30, 0xff,
    0x58, 0x7c, 0x30, 0xff, 0x58, 0x7c, 0x30, 0xff, 0x58, 0x7c, 0x30, 0xff,
    0x58, 0x7c, 0x30, 0xff, 0x58, 0x7c, 0x30, 0xff, 0x58, 0x7c, 0x30, 0xff,
    0x58, 0x7c, 0x30, 0xff, 0x58, 0x7c, 0x30, 0xff, 0x58, 0x7c, 0x30, 0xff,
    0x58, 0x7c, 0x30, 0xff, 0x58, 0x7c, 0x30, 0xff, 0x58, 0x7c, 0x30, 0xff,
    0x58, 0x7c, 0x30, 0xff, 0x58, 0x7c, 0x30, 0xff, 0x58, 0x7c, 0x30, 0xff,
    0x58, 0x7c, 0x30, 0xff, 0x58, 0x7c, 0x30, 0xff, 0x58, 0x7c, 0x30, 0xff,
    0x58, 0x7c, 0x30, 0xff, 0x58, 0x7c, 0x30, 0xff, 0x58, 0x7c, 0x30, 0xff,
    0x58, 0x7c, 0x30, 0xff, 0x58, 0x7c, 0x30, 0xff, 0x58, 0x7c, 0x30, 0xff,
    0x58, 0x7c, 0x30, 0xff, 0x58, 0x7c, 0x30, 0xff, 0x58, 0x7c, 0x30, 0xff,
    0x58, 0x7c, 0x30, 0xff, 0x58, 0x7c, 0x30, 0xff, 0x58, 0x7c, 0x30, 0xff,
    0x58, 0x7c, 0x30, 0xff, 0x58, 0x7c, 0x30, 0xff, 0x58, 0x7c, 0x30, 0xff,
    0x58, 0x7c, 0x30, 0xff, 0x58, 0x7c, 0x30, 0xff, 0x58, 0x7c, 0x30, 0xff,
    0x58, 0x7c, 0x30, 0xff, 0x58, 0x7c, 0x30, 0xff, 0x58, 0x7c, 0x30, 0xff,
    0x58, 0x78, 0x30, 0xff, 0x58, 0x78, 0x30, 0xff, 0x58, 0x78, 0x30, 0xff,
    0x58, 0x74, 0x30, 0xff, 0x50, 0x70, 0x30, 0xff, 0x50, 0x6c, 0x28, 0xff,
    0x48, 0x64, 0x28, 0xff, 0x48, 0x60, 0x28, 0xdf, 0x48, 0x58, 0x28, 0x20,
    0x00, 0x00, 0x00, 0x00, 0x00, 0x00, 0x00, 0x00, 0x00, 0x00, 0x00, 0x00,
    0x00, 0x00, 0x00, 0x00, 0x00, 0x00, 0x00, 0x00, 0x00, 0x00, 0x00, 0x00,
    0x30, 0x3c, 0x18, 0xdf, 0x30, 0x44, 0x20, 0xff, 0x38, 0x50, 0x20, 0xff,
    0x40, 0x5c, 0x20, 0xff, 0x48, 0x64, 0x28, 0xff, 0x50, 0x6c, 0x30, 0xff,
    0x50, 0x74, 0x30, 0xff, 0x58, 0x78, 0x30, 0xff, 0x58, 0x78, 0x30, 0xff,
    0x58, 0x7c, 0x30, 0xff, 0x58, 0x7c, 0x30, 0xff, 0x58, 0x80, 0x30, 0xff,
    0x60, 0x7c, 0x30, 0xff, 0x58, 0x7c, 0x30, 0xff, 0x58, 0x80, 0x30, 0xff,
    0x58, 0x7c, 0x30, 0xff, 0x60, 0x80, 0x38, 0xff, 0x60, 0x80, 0x30, 0xff,
    0x58, 0x80, 0x30, 0xff, 0x60, 0x80, 0x30, 0xff, 0x60, 0x80, 0x30, 0xff,
    0x60, 0x80, 0x30, 0xff, 0x58, 0x80, 0x30, 0xff, 0x60, 0x80, 0x30, 0xff,
    0x60, 0x80, 0x30, 0xff, 0x58, 0x80, 0x30, 0xff, 0x60, 0x80, 0x30, 0xff,
    0x60, 0x80, 0x30, 0xff, 0x58, 0x80, 0x30, 0xff, 0x58, 0x7c, 0x30, 0xff,
    0x60, 0x80, 0x30, 0xff, 0x60, 0x80, 0x30, 0xff, 0x60, 0x80, 0x30, 0xff,
    0x58, 0x80, 0x30, 0xff, 0x60, 0x7c, 0x30, 0xff, 0x60, 0x80, 0x30, 0xff,
    0x60, 0x80, 0x30, 0xff, 0x60, 0x80, 0x30, 0xff, 0x60, 0x80, 0x30, 0xff,
    0x60, 0x80, 0x30, 0xff, 0x60, 0x80, 0x30, 0xff, 0x60, 0x80, 0x30, 0xff,
    0x58, 0x80, 0x30, 0xff, 0x60, 0x80, 0x30, 0xff, 0x58, 0x7c, 0x30, 0xff,
    0x60, 0x80, 0x30, 0xff, 0x60, 0x80, 0x30, 0xff, 0x60, 0x80, 0x30, 0xff,
    0x58, 0x80, 0x30, 0xff, 0x60, 0x80, 0x30, 0xff, 0x60, 0x80, 0x30, 0xff,
    0x58, 0x7c, 0x30, 0xff, 0x60, 0x80, 0x30, 0xff, 0x60, 0x80, 0x30, 0xff,
    0x60, 0x80, 0x30, 0xff, 0x60, 0x80, 0x30, 0xff, 0x60, 0x80, 0x30, 0xff,
    0x58, 0x80, 0x30, 0xff, 0x60, 0x80, 0x30, 0xff, 0x58, 0x80, 0x30, 0xff,
    0x60, 0x80, 0x30, 0xff, 0x60, 0x80, 0x30, 0xff, 0x58, 0x80, 0x30, 0xff,
    0x60, 0x80, 0x30, 0xff, 0x60, 0x80, 0x30, 0xff, 0x60, 0x80, 0x30, 0xff,
    0x60, 0x80, 0x38, 0xff, 0x60, 0x80, 0x30, 0xff, 0x60, 0x80, 0x38, 0xff,
    0x60, 0x80, 0x30, 0xff, 0x58, 0x7c, 0x38, 0xff, 0x60, 0x80, 0x30, 0xff,
    0x60, 0x80, 0x30, 0xff, 0x58, 0x7c, 0x38, 0xff, 0x60, 0x7c, 0x30, 0xff,
    0x58, 0x80, 0x30, 0xff, 0x58, 0x7c, 0x30, 0xff, 0x58, 0x7c, 0x30, 0xff,
    0x58, 0x7c, 0x30, 0xff, 0x58, 0x78, 0x30, 0xff, 0x58, 0x78, 0x30, 0xff,
    0x58, 0x74, 0x30, 0xff, 0x50, 0x6c, 0x30, 0xff, 0x50, 0x68, 0x28, 0xff,
    0x48, 0x60, 0x30, 0xdf, 0x40, 0x60, 0x30, 0x10, 0x00, 0x00, 0x00, 0x00,
    0x00, 0x00, 0x00, 0x00, 0x00, 0x00, 0x00, 0x00, 0x00, 0x00, 0x00, 0x00,
    0x28, 0x3c, 0x18, 0x7d, 0x30, 0x44, 0x20, 0xff, 0x38, 0x4c, 0x20, 0xff,
    0x40, 0x58, 0x20, 0xff, 0x48, 0x64, 0x28, 0xff, 0x50, 0x6c, 0x30, 0xff,
    0x50, 0x74, 0x30, 0xff, 0x58, 0x78, 0x30, 0xff, 0x58, 0x7c, 0x30, 0xff,
    0x58, 0x7c, 0x30, 0xff, 0x58, 0x80, 0x30, 0xff, 0x60, 0x80, 0x30, 0xff,
    0x60, 0x80, 0x38, 0xff, 0x58, 0x80, 0x30, 0xff, 0x60, 0x80, 0x38, 0xff,
    0x60, 0x80, 0x38, 0xff, 0x58, 0x80, 0x30, 0xff, 0x60, 0x80, 0x30, 0xff,
    0x58, 0x7c, 0x38, 0xff, 0x58, 0x80, 0x38, 0xff, 0x60, 0x80, 0x38, 0xff,
    0x58, 0x7c, 0x38, 0xff, 0x58, 0x80, 0x38, 0xff, 0x60, 0x80, 0x38, 0xff,
    0x58, 0x80, 0x38, 0xff, 0x60, 0x80, 0x38, 0xff, 0x58, 0x80, 0x38, 0xff,
    0x58, 0x80, 0x38, 0xff, 0x60, 0x80, 0x38, 0xff, 0x60, 0x80, 0x38, 0xff,
    0x60, 0x80, 0x38, 0xff, 0x58, 0x80, 0x38, 0xff, 0x58, 0x80, 0x30, 0xff,
    0x60, 0x80, 0x38, 0xff, 0x58, 0x80, 0x38, 0xff, 0x58, 0x80, 0x38, 0xff,
    0x60, 0x80, 0x38, 0xff, 0x58, 0x80, 0x30, 0xff, 0x58, 0x80, 0x38, 0xff,
    0x58, 0x80, 0x38, 0xff, 0x58, 0x80, 0x38, 0xff, 0x60, 0x80, 0x38, 0xff,
    0x58, 0x80, 0x30, 0xff, 0x60, 0x80, 0x38, 0xff, 0x60, 0x80, 0x38, 0xff,
    0x58, 0x80, 0x38, 0xff, 0x58, 0x80, 0x38, 0xff, 0x60, 0x80, 0x30, 0xff,
    0x58, 0x80, 0x38, 0xff, 0x60, 0x80, 0x38, 0xff, 0x58, 0x80, 0x38, 0xff,
    0x68, 0x88, 0x40, 0xff, 0xa0, 0xb8, 0x90, 0xff, 0xc0, 0xd0, 0xb0, 0xff,
    0xe0, 0xe8, 0xd8, 0xff, 0xe8, 0xec, 0xe8, 0xff, 0xe8, 0xf0, 0xe8, 0xff,
    0xf8, 0xfc, 0xf8, 0xff, 0xf8, 0xfc, 0xf8, 0xff, 0xf8, 0xfc, 0xf8, 0xff,
    0xf8, 0xfc, 0xf8, 0xff, 0xf8, 0xfc, 0xf8, 0xff, 0xf8, 0xfc, 0xf8, 0xff,
    0xf8, 0xfc, 0xf8, 0xff, 0xf8, 0xfc, 0xf8, 0xff, 0xf8, 0xfc, 0xf8, 0xff,
    0xf8, 0xfc, 0xf8, 0xff, 0xf8, 0xfc, 0xf8, 0xff, 0xf0, 0xf4, 0xf0, 0xff,
    0xe8, 0xf0, 0xe8, 0xff, 0xd8, 0xe0, 0xd0, 0xff, 0xd0, 0xd4, 0xc0, 0xff,
    0xb0, 0xc0, 0x98, 0xff, 0x78, 0x98, 0x58, 0xff, 0x60, 0x80, 0x30, 0xff,
    0x60, 0x80, 0x38, 0xff, 0x60, 0x80, 0x30, 0xff, 0x60, 0x80, 0x38, 0xff,
    0x60, 0x80, 0x38, 0xff, 0x58, 0x80, 0x30, 0xff, 0x58, 0x7c, 0x30, 0xff,
    0x58, 0x7c, 0x30, 0xff, 0x58, 0x78, 0x30, 0xff, 0x58, 0x74, 0x30, 0xff,
    0x50, 0x70, 0x30, 0xff, 0x50, 0x68, 0x30, 0xff, 0x48, 0x64, 0x30, 0x8e,
    0x00, 0x00, 0x00, 0x00, 0x00, 0x00, 0x00, 0x00, 0x00, 0x00, 0x00, 0x00,
    0x28, 0x40, 0x18, 0x20, 0x30, 0x40, 0x18, 0xff, 0x38, 0x4c, 0x20, 0xff,
    0x40, 0x58, 0x20, 0xff, 0x48, 0x60, 0x28, 0xff, 0x50, 0x6c, 0x28, 0xff,
    0x58, 0x74, 0x30, 0xff, 0x58, 0x78, 0x30, 0xff, 0x58, 0x7c, 0x30, 0xff,
    0x58, 0x7c, 0x30, 0xff, 0x60, 0x80, 0x30, 0xff, 0x60, 0x80, 0x38, 0xff,
    0x58, 0x80, 0x30, 0xff, 0x58, 0x80, 0x30, 0xff, 0x60, 0x80, 0x38, 0xff,
    0x60, 0x80, 0x30, 0xff, 0x58, 0x7c, 0x30, 0xff, 0x60, 0x80, 0x38, 0xff,
    0x58, 0x80, 0x30, 0xff, 0x60, 0x7c, 0x30, 0xff, 0x60, 0x80, 0x30, 0xff,
    0x58, 0x80, 0x30, 0xff, 0x60, 0x7c, 0x30, 0xff, 0x58, 0x80, 0x30, 0xff,
    0x60, 0x7c, 0x30, 0xff, 0x58, 0x7c, 0x30, 0xff, 0x60, 0x80, 0x30, 0xff,
    0x60, 0x7c, 0x30, 0xff, 0x58, 0x7c, 0x30, 0xff, 0x58, 0x80, 0x30, 0xff,
    0x60, 0x80, 0x30, 0xff, 0x58, 0x7c, 0x30, 0xff, 0x60, 0x80, 0x30, 0xff,
    0x58, 0x80, 0x38, 0xff, 0x60, 0x7c, 0x30, 0xff, 0x60, 0x80, 0x30, 0xff,
    0x58, 0x80, 0x30, 0xff, 0x58, 0x7c, 0x30, 0xff, 0x60, 0x80, 0x38, 0xff,
    0x58, 0x7c, 0x30, 0xff, 0x60, 0x80, 0x30, 0xff, 0x58, 0x7c, 0x30, 0xff,
    0x58, 0x80, 0x30, 0xff, 0x60, 0x7c, 0x38, 0xff, 0x58, 0x80, 0x30, 0xff,
    0x60, 0x80, 0x30, 0xff, 0x58, 0x7c, 0x30, 0xff, 0x60, 0x80, 0x30, 0xff,
    0x58, 0x80, 0x38, 0xff, 0x58, 0x7c, 0x30, 0xff, 0x70, 0x90, 0x50, 0xff,
    0xd8, 0xdc, 0xc8, 0xff, 0xf8, 0xfc, 0xf8, 0xff, 0xf8, 0xfc, 0xf8, 0xff,
    0xf8, 0xfc, 0xf8, 0xff, 0xf8, 0xfc, 0xf8, 0xff, 0xf8, 0xfc, 0xf8, 0xff,
    0xf8, 0xfc, 0xf8, 0xff, 0xf8, 0xfc, 0xf8, 0xff, 0xf8, 0xfc, 0xf8, 0xff,
    0xf8, 0xfc, 0xf8, 0xff, 0xf8, 0xfc, 0xf8, 0xff, 0xf8, 0xfc, 0xf8, 0xff,
    0xf8, 0xfc, 0xf8, 0xff, 0xf8, 0xfc, 0xf8, 0xff, 0xf8, 0xfc, 0xf8, 0xff,
    0xf8, 0xfc, 0xf8, 0xff, 0xf8, 0xfc, 0xf8, 0xff, 0xf8, 0xfc, 0xf8, 0xff,
    0xf8, 0xfc, 0xf8, 0xff, 0xf8, 0xfc, 0xf8, 0xff, 0xf8, 0xfc, 0xf8, 0xff,
    0xf8, 0xfc, 0xf8, 0xff, 0xf8, 0xfc, 0xf8, 0xff, 0xf8, 0xfc, 0xf8, 0xff,
    0xd8, 0xe0, 0xd0, 0xff, 0x78, 0x94, 0x58, 0xff, 0x58, 0x80, 0x30, 0xff,
    0x58, 0x80, 0x30, 0xff, 0x60, 0x80, 0x38, 0xff, 0x60, 0x80, 0x30, 0xff,
    0x58, 0x80, 0x38, 0xff, 0x58, 0x7c, 0x30, 0xff, 0x58, 0x7c, 0x30, 0xff,
    0x58, 0x7c, 0x30, 0xff, 0x50, 0x74, 0x30, 0xff, 0x50, 0x70, 0x30, 0xff,
    0x50, 0x68, 0x30, 0xff, 0x48, 0x68, 0x30, 0x20, 0x00, 0x00, 0x00, 0x00,
    0x00, 0x00, 0x00, 0x00, 0x30, 0x3c, 0x18, 0x9e, 0x30, 0x44, 0x20, 0xff,
    0x38, 0x50, 0x20, 0xff, 0x48, 0x60, 0x28, 0xff, 0x48, 0x68, 0x28, 0xff,
    0x50, 0x74, 0x30, 0xff, 0x58, 0x78, 0x30, 0xff, 0x58, 0x7c, 0x30, 0xff,
    0x58, 0x80, 0x30, 0xff, 0x60, 0x80, 0x30, 0xff, 0x60, 0x80, 0x38, 0xff,
    0x58, 0x80, 0x38, 0xff, 0x58, 0x7c, 0x30, 0xff, 0x60, 0x7c, 0x30, 0xff,
    0x58, 0x80, 0x38, 0xff, 0x58, 0x80, 0x30, 0xff, 0x60, 0x7c, 0x30, 0xff,
    0x58, 0x80, 0x38, 0xff, 0x60, 0x80, 0x30, 0xff, 0x58, 0x80, 0x30, 0xff,
    0x60, 0x80, 0x38, 0xff, 0x58, 0x80, 0x30, 0xff, 0x60, 0x80, 0x30, 0xff,
    0x60, 0x80, 0x38, 0xff, 0x58, 0x80, 0x30, 0xff, 0x58, 0x80, 0x30, 0xff,
    0x60, 0x80, 0x38, 0xff, 0x60, 0x80, 0x30, 0xff, 0x58, 0x80, 0x30, 0xff,
    0x60, 0x80, 0x38, 0xff, 0x58, 0x7c, 0x30, 0xff, 0x58, 0x80, 0x30, 0xff,
    0x60, 0x80, 0x38, 0xff, 0x60, 0x7c, 0x30, 0xff, 0x58, 0x80, 0x30, 0xff,
    0x60, 0x80, 0x38, 0xff, 0x60, 0x7c, 0x30, 0xff, 0x58, 0x80, 0x30, 0xff,
    0x60, 0x80, 0x38, 0xff, 0x60, 0x80, 0x30, 0xff, 0x60, 0x80, 0x30, 0xff,
    0x60, 0x80, 0x38, 0xff, 0x58, 0x7c, 0x30, 0xff, 0x60, 0x80, 0x30, 0xff,
    0x58, 0x80, 0x38, 0xff, 0x58, 0x7c, 0x30, 0xff, 0x60, 0x80, 0x30, 0xff,
    0x60, 0x80, 0x38, 0xff, 0x60, 0x7c, 0x30, 0xff, 0xa0, 0xb8, 0x88, 0xff,
    0xf8, 0xf8, 0xf0, 0xff, 0xf8, 0xfc, 0xf8, 0xff, 0xf8, 0xfc, 0xf8, 0xff,
    0xf8, 0xfc, 0xf8, 0xff, 0xf8, 0xfc, 0xf8, 0xff, 0xf8, 0xfc, 0xf8, 0xff,
    0xf8, 0xfc, 0xf8, 0xff, 0xf8, 0xfc, 0xf8, 0xff, 0xf8, 0xfc, 0xf8, 0xff,
    0xf8, 0xfc, 0xf8, 0xff, 0xf8, 0xfc, 0xf8, 0xff, 0xf8, 0xfc, 0xf8, 0xff,
    0xf8, 0xfc, 0xf8, 0xff, 0xf8, 0xfc, 0xf8, 0xff, 0xf8, 0xfc, 0xf8, 0xff,
    0xf8, 0xfc, 0xf8, 0xff, 0xf8, 0xfc, 0xf8, 0xff, 0xf8, 0xfc, 0xf8, 0xff,
    0xf8, 0xfc, 0xf8, 0xff, 0xf8, 0xfc, 0xf8, 0xff, 0xf8, 0xfc, 0xf8, 0xff,
    0xf8, 0xfc, 0xf8, 0xff, 0xf8, 0xfc, 0xf8, 0xff, 0xf8, 0xfc, 0xf8, 0xff,
    0xf8, 0xfc, 0xf8, 0xff, 0xf8, 0xfc, 0xf8, 0xff, 0xf8, 0xfc, 0xf8, 0xff,
    0xa8, 0xbc, 0x98, 0xff, 0x58, 0x80, 0x30, 0xff, 0x60, 0x7c, 0x30, 0xff,
    0x58, 0x80, 0x30, 0xff, 0x60, 0x80, 0x38, 0xff, 0x60, 0x80, 0x30, 0xff,
    0x58, 0x7c, 0x30, 0xff, 0x58, 0x7c, 0x30, 0xff, 0x58, 0x78, 0x30, 0xff,
    0x58, 0x74, 0x30, 0xff, 0x50, 0x6c, 0x30, 0xff, 0x50, 0x68, 0x30, 0x8e,
    0x00, 0x00, 0x00, 0x00, 0x00, 0x00, 0x00, 0x00, 0x30, 0x40, 0x20, 0xef,
    0x38, 0x4c, 0x20, 0xff, 0x40, 0x58, 0x20, 0xff, 0x48, 0x64, 0x28, 0xff,
    0x50, 0x70, 0x28, 0xff, 0x58, 0x78, 0x30, 0xff, 0x58, 0x7c, 0x30, 0xff,
    0x58, 0x7c, 0x30, 0xff, 0x60, 0x80, 0x38, 0xff, 0x58, 0x80, 0x30, 0xff,
    0x60, 0x80, 0x30, 0xff, 0x58, 0x80, 0x30, 0xff, 0x60, 0x80, 0x38, 0xff,
    0x60, 0x80, 0x30, 0xff, 0x58, 0x80, 0x30, 0xff, 0x60, 0x80, 0x38, 0xff,
    0x58, 0x80, 0x30, 0xff, 0x60, 0x7c, 0x30, 0xff, 0x58, 0x80, 0x38, 0xff,
    0x58, 0x80, 0x38, 0xff, 0x60, 0x7c, 0x30, 0xff, 0x58, 0x80, 0x38, 0xff,
    0x58, 0x80, 0x38, 0xff, 0x60, 0x7c, 0x30, 0xff, 0x58, 0x80, 0x38, 0xff,
    0x60, 0x80, 0x38, 0xff, 0x58, 0x80, 0x30, 0xff, 0x58, 0x7c, 0x38, 0xff,
    0x60, 0x80, 0x38, 0xff, 0x60, 0x80, 0x30, 0xff, 0x58, 0x80, 0x38, 0xff,
    0x60, 0x80, 0x30, 0xff, 0x58, 0x80, 0x38, 0xff, 0x58, 0x80, 0x30, 0xff,
    0x58, 0x80, 0x30, 0xff, 0x58, 0x80, 0x38, 0xff, 0x60, 0x80, 0x38, 0xff,
    0x58, 0x80, 0x30, 0xff, 0x58, 0x7c, 0x30, 0xff, 0x58, 0x80, 0x38, 0xff,
    0x58, 0x80, 0x38, 0xff, 0x60, 0x80, 0x30, 0xff, 0x58, 0x80, 0x38, 0xff,
    0x60, 0x80, 0x30, 0xff, 0x60, 0x80, 0x38, 0xff, 0x58, 0x80, 0x30, 0xff,
    0x58, 0x80, 0x38, 0xff, 0x60, 0x80, 0x30, 0xff, 0xb0, 0xc0, 0x98, 0xff,
    0xf8, 0xfc, 0xf8, 0xff, 0xf8, 0xfc, 0xf8, 0xff, 0xf8, 0xfc, 0xf8, 0xff,
    0xf8, 0xfc, 0xf8, 0xff, 0xf8, 0xfc, 0xf8, 0xff, 0xf8, 0xfc, 0xf8, 0xff,
    0xf8, 0xfc, 0xf8, 0xff, 0xf8, 0xfc, 0xf8, 0xff, 0xf8, 0xfc, 0xf8, 0xff,
    0xf8, 0xfc, 0xf8, 0xff, 0xf8, 0xfc, 0xf8, 0xff, 0xf8, 0xfc, 0xf8, 0xff,
    0xf8, 0xfc, 0xf8, 0xff, 0xf8, 0xfc, 0xf8, 0xff, 0xf8, 0xfc, 0xf8, 0xff,
    0xf8, 0xfc, 0xf8, 0xff, 0xf8, 0xfc, 0xf8, 0xff, 0xf8, 0xfc, 0xf8, 0xff,
    0xf8, 0xfc, 0xf8, 0xff, 0xf8, 0xfc, 0xf8, 0xff, 0xf8, 0xfc, 0xf8, 0xff,
    0xf8, 0xfc, 0xf8, 0xff, 0xf8, 0xfc, 0xf8, 0xff, 0xf8, 0xfc, 0xf8, 0xff,
    0xf8, 0xfc, 0xf8, 0xff, 0xf8, 0xfc, 0xf8, 0xff, 0xf8, 0xfc, 0xf8, 0xff,
    0xf8, 0xfc, 0xf8, 0xff, 0xf8, 0xfc, 0xf8, 0xff, 0xc0, 0xd0, 0xb0, 0xff,
    0x60, 0x80, 0x38, 0xff, 0x58, 0x7c, 0x30, 0xff, 0x60, 0x80, 0x30, 0xff,
    0x60, 0x80, 0x38, 0xff, 0x58, 0x80, 0x38, 0xff, 0x58, 0x7c, 0x30, 0xff,
    0x58, 0x7c, 0x30, 0xff, 0x58, 0x78, 0x30, 0xff, 0x58, 0x74, 0x30, 0xff,
    0x50, 0x6c, 0x30, 0xef, 0x50, 0x70, 0x30, 0x10, 0x30, 0x40, 0x18, 0x41,
    0x30, 0x44, 0x20, 0xff, 0x38, 0x50, 0x20, 0xff, 0x48, 0x60, 0x28, 0xff,
    0x50, 0x6c, 0x28, 0xff, 0x50, 0x74, 0x30, 0xff, 0x58, 0x78, 0x30, 0xff,
    0x58, 0x7c, 0x30, 0xff, 0x60, 0x80, 0x30, 0xff, 0x60, 0x80, 0x38, 0xff,
    0x58, 0x7c, 0x30, 0xff, 0x58, 0x7c, 0x30, 0xff, 0x60, 0x80, 0x38, 0xff,
    0x58, 0x80, 0x30, 0xff, 0x60, 0x7c, 0x38, 0xff, 0x60, 0x80, 0x30, 0xff,
    0x58, 0x80, 0x38, 0xff, 0x60, 0x7c, 0x30, 0xff, 0x60, 0x80, 0x30, 0xff,
    0x58, 0x80, 0x38, 0xff, 0x60, 0x7c, 0x30, 0xff, 0x60, 0x80, 0x30, 0xff,
    0x58, 0x80, 0x30, 0xff, 0x60, 0x7c, 0x30, 0xff, 0x58, 0x80, 0x30, 0xff,
    0x60, 0x80, 0x30, 0xff, 0x60, 0x7c, 0x30, 0xff, 0x58, 0x80, 0x30, 0xff,
    0x58, 0x80, 0x30, 0xff, 0x60, 0x7c, 0x30, 0xff, 0x58, 0x80, 0x30, 0xff,
    0x60, 0x7c, 0x30, 0xff, 0x60, 0x80, 0x38, 0xff, 0x58, 0x7c, 0x30, 0xff,
    0x60, 0x80, 0x38, 0xff, 0x60, 0x7c, 0x30, 0xff, 0x58, 0x80, 0x30, 0xff,
    0x60, 0x80, 0x38, 0xff, 0x60, 0x7c, 0x30, 0xff, 0x58, 0x80, 0x30, 0xff,
    0x60, 0x80, 0x38, 0xff, 0x60, 0x7c, 0x30, 0xff, 0x58, 0x7c, 0x30, 0xff,
    0x58, 0x80, 0x30, 0xff, 0x60, 0x80, 0x38, 0xff, 0x60, 0x7c, 0x30, 0xff,
    0x58, 0x80, 0x30, 0xff, 0x58, 0x7c, 0x38, 0xff, 0xa0, 0xb8, 0x88, 0xff,
    0xf8, 0xfc, 0xf8, 0xff, 0xf8, 0xfc, 0xf8, 0xff, 0xf8, 0xfc, 0xf8, 0xff,
    0xf8, 0xfc, 0xf8, 0xff, 0xf8, 0xfc, 0xf8, 0xff, 0xf8, 0xfc, 0xf8, 0xff,
    0xf8, 0xfc, 0xf8, 0xff, 0xf8, 0xfc, 0xf8, 0xff, 0xf8, 0xfc, 0xf8, 0xff,
    0xf8, 0xfc, 0xf8, 0xff, 0xf8, 0xfc, 0xf8, 0xff, 0xf8, 0xfc, 0xf8, 0xff,
    0xf8, 0xfc, 0xf8, 0xff, 0xf8, 0xfc, 0xf8, 0xff, 0xf8, 0xfc, 0xf8, 0xff,
    0xf8, 0xfc, 0xf8, 0xff, 0xf8, 0xfc, 0xf8, 0xff, 0xf8, 0xfc, 0xf8, 0xff,
    0xf8, 0xfc, 0xf8, 0xff, 0xf8, 0xfc, 0xf8, 0xff, 0xf8, 0xfc, 0xf8, 0xff,
    0xf8, 0xfc, 0xf8, 0xff, 0xf8, 0xfc, 0xf8, 0xff, 0xf8, 0xfc, 0xf8, 0xff,
    0xf8, 0xfc, 0xf8, 0xff, 0xf8, 0xfc, 0xf8, 0xff, 0xf8, 0xfc, 0xf8, 0xff,
    0xf8, 0xfc, 0xf8, 0xff, 0xf8, 0xfc, 0xf8, 0xff, 0xf8, 0xfc, 0xf8, 0xff,
    0xf8, 0xfc, 0xf8, 0xff, 0xb8, 0xc8, 0xa8, 0xff, 0x58, 0x80, 0x38, 0xff,
    0x58, 0x7c, 0x30, 0xff, 0x60, 0x80, 0x30, 0xff, 0x60, 0x80, 0x38, 0xff,
    0x60, 0x80, 0x30, 0xff, 0x58, 0x80, 0x30, 0xff, 0x58, 0x7c, 0x38, 0xff,
    0x58, 0x78, 0x30, 0xff, 0x50, 0x70, 0x30, 0xff, 0x50, 0x6c, 0x38, 0x41,
    0x30, 0x44, 0x20, 0x71, 0x38, 0x48, 0x20, 0xff, 0x40, 0x54, 0x20, 0xff,
    0x48, 0x64, 0x28, 0xff, 0x50, 0x70, 0x28, 0xff, 0x58, 0x78, 0x30, 0xff,
    0x58, 0x7c, 0x30, 0xff, 0x58, 0x7c, 0x30, 0xff, 0x60, 0x80, 0x38, 0xff,
    0x58, 0x80, 0x30, 0xff, 0x60, 0x80, 0x38, 0xff, 0x60, 0x80, 0x38, 0xff,
    0x58, 0x80, 0x30, 0xff, 0x58, 0x7c, 0x30, 0xff, 0x60, 0x80, 0x30, 0xff,
    0x58, 0x80, 0x38, 0xff, 0x58, 0x7c, 0x30, 0xff, 0x60, 0x80, 0x38, 0xff,
    0x58, 0x80, 0x30, 0xff, 0x58, 0x80, 0x30, 0xff, 0x60, 0x80, 0x38, 0xff,
    0x58, 0x80, 0x30, 0xff, 0x60, 0x80, 0x38, 0xff, 0x60, 0x7c, 0x38, 0xff,
    0x58, 0x80, 0x30, 0xff, 0x58, 0x80, 0x38, 0xff, 0x60, 0x80, 0x38, 0xff,
    0x60, 0x80, 0x30, 0xff, 0x58, 0x80, 0x38, 0xff, 0x60, 0x80, 0x38, 0xff,
    0x58, 0x80, 0x30, 0xff, 0x58, 0x80, 0x38, 0xff, 0x60, 0x7c, 0x30, 0xff,
    0x58, 0x80, 0x30, 0xff, 0x60, 0x80, 0x38, 0xff, 0x60, 0x80, 0x30, 0xff,
    0x58, 0x7c, 0x30, 0xff, 0x58, 0x80, 0x38, 0xff, 0x60, 0x80, 0x30, 0xff,
    0x60, 0x80, 0x30, 0xff, 0x58, 0x80, 0x38, 0xff, 0x60, 0x80, 0x30, 0xff,
    0x58, 0x80, 0x30, 0xff, 0x60, 0x80, 0x38, 0xff, 0x58, 0x7c, 0x30, 0xff,
    0x58, 0x80, 0x30, 0xff, 0x60, 0x80, 0x38, 0xff, 0x70, 0x90, 0x50, 0xff,
    0xf8, 0xf4, 0xf0, 0xff, 0xf8, 0xfc, 0xf8, 0xff, 0xf8, 0xfc, 0xf8, 0xff,
    0xf8, 0xfc, 0xf8, 0xff, 0xf8, 0xfc, 0xf8, 0xff, 0xf8, 0xfc, 0xf8, 0xff,
    0xf8, 0xfc, 0xf8, 0xff, 0xf8, 0xfc, 0xf8, 0xff, 0xf8, 0xfc, 0xf8, 0xff,
    0xf8, 0xfc, 0xf8, 0xff, 0xf8, 0xfc, 0xf8, 0xff, 0xf8, 0xfc, 0xf8, 0xff,
    0xf8, 0xfc, 0xf8, 0xff, 0xf8, 0xfc, 0xf8, 0xff, 0xf8, 0xfc, 0xf8, 0xff,
    0xf8, 0xfc, 0xf8, 0xff, 0xf8, 0xfc, 0xf8, 0xff, 0xf8, 0xfc, 0xf8, 0xff,
    0xf8, 0xfc, 0xf8, 0xff, 0xf8, 0xfc, 0xf8, 0xff, 0xf8, 0xfc, 0xf8, 0xff,
    0xf8, 0xfc, 0xf8, 0xff, 0xf8, 0xfc, 0xf8, 0xff, 0xf8, 0xfc, 0xf8, 0xff,
    0xf8, 0xfc, 0xf8, 0xff, 0xf8, 0xfc, 0xf8, 0xff, 0xf8, 0xfc, 0xf8, 0xff,
    0xf8, 0xfc, 0xf8, 0xff, 0xf8, 0xfc, 0xf8, 0xff, 0xf8, 0xfc, 0xf8, 0xff,
    0xf8, 0xfc, 0xf8, 0xff, 0xf8, 0xfc, 0xf8, 0xff, 0xf8, 0xfc, 0xf8, 0xff,
    0x88, 0xa0, 0x68, 0xff, 0x58, 0x80, 0x30, 0xff, 0x58, 0x80, 0x30, 0xff,
    0x60, 0x80, 0x38, 0xff, 0x60, 0x80, 0x30, 0xff, 0x58, 0x80, 0x38, 0xff,
    0x60, 0x7c, 0x38, 0xff, 0x58, 0x78, 0x38, 0xff, 0x58, 0x74, 0x30, 0xff,
    0x50, 0x6c, 0x38, 0x71, 0x30, 0x44, 0x20, 0x9e, 0x38, 0x4c, 0x20, 0xff,
    0x40, 0x5c, 0x20, 0xff, 0x48, 0x68, 0x28, 0xff, 0x50, 0x70, 0x30, 0xff,
    0x58, 0x78, 0x30, 0xff, 0x58, 0x7c, 0x30, 0xff, 0x60, 0x80, 0x38, 0xff,
    0x58, 0x80, 0x30, 0xff, 0x58, 0x80, 0x30, 0xff, 0x60, 0x80, 0x30, 0xff,
    0x60, 0x80, 0x38, 0xff, 0x58, 0x80, 0x30, 0xff, 0x60, 0x80, 0x30, 0xff,
    0x60, 0x80, 0x38, 0xff, 0x58, 0x80, 0x30, 0xff, 0x60, 0x80, 0x30, 0xff,
    0x58, 0x80, 0x38, 0xff, 0x60, 0x7c, 0x30, 0xff, 0x60, 0x80, 0x30, 0xff,
    0x58, 0x80, 0x38, 0xff, 0x58, 0x7c, 0x30, 0xff, 0x60, 0x80, 0x30, 0xff,
    0x58, 0x80, 0x38, 0xff, 0x60, 0x80, 0x30, 0xff, 0x58, 0x7c, 0x30, 0xff,
    0x58, 0x80, 0x38, 0xff, 0x60, 0x7c, 0x30, 0xff, 0x58, 0x7c, 0x30, 0xff,
    0x60, 0x80, 0x38, 0xff, 0x60, 0x80, 0x30, 0xff, 0x58, 0x80, 0x30, 0xff,
    0x58, 0x80, 0x38, 0xff, 0x60, 0x80, 0x30, 0xff, 0x58, 0x80, 0x30, 0xff,
    0x58, 0x80, 0x38, 0xff, 0x60, 0x80, 0x30, 0xff, 0x58, 0x7c, 0x30, 0xff,
    0x58, 0x80, 0x38, 0xff, 0x60, 0x7c, 0x30, 0xff, 0x58, 0x80, 0x30, 0xff,
    0x58, 0x80, 0x38, 0xff, 0x60, 0x80, 0x30, 0xff, 0x60, 0x7c, 0x38, 0xff,
    0x58, 0x80, 0x30, 0xff, 0x60, 0x80, 0x30, 0xff, 0x60, 0x80, 0x38, 0xff,
    0xc0, 0xd0, 0xb0, 0xff, 0xf8, 0xfc, 0xf8, 0xff, 0xf8, 0xfc, 0xf8, 0xff,
    0xf8, 0xfc, 0xf8, 0xff, 0xf8, 0xfc, 0xf8, 0xff, 0xf8, 0xfc, 0xf8, 0xff,
    0xf8, 0xfc, 0xf8, 0xff, 0xf8, 0xfc, 0xf8, 0xff, 0xf8, 0xfc, 0xf8, 0xff,
    0xf8, 0xfc, 0xf8, 0xff, 0xf8, 0xfc, 0xf8, 0xff, 0xf8, 0xfc, 0xf8, 0xff,
    0xf8, 0xfc, 0xf8, 0xff, 0xf8, 0xfc, 0xf8, 0xff, 0xf8, 0xfc, 0xf8, 0xff,
    0xf8, 0xfc, 0xf8, 0xff, 0xf8, 0xfc, 0xf8, 0xff, 0xf8, 0xfc, 0xf8, 0xff,
    0xf8, 0xfc, 0xf8, 0xff, 0xf8, 0xfc, 0xf8, 0xff, 0xf8, 0xfc, 0xf8, 0xff,
    0xf8, 0xfc, 0xf8, 0xff, 0xf8, 0xfc, 0xf8, 0xff, 0xf8, 0xfc, 0xf8, 0xff,
    0xf8, 0xfc, 0xf8, 0xff, 0xf8, 0xfc, 0xf8, 0xff, 0xf8, 0xfc, 0xf8, 0xff,
    0xf8, 0xfc, 0xf8, 0xff, 0xf8, 0xfc, 0xf8, 0xff, 0xf8, 0xfc, 0xf8, 0xff,
    0xf8, 0xfc, 0xf8, 0xff, 0xf8, 0xfc, 0xf8, 0xff, 0xf8, 0xfc, 0xf8, 0xff,
    0xf8, 0xfc, 0xf8, 0xff, 0xe8, 0xec, 0xe8, 0xff, 0x60, 0x80, 0x30, 0xff,
    0x58, 0x7c, 0x38, 0xff, 0x58, 0x7c, 0x30, 0xff, 0x58, 0x80, 0x30, 0xff,
    0x60, 0x80, 0x30, 0xff, 0x58, 0x7c, 0x38, 0xff, 0x58, 0x7c, 0x30, 0xff,
    0x58, 0x74, 0x38, 0xff, 0x50, 0x70, 0x38, 0x9e, 0x30, 0x44, 0x20, 0xbe,
    0x38, 0x4c, 0x20, 0xff, 0x40, 0x5c, 0x28, 0xff, 0x50, 0x68, 0x28, 0xff,
    0x50, 0x74, 0x30, 0xff, 0x58, 0x7c, 0x30, 0xff, 0x60, 0x7c, 0x30, 0xff,
    0x60, 0x80, 0x38, 0xff, 0x58, 0x80, 0x30, 0xff, 0x60, 0x7c, 0x30, 0xff,
    0x58, 0x7c, 0x38, 0xff, 0x58, 0x80, 0x30, 0xff, 0x60, 0x7c, 0x30, 0xff,
    0x58, 0x80, 0x38, 0xff, 0x58, 0x7c, 0x38, 0xff, 0x60, 0x7c, 0x30, 0xff,
    0x58, 0x80, 0x30, 0xff, 0x60, 0x80, 0x38, 0xff, 0x58, 0x7c, 0x30, 0xff,
    0x60, 0x80, 0x38, 0xff, 0x58, 0x80, 0x30, 0xff, 0x60, 0x7c, 0x30, 0xff,
    0x58, 0x80, 0x30, 0xff, 0x58, 0x80, 0x38, 0xff, 0x60, 0x7c, 0x30, 0xff,
    0x60, 0x80, 0x30, 0xff, 0x58, 0x80, 0x30, 0xff, 0x60, 0x80, 0x30, 0xff,
    0x58, 0x80, 0x30, 0xff, 0x58, 0x7c, 0x38, 0xff, 0x60, 0x80, 0x30, 0xff,
    0x60, 0x7c, 0x30, 0xff, 0x58, 0x80, 0x38, 0xff, 0x60, 0x7c, 0x30, 0xff,
    0x60, 0x7c, 0x30, 0xff, 0x58, 0x80, 0x38, 0xff, 0x60, 0x80, 0x30, 0xff,
    0x60, 0x80, 0x38, 0xff, 0x58, 0x80, 0x30, 0xff, 0x60, 0x80, 0x38, 0xff,
    0x60, 0x7c, 0x30, 0xff, 0x58, 0x80, 0x30, 0xff, 0x60, 0x7c, 0x38, 0xff,
    0x58, 0x80, 0x30, 0xff, 0x58, 0x80, 0x30, 0xff, 0x60, 0x7c, 0x38, 0xff,
    0x70, 0x90, 0x50, 0xff, 0xf8, 0xfc, 0xf8, 0xff, 0xf8, 0xfc, 0xf8, 0xff,
    0xf8, 0xfc, 0xf8, 0xff, 0xf8, 0xfc, 0xf8, 0xff, 0xf8, 0xfc, 0xf8, 0xff,
    0xf8, 0xfc, 0xf8, 0xff, 0xf8, 0xfc, 0xf8, 0xff, 0xf8, 0xfc, 0xf8, 0xff,
    0xf8, 0xfc, 0xf8, 0xff, 0xf8, 0xfc, 0xf8, 0xff, 0xf8, 0xfc, 0xf8, 0xff,
    0xf8, 0xfc, 0xf8, 0xff, 0xf8, 0xfc, 0xf8, 0xff, 0xf8, 0xfc, 0xf8, 0xff,
    0xf8, 0xfc, 0xf8, 0xff, 0xf8, 0xfc, 0xf8, 0xff, 0xf8, 0xfc, 0xf8, 0xff,
    0xf8, 0xfc, 0xf8, 0xff, 0xf8, 0xfc, 0xf8, 0xff, 0xf8, 0xfc, 0xf8, 0xff,
    0xf8, 0xfc, 0xf8, 0xff, 0xf8, 0xfc, 0xf8, 0xff, 0xf8, 0xfc, 0xf8, 0xff,
    0xf8, 0xfc, 0xf8, 0xff, 0xf8, 0xfc, 0xf8, 0xff, 0xf8, 0xfc, 0xf8, 0xff,
    0xf8, 0xfc, 0xf8, 0xff, 0xf8, 0xfc, 0xf8, 0xff, 0xf8, 0xfc, 0xf8, 0xff,
    0xf8, 0xfc, 0xf8, 0xff, 0xf8, 0xfc, 0xf8, 0xff, 0xf8, 0xfc, 0xf8, 0xff,
    0xf8, 0xfc, 0xf8, 0xff, 0xf8, 0xfc, 0xf8, 0xff, 0xf8, 0xfc, 0xf8, 0xff,
    0x90, 0xa8, 0x70, 0xff, 0x60, 0x80, 0x38, 0xff, 0x60, 0x80, 0x30, 0xff,
    0x58, 0x80, 0x30, 0xff, 0x60, 0x7c, 0x38, 0xff, 0x60, 0x80, 0x30, 0xff,
    0x58, 0x7c, 0x30, 0xff, 0x58, 0x78, 0x38, 0xff, 0x58, 0x70, 0x38, 0xae,
    0x38, 0x48, 0x20, 0xcf, 0x38, 0x50, 0x20, 0xff, 0x48, 0x60, 0x28, 0xff,
    0x50, 0x6c, 0x28, 0xff, 0x58, 0x74, 0x30, 0xff, 0x58, 0x7c, 0x30, 0xff,
    0x58, 0x80, 0x30, 0xff, 0x58, 0x80, 0x30, 0xff, 0x60, 0x80, 0x38, 0xff,
    0x60, 0x80, 0x30, 0xff, 0x58, 0x80, 0x38, 0xff, 0x60, 0x80, 0x30, 0xff,
    0x60, 0x80, 0x30, 0xff, 0x58, 0x80, 0x38, 0xff, 0x60, 0x80, 0x30, 0xff,
    0x58, 0x80, 0x30, 0xff, 0x60, 0x80, 0x38, 0xff, 0x58, 0x80, 0x30, 0xff,
    0x58, 0x80, 0x30, 0xff, 0x60, 0x80, 0x38, 0xff, 0x60, 0x80, 0x38, 0xff,
    0x58, 0x80, 0x30, 0xff, 0x60, 0x80, 0x38, 0xff, 0x60, 0x80, 0x30, 0xff,
    0x58, 0x80, 0x38, 0xff, 0x60, 0x80, 0x38, 0xff, 0x58, 0x80, 0x30, 0xff,
    0x60, 0x80, 0x38, 0xff, 0x60, 0x80, 0x38, 0xff, 0x58, 0x80, 0x30, 0xff,
    0x58, 0x80, 0x30, 0xff, 0x60, 0x80, 0x38, 0xff, 0x58, 0x80, 0x30, 0xff,
    0x58, 0x80, 0x38, 0xff, 0x60, 0x80, 0x30, 0xff, 0x58, 0x7c, 0x30, 0xff,
    0x60, 0x80, 0x38, 0xff, 0x58, 0x80, 0x30, 0xff, 0x60, 0x7c, 0x30, 0xff,
    0x58, 0x80, 0x38, 0xff, 0x58, 0x80, 0x30, 0xff, 0x60, 0x80, 0x30, 0xff,
    0x58, 0x80, 0x38, 0xff, 0x60, 0x80, 0x30, 0xff, 0x58, 0x80, 0x30, 0xff,
    0x58, 0x7c, 0x30, 0xff, 0x98, 0xb0, 0x80, 0xff, 0xf8, 0xfc, 0xf8, 0xff,
    0xf8, 0xfc, 0xf8, 0xff, 0xf8, 0xfc, 0xf8, 0xff, 0xf8, 0xfc, 0xf8, 0xff,
    0xf8, 0xfc, 0xf8, 0xff, 0xf8, 0xfc, 0xf8, 0xff, 0xf8, 0xfc, 0xf8, 0xff,
    0xf8, 0xfc, 0xf8, 0xff, 0xf8, 0xfc, 0xf8, 0xff, 0xf8, 0xfc, 0xf8, 0xff,
    0xf8, 0xfc, 0xf8, 0xff, 0xf8, 0xfc, 0xf8, 0xff, 0xf8, 0xfc, 0xf8, 0xff,
    0xf8, 0xfc, 0xf8, 0xff, 0xf8, 0xfc, 0xf8, 0xff, 0xf8, 0xfc, 0xf8, 0xff,
    0xf8, 0xfc, 0xf8, 0xff, 0xf8, 0xfc, 0xf8, 0xff, 0xf8, 0xfc, 0xf8, 0xff,
    0xf8, 0xfc, 0xf8, 0xff, 0xf8, 0xfc, 0xf8, 0xff, 0xf8, 0xfc, 0xf8, 0xff,
    0xf8, 0xfc, 0xf8, 0xff, 0xf8, 0xfc, 0xf8, 0xff, 0xf8, 0xfc, 0xf8, 0xff,
    0xf8, 0xfc, 0xf8, 0xff, 0xf8, 0xfc, 0xf8, 0xff, 0xf8, 0xfc, 0xf8, 0xff,
    0xf8, 0xfc, 0xf8, 0xff, 0xf8, 0xfc, 0xf8, 0xff, 0xf8, 0xfc, 0xf8, 0xff,
    0xf8, 0xfc, 0xf8, 0xff, 0xf8, 0xfc, 0xf8, 0xff, 0xf8, 0xfc, 0xf8, 0xff,
    0xf8, 0xfc, 0xf8, 0xff, 0xc0, 0xd0, 0xb0, 0xff, 0x58, 0x80, 0x30, 0xff,
    0x60, 0x80, 0x38, 0xff, 0x58, 0x7c, 0x30, 0xff, 0x58, 0x80, 0x38, 0xff,
    0x60, 0x80, 0x38, 0xff, 0x60, 0x7c, 0x30, 0xff, 0x58, 0x78, 0x38, 0xff,
    0x58, 0x74, 0x38, 0xcf, 0x38, 0x48, 0x20, 0xdf, 0x38, 0x54, 0x20, 0xff,
    0x48, 0x60, 0x28, 0xff, 0x50, 0x6c, 0x28, 0xff, 0x58, 0x78, 0x30, 0xff,
    0x58, 0x7c, 0x30, 0xff, 0x58, 0x7c, 0x30, 0xff, 0x60, 0x80, 0x38, 0xff,
    0x58, 0x80, 0x30, 0xff, 0x58, 0x7c, 0x30, 0xff, 0x60, 0x80, 0x38, 0xff,
    0x58, 0x80, 0x30, 0xff, 0x58, 0x7c, 0x30, 0xff, 0x60, 0x80, 0x38, 0xff,
    0x60, 0x80, 0x30, 0xff, 0x58, 0x7c, 0x30, 0xff, 0x60, 0x80, 0x38, 0xff,
    0x60, 0x7c, 0x30, 0xff, 0x58, 0x80, 0x30, 0xff, 0x58, 0x7c, 0x30, 0xff,
    0x60, 0x80, 0x30, 0xff, 0x58, 0x7c, 0x38, 0xff, 0x60, 0x80, 0x30, 0xff,
    0x58, 0x7c, 0x30, 0xff, 0x58, 0x80, 0x30, 0xff, 0x60, 0x7c, 0x38, 0xff,
    0x58, 0x7c, 0x30, 0xff, 0x58, 0x80, 0x30, 0xff, 0x60, 0x7c, 0x38, 0xff,
    0x60, 0x80, 0x30, 0xff, 0x58, 0x80, 0x30, 0xff, 0x60, 0x7c, 0x38, 0xff,
    0x60, 0x80, 0x30, 0xff, 0x58, 0x80, 0x30, 0xff, 0x60, 0x80, 0x38, 0xff,
    0x58, 0x80, 0x30, 0xff, 0x58, 0x7c, 0x38, 0xff, 0x60, 0x80, 0x30, 0xff,
    0x58, 0x80, 0x30, 0xff, 0x60, 0x7c, 0x38, 0xff, 0x60, 0x80, 0x30, 0xff,
    0x58, 0x80, 0x38, 0xff, 0x60, 0x7c, 0x30, 0xff, 0x60, 0x80, 0x38, 0xff,
    0x60, 0x80, 0x38, 0xff, 0x58, 0x80, 0x30, 0xff, 0xc8, 0xd8, 0xc0, 0xff,
    0xf8, 0xfc, 0xf8, 0xff, 0xf8, 0xfc, 0xf8, 0xff, 0xf8, 0xfc, 0xf8, 0xff,
    0xf8, 0xfc, 0xf8, 0xff, 0xf8, 0xfc, 0xf8, 0xff, 0xf8, 0xfc, 0xf8, 0xff,
    0xf8, 0xfc, 0xf8, 0xff, 0xf8, 0xfc, 0xf8, 0xff, 0xf8, 0xfc, 0xf8, 0xff,
    0xf8, 0xfc, 0xf8, 0xff, 0xf8, 0xfc, 0xf8, 0xff, 0xf8, 0xfc, 0xf8, 0xff,
    0xf8, 0xfc, 0xf8, 0xff, 0xf8, 0xfc, 0xf8, 0xff, 0xf8, 0xfc, 0xf8, 0xff,
    0xf8, 0xfc, 0xf8, 0xff, 0xf8, 0xfc, 0xf8, 0xff, 0xf8, 0xfc, 0xf8, 0xff,
    0xf8, 0xfc, 0xf8, 0xff, 0xf8, 0xfc, 0xf8, 0xff, 0xf8, 0xfc, 0xf8, 0xff,
    0xf8, 0xfc, 0xf8, 0xff, 0xf8, 0xfc, 0xf8, 0xff, 0xf8, 0xfc, 0xf8, 0xff,
    0xf8, 0xfc, 0xf8, 0xff, 0xf8, 0xfc, 0xf8, 0xff, 0xf8, 0xfc, 0xf8, 0xff,
    0xf8, 0xfc, 0xf8, 0xff, 0xf8, 0xfc, 0xf8, 0xff, 0xf8, 0xfc, 0xf8, 0xff,
    0xf8, 0xfc, 0xf8, 0xff, 0xf8, 0xfc, 0xf8, 0xff, 0xf8, 0xfc, 0xf8, 0xff,
    0xf8, 0xfc, 0xf8, 0xff, 0xf8, 0xfc, 0xf8, 0xff, 0xe8, 0xec, 0xe8, 0xff,
    0x60, 0x80, 0x30, 0xff, 0x58, 0x80, 0x30, 0xff, 0x60, 0x80, 0x38, 0xff,
    0x58, 0x80, 0x30, 0xff, 0x60, 0x80, 0x30, 0xff, 0x58, 0x80, 0x38, 0xff,
    0x58, 0x7c, 0x38, 0xff, 0x58, 0x74, 0x38, 0xdf, 0x38, 0x48, 0x20, 0xdf,
    0x40, 0x54, 0x20, 0xff, 0x48, 0x60, 0x28, 0xff, 0x50, 0x6c, 0x30, 0xff,
    0x50, 0x78, 0x30, 0xff, 0x58, 0x7c, 0x30, 0xff, 0x60, 0x7c, 0x38, 0xff,
    0x60, 0x80, 0x30, 0xff, 0x58, 0x80, 0x30, 0xff, 0x60, 0x7c, 0x38, 0xff,
    0x60, 0x80, 0x30, 0xff, 0x58, 0x80, 0x38, 0xff, 0x58, 0x7c, 0x30, 0xff,
    0x60, 0x80, 0x30, 0xff, 0x58, 0x80, 0x38, 0xff, 0x58, 0x80, 0x30, 0xff,
    0x60, 0x7c, 0x38, 0xff, 0x60, 0x80, 0x38, 0xff, 0x58, 0x80, 0x30, 0xff,
    0x60, 0x80, 0x38, 0xff, 0x58, 0x7c, 0x30, 0xff, 0x60, 0x80, 0x30, 0xff,
    0x58, 0x80, 0x38, 0xff, 0x60, 0x80, 0x30, 0xff, 0x60, 0x80, 0x30, 0xff,
    0x58, 0x80, 0x30, 0xff, 0x60, 0x80, 0x38, 0xff, 0x58, 0x80, 0x30, 0xff,
    0x58, 0x7c, 0x30, 0xff, 0x60, 0x80, 0x38, 0xff, 0x58, 0x80, 0x30, 0xff,
    0x58, 0x7c, 0x30, 0xff, 0x60, 0x80, 0x38, 0xff, 0x60, 0x7c, 0x30, 0xff,
    0x58, 0x80, 0x30, 0xff, 0x60, 0x80, 0x38, 0xff, 0x60, 0x80, 0x30, 0xff,
    0x58, 0x80, 0x30, 0xff, 0x60, 0x80, 0x38, 0xff, 0x58, 0x80, 0x30, 0xff,
    0x58, 0x7c, 0x30, 0xff, 0x60, 0x80, 0x38, 0xff, 0x58, 0x80, 0x30, 0xff,
    0x58, 0x7c, 0x30, 0xff, 0x60, 0x80, 0x38, 0xff, 0x60, 0x80, 0x30, 0xff,
    0xd8, 0xdc, 0xd0, 0xff, 0xf8, 0xfc, 0xf8, 0xff, 0xf8, 0xfc, 0xf8, 0xff,
    0xf8, 0xfc, 0xf8, 0xff, 0xf8, 0xfc, 0xf8, 0xff, 0xf8, 0xfc, 0xf8, 0xff,
    0xf8, 0xfc, 0xf8, 0xff, 0xf8, 0xfc, 0xf8, 0xff, 0xf8, 0xfc, 0xf8, 0xff,
    0xf8, 0xfc, 0xf8, 0xff, 0xf8, 0xfc, 0xf8, 0xff, 0xf8, 0xfc, 0xf8, 0xff,
    0xf8, 0xfc, 0xf8, 0xff, 0xf8, 0xfc, 0xf8, 0xff, 0xf8, 0xfc, 0xf8, 0xff,
    0xf8, 0xfc, 0xf8, 0xff, 0xf8, 0xfc, 0xf8, 0xff, 0xf8, 0xfc, 0xf8, 0xff,
    0xf8, 0xfc, 0xf8, 0xff, 0xf8, 0xfc, 0xf8, 0xff, 0xf8, 0xfc, 0xf8, 0xff,
    0xf8, 0xfc, 0xf8, 0xff, 0xf8, 0xfc, 0xf8, 0xff, 0xf8, 0xfc, 0xf8, 0xff,
    0xf8, 0xfc, 0xf8, 0xff, 0xf8, 0xfc, 0xf8, 0xff, 0xf8, 0xfc, 0xf8, 0xff,
    0xf8, 0xfc, 0xf8, 0xff, 0xf8, 0xfc, 0xf8, 0xff, 0xf8, 0xfc, 0xf8, 0xff,
    0xf8, 0xfc, 0xf8, 0xff, 0xf8, 0xfc, 0xf8, 0xff, 0xf8, 0xfc, 0xf8, 0xff,
    0xf8, 0xfc, 0xf8, 0xff, 0xf8, 0xfc, 0xf8, 0xff, 0xf8, 0xfc, 0xf8, 0xff,
    0xf8, 0xfc, 0xf8, 0xff, 0x60, 0x80, 0x38, 0xff, 0x58, 0x7c, 0x30, 0xff,
    0x60, 0x80, 0x30, 0xff, 0x60, 0x80, 0x30, 0xff, 0x60, 0x80, 0x38, 0xff,
    0x58, 0x7c, 0x38, 0xff, 0x58, 0x7c, 0x30, 0xff, 0x58, 0x78, 0x38, 0xdf,
    0x30, 0x48, 0x20, 0xff, 0x40, 0x54, 0x20, 0xff, 0x48, 0x64, 0x28, 0xff,
    0x50, 0x6c, 0x28, 0xff, 0x58, 0x78, 0x30, 0xff, 0x58, 0x7c, 0x30, 0xff,
    0x58, 0x7c, 0x30, 0xff, 0x58, 0x80, 0x38, 0xff, 0x60, 0x80, 0x30, 0xff,
    0x58, 0x80, 0x30, 0xff, 0x60, 0x80, 0x38, 0xff, 0x60, 0x80, 0x30, 0xff,
    0x58, 0x80, 0x38, 0xff, 0x60, 0x7c, 0x30, 0xff, 0x60, 0x80, 0x30, 0xff,
    0x58, 0x80, 0x38, 0xff, 0x58, 0x80, 0x30, 0xff, 0x58, 0x80, 0x30, 0xff,
    0x60, 0x80, 0x38, 0xff, 0x60, 0x80, 0x30, 0xff, 0x58, 0x80, 0x38, 0xff,
    0x58, 0x80, 0x30, 0xff, 0x60, 0x7c, 0x38, 0xff, 0x58, 0x80, 0x38, 0xff,
    0x60, 0x80, 0x30, 0xff, 0x58, 0x7c, 0x38, 0xff, 0x60, 0x80, 0x30, 0xff,
    0x60, 0x80, 0x30, 0xff, 0x58, 0x80, 0x38, 0xff, 0x60, 0x80, 0x30, 0xff,
    0x60, 0x80, 0x38, 0xff, 0x58, 0x80, 0x30, 0xff, 0x58, 0x80, 0x38, 0xff,
    0x60, 0x80, 0x30, 0xff, 0x58, 0x7c, 0x30, 0xff, 0x58, 0x80, 0x38, 0xff,
    0x60, 0x7c, 0x30, 0xff, 0x58, 0x80, 0x38, 0xff, 0x60, 0x80, 0x30, 0xff,
    0x60, 0x7c, 0x30, 0xff, 0x58, 0x80, 0x38, 0xff, 0x60, 0x80, 0x30, 0xff,
    0x58, 0x80, 0x30, 0xff, 0x58, 0x80, 0x30, 0xff, 0x60, 0x7c, 0x30, 0xff,
    0x58, 0x80, 0x30, 0xff, 0xe8, 0xf0, 0xe8, 0xff, 0xf8, 0xfc, 0xf8, 0xff,
    0xf8, 0xfc, 0xf8, 0xff, 0xf8, 0xfc, 0xf8, 0xff, 0xf8, 0xfc, 0xf8, 0xff,
    0xf8, 0xfc, 0xf8, 0xff, 0xf8, 0xfc, 0xf8, 0xff, 0xf8, 0xfc, 0xf8, 0xff,
    0xf8, 0xfc, 0xf8, 0xff, 0xf8, 0xfc, 0xf8, 0xff, 0xf8, 0xfc, 0xf8, 0xff,
    0xf8, 0xfc, 0xf8, 0xff, 0xf8, 0xfc, 0xf8, 0xff, 0xf8, 0xfc, 0xf8, 0xff,
    0xf8, 0xfc, 0xf8, 0xff, 0xf8, 0xfc, 0xf8, 0xff, 0xf8, 0xfc, 0xf8, 0xff,
    0xf8, 0xfc, 0xf8, 0xff, 0xf8, 0xfc, 0xf8, 0xff, 0xf8, 0xfc, 0xf8, 0xff,
    0xf8, 0xfc, 0xf8, 0xff, 0xf8, 0xfc, 0xf8, 0xff, 0xf8, 0xfc, 0xf8, 0xff,
    0xf8, 0xfc, 0xf8, 0xff, 0xf8, 0xfc, 0xf8, 0xff, 0xf8, 0xfc, 0xf8, 0xff,
    0xf8, 0xfc, 0xf8, 0xff, 0xf8, 0xfc, 0xf8, 0xff, 0xf8, 0xfc, 0xf8, 0xff,
    0xf8, 0xfc, 0xf8, 0xff, 0xf8, 0xfc, 0xf8, 0xff, 0xf8, 0xfc, 0xf8, 0xff,
    0xf8, 0xfc, 0xf8, 0xff, 0xf8, 0xfc, 0xf8, 0xff, 0xf8, 0xfc, 0xf8, 0xff,
    0xf8, 0xfc, 0xf8, 0xff, 0xf8, 0xfc, 0xf8, 0xff, 0x70, 0x90, 0x50, 0xff,
    0x58, 0x80, 0x30, 0xff, 0x58, 0x7c, 0x38, 0xff, 0x60, 0x80, 0x30, 0xff,
    0x60, 0x80, 0x38, 0xff, 0x60, 0x80, 0x38, 0xff, 0x58, 0x7c, 0x38, 0xff,
    0x58, 0x74, 0x38, 0xff, 0x38, 0x48, 0x20, 0xff, 0x40, 0x54, 0x20, 0xff,
    0x48, 0x64, 0x28, 0xff, 0x50, 0x70, 0x30, 0xff, 0x58, 0x78, 0x30, 0xff,
    0x58, 0x7c, 0x30, 0xff, 0x60, 0x80, 0x30, 0xff, 0x58, 0x80, 0x38, 0xff,
    0x60, 0x7c, 0x30, 0xff, 0x58, 0x80, 0x30, 0xff, 0x58, 0x7c, 0x38, 0xff,
    0x60, 0x80, 0x30, 0xff, 0x58, 0x80, 0x30, 0xff, 0x58, 0x80, 0x38, 0xff,
    0x60, 0x7c, 0x30, 0xff, 0x60, 0x80, 0x30, 0xff, 0x58, 0x80, 0x30, 0xff,
    0x60, 0x7c, 0x30, 0xff, 0x58, 0x7c, 0x30, 0xff, 0x60, 0x80, 0x38, 0xff,
    0x58, 0x80, 0x30, 0xff, 0x60, 0x7c, 0x30, 0xff, 0x60, 0x80, 0x30, 0xff,
    0x58, 0x80, 0x30, 0xff, 0x58, 0x7c, 0x38, 0xff, 0x60, 0x80, 0x30, 0xff,
    0x58, 0x80, 0x30, 0xff, 0x60, 0x7c, 0x38, 0xff, 0x58, 0x80, 0x30, 0xff,
    0x58, 0x7c, 0x30, 0xff, 0x60, 0x80, 0x38, 0xff, 0x60, 0x80, 0x30, 0xff,
    0x58, 0x7c, 0x30, 0xff, 0x60, 0x80, 0x38, 0xff, 0x60, 0x80, 0x30, 0xff,
    0x58, 0x80, 0x30, 0xff, 0x60, 0x7c, 0x38, 0xff, 0x58, 0x80, 0x30, 0xff,
    0x58, 0x80, 0x38, 0xff, 0x60, 0x80, 0x30, 0xff, 0x58, 0x80, 0x38, 0xff,
    0x60, 0x7c, 0x30, 0xff, 0x60, 0x80, 0x38, 0xff, 0x58, 0x80, 0x38, 0xff,
    0x60, 0x80, 0x30, 0xff, 0x60, 0x7c, 0x38, 0xff, 0xf0, 0xf4, 0xf0, 0xff,
    0xf8, 0xfc, 0xf8, 0xff, 0xf8, 0xfc, 0xf8, 0xff, 0xf8, 0xfc, 0xf8, 0xff,
    0xf8, 0xfc, 0xf8, 0xff, 0xf8, 0xfc, 0xf8, 0xff, 0xf8, 0xfc, 0xf8, 0xff,
    0xf8, 0xfc, 0xf8, 0xff, 0xf8, 0xfc, 0xf8, 0xff, 0xf8, 0xfc, 0xf8, 0xff,
    0xf8, 0xfc, 0xf8, 0xff, 0xf8, 0xfc, 0xf8, 0xff, 0xf8, 0xfc, 0xf8, 0xff,
    0xf8, 0xfc, 0xf8, 0xff, 0xf8, 0xfc, 0xf8, 0xff, 0xf8, 0xfc, 0xf8, 0xff,
    0xf8, 0xfc, 0xf8, 0xff, 0xf8, 0xfc, 0xf8, 0xff, 0xf8, 0xfc, 0xf8, 0xff,
    0xf8, 0xfc, 0xf8, 0xff, 0xf8, 0xfc, 0xf8, 0xff, 0xf8, 0xfc, 0xf8, 0xff,
    0xf8, 0xfc, 0xf8, 0xff, 0xf8, 0xfc, 0xf8, 0xff, 0xf8, 0xfc, 0xf8, 0xff,
    0xf8, 0xfc, 0xf8, 0xff, 0xf8, 0xfc, 0xf8, 0xff, 0xf8, 0xfc, 0xf8, 0xff,
    0xf8, 0xfc, 0xf8, 0xff, 0xf8, 0xfc, 0xf8, 0xff, 0xf8, 0xfc, 0xf8, 0xff,
    0xf8, 0xfc, 0xf8, 0xff, 0xf8, 0xfc, 0xf8, 0xff, 0xf8, 0xfc, 0xf8, 0xff,
    0xf8, 0xfc, 0xf8, 0xff, 0xf8, 0xfc, 0xf8, 0xff, 0xf8, 0xfc, 0xf8, 0xff,
    0x70, 0x90, 0x48, 0xff, 0x60, 0x80, 0x38, 0xff, 0x58, 0x80, 0x30, 0xff,
    0x58, 0x7c, 0x30, 0xff, 0x60, 0x80, 0x30, 0xff, 0x58, 0x80, 0x38, 0xff,
    0x60, 0x7c, 0x38, 0xff, 0x58, 0x78, 0x38, 0xff, 0x38, 0x48, 0x20, 0xff,
    0x40, 0x58, 0x28, 0xff, 0x48, 0x64, 0x28, 0xff, 0x50, 0x70, 0x28, 0xff,
    0x58, 0x78, 0x30, 0xff, 0x58, 0x7c, 0x30, 0xff, 0x58, 0x80, 0x38, 0xff,
    0x60, 0x80, 0x30, 0xff, 0x60, 0x80, 0x38, 0xff, 0x58, 0x80, 0x30, 0xff,
    0x60, 0x7c, 0x30, 0xff, 0x60, 0x80, 0x38, 0xff, 0x58, 0x80, 0x30, 0xff,
    0x58, 0x80, 0x38, 0xff, 0x60, 0x7c, 0x38, 0xff, 0x58, 0x80, 0x30, 0xff,
    0x60, 0x80, 0x38, 0xff, 0x60, 0x80, 0x38, 0xff, 0x58, 0x80, 0x30, 0xff,
    0x58, 0x80, 0x30, 0xff, 0x60, 0x7c, 0x38, 0xff, 0x58, 0x80, 0x30, 0xff,
    0x60, 0x80, 0x30, 0xff, 0x58, 0x80, 0x38, 0xff, 0x60, 0x80, 0x30, 0xff,
    0x60, 0x80, 0x30, 0xff, 0x58, 0x80, 0x38, 0xff, 0x58, 0x80, 0x38, 0xff,
    0x60, 0x80, 0x30, 0xff, 0x58, 0x7c, 0x30, 0xff, 0x60, 0x80, 0x38, 0xff,
    0x58, 0x80, 0x30, 0xff, 0x58, 0x7c, 0x30, 0xff, 0x60, 0x80, 0x38, 0xff,
    0x58, 0x80, 0x38, 0xff, 0x60, 0x80, 0x30, 0xff, 0x60, 0x80, 0x30, 0xff,
    0x58, 0x7c, 0x38, 0xff, 0x60, 0x80, 0x30, 0xff, 0x58, 0x80, 0x30, 0xff,
    0x58, 0x7c, 0x30, 0xff, 0x60, 0x80, 0x38, 0xff, 0x58, 0x80, 0x30, 0xff,
    0x58, 0x7c, 0x30, 0xff, 0x60, 0x80, 0x38, 0xff, 0x60, 0x80, 0x30, 0xff,
    0xf8, 0xfc, 0xf8, 0xff, 0xf8, 0xfc, 0xf8, 0xff, 0xf8, 0xfc, 0xf8, 0xff,
    0xf8, 0xfc, 0xf8, 0xff, 0xf8, 0xfc, 0xf8, 0xff, 0xf8, 0xfc, 0xf8, 0xff,
    0xf8, 0xfc, 0xf8, 0xff, 0xf8, 0xfc, 0xf8, 0xff, 0xf8, 0xfc, 0xf8, 0xff,
    0xf8, 0xfc, 0xf8, 0xff, 0xf8, 0xfc, 0xf8, 0xff, 0xf8, 0xfc, 0xf8, 0xff,
    0xf8, 0xfc, 0xf8, 0xff, 0xf8, 0xfc, 0xf8, 0xff, 0xf8, 0xfc, 0xf8, 0xff,
    0xf8, 0xfc, 0xf8, 0xff, 0xf8, 0xfc, 0xf8, 0xff, 0xf8, 0xfc, 0xf8, 0xff,
    0xf8, 0xfc, 0xf8, 0xff, 0xf8, 0xfc, 0xf8, 0xff, 0xf8, 0xfc, 0xf8, 0xff,
    0xf8, 0xfc, 0xf8, 0xff, 0xf8, 0xfc, 0xf8, 0xff, 0xf8, 0xfc, 0xf8, 0xff,
    0xf8, 0xfc, 0xf8, 0xff, 0xf8, 0xfc, 0xf8, 0xff, 0xf8, 0xfc, 0xf8, 0xff,
    0xf8, 0xfc, 0xf8, 0xff, 0xf8, 0xfc, 0xf8, 0xff, 0xf8, 0xfc, 0xf8, 0xff,
    0xf8, 0xfc, 0xf8, 0xff, 0xf8, 0xfc, 0xf8, 0xff, 0xf8, 0xfc, 0xf8, 0xff,
    0xf8, 0xfc, 0xf8, 0xff, 0xf8, 0xfc, 0xf8, 0xff, 0xf8, 0xfc, 0xf8, 0xff,
    0xf8, 0xfc, 0xf8, 0xff, 0x78, 0x94, 0x58, 0xff, 0x60, 0x80, 0x30, 0xff,
    0x60, 0x80, 0x38, 0xff, 0x58, 0x80, 0x30, 0xff, 0x60, 0x80, 0x30, 0xff,
    0x58, 0x7c, 0x38, 0xff, 0x60, 0x7c, 0x30, 0xff, 0x58, 0x78, 0x38, 0xff,
    0x38, 0x48, 0x20, 0xff, 0x40, 0x54, 0x20, 0xff, 0x48, 0x64, 0x28, 0xff,
    0x50, 0x70, 0x30, 0xff, 0x58, 0x74, 0x30, 0xff, 0x58, 0x7c, 0x30, 0xff,
    0x58, 0x80, 0x30, 0xff, 0x60, 0x80, 0x38, 0xff, 0x58, 0x7c, 0x30, 0xff,
    0x58, 0x80, 0x38, 0xff, 0x60, 0x80, 0x30, 0xff, 0x58, 0x7c, 0x30, 0xff,
    0x60, 0x80, 0x38, 0xff, 0x60, 0x80, 0x30, 0xff, 0x58, 0x80, 0x30, 0xff,
    0x58, 0x7c, 0x30, 0xff, 0x60, 0x80, 0x38, 0xff, 0x58, 0x80, 0x30, 0xff,
    0x60, 0x80, 0x30, 0xff, 0x60, 0x7c, 0x38, 0xff, 0x58, 0x80, 0x30, 0xff,
    0x60, 0x80, 0x38, 0xff, 0x58, 0x7c, 0x38, 0xff, 0x58, 0x80, 0x30, 0xff,
    0x60, 0x80, 0x30, 0xff, 0x58, 0x7c, 0x38, 0xff, 0x60, 0x7c, 0x30, 0xff,
    0x60, 0x80, 0x30, 0xff, 0x58, 0x80, 0x38, 0xff, 0x60, 0x80, 0x30, 0xff,
    0x60, 0x80, 0x30, 0xff, 0x58, 0x80, 0x38, 0xff, 0x60, 0x80, 0x30, 0xff,
    0x58, 0x7c, 0x30, 0xff, 0x58, 0x80, 0x38, 0xff, 0x60, 0x80, 0x30, 0xff,
    0x58, 0x80, 0x30, 0xff, 0x60, 0x7c, 0x38, 0xff, 0x60, 0x80, 0x30, 0xff,
    0x58, 0x80, 0x30, 0xff, 0x60, 0x80, 0x38, 0xff, 0x60, 0x80, 0x30, 0xff,
    0x58, 0x80, 0x30, 0xff, 0x60, 0x7c, 0x38, 0xff, 0x58, 0x80, 0x30, 0xff,
    0x58, 0x80, 0x30, 0xff, 0xf8, 0xfc, 0xf8, 0xff, 0xf8, 0xfc, 0xf8, 0xff,
    0xf8, 0xfc, 0xf8, 0xff, 0xf8, 0xfc, 0xf8, 0xff, 0xf8, 0xfc, 0xf8, 0xff,
    0xf8, 0xfc, 0xf8, 0xff, 0xf8, 0xfc, 0xf8, 0xff, 0xf8, 0xfc, 0xf8, 0xff,
    0xf8, 0xfc, 0xf8, 0xff, 0xf8, 0xfc, 0xf8, 0xff, 0xf8, 0xfc, 0xf8, 0xff,
    0xf8, 0xfc, 0xf8, 0xff, 0xf8, 0xfc, 0xf8, 0xff, 0xf8, 0xfc, 0xf8, 0xff,
    0xf8, 0xfc, 0xf8, 0xff, 0xf8, 0xfc, 0xf8, 0xff, 0xf8, 0xfc, 0xf8, 0xff,
    0xf8, 0xfc, 0xf8, 0xff, 0xf8, 0xfc, 0xf8, 0xff, 0xf8, 0xfc, 0xf8, 0xff,
    0xf8, 0xfc, 0xf8, 0xff, 0xf8, 0xfc, 0xf8, 0xff, 0xf8, 0xfc, 0xf8, 0xff,
    0xf8, 0xfc, 0xf8, 0xff, 0xf8, 0xfc, 0xf8, 0xff, 0xf8, 0xfc, 0xf8, 0xff,
    0xf8, 0xfc, 0xf8, 0xff, 0xf8, 0xfc, 0xf8, 0xff, 0xf8, 0xfc, 0xf8, 0xff,
    0xf8, 0xfc, 0xf8, 0xff, 0xf8, 0xfc, 0xf8, 0xff, 0xf8, 0xfc, 0xf8, 0xff,
    0xf8, 0xfc, 0xf8, 0xff, 0xf8, 0xfc, 0xf8, 0xff, 0xf8, 0xfc, 0xf8, 0xff,
    0xf8, 0xfc, 0xf8, 0xff, 0xf8, 0xfc, 0xf8, 0xff, 0x80, 0xa0, 0x68, 0xff,
    0x60, 0x7c, 0x30, 0xff, 0x58, 0x80, 0x38, 0xff, 0x60, 0x80, 0x30, 0xff,
    0x60, 0x80, 0x38, 0xff, 0x58, 0x80, 0x38, 0xff, 0x58, 0x7c, 0x38, 0xff,
    0x58, 0x78, 0x38, 0xff, 0x38, 0x48, 0x20, 0xff, 0x40, 0x54, 0x20, 0xff,
    0x48, 0x64, 0x28, 0xff, 0x50, 0x70, 0x30, 0xff, 0x58, 0x78, 0x30, 0xff,
    0x58, 0x7c, 0x30, 0xff, 0x60, 0x80, 0x38, 0xff, 0x58, 0x80, 0x30, 0xff,
    0x60, 0x7c, 0x30, 0xff, 0x60, 0x80, 0x38, 0xff, 0x58, 0x80, 0x30, 0xff,
    0x58, 0x80, 0x30, 0xff, 0x60, 0x7c, 0x38, 0xff, 0x60, 0x80, 0x30, 0xff,
    0x58, 0x80, 0x30, 0xff, 0x60, 0x80, 0x38, 0xff, 0x58, 0x7c, 0x30, 0xff,
    0x58, 0x80, 0x30, 0xff, 0x60, 0x80, 0x38, 0xff, 0x58, 0x80, 0x30, 0xff,
    0x58, 0x80, 0x30, 0xff, 0x60, 0x80, 0x30, 0xff, 0x60, 0x7c, 0x38, 0xff,
    0x58, 0x80, 0x30, 0xff, 0x60, 0x80, 0x30, 0xff, 0x58, 0x80, 0x38, 0xff,
    0x58, 0x80, 0x30, 0xff, 0x60, 0x7c, 0x30, 0xff, 0x58, 0x80, 0x38, 0xff,
    0x58, 0x80, 0x30, 0xff, 0x60, 0x7c, 0x30, 0xff, 0x58, 0x80, 0x38, 0xff,
    0x60, 0x80, 0x30, 0xff, 0x60, 0x80, 0x30, 0xff, 0x58, 0x7c, 0x38, 0xff,
    0x58, 0x80, 0x30, 0xff, 0x60, 0x80, 0x30, 0xff, 0x58, 0x80, 0x38, 0xff,
    0x58, 0x7c, 0x30, 0xff, 0x60, 0x80, 0x38, 0xff, 0x58, 0x80, 0x38, 0xff,
    0x60, 0x7c, 0x30, 0xff, 0x60, 0x80, 0x30, 0xff, 0x58, 0x80, 0x38, 0xff,
    0x60, 0x80, 0x30, 0xff, 0x58, 0x80, 0x38, 0xff, 0xf8, 0xfc, 0xf8, 0xff,
    0xf8, 0xfc, 0xf8, 0xff, 0xf8, 0xfc, 0xf8, 0xff, 0xf8, 0xfc, 0xf8, 0xff,
    0xf8, 0xfc, 0xf8, 0xff, 0xf8, 0xfc, 0xf8, 0xff, 0xf8, 0xfc, 0xf8, 0xff,
    0xf8, 0xfc, 0xf8, 0xff, 0xf8, 0xfc, 0xf8, 0xff, 0xf8, 0xfc, 0xf8, 0xff,
    0xf8, 0xfc, 0xf8, 0xff, 0xf8, 0xfc, 0xf8, 0xff, 0xf8, 0xfc, 0xf8, 0xff,
    0xf8, 0xfc, 0xf8, 0xff, 0xf8, 0xfc, 0xf8, 0xff, 0xf8, 0xfc, 0xf8, 0xff,
    0xf8, 0xfc, 0xf8, 0xff, 0xf8, 0xfc, 0xf8, 0xff, 0xf8, 0xfc, 0xf8, 0xff,
    0xf8, 0xfc, 0xf8, 0xff, 0xf8, 0xfc, 0xf8, 0xff, 0xf8, 0xfc, 0xf8, 0xff,
    0xf8, 0xfc, 0xf8, 0xff, 0xf8, 0xfc, 0xf8, 0xff, 0xf8, 0xfc, 0xf8, 0xff,
    0xf8, 0xfc, 0xf8, 0xff, 0xf8, 0xfc, 0xf8, 0xff, 0xf8, 0xfc, 0xf8, 0xff,
    0xf8, 0xfc, 0xf8, 0xff, 0xf8, 0xfc, 0xf8, 0xff, 0xf8, 0xfc, 0xf8, 0xff,
    0xf8, 0xfc, 0xf8, 0xff, 0xf8, 0xfc, 0xf8, 0xff, 0xf8, 0xfc, 0xf8, 0xff,
    0xf8, 0xfc, 0xf8, 0xff, 0xf8, 0xfc, 0xf8, 0xff, 0xf8, 0xfc, 0xf8, 0xff,
    0x88, 0xa0, 0x68, 0xff, 0x58, 0x80, 0x30, 0xff, 0x58, 0x7c, 0x30, 0xff,
    0x60, 0x80, 0x38, 0xff, 0x60, 0x80, 0x30, 0xff, 0x58, 0x80, 0x38, 0xff,
    0x60, 0x7c, 0x38, 0xff, 0x58, 0x74, 0x38, 0xff, 0x38, 0x48, 0x20, 0xff,
    0x40, 0x58, 0x28, 0xff, 0x48, 0x64, 0x28, 0xff, 0x50, 0x70, 0x30, 0xff,
    0x50, 0x78, 0x30, 0xff, 0x58, 0x7c, 0x30, 0xff, 0x60, 0x80, 0x38, 0xff,
    0x58, 0x80, 0x30, 0xff, 0x58, 0x80, 0x30, 0xff, 0x60, 0x80, 0x38, 0xff,
    0x60, 0x80, 0x30, 0xff, 0x58, 0x80, 0x38, 0xff, 0x58, 0x80, 0x30, 0xff,
    0x60, 0x7c, 0x30, 0xff, 0x58, 0x80, 0x38, 0xff, 0x60, 0x80, 0x38, 0xff,
    0x60, 0x80, 0x30, 0xff, 0x58, 0x7c, 0x30, 0xff, 0x60, 0x80, 0x38, 0xff,
    0x60, 0x7c, 0x38, 0xff, 0x58, 0x80, 0x30, 0xff, 0x60, 0x80, 0x30, 0xff,
    0x58, 0x80, 0x38, 0xff, 0x60, 0x7c, 0x30, 0xff, 0x60, 0x80, 0x38, 0xff,
    0x58, 0x80, 0x30, 0xff, 0x60, 0x80, 0x30, 0xff, 0x60, 0x80, 0x38, 0xff,
    0x58, 0x7c, 0x30, 0xff, 0x60, 0x80, 0x38, 0xff, 0x58, 0x80, 0x30, 0xff,
    0x58, 0x7c, 0x38, 0xff, 0x60, 0x80, 0x30, 0xff, 0x60, 0x80, 0x38, 0xff,
    0x58, 0x7c, 0x30, 0xff, 0x60, 0x80, 0x30, 0xff, 0x60, 0x80, 0x38, 0xff,
    0x58, 0x80, 0x30, 0xff, 0x60, 0x7c, 0x30, 0xff, 0x58, 0x80, 0x30, 0xff,
    0x58, 0x80, 0x38, 0xff, 0x58, 0x7c, 0x30, 0xff, 0x60, 0x80, 0x30, 0xff,
    0x58, 0x80, 0x38, 0xff, 0x60, 0x7c, 0x30, 0xff, 0x60, 0x80, 0x30, 0xff,
    0xf8, 0xfc, 0xf8, 0xff, 0xf8, 0xfc, 0xf8, 0xff, 0xf8, 0xfc, 0xf8, 0xff,
    0xf8, 0xfc, 0xf8, 0xff, 0xf8, 0xfc, 0xf8, 0xff, 0xf8, 0xfc, 0xf8, 0xff,
    0xf8, 0xfc, 0xf8, 0xff, 0xf8, 0xfc, 0xf8, 0xff, 0xf8, 0xfc, 0xf8, 0xff,
    0xf8, 0xfc, 0xf8, 0xff, 0xf8, 0xfc, 0xf8, 0xff, 0xf8, 0xfc, 0xf8, 0xff,
    0xf8, 0xfc, 0xf8, 0xff, 0xf8, 0xfc, 0xf8, 0xff, 0xf8, 0xfc, 0xf8, 0xff,
    0xf8, 0xfc, 0xf8, 0xff, 0xf8, 0xfc, 0xf8, 0xff, 0xf8, 0xfc, 0xf8, 0xff,
    0xf8, 0xfc, 0xf8, 0xff, 0xf8, 0xfc, 0xf8, 0xff, 0xf8, 0xfc, 0xf8, 0xff,
    0xf8, 0xfc, 0xf8, 0xff, 0xf8, 0xfc, 0xf8, 0xff, 0xf8, 0xfc, 0xf8, 0xff,
    0xf8, 0xfc, 0xf8, 0xff, 0xf8, 0xfc, 0xf8, 0xff, 0xf8, 0xfc, 0xf8, 0xff,
    0xf8, 0xfc, 0xf8, 0xff, 0xf8, 0xfc, 0xf8, 0xff, 0xf8, 0xfc, 0xf8, 0xff,
    0xf8, 0xfc, 0xf8, 0xff, 0xf8, 0xfc, 0xf8, 0xff, 0xf8, 0xfc, 0xf8, 0xff,
    0xf8, 0xfc, 0xf8, 0xff, 0xf8, 0xfc, 0xf8, 0xff, 0xf8, 0xfc, 0xf8, 0xff,
    0xf8, 0xfc, 0xf8, 0xff, 0x88, 0xa0, 0x68, 0xff, 0x58, 0x80, 0x30, 0xff,
    0x60, 0x80, 0x30, 0xff, 0x58, 0x7c, 0x38, 0xff, 0x60, 0x80, 0x30, 0xff,
    0x58, 0x80, 0x30, 0xff, 0x60, 0x7c, 0x38, 0xff, 0x58, 0x78, 0x38, 0xff,
    0x30, 0x48, 0x20, 0xff, 0x40, 0x54, 0x20, 0xff, 0x48, 0x64, 0x28, 0xff,
    0x50, 0x6c, 0x28, 0xff, 0x58, 0x78, 0x30, 0xff, 0x58, 0x7c, 0x30, 0xff,
    0x60, 0x80, 0x30, 0xff, 0x58, 0x7c, 0x38, 0xff, 0x58, 0x80, 0x30, 0xff,
    0x60, 0x7c, 0x30, 0xff, 0x60, 0x7c, 0x38, 0xff, 0x58, 0x80, 0x30, 0xff,
    0x60, 0x80, 0x30, 0xff, 0x58, 0x80, 0x38, 0xff, 0x58, 0x7c, 0x30, 0xff,
    0x60, 0x80, 0x30, 0xff, 0x58, 0x80, 0x38, 0xff, 0x58, 0x80, 0x30, 0xff,
    0x60, 0x7c, 0x30, 0xff, 0x58, 0x80, 0x38, 0xff, 0x60, 0x80, 0x30, 0xff,
    0x58, 0x7c, 0x30, 0xff, 0x58, 0x80, 0x38, 0xff, 0x60, 0x80, 0x30, 0xff,
    0x58, 0x7c, 0x30, 0xff, 0x58, 0x80, 0x38, 0xff, 0x60, 0x80, 0x30, 0xff,
    0x58, 0x80, 0x30, 0xff, 0x60, 0x80, 0x38, 0xff, 0x60, 0x80, 0x30, 0xff,
    0x58, 0x80, 0x30, 0xff, 0x60, 0x7c, 0x30, 0xff, 0x58, 0x80, 0x38, 0xff,
    0x58, 0x80, 0x30, 0xff, 0x60, 0x80, 0x30, 0xff, 0x58, 0x7c, 0x38, 0xff,
    0x58, 0x80, 0x38, 0xff, 0x60, 0x80, 0x30, 0xff, 0x60, 0x80, 0x30, 0xff,
    0x60, 0x80, 0x38, 0xff, 0x58, 0x80, 0x30, 0xff, 0x60, 0x80, 0x30, 0xff,
    0x58, 0x80, 0x38, 0xff, 0x58, 0x7c, 0x30, 0xff, 0x60, 0x80, 0x38, 0xff,
    0x58, 0x80, 0x30, 0xff, 0xf8, 0xfc, 0xf8, 0xff, 0xf8, 0xfc, 0xf8, 0xff,
    0xf8, 0xfc, 0xf8, 0xff, 0xf8, 0xfc, 0xf8, 0xff, 0xf8, 0xfc, 0xf8, 0xff,
    0xf8, 0xfc, 0xf8, 0xff, 0xf8, 0xfc, 0xf8, 0xff, 0xf8, 0xfc, 0xf8, 0xff,
    0xf8, 0xfc, 0xf8, 0xff, 0xf8, 0xfc, 0xf8, 0xff, 0xf8, 0xfc, 0xf8, 0xff,
    0xf8, 0xfc, 0xf8, 0xff, 0xf8, 0xfc, 0xf8, 0xff, 0xf8, 0xfc, 0xf8, 0xff,
    0xf8, 0xfc, 0xf8, 0xff, 0xf8, 0xfc, 0xf8, 0xff, 0xf8, 0xfc, 0xf8, 0xff,
    0xf8, 0xfc, 0xf8, 0xff, 0xf8, 0xfc, 0xf8, 0xff, 0xf8, 0xfc, 0xf8, 0xff,
    0xf8, 0xfc, 0xf8, 0xff, 0xf8, 0xfc, 0xf8, 0xff, 0xf8, 0xfc, 0xf8, 0xff,
    0xf8, 0xfc, 0xf8, 0xff, 0xf8, 0xfc, 0xf8, 0xff, 0xf8, 0xfc, 0xf8, 0xff,
    0xf8, 0xfc, 0xf8, 0xff, 0xf8, 0xfc, 0xf8, 0xff, 0xf8, 0xfc, 0xf8, 0xff,
    0xf8, 0xfc, 0xf8, 0xff, 0xf8, 0xfc, 0xf8, 0xff, 0xf8, 0xfc, 0xf8, 0xff,
    0xf8, 0xfc, 0xf8, 0xff, 0xf8, 0xfc, 0xf8, 0xff, 0xf8, 0xfc, 0xf8, 0xff,
    0xf8, 0xfc, 0xf8, 0xff, 0xf8, 0xfc, 0xf8, 0xff, 0x80, 0x9c, 0x68, 0xff,
    0x60, 0x80, 0x30, 0xff, 0x58, 0x80, 0x38, 0xff, 0x60, 0x80, 0x30, 0xff,
    0x60, 0x80, 0x38, 0xff, 0x60, 0x7c, 0x38, 0xff, 0x58, 0x7c, 0x38, 0xff,
    0x58, 0x78, 0x38, 0xff, 0x38, 0x48, 0x20, 0xff, 0x40, 0x58, 0x28, 0xff,
    0x48, 0x64, 0x28, 0xff, 0x50, 0x70, 0x30, 0xff, 0x58, 0x78, 0x30, 0xff,
    0x58, 0x7c, 0x30, 0xff, 0x60, 0x80, 0x38, 0xff, 0x60, 0x80, 0x30, 0xff,
    0x58, 0x80, 0x30, 0xff, 0x58, 0x80, 0x38, 0xff, 0x60, 0x80, 0x30, 0xff,
    0x58, 0x7c, 0x30, 0xff, 0x60, 0x80, 0x38, 0xff, 0x60, 0x80, 0x30, 0xff,
    0x58, 0x80, 0x30, 0xff, 0x60, 0x7c, 0x30, 0xff, 0x60, 0x80, 0x38, 0xff,
    0x58, 0x80, 0x30, 0xff, 0x60, 0x80, 0x30, 0xff, 0x58, 0x80, 0x38, 0xff,
    0x60, 0x80, 0x30, 0xff, 0x60, 0x80, 0x30, 0xff, 0x58, 0x80, 0x38, 0xff,
    0x60, 0x80, 0x30, 0xff, 0x58, 0x80, 0x30, 0xff, 0x60, 0x7c, 0x38, 0xff,
    0x58, 0x7c, 0x30, 0xff, 0x58, 0x80, 0x30, 0xff, 0x60, 0x7c, 0x38, 0xff,
    0x58, 0x80, 0x30, 0xff, 0x60, 0x80, 0x38, 0xff, 0x60, 0x80, 0x30, 0xff,
    0x58, 0x7c, 0x38, 0xff, 0x60, 0x80, 0x30, 0xff, 0x60, 0x80, 0x30, 0xff,
    0x58, 0x80, 0x38, 0xff, 0x58, 0x7c, 0x30, 0xff, 0x60, 0x80, 0x30, 0xff,
    0x58, 0x7c, 0x38, 0xff, 0x58, 0x80, 0x38, 0xff, 0x60, 0x7c, 0x30, 0xff,
    0x60, 0x80, 0x30, 0xff, 0x58, 0x80, 0x38, 0xff, 0x60, 0x80, 0x30, 0xff,
    0x58, 0x80, 0x30, 0xff, 0x60, 0x7c, 0x38, 0xff, 0xf8, 0xfc, 0xf8, 0xff,
    0xf8, 0xfc, 0xf8, 0xff, 0xf8, 0xfc, 0xf8, 0xff, 0xf8, 0xfc, 0xf8, 0xff,
    0xf8, 0xfc, 0xf8, 0xff, 0xf8, 0xfc, 0xf8, 0xff, 0xf8, 0xfc, 0xf8, 0xff,
    0xf8, 0xfc, 0xf8, 0xff, 0xf8, 0xfc, 0xf8, 0xff, 0xf8, 0xfc, 0xf8, 0xff,
    0xf8, 0xfc, 0xf8, 0xff, 0xf8, 0xfc, 0xf8, 0xff, 0xf8, 0xfc, 0xf8, 0xff,
    0xf8, 0xfc, 0xf8, 0xff, 0xf8, 0xfc, 0xf8, 0xff, 0xf8, 0xfc, 0xf8, 0xff,
    0xf8, 0xfc, 0xf8, 0xff, 0xf8, 0xfc, 0xf8, 0xff, 0xf8, 0xfc, 0xf8, 0xff,
    0xf8, 0xfc, 0xf8, 0xff, 0xf8, 0xfc, 0xf8, 0xff, 0xf8, 0xfc, 0xf8, 0xff,
    0xf8, 0xfc, 0xf8, 0xff, 0xf8, 0xfc, 0xf8, 0xff, 0xf8, 0xfc, 0xf8, 0xff,
    0xf8, 0xfc, 0xf8, 0xff, 0xf8, 0xfc, 0xf8, 0xff, 0xf8, 0xfc, 0xf8, 0xff,
    0xf8, 0xfc, 0xf8, 0xff, 0xf8, 0xfc, 0xf8, 0xff, 0xf8, 0xfc, 0xf8, 0xff,
    0xf8, 0xfc, 0xf8, 0xff, 0xf8, 0xfc, 0xf8, 0xff, 0xf8, 0xfc, 0xf8, 0xff,
    0xf8, 0xfc, 0xf8, 0xff, 0xf8, 0xfc, 0xf8, 0xff, 0xf8, 0xfc, 0xf8, 0xff,
    0x80, 0xa0, 0x68, 0xff, 0x60, 0x7c, 0x30, 0xff, 0x58, 0x80, 0x30, 0xff,
    0x58, 0x80, 0x30, 0xff, 0x60, 0x80, 0x38, 0xff, 0x58, 0x80, 0x30, 0xff,
    0x58, 0x7c, 0x38, 0xff, 0x58, 0x78, 0x38, 0xff, 0x38, 0x48, 0x20, 0xff,
    0x40, 0x54, 0x20, 0xff, 0x48, 0x64, 0x28, 0xff, 0x50, 0x70, 0x30, 0xff,
    0x58, 0x78, 0x30, 0xff, 0x58, 0x7c, 0x30, 0xff, 0x58, 0x80, 0x30, 0xff,
    0x60, 0x7c, 0x38, 0xff, 0x60, 0x80, 0x30, 0xff, 0x58, 0x80, 0x38, 0xff,
    0x58, 0x80, 0x30, 0xff, 0x60, 0x80, 0x38, 0xff, 0x58, 0x7c, 0x30, 0xff,
    0x60, 0x80, 0x38, 0xff, 0x58, 0x80, 0x38, 0xff, 0x58, 0x80, 0x30, 0xff,
    0x60, 0x7c, 0x30, 0xff, 0x60, 0x80, 0x38, 0xff, 0x58, 0x80, 0x30, 0xff,
    0x58, 0x7c, 0x30, 0xff, 0x60, 0x80, 0x38, 0xff, 0x58, 0x7c, 0x30, 0xff,
    0x60, 0x80, 0x38, 0xff, 0x58, 0x80, 0x30, 0xff, 0x60, 0x80, 0x38, 0xff,
    0x60, 0x80, 0x30, 0xff, 0x58, 0x80, 0x38, 0xff, 0x60, 0x80, 0x38, 0xff,
    0x58, 0x7c, 0x30, 0xff, 0x58, 0x80, 0x30, 0xff, 0x60, 0x80, 0x38, 0xff,
    0x58, 0x80, 0x30, 0xff, 0x58, 0x80, 0x30, 0xff, 0x60, 0x7c, 0x38, 0xff,
    0x58, 0x80, 0x30, 0xff, 0x60, 0x80, 0x30, 0xff, 0x60, 0x80, 0x38, 0xff,
    0x58, 0x80, 0x30, 0xff, 0x60, 0x80, 0x30, 0xff, 0x58, 0x7c, 0x30, 0xff,
    0x60, 0x80, 0x38, 0xff, 0x58, 0x80, 0x30, 0xff, 0x60, 0x7c, 0x30, 0xff,
    0x60, 0x80, 0x38, 0xff, 0x58, 0x80, 0x30, 0xff, 0x58, 0x80, 0x30, 0xff,
    0xf8, 0xfc, 0xf8, 0xff, 0xf8, 0xfc, 0xf8, 0xff, 0xf8, 0xfc, 0xf8, 0xff,
    0xf8, 0xfc, 0xf8, 0xff, 0xf8, 0xfc, 0xf8, 0xff, 0xf8, 0xfc, 0xf8, 0xff,
    0xf8, 0xfc, 0xf8, 0xff, 0xf8, 0xfc, 0xf8, 0xff, 0xf8, 0xfc, 0xf8, 0xff,
    0xf8, 0xfc, 0xf8, 0xff, 0xf8, 0xfc, 0xf8, 0xff, 0xf8, 0xfc, 0xf8, 0xff,
    0xf8, 0xfc, 0xf8, 0xff, 0xf8, 0xfc, 0xf8, 0xff, 0xf8, 0xfc, 0xf8, 0xff,
    0xf8, 0xfc, 0xf8, 0xff, 0xf8, 0xfc, 0xf8, 0xff, 0xf8, 0xfc, 0xf8, 0xff,
    0xf8, 0xfc, 0xf8, 0xff, 0xf8, 0xfc, 0xf8, 0xff, 0xf8, 0xfc, 0xf8, 0xff,
    0xf8, 0xfc, 0xf8, 0xff, 0xf8, 0xfc, 0xf8, 0xff, 0xf8, 0xfc, 0xf8, 0xff,
    0xf8, 0xfc, 0xf8, 0xff, 0xf8, 0xfc, 0xf8, 0xff, 0xf8, 0xfc, 0xf8, 0xff,
    0xf8, 0xfc, 0xf8, 0xff, 0xf8, 0xfc, 0xf8, 0xff, 0xf8, 0xfc, 0xf8, 0xff,
    0xf8, 0xfc, 0xf8, 0xff, 0xf8, 0xfc, 0xf8, 0xff, 0xf8, 0xfc, 0xf8, 0xff,
    0xf8, 0xfc, 0xf8, 0xff, 0xf8, 0xfc, 0xf8, 0xff, 0xf8, 0xfc, 0xf8, 0xff,
    0xf8, 0xfc, 0xf8, 0xff, 0x88, 0xa0, 0x68, 0xff, 0x58, 0x80, 0x38, 0xff,
    0x60, 0x7c, 0x30, 0xff, 0x58, 0x80, 0x38, 0xff, 0x60, 0x80, 0x30, 0xff,
    0x60, 0x80, 0x38, 0xff, 0x60, 0x7c, 0x38, 0xff, 0x58, 0x74, 0x38, 0xff,
    0x38, 0x48, 0x20, 0xff, 0x40, 0x54, 0x20, 0xff, 0x48, 0x64, 0x28, 0xff,
    0x50, 0x70, 0x30, 0xff, 0x58, 0x78, 0x30, 0xff, 0x58, 0x7c, 0x30, 0xff,
    0x58, 0x80, 0x38, 0xff, 0x58, 0x80, 0x30, 0xff, 0x60, 0x7c, 0x30, 0xff,
    0x60, 0x80, 0x30, 0xff, 0x58, 0x80, 0x38, 0xff, 0x60, 0x80, 0x30, 0xff,
    0x58, 0x80, 0x30, 0xff, 0x60, 0x7c, 0x30, 0xff, 0x60, 0x80, 0x38, 0xff,
    0x58, 0x80, 0x30, 0xff, 0x58, 0x80, 0x30, 0xff, 0x60, 0x7c, 0x38, 0xff,
    0x58, 0x80, 0x30, 0xff, 0x60, 0x80, 0x38, 0xff, 0x58, 0x7c, 0x30, 0xff,
    0x58, 0x80, 0x30, 0xff, 0x60, 0x7c, 0x30, 0xff, 0x58, 0x80, 0x38, 0xff,
    0x58, 0x7c, 0x30, 0xff, 0x60, 0x80, 0x30, 0xff, 0x60, 0x80, 0x30, 0xff,
    0x58, 0x80, 0x38, 0xff, 0x60, 0x80, 0x30, 0xff, 0x60, 0x7c, 0x30, 0xff,
    0x58, 0x80, 0x38, 0xff, 0x60, 0x80, 0x30, 0xff, 0x60, 0x7c, 0x30, 0xff,
    0x58, 0x80, 0x38, 0xff, 0x58, 0x80, 0x30, 0xff, 0x60, 0x7c, 0x30, 0xff,
    0x58, 0x80, 0x38, 0xff, 0x60, 0x80, 0x38, 0xff, 0x58, 0x80, 0x30, 0xff,
    0x60, 0x80, 0x30, 0xff, 0x58, 0x80, 0x38, 0xff, 0x58, 0x80, 0x30, 0xff,
    0x60, 0x7c, 0x38, 0xff, 0x58, 0x80, 0x30, 0xff, 0x60, 0x80, 0x38, 0xff,
    0x60, 0x7c, 0x30, 0xff, 0xf8, 0xfc, 0xf8, 0xff, 0xf8, 0xfc, 0xf8, 0xff,
    0xf8, 0xfc, 0xf8, 0xff, 0xf8, 0xfc, 0xf8, 0xff, 0xf8, 0xfc, 0xf8, 0xff,
    0xf8, 0xfc, 0xf8, 0xff, 0xf8, 0xfc, 0xf8, 0xff, 0xf8, 0xfc, 0xf8, 0xff,
    0xf8, 0xfc, 0xf8, 0xff, 0xf8, 0xfc, 0xf8, 0xff, 0xf8, 0xfc, 0xf8, 0xff,
    0xf8, 0xfc, 0xf8, 0xff, 0xf8, 0xfc, 0xf8, 0xff, 0xf8, 0xfc, 0xf8, 0xff,
    0xf8, 0xfc, 0xf8, 0xff, 0xf8, 0xfc, 0xf8, 0xff, 0xf8, 0xfc, 0xf8, 0xff,
    0xf8, 0xfc, 0xf8, 0xff, 0xf8, 0xfc, 0xf8, 0xff, 0xf8, 0xfc, 0xf8, 0xff,
    0xf8, 0xfc, 0xf8, 0xff, 0xf8, 0xfc, 0xf8, 0xff, 0xf8, 0xfc, 0xf8, 0xff,
    0xf8, 0xfc, 0xf8, 0xff, 0xf8, 0xfc, 0xf8, 0xff, 0xf8, 0xfc, 0xf8, 0xff,
    0xf8, 0xfc, 0xf8, 0xff, 0xf8, 0xfc, 0xf8, 0xff, 0xf8, 0xfc, 0xf8, 0xff,
    0xf8, 0xfc, 0xf8, 0xff, 0xf8, 0xfc, 0xf8, 0xff, 0xf8, 0xfc, 0xf8, 0xff,
    0xf8, 0xfc, 0xf8, 0xff, 0xf8, 0xfc, 0xf8, 0xff, 0xf8, 0xfc, 0xf8, 0xff,
    0xf8, 0xfc, 0xf8, 0xff, 0xf8, 0xfc, 0xf8, 0xff, 0x80, 0xa0, 0x68, 0xff,
    0x60, 0x80, 0x30, 0xff, 0x60, 0x80, 0x30, 0xff, 0x58, 0x7c, 0x38, 0xff,
    0x60, 0x80, 0x30, 0xff, 0x58, 0x80, 0x38, 0xff, 0x58, 0x7c, 0x38, 0xff,
    0x58, 0x78, 0x38, 0xff, 0x38, 0x48, 0x20, 0xff, 0x40, 0x58, 0x28, 0xff,
    0x48, 0x64, 0x28, 0xff, 0x50, 0x6c, 0x30, 0xff, 0x58, 0x78, 0x30, 0xff,
    0x58, 0x7c, 0x30, 0xff, 0x60, 0x80, 0x30, 0xff, 0x58, 0x80, 0x38, 0xff,
    0x58, 0x7c, 0x30, 0xff, 0x60, 0x80, 0x38, 0xff, 0x60, 0x7c, 0x30, 0xff,
    0x58, 0x80, 0x30, 0xff, 0x58, 0x80, 0x38, 0xff, 0x60, 0x80, 0x30, 0xff,
    0x60, 0x7c, 0x30, 0xff, 0x58, 0x80, 0x38, 0xff, 0x60, 0x80, 0x30, 0xff,
    0x58, 0x80, 0x30, 0xff, 0x60, 0x80, 0x38, 0xff, 0x60, 0x80, 0x30, 0xff,
    0x58, 0x80, 0x38, 0xff, 0x60, 0x80, 0x30, 0xff, 0x60, 0x80, 0x38, 0xff,
    0x58, 0x80, 0x30, 0xff, 0x60, 0x80, 0x30, 0xff, 0x58, 0x7c, 0x38, 0xff,
    0x58, 0x80, 0x30, 0xff, 0x60, 0x80, 0x30, 0xff, 0x58, 0x7c, 0x38, 0xff,
    0x60, 0x80, 0x30, 0xff, 0x58, 0x80, 0x30, 0xff, 0x58, 0x7c, 0x38, 0xff,
    0x60, 0x80, 0x30, 0xff, 0x60, 0x80, 0x38, 0xff, 0x58, 0x80, 0x30, 0xff,
    0x60, 0x7c, 0x30, 0xff, 0x58, 0x80, 0x38, 0xff, 0x58, 0x7c, 0x30, 0xff,
    0x60, 0x7c, 0x30, 0xff, 0x60, 0x80, 0x38, 0xff, 0x58, 0x80, 0x30, 0xff,
    0x60, 0x7c, 0x30, 0xff, 0x58, 0x80, 0x38, 0xff, 0x58, 0x80, 0x30, 0xff,
    0x60, 0x80, 0x30, 0xff, 0x58, 0x7c, 0x38, 0xff, 0xf8, 0xfc, 0xf8, 0xff,
    0xf8, 0xfc, 0xf8, 0xff, 0xf8, 0xfc, 0xf8, 0xff, 0xf8, 0xfc, 0xf8, 0xff,
    0xf8, 0xfc, 0xf8, 0xff, 0xf8, 0xfc, 0xf8, 0xff, 0xf8, 0xfc, 0xf8, 0xff,
    0xf8, 0xfc, 0xf8, 0xff, 0xf8, 0xfc, 0xf8, 0xff, 0xf8, 0xfc, 0xf8, 0xff,
    0xf8, 0xfc, 0xf8, 0xff, 0xf8, 0xfc, 0xf8, 0xff, 0xf8, 0xfc, 0xf8, 0xff,
    0xf8, 0xfc, 0xf8, 0xff, 0xf8, 0xfc, 0xf8, 0xff, 0xf8, 0xfc, 0xf8, 0xff,
    0xf8, 0xfc, 0xf8, 0xff, 0xf8, 0xfc, 0xf8, 0xff, 0xf8, 0xfc, 0xf8, 0xff,
    0xf8, 0xfc, 0xf8, 0xff, 0xf8, 0xfc, 0xf8, 0xff, 0xf8, 0xfc, 0xf8, 0xff,
    0xf8, 0xfc, 0xf8, 0xff, 0xf8, 0xfc, 0xf8, 0xff, 0xf8, 0xfc, 0xf8, 0xff,
    0xf8, 0xfc, 0xf8, 0xff, 0xf8, 0xfc, 0xf8, 0xff, 0xf8, 0xfc, 0xf8, 0xff,
    0xf8, 0xfc, 0xf8, 0xff, 0xf8, 0xfc, 0xf8, 0xff, 0xf8, 0xfc, 0xf8, 0xff,
    0xf8, 0xfc, 0xf8, 0xff, 0xf8, 0xfc, 0xf8, 0xff, 0xf8, 0xfc, 0xf8, 0xff,
    0xf8, 0xfc, 0xf8, 0xff, 0xf8, 0xfc, 0xf8, 0xff, 0xf8, 0xfc, 0xf8, 0xff,
    0x80, 0x9c, 0x68, 0xff, 0x60, 0x80, 0x30, 0xff, 0x58, 0x80, 0x30, 0xff,
    0x58, 0x80, 0x30, 0xff, 0x60, 0x80, 0x38, 0xff, 0x60, 0x80, 0x30, 0xff,
    0x58, 0x7c, 0x38, 0xff, 0x58, 0x78, 0x38, 0xff, 0x30, 0x48, 0x20, 0xff,
    0x40, 0x58, 0x20, 0xff, 0x48, 0x64, 0x28, 0xff, 0x50, 0x70, 0x30, 0xff,
    0x58, 0x74, 0x30, 0xff, 0x58, 0x7c, 0x30, 0xff, 0x60, 0x80, 0x30, 0xff,
    0x60, 0x80, 0x38, 0xff, 0x58, 0x80, 0x30, 0xff, 0x58, 0x80, 0x30, 0xff,
    0x60, 0x80, 0x38, 0xff, 0x58, 0x7c, 0x38, 0xff, 0x60, 0x80, 0x30, 0xff,
    0x58, 0x80, 0x38, 0xff, 0x58, 0x80, 0x30, 0xff, 0x60, 0x7c, 0x38, 0xff,
    0x58, 0x80, 0x30, 0xff, 0x60, 0x7c, 0x38, 0xff, 0x58, 0x80, 0x30, 0xff,
    0x58, 0x7c, 0x30, 0xff, 0x60, 0x80, 0x38, 0xff, 0x58, 0x80, 0x30, 0xff,
    0x60, 0x7c, 0x30, 0xff, 0x60, 0x80, 0x38, 0xff, 0x58, 0x80, 0x30, 0xff,
    0x60, 0x7c, 0x38, 0xff, 0x58, 0x80, 0x30, 0xff, 0x60, 0x80, 0x30, 0xff,
    0x58, 0x80, 0x38, 0xff, 0x58, 0x80, 0x30, 0xff, 0x60, 0x80, 0x38, 0xff,
    0x58, 0x80, 0x30, 0xff, 0x58, 0x80, 0x30, 0xff, 0x60, 0x80, 0x38, 0xff,
    0x60, 0x7c, 0x30, 0xff, 0x58, 0x80, 0x38, 0xff, 0x60, 0x80, 0x30, 0xff,
    0x58, 0x80, 0x30, 0xff, 0x60, 0x80, 0x38, 0xff, 0x58, 0x80, 0x30, 0xff,
    0x60, 0x7c, 0x30, 0xff, 0x60, 0x80, 0x38, 0xff, 0x58, 0x80, 0x30, 0xff,
    0x60, 0x80, 0x30, 0xff, 0x60, 0x80, 0x38, 0xff, 0x58, 0x80, 0x30, 0xff,
    0xf8, 0xfc, 0xf8, 0xff, 0xf8, 0xfc, 0xf8, 0xff, 0xf8, 0xfc, 0xf8, 0xff,
    0xf8, 0xfc, 0xf8, 0xff, 0xf8, 0xfc, 0xf8, 0xff, 0xf8, 0xfc, 0xf8, 0xff,
    0xf8, 0xfc, 0xf8, 0xff, 0xf8, 0xfc, 0xf8, 0xff, 0xf8, 0xfc, 0xf8, 0xff,
    0xf8, 0xfc, 0xf8, 0xff, 0xf8, 0xfc, 0xf8, 0xff, 0xf8, 0xfc, 0xf8, 0xff,
    0xf8, 0xfc, 0xf8, 0xff, 0xf8, 0xfc, 0xf8, 0xff, 0xf8, 0xfc, 0xf8, 0xff,
    0xf8, 0xfc, 0xf8, 0xff, 0xf8, 0xfc, 0xf8, 0xff, 0xf8, 0xfc, 0xf8, 0xff,
    0xf8, 0xfc, 0xf8, 0xff, 0xf8, 0xfc, 0xf8, 0xff, 0xf8, 0xfc, 0xf8, 0xff,
    0xf8, 0xfc, 0xf8, 0xff, 0xf8, 0xfc, 0xf8, 0xff, 0xf8, 0xfc, 0xf8, 0xff,
    0xf8, 0xfc, 0xf8, 0xff, 0xf8, 0xfc, 0xf8, 0xff, 0xf8, 0xfc, 0xf8, 0xff,
    0xf8, 0xfc, 0xf8, 0xff, 0xf8, 0xfc, 0xf8, 0xff, 0xf8, 0xfc, 0xf8, 0xff,
    0xf8, 0xfc, 0xf8, 0xff, 0xf8, 0xfc, 0xf8, 0xff, 0xf8, 0xfc, 0xf8, 0xff,
    0xf8, 0xfc, 0xf8, 0xff, 0xf8, 0xfc, 0xf8, 0xff, 0xf8, 0xfc, 0xf8, 0xff,
    0xf8, 0xfc, 0xf8, 0xff, 0x88, 0xa0, 0x68, 0xff, 0x58, 0x7c, 0x30, 0xff,
    0x60, 0x80, 0x38, 0xff, 0x58, 0x80, 0x30, 0xff, 0x60, 0x80, 0x38, 0xff,
    0x60, 0x7c, 0x38, 0xff, 0x60, 0x7c, 0x30, 0xff, 0x58, 0x78, 0x38, 0xff,
    0x38, 0x48, 0x20, 0xff, 0x40, 0x54, 0x20, 0xff, 0x48, 0x64, 0x28, 0xff,
    0x50, 0x70, 0x30, 0xff, 0x50, 0x78, 0x30, 0xff, 0x58, 0x7c, 0x30, 0xff,
    0x58, 0x80, 0x38, 0xff, 0x60, 0x7c, 0x30, 0xff, 0x60, 0x80, 0x30, 0xff,
    0x58, 0x80, 0x38, 0xff, 0x60, 0x80, 0x30, 0xff, 0x60, 0x7c, 0x30, 0xff,
    0x58, 0x80, 0x30, 0xff, 0x60, 0x80, 0x30, 0xff, 0x58, 0x7c, 0x38, 0xff,
    0x60, 0x80, 0x30, 0xff, 0x58, 0x80, 0x30, 0xff, 0x60, 0x80, 0x38, 0xff,
    0x60, 0x80, 0x30, 0xff, 0x58, 0x7c, 0x30, 0xff, 0x60, 0x80, 0x38, 0xff,
    0x58, 0x80, 0x30, 0xff, 0x58, 0x7c, 0x30, 0xff, 0x60, 0x80, 0x38, 0xff,
    0x58, 0x80, 0x30, 0xff, 0x60, 0x80, 0x30, 0xff, 0x60, 0x7c, 0x38, 0xff,
    0x58, 0x80, 0x30, 0xff, 0x60, 0x80, 0x30, 0xff, 0x60, 0x7c, 0x38, 0xff,
    0x60, 0x7c, 0x30, 0xff, 0x60, 0x80, 0x30, 0xff, 0x58, 0x80, 0x38, 0xff,
    0x58, 0x7c, 0x30, 0xff, 0x60, 0x80, 0x30, 0xff, 0x58, 0x80, 0x38, 0xff,
    0x60, 0x80, 0x30, 0xff, 0x60, 0x80, 0x30, 0xff, 0x58, 0x80, 0x38, 0xff,
    0x58, 0x80, 0x30, 0xff, 0x60, 0x80, 0x38, 0xff, 0x58, 0x80, 0x30, 0xff,
    0x58, 0x7c, 0x30, 0xff, 0x60, 0x7c, 0x38, 0xff, 0x58, 0x80, 0x30, 0xff,
    0x60, 0x80, 0x30, 0xff, 0xf8, 0xfc, 0xf8, 0xff, 0xf8, 0xfc, 0xf8, 0xff,
    0xf8, 0xfc, 0xf8, 0xff, 0xf8, 0xfc, 0xf8, 0xff, 0xf8, 0xfc, 0xf8, 0xff,
    0xf8, 0xfc, 0xf8, 0xff, 0xf8, 0xfc, 0xf8, 0xff, 0xf8, 0xfc, 0xf8, 0xff,
    0xf8, 0xfc, 0xf8, 0xff, 0xf8, 0xfc, 0xf8, 0xff, 0xf8, 0xfc, 0xf8, 0xff,
    0xf8, 0xfc, 0xf8, 0xff, 0xf8, 0xfc, 0xf8, 0xff, 0xf8, 0xfc, 0xf8, 0xff,
    0xf8, 0xfc, 0xf8, 0xff, 0xf8, 0xfc, 0xf8, 0xff, 0xf8, 0xfc, 0xf8, 0xff,
    0xf8, 0xfc, 0xf8, 0xff, 0xf8, 0xfc, 0xf8, 0xff, 0xf8, 0xfc, 0xf8, 0xff,
    0xf8, 0xfc, 0xf8, 0xff, 0xf8, 0xfc, 0xf8, 0xff, 0xf8, 0xfc, 0xf8, 0xff,
    0xf8, 0xfc, 0xf8, 0xff, 0xf8, 0xfc, 0xf8, 0xff, 0xf8, 0xfc, 0xf8, 0xff,
    0xf8, 0xfc, 0xf8, 0xff, 0xf8, 0xfc, 0xf8, 0xff, 0xf8, 0xfc, 0xf8, 0xff,
    0xf8, 0xfc, 0xf8, 0xff, 0xf8, 0xfc, 0xf8, 0xff, 0xf8, 0xfc, 0xf8, 0xff,
    0xf8, 0xfc, 0xf8, 0xff, 0xf8, 0xfc, 0xf8, 0xff, 0xf8, 0xfc, 0xf8, 0xff,
    0xf8, 0xfc, 0xf8, 0xff, 0xf8, 0xfc, 0xf8, 0xff, 0x80, 0xa0, 0x68, 0xff,
    0x60, 0x80, 0x30, 0xff, 0x60, 0x7c, 0x30, 0xff, 0x58, 0x80, 0x38, 0xff,
    0x60, 0x80, 0x30, 0xff, 0x58, 0x80, 0x38, 0xff, 0x58, 0x7c, 0x38, 0xff,
    0x58, 0x74, 0x38, 0xff, 0x38, 0x48, 0x20, 0xff, 0x40, 0x58, 0x28, 0xff,
    0x48, 0x64, 0x28, 0xff, 0x50, 0x6c, 0x28, 0xff, 0x58, 0x78, 0x30, 0xff,
    0x58, 0x7c, 0x30, 0xff, 0x58, 0x80, 0x30, 0xff, 0x58, 0x80, 0x38, 0xff,
    0x60, 0x7c, 0x30, 0xff, 0x58, 0x80, 0x38, 0xff, 0x58, 0x80, 0x30, 0xff,
    0x60, 0x80, 0x30, 0xff, 0x58, 0x80, 0x38, 0xff, 0x60, 0x80, 0x30, 0xff,
    0x60, 0x80, 0x38, 0xff, 0x58, 0x80, 0x30, 0xff, 0x58, 0x7c, 0x30, 0xff,
    0x60, 0x80, 0x38, 0xff, 0x58, 0x80, 0x30, 0xff, 0x60, 0x80, 0x38, 0xff,
    0x60, 0x80, 0x30, 0xff, 0x58, 0x80, 0x38, 0xff, 0x60, 0x80, 0x30, 0xff,
    0x58, 0x80, 0x38, 0xff, 0x58, 0x80, 0x30, 0xff, 0x60, 0x80, 0x30, 0xff,
    0x58, 0x80, 0x38, 0xff, 0x58, 0x7c, 0x38, 0xff, 0x60, 0x80, 0x30, 0xff,
    0x58, 0x80, 0x30, 0xff, 0x58, 0x80, 0x38, 0xff, 0x60, 0x80, 0x30, 0xff,
    0x60, 0x7c, 0x38, 0xff, 0x58, 0x80, 0x30, 0xff, 0x58, 0x80, 0x30, 0xff,
    0x60, 0x80, 0x38, 0xff, 0x58, 0x7c, 0x30, 0xff, 0x60, 0x7c, 0x38, 0xff,
    0x58, 0x80, 0x30, 0xff, 0x60, 0x7c, 0x30, 0xff, 0x60, 0x80, 0x38, 0xff,
    0x58, 0x80, 0x30, 0xff, 0x60, 0x80, 0x38, 0xff, 0x58, 0x80, 0x38, 0xff,
    0x58, 0x7c, 0x30, 0xff, 0x60, 0x80, 0x38, 0xff, 0xf8, 0xfc, 0xf8, 0xff,
    0xf8, 0xfc, 0xf8, 0xff, 0xf8, 0xfc, 0xf8, 0xff, 0xf8, 0xfc, 0xf8, 0xff,
    0xf8, 0xfc, 0xf8, 0xff, 0xf8, 0xfc, 0xf8, 0xff, 0xf8, 0xfc, 0xf8, 0xff,
    0xf8, 0xfc, 0xf8, 0xff, 0xf8, 0xfc, 0xf8, 0xff, 0xf8, 0xfc, 0xf8, 0xff,
    0xf8, 0xfc, 0xf8, 0xff, 0xf8, 0xfc, 0xf8, 0xff, 0xf8, 0xfc, 0xf8, 0xff,
    0xf8, 0xfc, 0xf8, 0xff, 0xf8, 0xfc, 0xf8, 0xff, 0xf8, 0xfc, 0xf8, 0xff,
    0xf8, 0xfc, 0xf8, 0xff, 0xf8, 0xfc, 0xf8, 0xff, 0xf8, 0xfc, 0xf8, 0xff,
    0xf8, 0xfc, 0xf8, 0xff, 0xf8, 0xfc, 0xf8, 0xff, 0xf8, 0xfc, 0xf8, 0xff,
    0xf8, 0xfc, 0xf8, 0xff, 0xf8, 0xfc, 0xf8, 0xff, 0xf8, 0xfc, 0xf8, 0xff,
    0xf8, 0xfc, 0xf8, 0xff, 0xf8, 0xfc, 0xf8, 0xff, 0xf8, 0xfc, 0xf8, 0xff,
    0xf8, 0xfc, 0xf8, 0xff, 0xf8, 0xfc, 0xf8, 0xff, 0xf8, 0xfc, 0xf8, 0xff,
    0xf8, 0xfc, 0xf8, 0xff, 0xf8, 0xfc, 0xf8, 0xff, 0xf8, 0xfc, 0xf8, 0xff,
    0xf8, 0xfc, 0xf8, 0xff, 0xf8, 0xfc, 0xf8, 0xff, 0xf8, 0xfc, 0xf8, 0xff,
    0x80, 0xa0, 0x68, 0xff, 0x60, 0x80, 0x30, 0xff, 0x58, 0x80, 0x30, 0xff,
    0x58, 0x7c, 0x38, 0xff, 0x60, 0x80, 0x30, 0xff, 0x60, 0x80, 0x30, 0xff,
    0x58, 0x7c, 0x38, 0xff, 0x58, 0x78, 0x38, 0xff, 0x38, 0x48, 0x20, 0xff,
    0x40, 0x58, 0x20, 0xff, 0x48, 0x64, 0x28, 0xff, 0x50, 0x70, 0x30, 0xff,
    0x58, 0x78, 0x30, 0xff, 0x58, 0x7c, 0x30, 0xff, 0x60, 0x80, 0x30, 0xff,
    0x60, 0x80, 0x38, 0xff, 0x58, 0x80, 0x30, 0xff, 0x60, 0x7c, 0x30, 0xff,
    0x58, 0x80, 0x38, 0xff, 0x58, 0x7c, 0x38, 0xff, 0x60, 0x7c, 0x30, 0xff,
    0x58, 0x80, 0x30, 0xff, 0x60, 0x80, 0x38, 0xff, 0x58, 0x7c, 0x30, 0xff,
    0x60, 0x80, 0x38, 0xff, 0x58, 0x80, 0x30, 0xff, 0x58, 0x7c, 0x30, 0xff,
    0x60, 0x80, 0x30, 0xff, 0x58, 0x7c, 0x38, 0xff, 0x60, 0x80, 0x30, 0xff,
    0x60, 0x7c, 0x30, 0xff, 0x58, 0x7c, 0x38, 0xff, 0x60, 0x80, 0x30, 0xff,
    0x60, 0x80, 0x30, 0xff, 0x58, 0x7c, 0x38, 0xff, 0x60, 0x80, 0x30, 0xff,
    0x58, 0x80, 0x30, 0xff, 0x58, 0x80, 0x38, 0xff, 0x60, 0x80, 0x30, 0xff,
    0x58, 0x80, 0x30, 0xff, 0x60, 0x80, 0x38, 0xff, 0x60, 0x80, 0x30, 0xff,
    0x58, 0x7c, 0x38, 0xff, 0x60, 0x80, 0x30, 0xff, 0x58, 0x80, 0x30, 0xff,
    0x58, 0x80, 0x38, 0xff, 0x60, 0x80, 0x30, 0xff, 0x58, 0x7c, 0x30, 0xff,
    0x58, 0x80, 0x38, 0xff, 0x60, 0x80, 0x30, 0xff, 0x60, 0x80, 0x30, 0xff,
    0x58, 0x80, 0x30, 0xff, 0x60, 0x80, 0x30, 0xff, 0x58, 0x7c, 0x38, 0xff,
    0xf0, 0xf8, 0xf0, 0xff, 0xf8, 0xfc, 0xf8, 0xff, 0xf8, 0xfc, 0xf8, 0xff,
    0xf8, 0xfc, 0xf8, 0xff, 0xf8, 0xfc, 0xf8, 0xff, 0xf8, 0xfc, 0xf8, 0xff,
    0xf8, 0xfc, 0xf8, 0xff, 0xf8, 0xfc, 0xf8, 0xff, 0xf8, 0xfc, 0xf8, 0xff,
    0xf8, 0xfc, 0xf8, 0xff, 0xf8, 0xfc, 0xf8, 0xff, 0xf8, 0xfc, 0xf8, 0xff,
    0xf8, 0xfc, 0xf8, 0xff, 0xf8, 0xfc, 0xf8, 0xff, 0xf8, 0xfc, 0xf8, 0xff,
    0xf8, 0xfc, 0xf8, 0xff, 0xf8, 0xfc, 0xf8, 0xff, 0xf8, 0xfc, 0xf8, 0xff,
    0xf8, 0xfc, 0xf8, 0xff, 0xf8, 0xfc, 0xf8, 0xff, 0xf8, 0xfc, 0xf8, 0xff,
    0xf8, 0xfc, 0xf8, 0xff, 0xf8, 0xfc, 0xf8, 0xff, 0xf8, 0xfc, 0xf8, 0xff,
    0xf8, 0xfc, 0xf8, 0xff, 0xf8, 0xfc, 0xf8, 0xff, 0xf8, 0xfc, 0xf8, 0xff,
    0xf8, 0xfc, 0xf8, 0xff, 0xf8, 0xfc, 0xf8, 0xff, 0xf8, 0xfc, 0xf8, 0xff,
    0xf8, 0xfc, 0xf8, 0xff, 0xf8, 0xfc, 0xf8, 0xff, 0xf8, 0xfc, 0xf8, 0xff,
    0xf8, 0xfc, 0xf8, 0xff, 0xf8, 0xfc, 0xf8, 0xff, 0xf8, 0xfc, 0xf8, 0xff,
    0xf8, 0xfc, 0xf8, 0xff, 0x70, 0x8c, 0x50, 0xff, 0x60, 0x80, 0x30, 0xff,
    0x58, 0x80, 0x38, 0xff, 0x60, 0x80, 0x30, 0xff, 0x60, 0x80, 0x38, 0xff,
    0x60, 0x80, 0x38, 0xff, 0x60, 0x7c, 0x38, 0xff, 0x58, 0x78, 0x38, 0xff,
    0x38, 0x48, 0x20, 0xdf, 0x40, 0x54, 0x20, 0xff, 0x48, 0x64, 0x28, 0xff,
    0x50, 0x70, 0x30, 0xff, 0x58, 0x78, 0x30, 0xff, 0x58, 0x7c, 0x30, 0xff,
    0x58, 0x80, 0x38, 0xff, 0x60, 0x80, 0x30, 0xff, 0x58, 0x7c, 0x30, 0xff,
    0x60, 0x80, 0x30, 0xff, 0x60, 0x80, 0x38, 0xff, 0x58, 0x80, 0x30, 0xff,
    0x60, 0x80, 0x30, 0xff, 0x58, 0x80, 0x38, 0xff, 0x58, 0x7c, 0x30, 0xff,
    0x60, 0x80, 0x30, 0xff, 0x60, 0x80, 0x38, 0xff, 0x58, 0x80, 0x30, 0xff,
    0x60, 0x80, 0x38, 0xff, 0x58, 0x80, 0x30, 0xff, 0x58, 0x80, 0x30, 0xff,
    0x60, 0x80, 0x38, 0xff, 0x58, 0x80, 0x30, 0xff, 0x58, 0x80, 0x30, 0xff,
    0x60, 0x80, 0x38, 0xff, 0x58, 0x7c, 0x30, 0xff, 0x60, 0x80, 0x30, 0xff,
    0x60, 0x80, 0x38, 0xff, 0x58, 0x7c, 0x30, 0xff, 0x60, 0x7c, 0x38, 0xff,
    0x60, 0x80, 0x30, 0xff, 0x58, 0x7c, 0x30, 0xff, 0x58, 0x80, 0x38, 0xff,
    0x60, 0x80, 0x30, 0xff, 0x58, 0x80, 0x30, 0xff, 0x60, 0x7c, 0x38, 0xff,
    0x60, 0x80, 0x30, 0xff, 0x58, 0x80, 0x30, 0xff, 0x60, 0x80, 0x38, 0xff,
    0x60, 0x80, 0x30, 0xff, 0x58, 0x7c, 0x30, 0xff, 0x58, 0x80, 0x38, 0xff,
    0x60, 0x7c, 0x30, 0xff, 0x60, 0x80, 0x30, 0xff, 0x58, 0x80, 0x38, 0xff,
    0x60, 0x80, 0x30, 0xff, 0xe8, 0xec, 0xe8, 0xff, 0xf8, 0xfc, 0xf8, 0xff,
    0xf8, 0xfc, 0xf8, 0xff, 0xf8, 0xfc, 0xf8, 0xff, 0xf8, 0xfc, 0xf8, 0xff,
    0xf8, 0xfc, 0xf8, 0xff, 0xf8, 0xfc, 0xf8, 0xff, 0xf8, 0xfc, 0xf8, 0xff,
    0xf8, 0xfc, 0xf8, 0xff, 0xf8, 0xfc, 0xf8, 0xff, 0xf8, 0xfc, 0xf8, 0xff,
    0xf8, 0xfc, 0xf8, 0xff, 0xf8, 0xfc, 0xf8, 0xff, 0xf8, 0xfc, 0xf8, 0xff,
    0xf8, 0xfc, 0xf8, 0xff, 0xf8, 0xfc, 0xf8, 0xff, 0xf8, 0xfc, 0xf8, 0xff,
    0xf8, 0xfc, 0xf8, 0xff, 0xf8, 0xfc, 0xf8, 0xff, 0xf8, 0xfc, 0xf8, 0xff,
    0xf8, 0xfc, 0xf8, 0xff, 0xf8, 0xfc, 0xf8, 0xff, 0xf8, 0xfc, 0xf8, 0xff,
    0xf8, 0xfc, 0xf8, 0xff, 0xf8, 0xfc, 0xf8, 0xff, 0xf8, 0xfc, 0xf8, 0xff,
    0xf8, 0xfc, 0xf8, 0xff, 0xf8, 0xfc, 0xf8, 0xff, 0xf8, 0xfc, 0xf8, 0xff,
    0xf8, 0xfc, 0xf8, 0xff, 0xf8, 0xfc, 0xf8, 0xff, 0xf8, 0xfc, 0xf8, 0xff,
    0xf8, 0xfc, 0xf8, 0xff, 0xf8, 0xfc, 0xf8, 0xff, 0xf8, 0xfc, 0xf8, 0xff,
    0xf8, 0xfc, 0xf8, 0xff, 0xf8, 0xfc, 0xf8, 0xff, 0x70, 0x90, 0x48, 0xff,
    0x58, 0x7c, 0x38, 0xff, 0x60, 0x80, 0x30, 0xff, 0x58, 0x80, 0x30, 0xff,
    0x58, 0x80, 0x38, 0xff, 0x60, 0x7c, 0x38, 0xff, 0x58, 0x7c, 0x38, 0xff,
    0x58, 0x78, 0x38, 0xdf, 0x38, 0x4c, 0x20, 0xdf, 0x40, 0x54, 0x28, 0xff,
    0x48, 0x64, 0x28, 0xff, 0x50, 0x6c, 0x28, 0xff, 0x58, 0x78, 0x30, 0xff,
    0x58, 0x7c, 0x30, 0xff, 0x58, 0x80, 0x38, 0xff, 0x60, 0x80, 0x30, 0xff,
    0x58, 0x80, 0x38, 0xff, 0x58, 0x80, 0x38, 0xff, 0x60, 0x80, 0x30, 0xff,
    0x60, 0x7c, 0x30, 0xff, 0x58, 0x80, 0x38, 0xff, 0x60, 0x80, 0x30, 0xff,
    0x58, 0x80, 0x30, 0xff, 0x60, 0x80, 0x38, 0xff, 0x58, 0x7c, 0x30, 0xff,
    0x60, 0x80, 0x30, 0xff, 0x60, 0x80, 0x38, 0xff, 0x58, 0x7c, 0x38, 0xff,
    0x60, 0x80, 0x30, 0xff, 0x58, 0x80, 0x38, 0xff, 0x60, 0x7c, 0x30, 0xff,
    0x60, 0x80, 0x30, 0xff, 0x58, 0x80, 0x38, 0xff, 0x58, 0x80, 0x38, 0xff,
    0x60, 0x80, 0x30, 0xff, 0x58, 0x80, 0x30, 0xff, 0x58, 0x80, 0x38, 0xff,
    0x60, 0x80, 0x30, 0xff, 0x58, 0x80, 0x38, 0xff, 0x58, 0x7c, 0x30, 0xff,
    0x60, 0x80, 0x30, 0xff, 0x58, 0x80, 0x38, 0xff, 0x58, 0x80, 0x30, 0xff,
    0x60, 0x80, 0x38, 0xff, 0x58, 0x7c, 0x30, 0xff, 0x58, 0x80, 0x38, 0xff,
    0x60, 0x80, 0x38, 0xff, 0x60, 0x80, 0x30, 0xff, 0x58, 0x80, 0x30, 0xff,
    0x60, 0x7c, 0x38, 0xff, 0x58, 0x80, 0x38, 0xff, 0x58, 0x80, 0x30, 0xff,
    0x60, 0x7c, 0x30, 0xff, 0x60, 0x80, 0x38, 0xff, 0xe0, 0xe8, 0xd8, 0xff,
    0xf8, 0xfc, 0xf8, 0xff, 0xf8, 0xfc, 0xf8, 0xff, 0xf8, 0xfc, 0xf8, 0xff,
    0xf8, 0xfc, 0xf8, 0xff, 0xf8, 0xfc, 0xf8, 0xff, 0xf8, 0xfc, 0xf8, 0xff,
    0xf8, 0xfc, 0xf8, 0xff, 0xf8, 0xfc, 0xf8, 0xff, 0xf8, 0xfc, 0xf8, 0xff,
    0xf8, 0xfc, 0xf8, 0xff, 0xf8, 0xfc, 0xf8, 0xff, 0xf8, 0xfc, 0xf8, 0xff,
    0xf8, 0xfc, 0xf8, 0xff, 0xf8, 0xfc, 0xf8, 0xff, 0xf8, 0xfc, 0xf8, 0xff,
    0xf8, 0xfc, 0xf8, 0xff, 0xf8, 0xfc, 0xf8, 0xff, 0xf8, 0xfc, 0xf8, 0xff,
    0xf8, 0xfc, 0xf8, 0xff, 0xf8, 0xfc, 0xf8, 0xff, 0xf8, 0xfc, 0xf8, 0xff,
    0xf8, 0xfc, 0xf8, 0xff, 0xf8, 0xfc, 0xf8, 0xff, 0xf8, 0xfc, 0xf8, 0xff,
    0xf8, 0xfc, 0xf8, 0xff, 0xf8, 0xfc, 0xf8, 0xff, 0xf8, 0xfc, 0xf8, 0xff,
    0xf8, 0xfc, 0xf8, 0xff, 0xf8, 0xfc, 0xf8, 0xff, 0xf8, 0xfc, 0xf8, 0xff,
    0xf8, 0xfc, 0xf8, 0xff, 0xf8, 0xfc, 0xf8, 0xff, 0xf8, 0xfc, 0xf8, 0xff,
    0xf8, 0xfc, 0xf8, 0xff, 0xf8, 0xfc, 0xf8, 0xff, 0xf8, 0xfc, 0xf8, 0xff,
    0x60, 0x80, 0x30, 0xff, 0x58, 0x80, 0x30, 0xff, 0x60, 0x7c, 0x38, 0xff,
    0x58, 0x80, 0x30, 0xff, 0x60, 0x80, 0x30, 0xff, 0x60, 0x80, 0x30, 0xff,
    0x58, 0x7c, 0x38, 0xff, 0x58, 0x78, 0x38, 0xdf, 0x38, 0x48, 0x20, 0xcf,
    0x38, 0x54, 0x28, 0xff, 0x48, 0x64, 0x28, 0xff, 0x50, 0x6c, 0x30, 0xff,
    0x58, 0x78, 0x30, 0xff, 0x58, 0x7c, 0x30, 0xff, 0x60, 0x7c, 0x30, 0xff,
    0x60, 0x80, 0x30, 0xff, 0x58, 0x7c, 0x30, 0xff, 0x60, 0x80, 0x38, 0xff,
    0x58, 0x80, 0x30, 0xff, 0x58, 0x7c, 0x30, 0xff, 0x60, 0x80, 0x38, 0xff,
    0x60, 0x80, 0x30, 0xff, 0x58, 0x7c, 0x38, 0xff, 0x58, 0x80, 0x30, 0xff,
    0x60, 0x80, 0x30, 0xff, 0x58, 0x7c, 0x38, 0xff, 0x58, 0x80, 0x30, 0xff,
    0x60, 0x80, 0x30, 0xff, 0x60, 0x7c, 0x30, 0xff, 0x58, 0x80, 0x38, 0xff,
    0x58, 0x80, 0x30, 0xff, 0x60, 0x7c, 0x30, 0xff, 0x58, 0x80, 0x38, 0xff,
    0x60, 0x80, 0x30, 0xff, 0x60, 0x7c, 0x30, 0xff, 0x58, 0x80, 0x38, 0xff,
    0x60, 0x80, 0x30, 0xff, 0x60, 0x80, 0x30, 0xff, 0x58, 0x80, 0x38, 0xff,
    0x60, 0x80, 0x30, 0xff, 0x60, 0x7c, 0x30, 0xff, 0x58, 0x80, 0x38, 0xff,
    0x60, 0x7c, 0x30, 0xff, 0x60, 0x80, 0x30, 0xff, 0x58, 0x80, 0x30, 0xff,
    0x60, 0x7c, 0x30, 0xff, 0x58, 0x80, 0x38, 0xff, 0x58, 0x80, 0x30, 0xff,
    0x60, 0x7c, 0x30, 0xff, 0x60, 0x80, 0x38, 0xff, 0x58, 0x80, 0x30, 0xff,
    0x58, 0x80, 0x30, 0xff, 0x60, 0x80, 0x38, 0xff, 0x58, 0x7c, 0x30, 0xff,
    0xc8, 0xd4, 0xc0, 0xff, 0xf8, 0xfc, 0xf8, 0xff, 0xf8, 0xfc, 0xf8, 0xff,
    0xf8, 0xfc, 0xf8, 0xff, 0xf8, 0xfc, 0xf8, 0xff, 0xf8, 0xfc, 0xf8, 0xff,
    0xf8, 0xfc, 0xf8, 0xff, 0xf8, 0xfc, 0xf8, 0xff, 0xf8, 0xfc, 0xf8, 0xff,
    0xf8, 0xfc, 0xf8, 0xff, 0xf8, 0xfc, 0xf8, 0xff, 0xf8, 0xfc, 0xf8, 0xff,
    0xf8, 0xfc, 0xf8, 0xff, 0xf8, 0xfc, 0xf8, 0xff, 0xf8, 0xfc, 0xf8, 0xff,
    0xf8, 0xfc, 0xf8, 0xff, 0xf8, 0xfc, 0xf8, 0xff, 0xf8, 0xfc, 0xf8, 0xff,
    0xf8, 0xfc, 0xf8, 0xff, 0xf8, 0xfc, 0xf8, 0xff, 0xf8, 0xfc, 0xf8, 0xff,
    0xf8, 0xfc, 0xf8, 0xff, 0xf8, 0xfc, 0xf8, 0xff, 0xf8, 0xfc, 0xf8, 0xff,
    0xf8, 0xfc, 0xf8, 0xff, 0xf8, 0xfc, 0xf8, 0xff, 0xf8, 0xfc, 0xf8, 0xff,
    0xf8, 0xfc, 0xf8, 0xff, 0xf8, 0xfc, 0xf8, 0xff, 0xf8, 0xfc, 0xf8, 0xff,
    0xf8, 0xfc, 0xf8, 0xff, 0xf8, 0xfc, 0xf8, 0xff, 0xf8, 0xfc, 0xf8, 0xff,
    0xf8, 0xfc, 0xf8, 0xff, 0xf8, 0xfc, 0xf8, 0xff, 0xf8, 0xfc, 0xf8, 0xff,
    0xf8, 0xf8, 0xf0, 0xff, 0x58, 0x80, 0x38, 0xff, 0x60, 0x80, 0x30, 0xff,
    0x58, 0x80, 0x30, 0xff, 0x60, 0x80, 0x38, 0xff, 0x60, 0x80, 0x38, 0xff,
    0x60, 0x80, 0x38, 0xff, 0x60, 0x7c, 0x38, 0xff, 0x58, 0x74, 0x38, 0xcf,
    0x38, 0x4c, 0x20, 0xae, 0x40, 0x54, 0x20, 0xff, 0x48, 0x60, 0x28, 0xff,
    0x50, 0x6c, 0x28, 0xff, 0x50, 0x78, 0x30, 0xff, 0x58, 0x7c, 0x30, 0xff,
    0x58, 0x80, 0x38, 0xff, 0x60, 0x80, 0x30, 0xff, 0x60, 0x7c, 0x30, 0xff,
    0x58, 0x80, 0x38, 0xff, 0x60, 0x80, 0x30, 0xff, 0x58, 0x80, 0x30, 0xff,
    0x60, 0x80, 0x38, 0xff, 0x58, 0x7c, 0x30, 0xff, 0x60, 0x80, 0x30, 0xff,
    0x60, 0x80, 0x38, 0xff, 0x58, 0x80, 0x30, 0xff, 0x60, 0x80, 0x30, 0xff,
    0x58, 0x80, 0x38, 0xff, 0x60, 0x80, 0x30, 0xff, 0x58, 0x7c, 0x30, 0xff,
    0x60, 0x80, 0x38, 0xff, 0x58, 0x80, 0x30, 0xff, 0x60, 0x80, 0x30, 0xff,
    0x58, 0x7c, 0x38, 0xff, 0x58, 0x80, 0x30, 0xff, 0x60, 0x80, 0x30, 0xff,
    0x58, 0x7c, 0x38, 0xff, 0x58, 0x7c, 0x30, 0xff, 0x60, 0x80, 0x30, 0xff,
    0x58, 0x80, 0x38, 0xff, 0x60, 0x7c, 0x30, 0xff, 0x58, 0x80, 0x38, 0xff,
    0x60, 0x80, 0x30, 0xff, 0x58, 0x80, 0x38, 0xff, 0x58, 0x80, 0x38, 0xff,
    0x60, 0x80, 0x30, 0xff, 0x60, 0x7c, 0x30, 0xff, 0x58, 0x80, 0x38, 0xff,
    0x58, 0x80, 0x30, 0xff, 0x60, 0x80, 0x30, 0xff, 0x58, 0x80, 0x38, 0xff,
    0x60, 0x7c, 0x30, 0xff, 0x60, 0x80, 0x30, 0xff, 0x58, 0x80, 0x38, 0xff,
    0x60, 0x80, 0x30, 0xff, 0xa0, 0xb8, 0x88, 0xff, 0xf8, 0xfc, 0xf8, 0xff,
    0xf8, 0xfc, 0xf8, 0xff, 0xf8, 0xfc, 0xf8, 0xff, 0xf8, 0xfc, 0xf8, 0xff,
    0xf8, 0xfc, 0xf8, 0xff, 0xf8, 0xfc, 0xf8, 0xff, 0xf8, 0xfc, 0xf8, 0xff,
    0xf8, 0xfc, 0xf8, 0xff, 0xf8, 0xfc, 0xf8, 0xff, 0xf8, 0xfc, 0xf8, 0xff,
    0xf8, 0xfc, 0xf8, 0xff, 0xf8, 0xfc, 0xf8, 0xff, 0xf8, 0xfc, 0xf8, 0xff,
    0xf8, 0xfc, 0xf8, 0xff, 0xf8, 0xfc, 0xf8, 0xff, 0xf8, 0xfc, 0xf8, 0xff,
    0xf8, 0xfc, 0xf8, 0xff, 0xf8, 0xfc, 0xf8, 0xff, 0xf8, 0xfc, 0xf8, 0xff,
    0xf8, 0xfc, 0xf8, 0xff, 0xf8, 0xfc, 0xf8, 0xff, 0xf8, 0xfc, 0xf8, 0xff,
    0xf8, 0xfc, 0xf8, 0xff, 0xf8, 0xfc, 0xf8, 0xff, 0xf8, 0xfc, 0xf8, 0xff,
    0xf8, 0xfc, 0xf8, 0xff, 0xf8, 0xfc, 0xf8, 0xff, 0xf8, 0xfc, 0xf8, 0xff,
    0xf8, 0xfc, 0xf8, 0xff, 0xf8, 0xfc, 0xf8, 0xff, 0xf8, 0xfc, 0xf8, 0xff,
    0xf8, 0xfc, 0xf8, 0xff, 0xf8, 0xfc, 0xf8, 0xff, 0xf8, 0xfc, 0xf8, 0xff,
    0xf8, 0xfc, 0xf8, 0xff, 0xd8, 0xdc, 0xd0, 0xff, 0x58, 0x7c, 0x30, 0xff,
    0x58, 0x80, 0x38, 0xff, 0x60, 0x80, 0x30, 0xff, 0x58, 0x80, 0x30, 0xff,
    0x58, 0x80, 0x38, 0xff, 0x60, 0x80, 0x38, 0xff, 0x60, 0x7c, 0x38, 0xff,
    0x58, 0x74, 0x38, 0xbe, 0x38, 0x48, 0x20, 0xa2, 0x38, 0x54, 0x20, 0xff,
    0x48, 0x60, 0x28, 0xff, 0x50, 0x6c, 0x30, 0xff, 0x50, 0x74, 0x30, 0xff,
    0x58, 0x7c, 0x30, 0xff, 0x60, 0x80, 0x38, 0xff, 0x58, 0x80, 0x30, 0xff,
    0x58, 0x80, 0x38, 0xff, 0x60, 0x80, 0x30, 0xff, 0x58, 0x7c, 0x30, 0xff,
    0x60, 0x80, 0x38, 0xff, 0x58, 0x80, 0x30, 0xff, 0x58, 0x80, 0x30, 0xff,
    0x60, 0x80, 0x38, 0xff, 0x58, 0x7c, 0x38, 0xff, 0x60, 0x80, 0x30, 0xff,
    0x60, 0x7c, 0x30, 0xff, 0x58, 0x80, 0x38, 0xff, 0x58, 0x80, 0x30, 0xff,
    0x60, 0x80, 0x38, 0xff, 0x58, 0x80, 0x30, 0xff, 0x60, 0x80, 0x38, 0xff,
    0x60, 0x7c, 0x30, 0xff, 0x58, 0x80, 0x38, 0xff, 0x60, 0x80, 0x30, 0xff,
    0x60, 0x80, 0x30, 0xff, 0x58, 0x80, 0x38, 0xff, 0x60, 0x80, 0x30, 0xff,
    0x58, 0x80, 0x38, 0xff, 0x60, 0x7c, 0x30, 0xff, 0x58, 0x80, 0x30, 0xff,
    0x60, 0x80, 0x38, 0xff, 0x58, 0x80, 0x30, 0xff, 0x60, 0x7c, 0x30, 0xff,
    0x58, 0x80, 0x38, 0xff, 0x60, 0x80, 0x30, 0xff, 0x58, 0x80, 0x38, 0xff,
    0x60, 0x7c, 0x30, 0xff, 0x60, 0x80, 0x30, 0xff, 0x58, 0x80, 0x38, 0xff,
    0x58, 0x7c, 0x30, 0xff, 0x60, 0x80, 0x38, 0xff, 0x58, 0x80, 0x30, 0xff,
    0x60, 0x7c, 0x30, 0xff, 0x60, 0x80, 0x38, 0xff, 0x88, 0xa0, 0x68, 0xff,
    0xf8, 0xfc, 0xf8, 0xff, 0xf8, 0xfc, 0xf8, 0xff, 0xf8, 0xfc, 0xf8, 0xff,
    0xf8, 0xfc, 0xf8, 0xff, 0xf8, 0xfc, 0xf8, 0xff, 0xf8, 0xfc, 0xf8, 0xff,
    0xf8, 0xfc, 0xf8, 0xff, 0xf8, 0xfc, 0xf8, 0xff, 0xf8, 0xfc, 0xf8, 0xff,
    0xf8, 0xfc, 0xf8, 0xff, 0xf8, 0xfc, 0xf8, 0xff, 0xf8, 0xfc, 0xf8, 0xff,
    0xf8, 0xfc, 0xf8, 0xff, 0xf8, 0xfc, 0xf8, 0xff, 0xf8, 0xfc, 0xf8, 0xff,
    0xf8, 0xfc, 0xf8, 0xff, 0xf8, 0xfc, 0xf8, 0xff, 0xf8, 0xfc, 0xf8, 0xff,
    0xf8, 0xfc, 0xf8, 0xff, 0xf8, 0xfc, 0xf8, 0xff, 0xf8, 0xfc, 0xf8, 0xff,
    0xf8, 0xfc, 0xf8, 0xff, 0xf8, 0xfc, 0xf8, 0xff, 0xf8, 0xfc, 0xf8, 0xff,
    0xf8, 0xfc, 0xf8, 0xff, 0xf8, 0xfc, 0xf8, 0xff, 0xf8, 0xfc, 0xf8, 0xff,
    0xf8, 0xfc, 0xf8, 0xff, 0xf8, 0xfc, 0xf8, 0xff, 0xf8, 0xfc, 0xf8, 0xff,
    0xf8, 0xfc, 0xf8, 0xff, 0xf8, 0xfc, 0xf8, 0xff, 0xf8, 0xfc, 0xf8, 0xff,
    0xf8, 0xfc, 0xf8, 0xff, 0xf8, 0xfc, 0xf8, 0xff, 0x98, 0xb0, 0x80, 0xff,
    0x60, 0x80, 0x30, 0xff, 0x58, 0x7c, 0x38, 0xff, 0x60, 0x80, 0x30, 0xff,
    0x60, 0x80, 0x30, 0xff, 0x58, 0x80, 0x38, 0xff, 0x60, 0x80, 0x38, 0xff,
    0x58, 0x7c, 0x38, 0xff, 0x58, 0x78, 0x38, 0x9e, 0x38, 0x48, 0x20, 0x71,
    0x38, 0x54, 0x20, 0xff, 0x48, 0x60, 0x28, 0xff, 0x50, 0x6c, 0x28, 0xff,
    0x50, 0x74, 0x30, 0xff, 0x58, 0x7c, 0x30, 0xff, 0x60, 0x7c, 0x30, 0xff,
    0x58, 0x80, 0x30, 0xff, 0x60, 0x80, 0x38, 0xff, 0x58, 0x7c, 0x30, 0xff,
    0x60, 0x80, 0x38, 0xff, 0x60, 0x80, 0x38, 0xff, 0x58, 0x7c, 0x30, 0xff,
    0x60, 0x80, 0x30, 0xff, 0x58, 0x80, 0x38, 0xff, 0x58, 0x80, 0x30, 0xff,
    0x60, 0x7c, 0x30, 0xff, 0x58, 0x80, 0x38, 0xff, 0x60, 0x80, 0x30, 0xff,
    0x60, 0x7c, 0x30, 0xff, 0x58, 0x80, 0x38, 0xff, 0x58, 0x80, 0x30, 0xff,
    0x60, 0x7c, 0x30, 0xff, 0x58, 0x80, 0x38, 0xff, 0x58, 0x80, 0x30, 0xff,
    0x60, 0x7c, 0x30, 0xff, 0x58, 0x80, 0x38, 0xff, 0x60, 0x80, 0x30, 0xff,
    0x58, 0x80, 0x30, 0xff, 0x60, 0x7c, 0x38, 0xff, 0x58, 0x80, 0x30, 0xff,
    0x60, 0x80, 0x30, 0xff, 0x58, 0x80, 0x38, 0xff, 0x60, 0x7c, 0x30, 0xff,
    0x60, 0x80, 0x30, 0xff, 0x58, 0x80, 0x30, 0xff, 0x58, 0x7c, 0x38, 0xff,
    0x60, 0x80, 0x30, 0xff, 0x58, 0x80, 0x30, 0xff, 0x60, 0x7c, 0x38, 0xff,
    0x60, 0x80, 0x30, 0xff, 0x58, 0x80, 0x30, 0xff, 0x60, 0x80, 0x38, 0xff,
    0x58, 0x80, 0x30, 0xff, 0x58, 0x80, 0x30, 0xff, 0x58, 0x7c, 0x38, 0xff,
    0x60, 0x80, 0x30, 0xff, 0xd8, 0xe0, 0xc8, 0xff, 0xf8, 0xfc, 0xf8, 0xff,
    0xf8, 0xfc, 0xf8, 0xff, 0xf8, 0xfc, 0xf8, 0xff, 0xf8, 0xfc, 0xf8, 0xff,
    0xf8, 0xfc, 0xf8, 0xff, 0xf8, 0xfc, 0xf8, 0xff, 0xf8, 0xfc, 0xf8, 0xff,
    0xf8, 0xfc, 0xf8, 0xff, 0xf8, 0xfc, 0xf8, 0xff, 0xf8, 0xfc, 0xf8, 0xff,
    0xf8, 0xfc, 0xf8, 0xff, 0xf8, 0xfc, 0xf8, 0xff, 0xf8, 0xfc, 0xf8, 0xff,
    0xf8, 0xfc, 0xf8, 0xff, 0xf8, 0xfc, 0xf8, 0xff, 0xf8, 0xfc, 0xf8, 0xff,
    0xf8, 0xfc, 0xf8, 0xff, 0xf8, 0xfc, 0xf8, 0xff, 0xf8, 0xfc, 0xf8, 0xff,
    0xf8, 0xfc, 0xf8, 0xff, 0xf8, 0xfc, 0xf8, 0xff, 0xf8, 0xfc, 0xf8, 0xff,
    0xf8, 0xfc, 0xf8, 0xff, 0xf8, 0xfc, 0xf8, 0xff, 0xf8, 0xfc, 0xf8, 0xff,
    0xf8, 0xfc, 0xf8, 0xff, 0xf8, 0xfc, 0xf8, 0xff, 0xf8, 0xfc, 0xf8, 0xff,
    0xf8, 0xfc, 0xf8, 0xff, 0xf8, 0xfc, 0xf8, 0xff, 0xf8, 0xfc, 0xf8, 0xff,
    0xf8, 0xfc, 0xf8, 0xff, 0xf8, 0xfc, 0xf8, 0xff, 0xe8, 0xec, 0xe8, 0xff,
    0x70, 0x90, 0x48, 0xff, 0x58, 0x80, 0x30, 0xff, 0x60, 0x80, 0x38, 0xff,
    0x58, 0x7c, 0x30, 0xff, 0x60, 0x80, 0x38, 0xff, 0x60, 0x80, 0x38, 0xff,
    0x60, 0x80, 0x38, 0xff, 0x60, 0x7c, 0x38, 0xff, 0x58, 0x74, 0x38, 0x71,
    0x38, 0x4c, 0x20, 0x41, 0x38, 0x50, 0x20, 0xff, 0x48, 0x60, 0x28, 0xff,
    0x50, 0x68, 0x28, 0xff, 0x50, 0x74, 0x30, 0xff, 0x58, 0x7c, 0x30, 0xff,
    0x58, 0x7c, 0x30, 0xff, 0x60, 0x80, 0x38, 0xff, 0x58, 0x80, 0x30, 0xff,
    0x60, 0x80, 0x30, 0xff, 0x58, 0x80, 0x30, 0xff, 0x58, 0x80, 0x30, 0xff,
    0x60, 0x7c, 0x38, 0xff, 0x60, 0x80, 0x30, 0xff, 0x58, 0x80, 0x30, 0xff,
    0x60, 0x80, 0x30, 0xff, 0x58, 0x80, 0x38, 0xff, 0x58, 0x80, 0x30, 0xff,
    0x60, 0x80, 0x30, 0xff, 0x60, 0x7c, 0x38, 0xff, 0x58, 0x80, 0x30, 0xff,
    0x60, 0x80, 0x30, 0xff, 0x60, 0x7c, 0x38, 0xff, 0x58, 0x80, 0x30, 0xff,
    0x60, 0x80, 0x30, 0xff, 0x58, 0x80, 0x38, 0xff, 0x60, 0x7c, 0x38, 0xff,
    0x58, 0x80, 0x30, 0xff, 0x60, 0x80, 0x30, 0xff, 0x58, 0x80, 0x38, 0xff,
    0x60, 0x80, 0x30, 0xff, 0x58, 0x7c, 0x30, 0xff, 0x58, 0x80, 0x38, 0xff,
    0x60, 0x80, 0x30, 0xff, 0x58, 0x80, 0x38, 0xff, 0x60, 0x80, 0x30, 0xff,
    0x60, 0x7c, 0x30, 0xff, 0x58, 0x80, 0x38, 0xff, 0x58, 0x80, 0x30, 0xff,
    0x60, 0x80, 0x38, 0xff, 0x58, 0x80, 0x30, 0xff, 0x60, 0x7c, 0x30, 0xff,
    0x60, 0x80, 0x38, 0xff, 0x58, 0x80, 0x30, 0xff, 0x60, 0x80, 0x38, 0xff,
    0x58, 0x80, 0x30, 0xff, 0x58, 0x7c, 0x30, 0xff, 0x88, 0xa0, 0x68, 0xff,
    0xf8, 0xfc, 0xf8, 0xff, 0xf8, 0xfc, 0xf8, 0xff, 0xf8, 0xfc, 0xf8, 0xff,
    0xf8, 0xfc, 0xf8, 0xff, 0xf8, 0xfc, 0xf8, 0xff, 0xf8, 0xfc, 0xf8, 0xff,
    0xf8, 0xfc, 0xf8, 0xff, 0xf8, 0xfc, 0xf8, 0xff, 0xf8, 0xfc, 0xf8, 0xff,
    0xf8, 0xfc, 0xf8, 0xff, 0xf8, 0xfc, 0xf8, 0xff, 0xf8, 0xfc, 0xf8, 0xff,
    0xf8, 0xfc, 0xf8, 0xff, 0xf8, 0xfc, 0xf8, 0xff, 0xf8, 0xfc, 0xf8, 0xff,
    0xf8, 0xfc, 0xf8, 0xff, 0xf8, 0xfc, 0xf8, 0xff, 0xf8, 0xfc, 0xf8, 0xff,
    0xf8, 0xfc, 0xf8, 0xff, 0xf8, 0xfc, 0xf8, 0xff, 0xf8, 0xfc, 0xf8, 0xff,
    0xf8, 0xfc, 0xf8, 0xff, 0xf8, 0xfc, 0xf8, 0xff, 0xf8, 0xfc, 0xf8, 0xff,
    0xf8, 0xfc, 0xf8, 0xff, 0xf8, 0xfc, 0xf8, 0xff, 0xf8, 0xfc, 0xf8, 0xff,
    0xf8, 0xfc, 0xf8, 0xff, 0xf8, 0xfc, 0xf8, 0xff, 0xf8, 0xfc, 0xf8, 0xff,
    0xf8, 0xfc, 0xf8, 0xff, 0xf8, 0xfc, 0xf8, 0xff, 0xf8, 0xfc, 0xf8, 0xff,
    0xb0, 0xbc, 0x98, 0xff, 0x58, 0x80, 0x30, 0xff, 0x60, 0x80, 0x38, 0xff,
    0x58, 0x80, 0x30, 0xff, 0x58, 0x80, 0x30, 0xff, 0x60, 0x80, 0x38, 0xff,
    0x60, 0x80, 0x38, 0xff, 0x60, 0x80, 0x38, 0xff, 0x58, 0x7c, 0x38, 0xff,
    0x58, 0x78, 0x38, 0x41, 0x40, 0x50, 0x20, 0x10, 0x38, 0x50, 0x28, 0xef,
    0x40, 0x5c, 0x28, 0xff, 0x48, 0x68, 0x28, 0xff, 0x50, 0x70, 0x30, 0xff,
    0x58, 0x78, 0x30, 0xff, 0x60, 0x7c, 0x30, 0xff, 0x58, 0x80, 0x38, 0xff,
    0x60, 0x80, 0x30, 0xff, 0x60, 0x7c, 0x38, 0xff, 0x58, 0x80, 0x30, 0xff,
    0x58, 0x80, 0x30, 0xff, 0x60, 0x80, 0x38, 0xff, 0x58, 0x7c, 0x38, 0xff,
    0x60, 0x80, 0x30, 0xff, 0x60, 0x7c, 0x38, 0xff, 0x58, 0x80, 0x30, 0xff,
    0x60, 0x80, 0x38, 0xff, 0x58, 0x7c, 0x30, 0xff, 0x58, 0x80, 0x38, 0xff,
    0x60, 0x80, 0x30, 0xff, 0x58, 0x80, 0x30, 0xff, 0x58, 0x80, 0x38, 0xff,
    0x60, 0x80, 0x30, 0xff, 0x60, 0x80, 0x30, 0xff, 0x58, 0x80, 0x38, 0xff,
    0x58, 0x7c, 0x30, 0xff, 0x60, 0x80, 0x30, 0xff, 0x58, 0x7c, 0x38, 0xff,
    0x60, 0x80, 0x30, 0xff, 0x60, 0x80, 0x38, 0xff, 0x58, 0x7c, 0x30, 0xff,
    0x60, 0x80, 0x30, 0xff, 0x58, 0x80, 0x38, 0xff, 0x58, 0x7c, 0x30, 0xff,
    0x60, 0x80, 0x38, 0xff, 0x60, 0x80, 0x30, 0xff, 0x58, 0x80, 0x30, 0xff,
    0x60, 0x7c, 0x38, 0xff, 0x58, 0x80, 0x30, 0xff, 0x58, 0x80, 0x38, 0xff,
    0x60, 0x7c, 0x30, 0xff, 0x58, 0x80, 0x30, 0xff, 0x60, 0x7c, 0x38, 0xff,
    0x60, 0x80, 0x30, 0xff, 0x60, 0x80, 0x38, 0xff, 0x58, 0x80, 0x30, 0xff,
    0x58, 0x80, 0x38, 0xff, 0xb8, 0xc4, 0xa8, 0xff, 0xf8, 0xfc, 0xf8, 0xff,
    0xf8, 0xfc, 0xf8, 0xff, 0xf8, 0xfc, 0xf8, 0xff, 0xf8, 0xfc, 0xf8, 0xff,
    0xf8, 0xfc, 0xf8, 0xff, 0xf8, 0xfc, 0xf8, 0xff, 0xf8, 0xfc, 0xf8, 0xff,
    0xf8, 0xfc, 0xf8, 0xff, 0xf8, 0xfc, 0xf8, 0xff, 0xf8, 0xfc, 0xf8, 0xff,
    0xf8, 0xfc, 0xf8, 0xff, 0xf8, 0xfc, 0xf8, 0xff, 0xf8, 0xfc, 0xf8, 0xff,
    0xf8, 0xfc, 0xf8, 0xff, 0xf8, 0xfc, 0xf8, 0xff, 0xf8, 0xfc, 0xf8, 0xff,
    0xf8, 0xfc, 0xf8, 0xff, 0xf8, 0xfc, 0xf8, 0xff, 0xf8, 0xfc, 0xf8, 0xff,
    0xf8, 0xfc, 0xf8, 0xff, 0xf8, 0xfc, 0xf8, 0xff, 0xf8, 0xfc, 0xf8, 0xff,
    0xf8, 0xfc, 0xf8, 0xff, 0xf8, 0xfc, 0xf8, 0xff, 0xf8, 0xfc, 0xf8, 0xff,
    0xf8, 0xfc, 0xf8, 0xff, 0xf8, 0xfc, 0xf8, 0xff, 0xf8, 0xfc, 0xf8, 0xff,
    0xf8, 0xfc, 0xf8, 0xff, 0xf8, 0xfc, 0xf8, 0xff, 0xf8, 0xfc, 0xf8, 0xff,
    0xe0, 0xe8, 0xd8, 0xff, 0x58, 0x80, 0x38, 0xff, 0x60, 0x80, 0x30, 0xff,
    0x60, 0x7c, 0x38, 0xff, 0x58, 0x80, 0x30, 0xff, 0x60, 0x80, 0x38, 0xff,
    0x60, 0x80, 0x30, 0xff, 0x60, 0x80, 0x38, 0xff, 0x60, 0x80, 0x38, 0xff,
    0x58, 0x78, 0x38, 0xef, 0x00, 0x00, 0x00, 0x00, 0x00, 0x00, 0x00, 0x00,
    0x40, 0x50, 0x28, 0x8e, 0x40, 0x58, 0x28, 0xff, 0x48, 0x64, 0x28, 0xff,
    0x50, 0x70, 0x30, 0xff, 0x58, 0x78, 0x30, 0xff, 0x58, 0x7c, 0x30, 0xff,
    0x58, 0x7c, 0x30, 0xff, 0x60, 0x80, 0x30, 0xff, 0x58, 0x80, 0x38, 0xff,
    0x60, 0x7c, 0x38, 0xff, 0x60, 0x80, 0x30, 0xff, 0x58, 0x80, 0x30, 0xff,
    0x58, 0x80, 0x30, 0xff, 0x60, 0x7c, 0x38, 0xff, 0x58, 0x80, 0x30, 0xff,
    0x60, 0x80, 0x30, 0xff, 0x60, 0x7c, 0x38, 0xff, 0x58, 0x80, 0x30, 0xff,
    0x60, 0x80, 0x30, 0xff, 0x60, 0x7c, 0x38, 0xff, 0x58, 0x80, 0x30, 0xff,
    0x58, 0x80, 0x38, 0xff, 0x60, 0x7c, 0x30, 0xff, 0x58, 0x80, 0x30, 0xff,
    0x60, 0x80, 0x38, 0xff, 0x60, 0x80, 0x30, 0xff, 0x58, 0x80, 0x30, 0xff,
    0x58, 0x80, 0x38, 0xff, 0x60, 0x7c, 0x30, 0xff, 0x58, 0x80, 0x30, 0xff,
    0x60, 0x80, 0x38, 0xff, 0x60, 0x80, 0x30, 0xff, 0x58, 0x80, 0x30, 0xff,
    0x60, 0x7c, 0x38, 0xff, 0x58, 0x80, 0x30, 0xff, 0x58, 0x80, 0x38, 0xff,
    0x60, 0x80, 0x30, 0xff, 0x60, 0x80, 0x30, 0xff, 0x58, 0x7c, 0x38, 0xff,
    0x60, 0x80, 0x30, 0xff, 0x58, 0x80, 0x38, 0xff, 0x58, 0x80, 0x30, 0xff,
    0x58, 0x80, 0x30, 0xff, 0x60, 0x7c, 0x38, 0xff, 0x58, 0x80, 0x30, 0xff,
    0x60, 0x80, 0x30, 0xff, 0x60, 0x7c, 0x30, 0xff, 0x58, 0x80, 0x30, 0xff,
    0xc0, 0xd0, 0xb0, 0xff, 0xf8, 0xfc, 0xf8, 0xff, 0xf8, 0xfc, 0xf8, 0xff,
    0xf8, 0xfc, 0xf8, 0xff, 0xf8, 0xfc, 0xf8, 0xff, 0xf8, 0xfc, 0xf8, 0xff,
    0xf8, 0xfc, 0xf8, 0xff, 0xf8, 0xfc, 0xf8, 0xff, 0xf8, 0xfc, 0xf8, 0xff,
    0xf8, 0xfc, 0xf8, 0xff, 0xf8, 0xfc, 0xf8, 0xff, 0xf8, 0xfc, 0xf8, 0xff,
    0xf8, 0xfc, 0xf8, 0xff, 0xf8, 0xfc, 0xf8, 0xff, 0xf8, 0xfc, 0xf8, 0xff,
    0xf8, 0xfc, 0xf8, 0xff, 0xf8, 0xfc, 0xf8, 0xff, 0xf8, 0xfc, 0xf8, 0xff,
    0xf8, 0xfc, 0xf8, 0xff, 0xf8, 0xfc, 0xf8, 0xff, 0xf8, 0xfc, 0xf8, 0xff,
    0xf8, 0xfc, 0xf8, 0xff, 0xf8, 0xfc, 0xf8, 0xff, 0xf8, 0xfc, 0xf8, 0xff,
    0xf8, 0xfc, 0xf8, 0xff, 0xf8, 0xfc, 0xf8, 0xff, 0xf8, 0xfc, 0xf8, 0xff,
    0xf8, 0xfc, 0xf8, 0xff, 0xf8, 0xfc, 0xf8, 0xff, 0xf8, 0xfc, 0xf8, 0xff,
    0xe8, 0xf0, 0xe8, 0xff, 0x70, 0x90, 0x50, 0xff, 0x60, 0x80, 0x30, 0xff,
    0x58, 0x7c, 0x30, 0xff, 0x58, 0x80, 0x30, 0xff, 0x60, 0x80, 0x38, 0xff,
    0x60, 0x80, 0x38, 0xff, 0x60, 0x80, 0x38, 0xff, 0x60, 0x80, 0x38, 0xff,
    0x60, 0x7c, 0x38, 0xff, 0x60, 0x78, 0x38, 0x9e, 0x00, 0x00, 0x00, 0x00,
    0x00, 0x00, 0x00, 0x00, 0x40, 0x50, 0x28, 0x20, 0x40, 0x54, 0x28, 0xff,
    0x48, 0x60, 0x28, 0xff, 0x50, 0x6c, 0x30, 0xff, 0x58, 0x74, 0x30, 0xff,
    0x58, 0x7c, 0x30, 0xff, 0x58, 0x7c, 0x30, 0xff, 0x60, 0x80, 0x30, 0xff,
    0x58, 0x80, 0x30, 0xff, 0x58, 0x80, 0x38, 0xff, 0x60, 0x7c, 0x30, 0xff,
    0x60, 0x80, 0x30, 0xff, 0x58, 0x80, 0x38, 0xff, 0x60, 0x80, 0x30, 0xff,
    0x58, 0x80, 0x30, 0xff, 0x58, 0x80, 0x38, 0xff, 0x60, 0x80, 0x30, 0xff,
    0x58, 0x80, 0x30, 0xff, 0x58, 0x80, 0x38, 0xff, 0x60, 0x7c, 0x30, 0xff,
    0x60, 0x80, 0x30, 0xff, 0x60, 0x80, 0x38, 0xff, 0x58, 0x7c, 0x30, 0xff,
    0x58, 0x80, 0x38, 0xff, 0x60, 0x7c, 0x30, 0xff, 0x60, 0x80, 0x30, 0xff,
    0x58, 0x80, 0x38, 0xff, 0x60, 0x80, 0x30, 0xff, 0x58, 0x80, 0x30, 0xff,
    0x58, 0x7c, 0x38, 0xff, 0x60, 0x80, 0x38, 0xff, 0x58, 0x80, 0x30, 0xff,
    0x60, 0x7c, 0x30, 0xff, 0x60, 0x80, 0x38, 0xff, 0x58, 0x80, 0x30, 0xff,
    0x58, 0x7c, 0x30, 0xff, 0x60, 0x80, 0x38, 0xff, 0x58, 0x80, 0x30, 0xff,
    0x60, 0x80, 0x30, 0xff, 0x60, 0x80, 0x38, 0xff, 0x60, 0x80, 0x30, 0xff,
    0x58, 0x7c, 0x30, 0xff, 0x60, 0x80, 0x38, 0xff, 0x58, 0x80, 0x30, 0xff,
    0x58, 0x7c, 0x30, 0xff, 0x60, 0x80, 0x38, 0xff, 0x60, 0x80, 0x38, 0xff,
    0x58, 0x80, 0x30, 0xff, 0x60, 0x80, 0x38, 0xff, 0xb8, 0xc4, 0xa8, 0xff,
    0xf8, 0xfc, 0xf8, 0xff, 0xf8, 0xfc, 0xf8, 0xff, 0xf8, 0xfc, 0xf8, 0xff,
    0xf8, 0xfc, 0xf8, 0xff, 0xf8, 0xfc, 0xf8, 0xff, 0xf8, 0xfc, 0xf8, 0xff,
    0xf8, 0xfc, 0xf8, 0xff, 0xf8, 0xfc, 0xf8, 0xff, 0xf8, 0xfc, 0xf8, 0xff,
    0xf8, 0xfc, 0xf8, 0xff, 0xf8, 0xfc, 0xf8, 0xff, 0xf8, 0xfc, 0xf8, 0xff,
    0xf8, 0xfc, 0xf8, 0xff, 0xf8, 0xfc, 0xf8, 0xff, 0xf8, 0xfc, 0xf8, 0xff,
    0xf8, 0xfc, 0xf8, 0xff, 0xf8, 0xfc, 0xf8, 0xff, 0xf8, 0xfc, 0xf8, 0xff,
    0xf8, 0xfc, 0xf8, 0xff, 0xf8, 0xfc, 0xf8, 0xff, 0xf8, 0xfc, 0xf8, 0xff,
    0xf8, 0xfc, 0xf8, 0xff, 0xf8, 0xfc, 0xf8, 0xff, 0xf8, 0xfc, 0xf8, 0xff,
    0xf8, 0xfc, 0xf8, 0xff, 0xf8, 0xfc, 0xf8, 0xff, 0xf8, 0xfc, 0xf8, 0xff,
    0xd8, 0xe0, 0xd0, 0xff, 0x70, 0x8c, 0x48, 0xff, 0x60, 0x80, 0x30, 0xff,
    0x58, 0x80, 0x38, 0xff, 0x60, 0x80, 0x30, 0xff, 0x58, 0x80, 0x30, 0xff,
    0x60, 0x80, 0x38, 0xff, 0x60, 0x80, 0x38, 0xff, 0x60, 0x84, 0x38, 0xff,
    0x60, 0x80, 0x38, 0xff, 0x60, 0x7c, 0x38, 0xff, 0x60, 0x78, 0x38, 0x20,
    0x00, 0x00, 0x00, 0x00, 0x00, 0x00, 0x00, 0x00, 0x00, 0x00, 0x00, 0x00,
    0x40, 0x54, 0x28, 0x8e, 0x48, 0x5c, 0x28, 0xff, 0x50, 0x68, 0x28, 0xff,
    0x50, 0x70, 0x30, 0xff, 0x58, 0x78, 0x30, 0xff, 0x58, 0x7c, 0x30, 0xff,
    0x58, 0x7c, 0x38, 0xff, 0x60, 0x80, 0x30, 0xff, 0x58, 0x80, 0x30, 0xff,
    0x60, 0x80, 0x38, 0xff, 0x58, 0x7c, 0x30, 0xff, 0x60, 0x80, 0x38, 0xff,
    0x60, 0x80, 0x30, 0xff, 0x58, 0x7c, 0x30, 0xff, 0x60, 0x7c, 0x38, 0xff,
    0x58, 0x80, 0x30, 0xff, 0x60, 0x80, 0x38, 0xff, 0x58, 0x7c, 0x30, 0xff,
    0x58, 0x80, 0x30, 0xff, 0x60, 0x80, 0x38, 0xff, 0x58, 0x80, 0x30, 0xff,
    0x60, 0x80, 0x30, 0xff, 0x58, 0x80, 0x38, 0xff, 0x58, 0x80, 0x30, 0xff,
    0x60, 0x7c, 0x38, 0xff, 0x58, 0x7c, 0x30, 0xff, 0x60, 0x80, 0x30, 0xff,
    0x60, 0x80, 0x38, 0xff, 0x58, 0x80, 0x30, 0xff, 0x60, 0x80, 0x30, 0xff,
    0x58, 0x7c, 0x38, 0xff, 0x58, 0x80, 0x30, 0xff, 0x60, 0x80, 0x30, 0xff,
    0x60, 0x80, 0x38, 0xff, 0x58, 0x7c, 0x30, 0xff, 0x60, 0x80, 0x38, 0xff,
    0x58, 0x80, 0x30, 0xff, 0x58, 0x7c, 0x30, 0xff, 0x58, 0x80, 0x38, 0xff,
    0x60, 0x80, 0x30, 0xff, 0x60, 0x7c, 0x30, 0xff, 0x58, 0x80, 0x38, 0xff,
    0x60, 0x80, 0x30, 0xff, 0x58, 0x80, 0x30, 0xff, 0x58, 0x7c, 0x38, 0xff,
    0x60, 0x80, 0x30, 0xff, 0x58, 0x80, 0x30, 0xff, 0x60, 0x7c, 0x38, 0xff,
    0x60, 0x80, 0x30, 0xff, 0x98, 0xb0, 0x80, 0xff, 0xe8, 0xf0, 0xe8, 0xff,
    0xf8, 0xfc, 0xf8, 0xff, 0xf8, 0xfc, 0xf8, 0xff, 0xf8, 0xfc, 0xf8, 0xff,
    0xf8, 0xfc, 0xf8, 0xff, 0xf8, 0xfc, 0xf8, 0xff, 0xf8, 0xfc, 0xf8, 0xff,
    0xf8, 0xfc, 0xf8, 0xff, 0xf8, 0xfc, 0xf8, 0xff, 0xf8, 0xfc, 0xf8, 0xff,
    0xf8, 0xfc, 0xf8, 0xff, 0xf8, 0xfc, 0xf8, 0xff, 0xf8, 0xfc, 0xf8, 0xff,
    0xf8, 0xfc, 0xf8, 0xff, 0xf8, 0xfc, 0xf8, 0xff, 0xf8, 0xfc, 0xf8, 0xff,
    0xf8, 0xfc, 0xf8, 0xff, 0xf8, 0xfc, 0xf8, 0xff, 0xf8, 0xfc, 0xf8, 0xff,
    0xf8, 0xfc, 0xf8, 0xff, 0xf8, 0xfc, 0xf8, 0xff, 0xf8, 0xfc, 0xf8, 0xff,
    0xf8, 0xfc, 0xf8, 0xff, 0xf8, 0xfc, 0xf8, 0xff, 0xf8, 0xf8, 0xf0, 0xff,
    0xb0, 0xc0, 0x98, 0xff, 0x58, 0x7c, 0x38, 0xff, 0x60, 0x80, 0x30, 0xff,
    0x58, 0x80, 0x30, 0xff, 0x60, 0x7c, 0x38, 0xff, 0x58, 0x80, 0x38, 0xff,
    0x60, 0x80, 0x30, 0xff, 0x60, 0x80, 0x38, 0xff, 0x60, 0x80, 0x38, 0xff,
    0x60, 0x80, 0x38, 0xff, 0x60, 0x80, 0x38, 0xff, 0x58, 0x7c, 0x40, 0x82,
    0x00, 0x00, 0x00, 0x00, 0x00, 0x00, 0x00, 0x00, 0x00, 0x00, 0x00, 0x00,
    0x00, 0x00, 0x00, 0x00, 0x40, 0x50, 0x30, 0x10, 0x40, 0x5c, 0x28, 0xdf,
    0x48, 0x64, 0x28, 0xff, 0x50, 0x6c, 0x30, 0xff, 0x58, 0x74, 0x30, 0xff,
    0x58, 0x7c, 0x30, 0xff, 0x58, 0x7c, 0x30, 0xff, 0x58, 0x7c, 0x38, 0xff,
    0x60, 0x80, 0x30, 0xff, 0x58, 0x80, 0x30, 0xff, 0x58, 0x80, 0x38, 0xff,
    0x60, 0x7c, 0x30, 0xff, 0x58, 0x80, 0x38, 0xff, 0x60, 0x80, 0x30, 0xff,
    0x58, 0x80, 0x30, 0xff, 0x60, 0x80, 0x38, 0xff, 0x60, 0x7c, 0x30, 0xff,
    0x58, 0x80, 0x30, 0xff, 0x60, 0x80, 0x38, 0xff, 0x58, 0x7c, 0x38, 0xff,
    0x58, 0x80, 0x30, 0xff, 0x60, 0x80, 0x30, 0xff, 0x60, 0x7c, 0x38, 0xff,
    0x58, 0x80, 0x30, 0xff, 0x60, 0x80, 0x30, 0xff, 0x58, 0x80, 0x38, 0xff,
    0x58, 0x80, 0x30, 0xff, 0x60, 0x7c, 0x38, 0xff, 0x60, 0x80, 0x30, 0xff,
    0x58, 0x80, 0x30, 0xff, 0x60, 0x80, 0x38, 0xff, 0x58, 0x80, 0x30, 0xff,
    0x58, 0x80, 0x30, 0xff, 0x60, 0x80, 0x38, 0xff, 0x60, 0x80, 0x30, 0xff,
    0x58, 0x80, 0x30, 0xff, 0x60, 0x7c, 0x38, 0xff, 0x60, 0x80, 0x30, 0xff,
    0x58, 0x80, 0x30, 0xff, 0x58, 0x80, 0x38, 0xff, 0x60, 0x80, 0x30, 0xff,
    0x58, 0x80, 0x38, 0xff, 0x60, 0x80, 0x30, 0xff, 0x60, 0x80, 0x38, 0xff,
    0x58, 0x80, 0x30, 0xff, 0x60, 0x7c, 0x30, 0xff, 0x58, 0x80, 0x38, 0xff,
    0x58, 0x80, 0x30, 0xff, 0x60, 0x80, 0x30, 0xff, 0x58, 0x80, 0x30, 0xff,
    0x60, 0x7c, 0x38, 0xff, 0x98, 0xb0, 0x80, 0xff, 0xd0, 0xd8, 0xc0, 0xff,
    0xe8, 0xf0, 0xe8, 0xff, 0xf8, 0xfc, 0xf8, 0xff, 0xf8, 0xfc, 0xf8, 0xff,
    0xf8, 0xfc, 0xf8, 0xff, 0xf8, 0xfc, 0xf8, 0xff, 0xf8, 0xfc, 0xf8, 0xff,
    0xf8, 0xfc, 0xf8, 0xff, 0xf8, 0xfc, 0xf8, 0xff, 0xf8, 0xfc, 0xf8, 0xff,
    0xf8, 0xfc, 0xf8, 0xff, 0xf8, 0xfc, 0xf8, 0xff, 0xf8, 0xfc, 0xf8, 0xff,
    0xf8, 0xfc, 0xf8, 0xff, 0xf8, 0xfc, 0xf8, 0xff, 0xf8, 0xfc, 0xf8, 0xff,
    0xf8, 0xfc, 0xf8, 0xff, 0xf8, 0xfc, 0xf8, 0xff, 0xf8, 0xfc, 0xf8, 0xff,
    0xf8, 0xf8, 0xf0, 0xff, 0xd8, 0xdc, 0xd0, 0xff, 0xa0, 0xb8, 0x90, 0xff,
    0x68, 0x88, 0x40, 0xff, 0x58, 0x7c, 0x30, 0xff, 0x58, 0x80, 0x30, 0xff,
    0x60, 0x80, 0x38, 0xff, 0x58, 0x80, 0x30, 0xff, 0x60, 0x80, 0x38, 0xff,
    0x60, 0x80, 0x30, 0xff, 0x60, 0x80, 0x38, 0xff, 0x60, 0x84, 0x38, 0xff,
    0x60, 0x84, 0x38, 0xff, 0x60, 0x80, 0x38, 0xff, 0x60, 0x7c, 0x38, 0xdf,
    0x00, 0x00, 0x00, 0x00, 0x00, 0x00, 0x00, 0x00, 0x00, 0x00, 0x00, 0x00,
    0x00, 0x00, 0x00, 0x00, 0x00, 0x00, 0x00, 0x00, 0x00, 0x00, 0x00, 0x00,
    0x40, 0x58, 0x28, 0x20, 0x48, 0x60, 0x30, 0xdf, 0x48, 0x68, 0x30, 0xff,
    0x50, 0x70, 0x30, 0xff, 0x58, 0x74, 0x30, 0xff, 0x58, 0x7c, 0x30, 0xff,
    0x60, 0x7c, 0x30, 0xff, 0x60, 0x80, 0x38, 0xff, 0x58, 0x80, 0x30, 0xff,
    0x60, 0x7c, 0x30, 0xff, 0x58, 0x80, 0x38, 0xff, 0x58, 0x80, 0x30, 0xff,
    0x60, 0x80, 0x30, 0xff, 0x58, 0x80, 0x38, 0xff, 0x58, 0x80, 0x30, 0xff,
    0x60, 0x80, 0x30, 0xff, 0x60, 0x80, 0x38, 0xff, 0x58, 0x80, 0x30, 0xff,
    0x60, 0x7c, 0x30, 0xff, 0x60, 0x80, 0x38, 0xff, 0x58, 0x80, 0x30, 0xff,
    0x60, 0x7c, 0x30, 0xff, 0x60, 0x80, 0x38, 0xff, 0x58, 0x80, 0x30, 0xff,
    0x60, 0x80, 0x30, 0xff, 0x58, 0x7c, 0x38, 0xff, 0x58, 0x80, 0x30, 0xff,
    0x60, 0x80, 0x30, 0xff, 0x58, 0x7c, 0x38, 0xff, 0x60, 0x80, 0x30, 0xff,
    0x60, 0x7c, 0x38, 0xff, 0x58, 0x7c, 0x30, 0xff, 0x58, 0x80, 0x30, 0xff,
    0x60, 0x80, 0x38, 0xff, 0x58, 0x7c, 0x30, 0xff, 0x58, 0x80, 0x38, 0xff,
    0x60, 0x80, 0x30, 0xff, 0x60, 0x7c, 0x38, 0xff, 0x58, 0x7c, 0x30, 0xff,
    0x58, 0x80, 0x30, 0xff, 0x60, 0x7c, 0x38, 0xff, 0x58, 0x7c, 0x30, 0xff,
    0x60, 0x80, 0x30, 0xff, 0x60, 0x80, 0x38, 0xff, 0x58, 0x80, 0x30, 0xff,
    0x60, 0x80, 0x38, 0xff, 0x58, 0x7c, 0x30, 0xff, 0x58, 0x80, 0x30, 0xff,
    0x60, 0x80, 0x38, 0xff, 0x58, 0x7c, 0x30, 0xff, 0x60, 0x80, 0x30, 0xff,
    0x58, 0x80, 0x30, 0xff, 0x60, 0x7c, 0x30, 0xff, 0x58, 0x80, 0x30, 0xff,
    0x70, 0x90, 0x50, 0xff, 0x78, 0x98, 0x58, 0xff, 0x88, 0xa0, 0x68, 0xff,
    0x88, 0x9c, 0x68, 0xff, 0x88, 0xa0, 0x68, 0xff, 0x88, 0xa0, 0x68, 0xff,
    0x80, 0xa0, 0x68, 0xff, 0x88, 0xa0, 0x68, 0xff, 0x88, 0xa0, 0x68, 0xff,
    0x88, 0xa0, 0x68, 0xff, 0x80, 0xa0, 0x68, 0xff, 0x88, 0xa0, 0x68, 0xff,
    0x88, 0xa0, 0x68, 0xff, 0x78, 0x98, 0x58, 0xff, 0x70, 0x8c, 0x50, 0xff,
    0x68, 0x88, 0x40, 0xff, 0x58, 0x80, 0x30, 0xff, 0x58, 0x80, 0x30, 0xff,
    0x58, 0x80, 0x38, 0xff, 0x60, 0x7c, 0x30, 0xff, 0x58, 0x80, 0x30, 0xff,
    0x60, 0x80, 0x38, 0xff, 0x58, 0x80, 0x30, 0xff, 0x60, 0x80, 0x38, 0xff,
    0x60, 0x80, 0x38, 0xff, 0x60, 0x80, 0x38, 0xff, 0x60, 0x80, 0x38, 0xff,
    0x60, 0x84, 0x38, 0xff, 0x60, 0x80, 0x40, 0xff, 0x60, 0x80, 0x38, 0xdf,
    0x60, 0x80, 0x38, 0x20, 0x00, 0x00, 0x00, 0x00, 0x00, 0x00, 0x00, 0x00,
    0x00, 0x00, 0x00, 0x00, 0x00, 0x00, 0x00, 0x00, 0x00, 0x00, 0x00, 0x00,
    0x00, 0x00, 0x00, 0x00, 0x00, 0x00, 0x00, 0x00, 0x48, 0x58, 0x28, 0x30,
    0x48, 0x60, 0x30, 0xdf, 0x50, 0x68, 0x30, 0xff, 0x50, 0x70, 0x30, 0xff,
    0x58, 0x78, 0x30, 0xff, 0x58, 0x7c, 0x38, 0xff, 0x58, 0x7c, 0x38, 0xff,
    0x60, 0x80, 0x38, 0xff, 0x60, 0x80, 0x30, 0xff, 0x58, 0x80, 0x30, 0xff,
    0x60, 0x80, 0x38, 0xff, 0x60, 0x80, 0x30, 0xff, 0x58, 0x80, 0x38, 0xff,
    0x58, 0x80, 0x30, 0xff, 0x60, 0x7c, 0x38, 0xff, 0x58, 0x80, 0x30, 0xff,
    0x58, 0x80, 0x30, 0xff, 0x60, 0x80, 0x38, 0xff, 0x58, 0x80, 0x30, 0xff,
    0x58, 0x80, 0x30, 0xff, 0x58, 0x80, 0x38, 0xff, 0x60, 0x7c, 0x38, 0xff,
    0x58, 0x80, 0x30, 0xff, 0x60, 0x80, 0x30, 0xff, 0x60, 0x80, 0x38, 0xff,
    0x58, 0x80, 0x30, 0xff, 0x60, 0x80, 0x38, 0xff, 0x58, 0x7c, 0x30, 0xff,
    0x58, 0x80, 0x30, 0xff, 0x60, 0x80, 0x38, 0xff, 0x60, 0x80, 0x30, 0xff,
    0x58, 0x80, 0x30, 0xff, 0x60, 0x7c, 0x38, 0xff, 0x60, 0x80, 0x30, 0xff,
    0x58, 0x80, 0x30, 0xff, 0x58, 0x80, 0x38, 0xff, 0x60, 0x80, 0x30, 0xff,
    0x60, 0x80, 0x30, 0xff, 0x58, 0x80, 0x38, 0xff, 0x60, 0x80, 0x30, 0xff,
    0x58, 0x80, 0x30, 0xff, 0x58, 0x7c, 0x38, 0xff, 0x60, 0x80, 0x30, 0xff,
    0x58, 0x80, 0x30, 0xff, 0x60, 0x7c, 0x38, 0xff, 0x60, 0x80, 0x30, 0xff,
    0x58, 0x80, 0x38, 0xff, 0x60, 0x80, 0x30, 0xff, 0x58, 0x80, 0x30, 0xff,
    0x58, 0x80, 0x38, 0xff, 0x60, 0x7c, 0x38, 0xff, 0x58, 0x80, 0x30, 0xff,
    0x60, 0x80, 0x30, 0xff, 0x60, 0x7c, 0x38, 0xff, 0x58, 0x80, 0x30, 0xff,
    0x58, 0x80, 0x30, 0xff, 0x58, 0x80, 0x30, 0xff, 0x58, 0x7c, 0x30, 0xff,
    0x58, 0x80, 0x30, 0xff, 0x60, 0x7c, 0x30, 0xff, 0x58, 0x80, 0x30, 0xff,
    0x58, 0x7c, 0x30, 0xff, 0x58, 0x7c, 0x30, 0xff, 0x60, 0x80, 0x30, 0xff,
    0x58, 0x7c, 0x38, 0xff, 0x58, 0x80, 0x30, 0xff, 0x60, 0x80, 0x30, 0xff,
    0x58, 0x80, 0x38, 0xff, 0x58, 0x80, 0x30, 0xff, 0x60, 0x80, 0x38, 0xff,
    0x60, 0x80, 0x30, 0xff, 0x58, 0x80, 0x30, 0xff, 0x60, 0x80, 0x38, 0xff,
    0x60, 0x80, 0x38, 0xff, 0x60, 0x80, 0x38, 0xff, 0x60, 0x80, 0x30, 0xff,
    0x60, 0x80, 0x38, 0xff, 0x60, 0x80, 0x38, 0xff, 0x60, 0x80, 0x38, 0xff,
    0x60, 0x84, 0x38, 0xff, 0x60, 0x80, 0x38, 0xff, 0x60, 0x7c, 0x38, 0xdf,
    0x60, 0x80, 0x40, 0x30, 0x00, 0x00, 0x00, 0x00, 0x00, 0x00, 0x00, 0x00,
    0x00, 0x00, 0x00, 0x00, 0x00, 0x00, 0x00, 0x00, 0x00, 0x00, 0x00, 0x00,
    0x00, 0x00, 0x00, 0x00, 0x00, 0x00, 0x00, 0x00, 0x00, 0x00, 0x00, 0x00,
    0x00, 0x00, 0x00, 0x00, 0x48, 0x60, 0x30, 0x20, 0x48, 0x64, 0x30, 0xdf,
    0x50, 0x6c, 0x30, 0xff, 0x58, 0x70, 0x30, 0xff, 0x58, 0x74, 0x30, 0xff,
    0x58, 0x78, 0x30, 0xff, 0x58, 0x7c, 0x38, 0xff, 0x58, 0x7c, 0x38, 0xff,
    0x60, 0x80, 0x38, 0xff, 0x60, 0x80, 0x30, 0xff, 0x60, 0x80, 0x38, 0xff,
    0x60, 0x80, 0x38, 0xff, 0x60, 0x80, 0x30, 0xff, 0x60, 0x80, 0x38, 0xff,
    0x60, 0x80, 0x38, 0xff, 0x60, 0x80, 0x30, 0xff, 0x60, 0x80, 0x38, 0xff,
    0x60, 0x80, 0x38, 0xff, 0x60, 0x80, 0x30, 0xff, 0x60, 0x80, 0x38, 0xff,
    0x58, 0x80, 0x38, 0xff, 0x60, 0x80, 0x30, 0xff, 0x60, 0x80, 0x38, 0xff,
    0x60, 0x80, 0x38, 0xff, 0x60, 0x80, 0x30, 0xff, 0x60, 0x80, 0x38, 0xff,
    0x60, 0x80, 0x38, 0xff, 0x58, 0x80, 0x30, 0xff, 0x60, 0x80, 0x38, 0xff,
    0x60, 0x80, 0x38, 0xff, 0x58, 0x80, 0x38, 0xff, 0x60, 0x80, 0x30, 0xff,
    0x60, 0x80, 0x38, 0xff, 0x60, 0x80, 0x38, 0xff, 0x60, 0x80, 0x30, 0xff,
    0x58, 0x80, 0x38, 0xff, 0x60, 0x80, 0x38, 0xff, 0x60, 0x80, 0x38, 0xff,
    0x60, 0x80, 0x30, 0xff, 0x60, 0x80, 0x38, 0xff, 0x60, 0x80, 0x38, 0xff,
    0x58, 0x80, 0x30, 0xff, 0x60, 0x80, 0x38, 0xff, 0x60, 0x80, 0x38, 0xff,
    0x60, 0x80, 0x30, 0xff, 0x60, 0x80, 0x38, 0xff, 0x60, 0x80, 0x38, 0xff,
    0x60, 0x80, 0x30, 0xff, 0x60, 0x80, 0x38, 0xff, 0x60, 0x80, 0x38, 0xff,
    0x60, 0x80, 0x30, 0xff, 0x60, 0x80, 0x38, 0xff, 0x60, 0x80, 0x38, 0xff,
    0x60, 0x80, 0x30, 0xff, 0x60, 0x80, 0x38, 0xff, 0x60, 0x80, 0x38, 0xff,
    0x60, 0x80, 0x38, 0xff, 0x60, 0x80, 0x38, 0xff, 0x60, 0x80, 0x38, 0xff,
    0x60, 0x80, 0x38, 0xff, 0x60, 0x80, 0x38, 0xff, 0x60, 0x80, 0x38, 0xff,
    0x60, 0x80, 0x30, 0xff, 0x60, 0x80, 0x38, 0xff, 0x60, 0x80, 0x38, 0xff,
    0x60, 0x80, 0x30, 0xff, 0x60, 0x80, 0x38, 0xff, 0x60, 0x80, 0x38, 0xff,
    0x60, 0x80, 0x38, 0xff, 0x60, 0x80, 0x38, 0xff, 0x60, 0x80, 0x38, 0xff,
    0x60, 0x80, 0x38, 0xff, 0x60, 0x80, 0x38, 0xff, 0x60, 0x80, 0x38, 0xff,
    0x60, 0x80, 0x38, 0xff, 0x58, 0x80, 0x38, 0xff, 0x60, 0x84, 0x38, 0xff,
    0x60, 0x80, 0x38, 0xff, 0x60, 0x80, 0x38, 0xff, 0x60, 0x80, 0x40, 0xdf,
    0x60, 0x80, 0x38, 0x20, 0x00, 0x00, 0x00, 0x00, 0x00, 0x00, 0x00, 0x00,
    0x00, 0x00, 0x00, 0x00, 0x00, 0x00, 0x00, 0x00, 0x00, 0x00, 0x00, 0x00,
    0x00, 0x00, 0x00, 0x00, 0x00, 0x00, 0x00, 0x00, 0x00, 0x00, 0x00, 0x00,
    0x00, 0x00, 0x00, 0x00, 0x00, 0x00, 0x00, 0x00, 0x00, 0x00, 0x00, 0x00,
    0x00, 0x00, 0x00, 0x00, 0x50, 0x68, 0x30, 0x82, 0x50, 0x6c, 0x30, 0xff,
    0x50, 0x70, 0x38, 0xff, 0x58, 0x74, 0x38, 0xff, 0x58, 0x78, 0x30, 0xff,
    0x58, 0x7c, 0x38, 0xff, 0x60, 0x7c, 0x38, 0xff, 0x58, 0x7c, 0x38, 0xff,
    0x58, 0x80, 0x38, 0xff, 0x60, 0x7c, 0x38, 0xff, 0x58, 0x80, 0x38, 0xff,
    0x58, 0x80, 0x38, 0xff, 0x60, 0x80, 0x38, 0xff, 0x58, 0x80, 0x38, 0xff,
    0x58, 0x80, 0x38, 0xff, 0x60, 0x80, 0x38, 0xff, 0x60, 0x80, 0x38, 0xff,
    0x58, 0x80, 0x38, 0xff, 0x60, 0x80, 0x38, 0xff, 0x60, 0x80, 0x38, 0xff,
    0x58, 0x80, 0x38, 0xff, 0x58, 0x80, 0x38, 0xff, 0x58, 0x80, 0x38, 0xff,
    0x60, 0x80, 0x38, 0xff, 0x60, 0x80, 0x38, 0xff, 0x58, 0x80, 0x38, 0xff,
    0x60, 0x80, 0x38, 0xff, 0x60, 0x80, 0x38, 0xff, 0x58, 0x80, 0x38, 0xff,
    0x58, 0x80, 0x38, 0xff, 0x60, 0x80, 0x38, 0xff, 0x58, 0x80, 0x38, 0xff,
    0x60, 0x80, 0x38, 0xff, 0x60, 0x80, 0x38, 0xff, 0x58, 0x80, 0x38, 0xff,
    0x58, 0x80, 0x38, 0xff, 0x60, 0x80, 0x38, 0xff, 0x60, 0x80, 0x38, 0xff,
    0x58, 0x80, 0x38, 0xff, 0x60, 0x80, 0x38, 0xff, 0x58, 0x80, 0x38, 0xff,
    0x58, 0x80, 0x38, 0xff, 0x58, 0x80, 0x38, 0xff, 0x60, 0x80, 0x38, 0xff,
    0x58, 0x80, 0x38, 0xff, 0x58, 0x80, 0x38, 0xff, 0x60, 0x80, 0x38, 0xff,
    0x60, 0x80, 0x38, 0xff, 0x58, 0x80, 0x38, 0xff, 0x58, 0x80, 0x38, 0xff,
    0x58, 0x80, 0x38, 0xff, 0x60, 0x80, 0x38, 0xff, 0x60, 0x80, 0x38, 0xff,
    0x58, 0x80, 0x38, 0xff, 0x60, 0x80, 0x38, 0xff, 0x58, 0x80, 0x38, 0xff,
    0x58, 0x80, 0x38, 0xff, 0x60, 0x80, 0x38, 0xff, 0x58, 0x80, 0x38, 0xff,
    0x60, 0x80, 0x38, 0xff, 0x58, 0x80, 0x38, 0xff, 0x58, 0x80, 0x38, 0xff,
    0x60, 0x80, 0x38, 0xff, 0x58, 0x80, 0x38, 0xff, 0x60, 0x80, 0x38, 0xff,
    0x60, 0x80, 0x38, 0xff, 0x58, 0x80, 0x38, 0xff, 0x60, 0x80, 0x38, 0xff,
    0x60, 0x80, 0x38, 0xff, 0x60, 0x80, 0x38, 0xff, 0x58, 0x80, 0x38, 0xff,
    0x60, 0x80, 0x38, 0xff, 0x60, 0x80, 0x38, 0xff, 0x60, 0x80, 0x38, 0xff,
    0x60, 0x80, 0x38, 0xff, 0x60, 0x7c, 0x40, 0xff, 0x58, 0x78, 0x40, 0x8e,
    0x60, 0x70, 0x40, 0x10, 0x00, 0x00, 0x00, 0x00, 0x00, 0x00, 0x00, 0x00,
    0x00, 0x00, 0x00, 0x00, 0x00, 0x00, 0x00, 0x00, 0x00, 0x00, 0x00, 0x00,
    0x00, 0x00, 0x00, 0x00, 0x00, 0x00, 0x00, 0x00, 0x00, 0x00, 0x00, 0x00,
    0x00, 0x00, 0x00, 0x00, 0x00, 0x00, 0x00, 0x00, 0x00, 0x00, 0x00, 0x00,
    0x00, 0x00, 0x00, 0x00, 0x00, 0x00, 0x00, 0x00, 0x00, 0x00, 0x00, 0x00,
    0x50, 0x68, 0x30, 0x20, 0x50, 0x68, 0x30, 0x9e, 0x58, 0x70, 0x38, 0xef,
    0x58, 0x74, 0x38, 0xff, 0x58, 0x74, 0x30, 0xff, 0x58, 0x78, 0x38, 0xff,
    0x58, 0x78, 0x38, 0xff, 0x60, 0x7c, 0x38, 0xff, 0x58, 0x7c, 0x38, 0xff,
    0x60, 0x7c, 0x38, 0xff, 0x60, 0x7c, 0x38, 0xff, 0x60, 0x7c, 0x38, 0xff,
    0x58, 0x7c, 0x38, 0xff, 0x60, 0x7c, 0x38, 0xff, 0x60, 0x7c, 0x38, 0xff,
    0x58, 0x7c, 0x38, 0xff, 0x60, 0x7c, 0x38, 0xff, 0x60, 0x7c, 0x38, 0xff,
    0x58, 0x7c, 0x38, 0xff, 0x60, 0x7c, 0x38, 0xff, 0x60, 0x7c, 0x38, 0xff,
    0x58, 0x7c, 0x38, 0xff, 0x60, 0x7c, 0x38, 0xff, 0x58, 0x7c, 0x38, 0xff,
    0x60, 0x7c, 0x38, 0xff, 0x60, 0x7c, 0x38, 0xff, 0x58, 0x7c, 0x38, 0xff,
    0x60, 0x7c, 0x38, 0xff, 0x60, 0x7c, 0x38, 0xff, 0x58, 0x7c, 0x38, 0xff,
    0x60, 0x7c, 0x38, 0xff, 0x58, 0x7c, 0x38, 0xff, 0x60, 0x7c, 0x38, 0xff,
    0x60, 0x7c, 0x38, 0xff, 0x58, 0x7c, 0x38, 0xff, 0x60, 0x7c, 0x38, 0xff,
    0x58, 0x7c, 0x38, 0xff, 0x60, 0x7c, 0x38, 0xff, 0x60, 0x7c, 0x38, 0xff,
    0x60, 0x7c, 0x38, 0xff, 0x60, 0x7c, 0x38, 0xff, 0x60, 0x7c, 0x38, 0xff,
    0x58, 0x7c, 0x38, 0xff, 0x60, 0x7c, 0x38, 0xff, 0x60, 0x7c, 0x38, 0xff,
    0x58, 0x7c, 0x38, 0xff, 0x58, 0x7c, 0x38, 0xff, 0x60, 0x7c, 0x38, 0xff,
    0x60, 0x7c, 0x38, 0xff, 0x58, 0x7c, 0x38, 0xff, 0x60, 0x7c, 0x38, 0xff,
    0x58, 0x7c, 0x38, 0xff, 0x60, 0x7c, 0x38, 0xff, 0x60, 0x7c, 0x38, 0xff,
    0x58, 0x7c, 0x38, 0xff, 0x60, 0x7c, 0x38, 0xff, 0x60, 0x7c, 0x38, 0xff,
    0x58, 0x7c, 0x38, 0xff, 0x60, 0x7c, 0x38, 0xff, 0x60, 0x7c, 0x38, 0xff,
    0x58, 0x7c, 0x38, 0xff, 0x60, 0x7c, 0x38, 0xff, 0x58, 0x7c, 0x38, 0xff,
    0x58, 0x7c, 0x38, 0xff, 0x60, 0x7c, 0x38, 0xff, 0x60, 0x7c, 0x38, 0xff,
    0x58, 0x7c, 0x38, 0xff, 0x60, 0x7c, 0x38, 0xff, 0x58, 0x7c, 0x38, 0xff,
    0x60, 0x7c, 0x38, 0xff, 0x60, 0x7c, 0x38, 0xff, 0x60, 0x7c, 0x38, 0xff,
    0x60, 0x7c, 0x38, 0xef, 0x58, 0x7c, 0x40, 0x8e, 0x60, 0x78, 0x38, 0x20,
    0x00, 0x00, 0x00, 0x00, 0x00, 0x00, 0x00, 0x00, 0x00, 0x00, 0x00, 0x00,
    0x00, 0x00, 0x00, 0x00, 0x00, 0x00, 0x00, 0x00, 0x00, 0x00, 0x00, 0x00,
    0x00, 0x00, 0x00, 0x00, 0x00, 0x00, 0x00, 0x00, 0x00, 0x00, 0x00, 0x00,
    0x00, 0x00, 0x00, 0x00, 0x00, 0x00, 0x00, 0x00, 0x00, 0x00, 0x00, 0x00,
    0x00, 0x00, 0x00, 0x00, 0x00, 0x00, 0x00, 0x00, 0x00, 0x00, 0x00, 0x00,
    0x00, 0x00, 0x00, 0x00, 0x00, 0x00, 0x00, 0x00, 0x00, 0x00, 0x00, 0x00,
    0x00, 0x00, 0x00, 0x00, 0x58, 0x70, 0x30, 0x41, 0x58, 0x74, 0x30, 0x71,
    0x58, 0x70, 0x38, 0x9e, 0x58, 0x74, 0x38, 0xbe, 0x58, 0x74, 0x38, 0xcf,
    0x58, 0x74, 0x38, 0xdf, 0x58, 0x74, 0x38, 0xdf, 0x58, 0x78, 0x38, 0xff,
    0x58, 0x78, 0x38, 0xff, 0x58, 0x78, 0x38, 0xff, 0x58, 0x78, 0x38, 0xff,
    0x58, 0x78, 0x38, 0xff, 0x58, 0x78, 0x38, 0xff, 0x58, 0x78, 0x38, 0xff,
    0x58, 0x78, 0x38, 0xff, 0x58, 0x78, 0x38, 0xff, 0x58, 0x78, 0x38, 0xff,
    0x58, 0x78, 0x38, 0xff, 0x58, 0x78, 0x38, 0xff, 0x58, 0x78, 0x38, 0xff,
    0x58, 0x78, 0x38, 0xff, 0x58, 0x78, 0x38, 0xff, 0x58, 0x78, 0x38, 0xff,
    0x58, 0x78, 0x38, 0xff, 0x58, 0x78, 0x38, 0xff, 0x58, 0x78, 0x38, 0xff,
    0x58, 0x78, 0x38, 0xff, 0x58, 0x78, 0x38, 0xff, 0x58, 0x78, 0x38, 0xff,
    0x58, 0x78, 0x38, 0xff, 0x58, 0x78, 0x38, 0xff, 0x58, 0x78, 0x38, 0xff,
    0x58, 0x78, 0x38, 0xff, 0x58, 0x78, 0x38, 0xff, 0x58, 0x78, 0x38, 0xff,
    0x58, 0x78, 0x38, 0xff, 0x58, 0x78, 0x38, 0xff, 0x58, 0x78, 0x38, 0xff,
    0x58, 0x78, 0x38, 0xff, 0x58, 0x78, 0x38, 0xff, 0x58, 0x78, 0x38, 0xff,
    0x58, 0x78, 0x38, 0xff, 0x58, 0x78, 0x38, 0xff, 0x58, 0x78, 0x38, 0xff,
    0x58, 0x78, 0x38, 0xff, 0x58, 0x78, 0x38, 0xff, 0x58, 0x78, 0x38, 0xff,
    0x58, 0x78, 0x38, 0xff, 0x58, 0x78, 0x38, 0xff, 0x58, 0x78, 0x38, 0xff,
    0x58, 0x78, 0x38, 0xff, 0x58, 0x78, 0x38, 0xff, 0x58, 0x78, 0x38, 0xff,
    0x58, 0x78, 0x38, 0xff, 0x58, 0x78, 0x38, 0xff, 0x58, 0x78, 0x38, 0xff,
    0x58, 0x78, 0x38, 0xff, 0x58, 0x78, 0x38, 0xff, 0x58, 0x78, 0x38, 0xff,
    0x58, 0x78, 0x38, 0xff, 0x58, 0x78, 0x38, 0xff, 0x58, 0x78, 0x38, 0xff,
    0x58, 0x78, 0x38, 0xdf, 0x58, 0x78, 0x38, 0xdf, 0x58, 0x78, 0x38, 0xcf,
    0x58, 0x78, 0x38, 0xae, 0x58, 0x78, 0x38, 0x9e, 0x60, 0x78, 0x38, 0x71,
    0x58, 0x78, 0x40, 0x41, 0x60, 0x70, 0x40, 0x10, 0x00, 0x00, 0x00, 0x00,
    0x00, 0x00, 0x00, 0x00, 0x00, 0x00, 0x00, 0x00, 0x00, 0x00, 0x00, 0x00,
    0x00, 0x00, 0x00, 0x00, 0x00, 0x00, 0x00, 0x00, 0x00, 0x00, 0x00, 0x00,
    0x00, 0x00, 0x00, 0x00, 0x00, 0x00, 0x00, 0x00, 0x00, 0x00, 0x00, 0x00
};
