// 4.26.0 0xe6b6acfb D2 AY R0 FARGB8888 U565 N0 SExtFlashSection
// Generated by imageconverter. Please, do not edit!

#include <touchgfx/hal/Config.hpp>

LOCATION_PRAGMA_32("ExtFlashSection")
KEEP extern const unsigned char image_toggle[] LOCATION_ATTRIBUTE_32("ExtFlashSection") = { // 91x51 ARGB8888 pixels.
    0x00, 0x00, 0x00, 0x00, 0x00, 0x00, 0x00, 0x00, 0x00, 0x00, 0x00, 0x00,
    0x00, 0x00, 0x00, 0x00, 0x00, 0x00, 0x00, 0x00, 0x00, 0x00, 0x00, 0x00,
    0x00, 0x00, 0x00, 0x00, 0x00, 0x00, 0x00, 0x00, 0x00, 0x00, 0x00, 0x00,
    0x00, 0x00, 0x00, 0x00, 0x10, 0x10, 0x10, 0x10, 0x08, 0x10, 0x10, 0x41,
    0x10, 0x10, 0x10, 0x71, 0x10, 0x10, 0x10, 0x9e, 0x10, 0x10, 0x10, 0xae,
    0x10, 0x10, 0x10, 0xcf, 0x10, 0x10, 0x10, 0xdf, 0x10, 0x10, 0x10, 0xdf,
    0x10, 0x10, 0x10, 0xff, 0x10, 0x10, 0x10, 0xff, 0x10, 0x10, 0x10, 0xff,
    0x10, 0x10, 0x10, 0xff, 0x10, 0x10, 0x10, 0xff, 0x10, 0x10, 0x10, 0xff,
    0x10, 0x10, 0x10, 0xff, 0x10, 0x10, 0x10, 0xff, 0x10, 0x10, 0x10, 0xff,
    0x10, 0x10, 0x10, 0xff, 0x10, 0x10, 0x10, 0xff, 0x10, 0x10, 0x10, 0xff,
    0x10, 0x10, 0x10, 0xff, 0x10, 0x10, 0x10, 0xff, 0x10, 0x10, 0x10, 0xff,
    0x10, 0x10, 0x10, 0xff, 0x10, 0x10, 0x10, 0xff, 0x10, 0x10, 0x10, 0xff,
    0x10, 0x10, 0x10, 0xff, 0x10, 0x10, 0x10, 0xff, 0x10, 0x10, 0x10, 0xff,
    0x10, 0x10, 0x10, 0xff, 0x10, 0x10, 0x10, 0xff, 0x10, 0x10, 0x10, 0xff,
    0x10, 0x10, 0x10, 0xff, 0x10, 0x10, 0x10, 0xff, 0x10, 0x10, 0x10, 0xff,
    0x10, 0x10, 0x10, 0xff, 0x10, 0x10, 0x10, 0xff, 0x10, 0x10, 0x10, 0xff,
    0x10, 0x10, 0x10, 0xff, 0x10, 0x10, 0x10, 0xff, 0x10, 0x10, 0x10, 0xff,
    0x10, 0x10, 0x10, 0xff, 0x10, 0x10, 0x10, 0xff, 0x10, 0x10, 0x10, 0xff,
    0x10, 0x10, 0x10, 0xff, 0x10, 0x10, 0x10, 0xff, 0x10, 0x10, 0x10, 0xff,
    0x10, 0x10, 0x10, 0xff, 0x10, 0x10, 0x10, 0xff, 0x10, 0x10, 0x10, 0xff,
    0x10, 0x10, 0x10, 0xff, 0x10, 0x10, 0x10, 0xff, 0x10, 0x10, 0x10, 0xff,
    0x10, 0x10, 0x10, 0xff, 0x10, 0x10, 0x10, 0xff, 0x10, 0x10, 0x10, 0xff,
    0x10, 0x10, 0x10, 0xff, 0x10, 0x10, 0x10, 0xff, 0x10, 0x10, 0x10, 0xff,
    0x10, 0x10, 0x10, 0xff, 0x10, 0x10, 0x10, 0xff, 0x10, 0x10, 0x10, 0xff,
    0x10, 0x10, 0x10, 0xff, 0x10, 0x10, 0x10, 0xdf, 0x10, 0x10, 0x10, 0xdf,
    0x10, 0x10, 0x10, 0xcf, 0x10, 0x10, 0x10, 0xbe, 0x10, 0x10, 0x10, 0x9e,
    0x10, 0x10, 0x10, 0x71, 0x10, 0x10, 0x10, 0x41, 0x00, 0x00, 0x00, 0x00,
    0x00, 0x00, 0x00, 0x00, 0x00, 0x00, 0x00, 0x00, 0x00, 0x00, 0x00, 0x00,
    0x00, 0x00, 0x00, 0x00, 0x00, 0x00, 0x00, 0x00, 0x00, 0x00, 0x00, 0x00,
    0x00, 0x00, 0x00, 0x00, 0x00, 0x00, 0x00, 0x00, 0x00, 0x00, 0x00, 0x00,
    0x00, 0x00, 0x00, 0x00, 0x00, 0x00, 0x00, 0x00, 0x00, 0x00, 0x00, 0x00,
    0x00, 0x00, 0x00, 0x00, 0x00, 0x00, 0x00, 0x00, 0x00, 0x00, 0x00, 0x00,
    0x00, 0x00, 0x00, 0x00, 0x00, 0x00, 0x00, 0x00, 0x00, 0x00, 0x00, 0x00,
    0x10, 0x10, 0x10, 0x20, 0x10, 0x0c, 0x10, 0x8e, 0x10, 0x10, 0x10, 0xef,
    0x10, 0x10, 0x10, 0xff, 0x10, 0x10, 0x10, 0xff, 0x10, 0x10, 0x10, 0xff,
    0x10, 0x10, 0x10, 0xff, 0x10, 0x10, 0x10, 0xff, 0x10, 0x10, 0x10, 0xff,
    0x10, 0x10, 0x10, 0xff, 0x10, 0x10, 0x10, 0xff, 0x10, 0x10, 0x10, 0xff,
    0x10, 0x10, 0x10, 0xff, 0x10, 0x14, 0x10, 0xff, 0x10, 0x14, 0x10, 0xff,
    0x10, 0x10, 0x10, 0xff, 0x10, 0x14, 0x10, 0xff, 0x10, 0x14, 0x10, 0xff,
    0x10, 0x10, 0x10, 0xff, 0x10, 0x14, 0x10, 0xff, 0x10, 0x14, 0x10, 0xff,
    0x10, 0x10, 0x10, 0xff, 0x10, 0x14, 0x10, 0xff, 0x10, 0x14, 0x10, 0xff,
    0x10, 0x10, 0x10, 0xff, 0x10, 0x14, 0x10, 0xff, 0x10, 0x14, 0x10, 0xff,
    0x10, 0x10, 0x10, 0xff, 0x10, 0x14, 0x10, 0xff, 0x10, 0x10, 0x10, 0xff,
    0x10, 0x14, 0x10, 0xff, 0x10, 0x14, 0x10, 0xff, 0x10, 0x10, 0x10, 0xff,
    0x10, 0x14, 0x10, 0xff, 0x10, 0x14, 0x10, 0xff, 0x10, 0x10, 0x10, 0xff,
    0x10, 0x14, 0x10, 0xff, 0x10, 0x14, 0x10, 0xff, 0x10, 0x10, 0x10, 0xff,
    0x10, 0x14, 0x10, 0xff, 0x10, 0x14, 0x10, 0xff, 0x10, 0x10, 0x10, 0xff,
    0x10, 0x14, 0x10, 0xff, 0x10, 0x10, 0x10, 0xff, 0x10, 0x10, 0x10, 0xff,
    0x10, 0x14, 0x10, 0xff, 0x10, 0x10, 0x10, 0xff, 0x10, 0x14, 0x10, 0xff,
    0x10, 0x10, 0x10, 0xff, 0x10, 0x14, 0x10, 0xff, 0x10, 0x10, 0x10, 0xff,
    0x10, 0x14, 0x10, 0xff, 0x10, 0x10, 0x10, 0xff, 0x10, 0x14, 0x10, 0xff,
    0x10, 0x10, 0x10, 0xff, 0x10, 0x14, 0x10, 0xff, 0x10, 0x10, 0x10, 0xff,
    0x10, 0x14, 0x10, 0xff, 0x10, 0x14, 0x10, 0xff, 0x10, 0x10, 0x10, 0xff,
    0x10, 0x14, 0x10, 0xff, 0x10, 0x14, 0x10, 0xff, 0x10, 0x14, 0x10, 0xff,
    0x10, 0x14, 0x10, 0xff, 0x10, 0x14, 0x18, 0xff, 0x10, 0x14, 0x10, 0xff,
    0x10, 0x14, 0x10, 0xff, 0x10, 0x14, 0x10, 0xff, 0x10, 0x10, 0x10, 0xff,
    0x10, 0x14, 0x10, 0xff, 0x10, 0x14, 0x10, 0xff, 0x10, 0x10, 0x10, 0xff,
    0x10, 0x14, 0x10, 0xef, 0x10, 0x14, 0x10, 0x9e, 0x10, 0x10, 0x10, 0x20,
    0x00, 0x00, 0x00, 0x00, 0x00, 0x00, 0x00, 0x00, 0x00, 0x00, 0x00, 0x00,
    0x00, 0x00, 0x00, 0x00, 0x00, 0x00, 0x00, 0x00, 0x00, 0x00, 0x00, 0x00,
    0x00, 0x00, 0x00, 0x00, 0x00, 0x00, 0x00, 0x00, 0x00, 0x00, 0x00, 0x00,
    0x00, 0x00, 0x00, 0x00, 0x00, 0x00, 0x00, 0x00, 0x00, 0x00, 0x00, 0x00,
    0x00, 0x00, 0x00, 0x00, 0x00, 0x00, 0x00, 0x00, 0x10, 0x10, 0x10, 0x10,
    0x08, 0x0c, 0x10, 0x8e, 0x10, 0x0c, 0x10, 0xff, 0x10, 0x10, 0x10, 0xff,
    0x10, 0x10, 0x10, 0xff, 0x10, 0x10, 0x10, 0xff, 0x10, 0x10, 0x10, 0xff,
    0x10, 0x10, 0x10, 0xff, 0x10, 0x14, 0x10, 0xff, 0x10, 0x14, 0x10, 0xff,
    0x10, 0x14, 0x10, 0xff, 0x10, 0x14, 0x18, 0xff, 0x10, 0x14, 0x10, 0xff,
    0x10, 0x14, 0x18, 0xff, 0x10, 0x14, 0x18, 0xff, 0x10, 0x14, 0x18, 0xff,
    0x10, 0x14, 0x18, 0xff, 0x10, 0x14, 0x18, 0xff, 0x10, 0x14, 0x18, 0xff,
    0x10, 0x14, 0x18, 0xff, 0x10, 0x14, 0x18, 0xff, 0x10, 0x14, 0x18, 0xff,
    0x10, 0x14, 0x18, 0xff, 0x10, 0x14, 0x18, 0xff, 0x10, 0x14, 0x18, 0xff,
    0x10, 0x14, 0x18, 0xff, 0x10, 0x14, 0x18, 0xff, 0x10, 0x14, 0x18, 0xff,
    0x10, 0x14, 0x18, 0xff, 0x10, 0x14, 0x18, 0xff, 0x10, 0x14, 0x18, 0xff,
    0x10, 0x14, 0x18, 0xff, 0x10, 0x14, 0x18, 0xff, 0x10, 0x14, 0x18, 0xff,
    0x10, 0x14, 0x18, 0xff, 0x10, 0x14, 0x18, 0xff, 0x10, 0x14, 0x18, 0xff,
    0x10, 0x14, 0x18, 0xff, 0x10, 0x14, 0x18, 0xff, 0x10, 0x14, 0x18, 0xff,
    0x10, 0x14, 0x18, 0xff, 0x10, 0x14, 0x18, 0xff, 0x10, 0x14, 0x18, 0xff,
    0x10, 0x14, 0x18, 0xff, 0x10, 0x14, 0x18, 0xff, 0x10, 0x14, 0x18, 0xff,
    0x10, 0x14, 0x18, 0xff, 0x10, 0x14, 0x18, 0xff, 0x10, 0x14, 0x18, 0xff,
    0x10, 0x14, 0x18, 0xff, 0x10, 0x14, 0x18, 0xff, 0x10, 0x14, 0x18, 0xff,
    0x10, 0x14, 0x18, 0xff, 0x10, 0x14, 0x18, 0xff, 0x10, 0x14, 0x18, 0xff,
    0x10, 0x14, 0x18, 0xff, 0x10, 0x14, 0x18, 0xff, 0x10, 0x14, 0x18, 0xff,
    0x10, 0x14, 0x18, 0xff, 0x10, 0x14, 0x18, 0xff, 0x10, 0x14, 0x18, 0xff,
    0x10, 0x14, 0x18, 0xff, 0x10, 0x14, 0x18, 0xff, 0x10, 0x14, 0x18, 0xff,
    0x10, 0x14, 0x18, 0xff, 0x10, 0x14, 0x18, 0xff, 0x10, 0x14, 0x18, 0xff,
    0x10, 0x14, 0x18, 0xff, 0x10, 0x14, 0x18, 0xff, 0x10, 0x14, 0x10, 0xff,
    0x10, 0x14, 0x18, 0xff, 0x10, 0x14, 0x18, 0xff, 0x10, 0x14, 0x18, 0xff,
    0x10, 0x14, 0x10, 0xff, 0x10, 0x14, 0x18, 0xff, 0x18, 0x14, 0x18, 0xff,
    0x18, 0x14, 0x18, 0xff, 0x10, 0x14, 0x18, 0x7d, 0x00, 0x00, 0x00, 0x00,
    0x00, 0x00, 0x00, 0x00, 0x00, 0x00, 0x00, 0x00, 0x00, 0x00, 0x00, 0x00,
    0x00, 0x00, 0x00, 0x00, 0x00, 0x00, 0x00, 0x00, 0x00, 0x00, 0x00, 0x00,
    0x00, 0x00, 0x00, 0x00, 0x00, 0x00, 0x00, 0x00, 0x00, 0x00, 0x00, 0x00,
    0x00, 0x00, 0x00, 0x00, 0x00, 0x00, 0x00, 0x00, 0x10, 0x10, 0x10, 0x20,
    0x10, 0x10, 0x10, 0xdf, 0x10, 0x10, 0x10, 0xff, 0x10, 0x10, 0x10, 0xff,
    0x10, 0x10, 0x10, 0xff, 0x10, 0x10, 0x10, 0xff, 0x10, 0x14, 0x10, 0xff,
    0x10, 0x14, 0x10, 0xff, 0x10, 0x14, 0x18, 0xff, 0x10, 0x14, 0x18, 0xff,
    0x10, 0x14, 0x18, 0xff, 0x18, 0x14, 0x18, 0xff, 0x10, 0x18, 0x18, 0xff,
    0x18, 0x14, 0x18, 0xff, 0x18, 0x18, 0x18, 0xff, 0x10, 0x18, 0x18, 0xff,
    0x18, 0x14, 0x18, 0xff, 0x18, 0x14, 0x18, 0xff, 0x18, 0x18, 0x18, 0xff,
    0x18, 0x14, 0x18, 0xff, 0x18, 0x14, 0x18, 0xff, 0x18, 0x18, 0x18, 0xff,
    0x18, 0x14, 0x18, 0xff, 0x18, 0x14, 0x18, 0xff, 0x18, 0x18, 0x18, 0xff,
    0x18, 0x14, 0x18, 0xff, 0x18, 0x14, 0x18, 0xff, 0x18, 0x18, 0x18, 0xff,
    0x18, 0x14, 0x18, 0xff, 0x18, 0x14, 0x18, 0xff, 0x18, 0x18, 0x18, 0xff,
    0x18, 0x14, 0x18, 0xff, 0x18, 0x14, 0x18, 0xff, 0x18, 0x18, 0x18, 0xff,
    0x18, 0x14, 0x18, 0xff, 0x18, 0x14, 0x18, 0xff, 0x18, 0x18, 0x18, 0xff,
    0x18, 0x14, 0x18, 0xff, 0x18, 0x14, 0x18, 0xff, 0x18, 0x18, 0x18, 0xff,
    0x18, 0x14, 0x18, 0xff, 0x18, 0x14, 0x18, 0xff, 0x18, 0x18, 0x18, 0xff,
    0x10, 0x14, 0x18, 0xff, 0x18, 0x14, 0x18, 0xff, 0x18, 0x18, 0x18, 0xff,
    0x18, 0x18, 0x18, 0xff, 0x18, 0x14, 0x10, 0xff, 0x18, 0x18, 0x18, 0xff,
    0x18, 0x18, 0x18, 0xff, 0x10, 0x14, 0x18, 0xff, 0x18, 0x18, 0x18, 0xff,
    0x18, 0x14, 0x18, 0xff, 0x18, 0x18, 0x18, 0xff, 0x18, 0x14, 0x18, 0xff,
    0x18, 0x18, 0x18, 0xff, 0x18, 0x14, 0x18, 0xff, 0x10, 0x18, 0x18, 0xff,
    0x18, 0x14, 0x18, 0xff, 0x18, 0x18, 0x18, 0xff, 0x18, 0x14, 0x18, 0xff,
    0x18, 0x14, 0x18, 0xff, 0x18, 0x18, 0x18, 0xff, 0x18, 0x14, 0x18, 0xff,
    0x18, 0x14, 0x18, 0xff, 0x18, 0x14, 0x18, 0xff, 0x18, 0x14, 0x10, 0xff,
    0x18, 0x14, 0x18, 0xff, 0x18, 0x14, 0x18, 0xff, 0x18, 0x14, 0x18, 0xff,
    0x18, 0x14, 0x18, 0xff, 0x18, 0x14, 0x18, 0xff, 0x18, 0x14, 0x18, 0xff,
    0x10, 0x14, 0x18, 0xff, 0x18, 0x14, 0x18, 0xff, 0x18, 0x14, 0x18, 0xff,
    0x10, 0x14, 0x10, 0xff, 0x10, 0x14, 0x18, 0xff, 0x18, 0x18, 0x18, 0xff,
    0x18, 0x18, 0x18, 0xdf, 0x18, 0x18, 0x18, 0x20, 0x00, 0x00, 0x00, 0x00,
    0x00, 0x00, 0x00, 0x00, 0x00, 0x00, 0x00, 0x00, 0x00, 0x00, 0x00, 0x00,
    0x00, 0x00, 0x00, 0x00, 0x00, 0x00, 0x00, 0x00, 0x00, 0x00, 0x00, 0x00,
    0x00, 0x00, 0x00, 0x00, 0x00, 0x00, 0x00, 0x00, 0x08, 0x10, 0x10, 0x30,
    0x10, 0x0c, 0x10, 0xdf, 0x08, 0x0c, 0x10, 0xff, 0x10, 0x10, 0x10, 0xff,
    0x10, 0x10, 0x10, 0xff, 0x10, 0x14, 0x10, 0xff, 0x10, 0x14, 0x10, 0xff,
    0x10, 0x14, 0x18, 0xff, 0x10, 0x18, 0x18, 0xff, 0x18, 0x18, 0x18, 0xff,
    0x18, 0x18, 0x18, 0xff, 0x18, 0x18, 0x18, 0xff, 0x18, 0x18, 0x18, 0xff,
    0x18, 0x18, 0x18, 0xff, 0x18, 0x18, 0x18, 0xff, 0x18, 0x18, 0x18, 0xff,
    0x18, 0x18, 0x18, 0xff, 0x18, 0x18, 0x18, 0xff, 0x18, 0x18, 0x18, 0xff,
    0x18, 0x18, 0x18, 0xff, 0x18, 0x18, 0x18, 0xff, 0x18, 0x18, 0x18, 0xff,
    0x18, 0x18, 0x18, 0xff, 0x18, 0x18, 0x18, 0xff, 0x18, 0x18, 0x18, 0xff,
    0x18, 0x18, 0x18, 0xff, 0x18, 0x18, 0x18, 0xff, 0x10, 0x18, 0x18, 0xff,
    0x18, 0x18, 0x18, 0xff, 0x18, 0x18, 0x18, 0xff, 0x18, 0x18, 0x18, 0xff,
    0x18, 0x18, 0x18, 0xff, 0x10, 0x18, 0x18, 0xff, 0x18, 0x18, 0x18, 0xff,
    0x18, 0x18, 0x18, 0xff, 0x18, 0x18, 0x18, 0xff, 0x18, 0x18, 0x18, 0xff,
    0x18, 0x18, 0x18, 0xff, 0x18, 0x18, 0x18, 0xff, 0x18, 0x18, 0x18, 0xff,
    0x10, 0x18, 0x18, 0xff, 0x18, 0x18, 0x18, 0xff, 0x18, 0x18, 0x18, 0xff,
    0x18, 0x18, 0x18, 0xff, 0x18, 0x18, 0x18, 0xff, 0x18, 0x18, 0x18, 0xff,
    0x18, 0x18, 0x18, 0xff, 0x18, 0x18, 0x18, 0xff, 0x18, 0x18, 0x18, 0xff,
    0x18, 0x18, 0x18, 0xff, 0x18, 0x18, 0x18, 0xff, 0x18, 0x18, 0x18, 0xff,
    0x18, 0x18, 0x18, 0xff, 0x18, 0x18, 0x18, 0xff, 0x18, 0x18, 0x18, 0xff,
    0x18, 0x18, 0x18, 0xff, 0x18, 0x18, 0x18, 0xff, 0x18, 0x18, 0x18, 0xff,
    0x18, 0x18, 0x18, 0xff, 0x18, 0x18, 0x18, 0xff, 0x18, 0x18, 0x18, 0xff,
    0x18, 0x18, 0x18, 0xff, 0x18, 0x18, 0x18, 0xff, 0x18, 0x18, 0x18, 0xff,
    0x18, 0x18, 0x18, 0xff, 0x18, 0x18, 0x18, 0xff, 0x18, 0x18, 0x18, 0xff,
    0x18, 0x18, 0x18, 0xff, 0x18, 0x18, 0x18, 0xff, 0x18, 0x18, 0x18, 0xff,
    0x18, 0x18, 0x18, 0xff, 0x18, 0x18, 0x18, 0xff, 0x18, 0x18, 0x18, 0xff,
    0x18, 0x18, 0x18, 0xff, 0x18, 0x18, 0x18, 0xff, 0x18, 0x18, 0x18, 0xff,
    0x18, 0x18, 0x18, 0xff, 0x18, 0x18, 0x18, 0xff, 0x10, 0x14, 0x10, 0xff,
    0x18, 0x18, 0x18, 0xff, 0x18, 0x18, 0x18, 0xff, 0x18, 0x18, 0x18, 0xdf,
    0x10, 0x14, 0x10, 0x30, 0x00, 0x00, 0x00, 0x00, 0x00, 0x00, 0x00, 0x00,
    0x00, 0x00, 0x00, 0x00, 0x00, 0x00, 0x00, 0x00, 0x00, 0x00, 0x00, 0x00,
    0x00, 0x00, 0x00, 0x00, 0x00, 0x00, 0x00, 0x00, 0x10, 0x10, 0x10, 0x20,
    0x10, 0x0c, 0x10, 0xdf, 0x10, 0x10, 0x10, 0xff, 0x10, 0x10, 0x10, 0xff,
    0x10, 0x10, 0x10, 0xff, 0x10, 0x14, 0x10, 0xff, 0x10, 0x14, 0x18, 0xff,
    0x10, 0x14, 0x18, 0xff, 0x18, 0x18, 0x18, 0xff, 0x18, 0x18, 0x18, 0xff,
    0x18, 0x18, 0x18, 0xff, 0x18, 0x18, 0x18, 0xff, 0x18, 0x18, 0x18, 0xff,
    0x18, 0x18, 0x18, 0xff, 0x18, 0x18, 0x18, 0xff, 0x18, 0x18, 0x18, 0xff,
    0x18, 0x18, 0x18, 0xff, 0x18, 0x18, 0x18, 0xff, 0x18, 0x18, 0x18, 0xff,
    0x10, 0x18, 0x18, 0xff, 0x18, 0x18, 0x18, 0xff, 0x18, 0x18, 0x18, 0xff,
    0x10, 0x18, 0x18, 0xff, 0x18, 0x18, 0x18, 0xff, 0x18, 0x18, 0x18, 0xff,
    0x10, 0x18, 0x18, 0xff, 0x18, 0x18, 0x18, 0xff, 0x18, 0x18, 0x18, 0xff,
    0x18, 0x18, 0x18, 0xff, 0x18, 0x18, 0x18, 0xff, 0x18, 0x18, 0x18, 0xff,
    0x10, 0x18, 0x18, 0xff, 0x18, 0x18, 0x18, 0xff, 0x18, 0x18, 0x18, 0xff,
    0x18, 0x18, 0x18, 0xff, 0x18, 0x18, 0x18, 0xff, 0x10, 0x18, 0x18, 0xff,
    0x18, 0x18, 0x18, 0xff, 0x18, 0x18, 0x18, 0xff, 0x10, 0x18, 0x18, 0xff,
    0x18, 0x18, 0x18, 0xff, 0x18, 0x18, 0x18, 0xff, 0x18, 0x18, 0x18, 0xff,
    0x18, 0x18, 0x18, 0xff, 0x18, 0x18, 0x18, 0xff, 0x18, 0x18, 0x18, 0xff,
    0x18, 0x18, 0x18, 0xff, 0x18, 0x18, 0x18, 0xff, 0x10, 0x18, 0x18, 0xff,
    0x18, 0x18, 0x18, 0xff, 0x18, 0x18, 0x18, 0xff, 0x18, 0x18, 0x18, 0xff,
    0x18, 0x18, 0x18, 0xff, 0x18, 0x18, 0x18, 0xff, 0x10, 0x18, 0x18, 0xff,
    0x18, 0x18, 0x18, 0xff, 0x18, 0x18, 0x18, 0xff, 0x10, 0x18, 0x18, 0xff,
    0x18, 0x18, 0x18, 0xff, 0x18, 0x18, 0x18, 0xff, 0x18, 0x18, 0x18, 0xff,
    0x18, 0x18, 0x18, 0xff, 0x10, 0x18, 0x18, 0xff, 0x18, 0x18, 0x18, 0xff,
    0x18, 0x18, 0x18, 0xff, 0x10, 0x18, 0x18, 0xff, 0x18, 0x1c, 0x18, 0xff,
    0x18, 0x18, 0x18, 0xff, 0x10, 0x18, 0x18, 0xff, 0x18, 0x1c, 0x18, 0xff,
    0x18, 0x18, 0x18, 0xff, 0x10, 0x1c, 0x18, 0xff, 0x18, 0x18, 0x18, 0xff,
    0x18, 0x18, 0x18, 0xff, 0x18, 0x18, 0x18, 0xff, 0x18, 0x18, 0x18, 0xff,
    0x18, 0x18, 0x18, 0xff, 0x10, 0x18, 0x18, 0xff, 0x18, 0x18, 0x18, 0xff,
    0x18, 0x18, 0x18, 0xff, 0x18, 0x18, 0x18, 0xff, 0x18, 0x18, 0x18, 0xff,
    0x18, 0x18, 0x18, 0xff, 0x18, 0x18, 0x18, 0xdf, 0x18, 0x18, 0x18, 0x20,
    0x00, 0x00, 0x00, 0x00, 0x00, 0x00, 0x00, 0x00, 0x00, 0x00, 0x00, 0x00,
    0x00, 0x00, 0x00, 0x00, 0x00, 0x00, 0x00, 0x00, 0x00, 0x00, 0x00, 0x00,
    0x10, 0x10, 0x10, 0xdf, 0x10, 0x10, 0x10, 0xff, 0x10, 0x10, 0x10, 0xff,
    0x10, 0x14, 0x10, 0xff, 0x10, 0x14, 0x10, 0xff, 0x10, 0x18, 0x18, 0xff,
    0x18, 0x18, 0x18, 0xff, 0x18, 0x18, 0x18, 0xff, 0x18, 0x18, 0x18, 0xff,
    0x18, 0x18, 0x18, 0xff, 0x18, 0x18, 0x18, 0xff, 0x18, 0x18, 0x18, 0xff,
    0x18, 0x18, 0x18, 0xff, 0x18, 0x1c, 0x18, 0xff, 0x18, 0x1c, 0x18, 0xff,
    0x18, 0x18, 0x18, 0xff, 0x18, 0x1c, 0x18, 0xff, 0x18, 0x1c, 0x18, 0xff,
    0x18, 0x1c, 0x18, 0xff, 0x18, 0x1c, 0x18, 0xff, 0x18, 0x1c, 0x18, 0xff,
    0x18, 0x1c, 0x18, 0xff, 0x18, 0x1c, 0x18, 0xff, 0x18, 0x1c, 0x18, 0xff,
    0x18, 0x1c, 0x18, 0xff, 0x18, 0x1c, 0x18, 0xff, 0x18, 0x1c, 0x18, 0xff,
    0x18, 0x1c, 0x18, 0xff, 0x18, 0x1c, 0x18, 0xff, 0x18, 0x1c, 0x18, 0xff,
    0x18, 0x1c, 0x18, 0xff, 0x18, 0x1c, 0x18, 0xff, 0x18, 0x1c, 0x18, 0xff,
    0x18, 0x1c, 0x18, 0xff, 0x18, 0x1c, 0x18, 0xff, 0x18, 0x1c, 0x18, 0xff,
    0x18, 0x1c, 0x18, 0xff, 0x18, 0x1c, 0x18, 0xff, 0x18, 0x1c, 0x18, 0xff,
    0x18, 0x1c, 0x18, 0xff, 0x18, 0x1c, 0x18, 0xff, 0x18, 0x1c, 0x18, 0xff,
    0x18, 0x1c, 0x18, 0xff, 0x18, 0x1c, 0x18, 0xff, 0x18, 0x1c, 0x18, 0xff,
    0x18, 0x1c, 0x18, 0xff, 0x18, 0x1c, 0x18, 0xff, 0x18, 0x1c, 0x18, 0xff,
    0x18, 0x1c, 0x18, 0xff, 0x18, 0x1c, 0x18, 0xff, 0x18, 0x18, 0x18, 0xff,
    0x18, 0x1c, 0x18, 0xff, 0x18, 0x1c, 0x18, 0xff, 0x18, 0x1c, 0x18, 0xff,
    0x18, 0x1c, 0x18, 0xff, 0x18, 0x1c, 0x18, 0xff, 0x18, 0x1c, 0x18, 0xff,
    0x18, 0x1c, 0x18, 0xff, 0x18, 0x1c, 0x18, 0xff, 0x18, 0x1c, 0x18, 0xff,
    0x18, 0x1c, 0x18, 0xff, 0x18, 0x1c, 0x18, 0xff, 0x18, 0x1c, 0x18, 0xff,
    0x18, 0x1c, 0x18, 0xff, 0x18, 0x1c, 0x18, 0xff, 0x18, 0x1c, 0x18, 0xff,
    0x18, 0x18, 0x18, 0xff, 0x18, 0x1c, 0x18, 0xff, 0x18, 0x1c, 0x18, 0xff,
    0x18, 0x1c, 0x18, 0xff, 0x18, 0x18, 0x18, 0xff, 0x18, 0x1c, 0x18, 0xff,
    0x18, 0x1c, 0x18, 0xff, 0x18, 0x1c, 0x18, 0xff, 0x18, 0x1c, 0x18, 0xff,
    0x18, 0x1c, 0x18, 0xff, 0x18, 0x18, 0x18, 0xff, 0x18, 0x18, 0x18, 0xff,
    0x18, 0x18, 0x18, 0xff, 0x18, 0x18, 0x18, 0xff, 0x10, 0x18, 0x18, 0xff,
    0x18, 0x18, 0x18, 0xff, 0x18, 0x18, 0x18, 0xff, 0x18, 0x18, 0x18, 0xff,
    0x18, 0x18, 0x18, 0xdf, 0x10, 0x10, 0x10, 0x10, 0x00, 0x00, 0x00, 0x00,
    0x00, 0x00, 0x00, 0x00, 0x00, 0x00, 0x00, 0x00, 0x00, 0x00, 0x00, 0x00,
    0x08, 0x0c, 0x10, 0x7d, 0x10, 0x0c, 0x10, 0xff, 0x10, 0x10, 0x10, 0xff,
    0x10, 0x10, 0x10, 0xff, 0x10, 0x14, 0x10, 0xff, 0x10, 0x14, 0x18, 0xff,
    0x18, 0x18, 0x18, 0xff, 0x18, 0x18, 0x18, 0xff, 0x18, 0x18, 0x18, 0xff,
    0x18, 0x18, 0x18, 0xff, 0x18, 0x1c, 0x18, 0xff, 0x18, 0x1c, 0x18, 0xff,
    0x18, 0x18, 0x18, 0xff, 0x18, 0x1c, 0x18, 0xff, 0x20, 0x28, 0x28, 0xff,
    0x78, 0x7c, 0x80, 0xff, 0xa8, 0xa8, 0xa8, 0xff, 0xd0, 0xd4, 0xd0, 0xff,
    0xe0, 0xe0, 0xe0, 0xff, 0xe0, 0xe0, 0xe0, 0xff, 0xf8, 0xfc, 0xf8, 0xff,
    0xf8, 0xfc, 0xf8, 0xff, 0xf8, 0xfc, 0xf8, 0xff, 0xf8, 0xfc, 0xf8, 0xff,
    0xf8, 0xfc, 0xf8, 0xff, 0xf8, 0xfc, 0xf8, 0xff, 0xf8, 0xfc, 0xf8, 0xff,
    0xf8, 0xfc, 0xf8, 0xff, 0xf8, 0xfc, 0xf8, 0xff, 0xf8, 0xfc, 0xf8, 0xff,
    0xf8, 0xfc, 0xf8, 0xff, 0xf0, 0xf0, 0xf0, 0xff, 0xe0, 0xe0, 0xe0, 0xff,
    0xc0, 0xc4, 0xc8, 0xff, 0xb8, 0xb8, 0xb8, 0xff, 0x88, 0x8c, 0x88, 0xff,
    0x40, 0x44, 0x48, 0xff, 0x18, 0x18, 0x18, 0xff, 0x18, 0x1c, 0x18, 0xff,
    0x18, 0x18, 0x18, 0xff, 0x18, 0x18, 0x18, 0xff, 0x18, 0x1c, 0x18, 0xff,
    0x18, 0x18, 0x18, 0xff, 0x18, 0x18, 0x18, 0xff, 0x18, 0x1c, 0x18, 0xff,
    0x18, 0x18, 0x18, 0xff, 0x18, 0x18, 0x18, 0xff, 0x18, 0x1c, 0x18, 0xff,
    0x18, 0x18, 0x18, 0xff, 0x18, 0x18, 0x18, 0xff, 0x18, 0x1c, 0x18, 0xff,
    0x18, 0x18, 0x18, 0xff, 0x18, 0x18, 0x18, 0xff, 0x18, 0x1c, 0x18, 0xff,
    0x18, 0x18, 0x18, 0xff, 0x18, 0x18, 0x18, 0xff, 0x18, 0x18, 0x18, 0xff,
    0x18, 0x18, 0x18, 0xff, 0x18, 0x18, 0x18, 0xff, 0x18, 0x1c, 0x18, 0xff,
    0x18, 0x18, 0x18, 0xff, 0x18, 0x18, 0x18, 0xff, 0x18, 0x18, 0x18, 0xff,
    0x18, 0x1c, 0x18, 0xff, 0x18, 0x18, 0x18, 0xff, 0x18, 0x18, 0x18, 0xff,
    0x18, 0x1c, 0x18, 0xff, 0x18, 0x18, 0x18, 0xff, 0x18, 0x18, 0x18, 0xff,
    0x18, 0x1c, 0x18, 0xff, 0x18, 0x18, 0x18, 0xff, 0x18, 0x18, 0x18, 0xff,
    0x18, 0x1c, 0x18, 0xff, 0x18, 0x18, 0x18, 0xff, 0x18, 0x18, 0x18, 0xff,
    0x18, 0x1c, 0x18, 0xff, 0x18, 0x18, 0x18, 0xff, 0x18, 0x1c, 0x18, 0xff,
    0x18, 0x1c, 0x18, 0xff, 0x18, 0x1c, 0x18, 0xff, 0x18, 0x18, 0x18, 0xff,
    0x18, 0x18, 0x18, 0xff, 0x18, 0x18, 0x18, 0xff, 0x18, 0x18, 0x18, 0xff,
    0x18, 0x18, 0x18, 0xff, 0x18, 0x1c, 0x18, 0xff, 0x18, 0x1c, 0x18, 0x8e,
    0x00, 0x00, 0x00, 0x00, 0x00, 0x00, 0x00, 0x00, 0x00, 0x00, 0x00, 0x00,
    0x10, 0x10, 0x10, 0x20, 0x10, 0x10, 0x10, 0xff, 0x10, 0x10, 0x10, 0xff,
    0x10, 0x10, 0x10, 0xff, 0x10, 0x14, 0x10, 0xff, 0x10, 0x18, 0x18, 0xff,
    0x18, 0x18, 0x18, 0xff, 0x18, 0x18, 0x18, 0xff, 0x18, 0x18, 0x18, 0xff,
    0x18, 0x1c, 0x18, 0xff, 0x18, 0x18, 0x18, 0xff, 0x18, 0x1c, 0x18, 0xff,
    0x18, 0x18, 0x18, 0xff, 0x30, 0x38, 0x38, 0xff, 0xc8, 0xc4, 0xc8, 0xff,
    0xf8, 0xfc, 0xf8, 0xff, 0xf8, 0xfc, 0xf8, 0xff, 0xf8, 0xfc, 0xf8, 0xff,
    0xf8, 0xfc, 0xf8, 0xff, 0xf8, 0xfc, 0xf8, 0xff, 0xf8, 0xfc, 0xf8, 0xff,
    0xf8, 0xfc, 0xf8, 0xff, 0xf8, 0xfc, 0xf8, 0xff, 0xf8, 0xfc, 0xf8, 0xff,
    0xf8, 0xfc, 0xf8, 0xff, 0xf8, 0xfc, 0xf8, 0xff, 0xf8, 0xfc, 0xf8, 0xff,
    0xf8, 0xfc, 0xf8, 0xff, 0xf8, 0xfc, 0xf8, 0xff, 0xf8, 0xfc, 0xf8, 0xff,
    0xf8, 0xfc, 0xf8, 0xff, 0xf8, 0xfc, 0xf8, 0xff, 0xf8, 0xfc, 0xf8, 0xff,
    0xf8, 0xfc, 0xf8, 0xff, 0xf8, 0xfc, 0xf8, 0xff, 0xf8, 0xfc, 0xf8, 0xff,
    0xf8, 0xfc, 0xf8, 0xff, 0xf8, 0xfc, 0xf8, 0xff, 0xc0, 0xc4, 0xc8, 0xff,
    0x40, 0x44, 0x48, 0xff, 0x18, 0x1c, 0x18, 0xff, 0x18, 0x18, 0x18, 0xff,
    0x18, 0x18, 0x18, 0xff, 0x18, 0x1c, 0x18, 0xff, 0x18, 0x18, 0x18, 0xff,
    0x18, 0x18, 0x18, 0xff, 0x18, 0x1c, 0x18, 0xff, 0x18, 0x18, 0x18, 0xff,
    0x18, 0x18, 0x18, 0xff, 0x18, 0x1c, 0x20, 0xff, 0x18, 0x18, 0x18, 0xff,
    0x18, 0x1c, 0x18, 0xff, 0x18, 0x1c, 0x20, 0xff, 0x18, 0x18, 0x18, 0xff,
    0x18, 0x18, 0x18, 0xff, 0x18, 0x1c, 0x18, 0xff, 0x18, 0x1c, 0x18, 0xff,
    0x18, 0x18, 0x18, 0xff, 0x18, 0x1c, 0x18, 0xff, 0x18, 0x18, 0x18, 0xff,
    0x18, 0x18, 0x18, 0xff, 0x18, 0x1c, 0x18, 0xff, 0x18, 0x18, 0x18, 0xff,
    0x18, 0x1c, 0x18, 0xff, 0x18, 0x18, 0x18, 0xff, 0x18, 0x18, 0x18, 0xff,
    0x18, 0x1c, 0x18, 0xff, 0x18, 0x1c, 0x18, 0xff, 0x18, 0x18, 0x20, 0xff,
    0x18, 0x1c, 0x18, 0xff, 0x18, 0x18, 0x18, 0xff, 0x18, 0x1c, 0x20, 0xff,
    0x18, 0x1c, 0x18, 0xff, 0x18, 0x18, 0x18, 0xff, 0x18, 0x18, 0x20, 0xff,
    0x18, 0x1c, 0x18, 0xff, 0x18, 0x18, 0x18, 0xff, 0x18, 0x18, 0x20, 0xff,
    0x18, 0x1c, 0x18, 0xff, 0x18, 0x18, 0x18, 0xff, 0x18, 0x18, 0x18, 0xff,
    0x18, 0x1c, 0x18, 0xff, 0x18, 0x1c, 0x18, 0xff, 0x18, 0x18, 0x18, 0xff,
    0x18, 0x18, 0x18, 0xff, 0x18, 0x1c, 0x18, 0xff, 0x18, 0x1c, 0x20, 0xff,
    0x18, 0x1c, 0x20, 0xff, 0x18, 0x20, 0x20, 0x20, 0x00, 0x00, 0x00, 0x00,
    0x00, 0x00, 0x00, 0x00, 0x10, 0x10, 0x10, 0x9e, 0x10, 0x10, 0x10, 0xff,
    0x10, 0x10, 0x10, 0xff, 0x10, 0x14, 0x10, 0xff, 0x10, 0x14, 0x18, 0xff,
    0x18, 0x18, 0x18, 0xff, 0x18, 0x18, 0x18, 0xff, 0x18, 0x18, 0x18, 0xff,
    0x18, 0x1c, 0x18, 0xff, 0x18, 0x18, 0x18, 0xff, 0x18, 0x1c, 0x18, 0xff,
    0x18, 0x18, 0x20, 0xff, 0x78, 0x80, 0x80, 0xff, 0xf0, 0xf0, 0xf0, 0xff,
    0xf8, 0xfc, 0xf8, 0xff, 0xf8, 0xfc, 0xf8, 0xff, 0xf8, 0xfc, 0xf8, 0xff,
    0xf8, 0xfc, 0xf8, 0xff, 0xf8, 0xfc, 0xf8, 0xff, 0xf8, 0xfc, 0xf8, 0xff,
    0xf8, 0xfc, 0xf8, 0xff, 0xf8, 0xfc, 0xf8, 0xff, 0xf8, 0xfc, 0xf8, 0xff,
    0xf8, 0xfc, 0xf8, 0xff, 0xf8, 0xfc, 0xf8, 0xff, 0xf8, 0xfc, 0xf8, 0xff,
    0xf8, 0xfc, 0xf8, 0xff, 0xf8, 0xfc, 0xf8, 0xff, 0xf8, 0xfc, 0xf8, 0xff,
    0xf8, 0xfc, 0xf8, 0xff, 0xf8, 0xfc, 0xf8, 0xff, 0xf8, 0xfc, 0xf8, 0xff,
    0xf8, 0xfc, 0xf8, 0xff, 0xf8, 0xfc, 0xf8, 0xff, 0xf8, 0xfc, 0xf8, 0xff,
    0xf8, 0xfc, 0xf8, 0xff, 0xf8, 0xfc, 0xf8, 0xff, 0xf8, 0xfc, 0xf8, 0xff,
    0xf8, 0xfc, 0xf8, 0xff, 0xf8, 0xfc, 0xf8, 0xff, 0x88, 0x8c, 0x90, 0xff,
    0x18, 0x1c, 0x18, 0xff, 0x18, 0x1c, 0x18, 0xff, 0x18, 0x1c, 0x20, 0xff,
    0x18, 0x18, 0x20, 0xff, 0x18, 0x1c, 0x18, 0xff, 0x18, 0x1c, 0x20, 0xff,
    0x18, 0x1c, 0x18, 0xff, 0x18, 0x18, 0x18, 0xff, 0x18, 0x1c, 0x20, 0xff,
    0x18, 0x18, 0x18, 0xff, 0x18, 0x18, 0x18, 0xff, 0x18, 0x1c, 0x18, 0xff,
    0x18, 0x1c, 0x20, 0xff, 0x18, 0x18, 0x18, 0xff, 0x18, 0x1c, 0x20, 0xff,
    0x18, 0x1c, 0x20, 0xff, 0x18, 0x18, 0x18, 0xff, 0x18, 0x1c, 0x20, 0xff,
    0x18, 0x1c, 0x20, 0xff, 0x18, 0x1c, 0x18, 0xff, 0x18, 0x18, 0x20, 0xff,
    0x18, 0x1c, 0x18, 0xff, 0x18, 0x1c, 0x20, 0xff, 0x18, 0x18, 0x20, 0xff,
    0x18, 0x1c, 0x18, 0xff, 0x18, 0x1c, 0x18, 0xff, 0x18, 0x18, 0x20, 0xff,
    0x18, 0x1c, 0x18, 0xff, 0x18, 0x18, 0x18, 0xff, 0x18, 0x1c, 0x18, 0xff,
    0x18, 0x18, 0x20, 0xff, 0x18, 0x1c, 0x18, 0xff, 0x18, 0x18, 0x18, 0xff,
    0x18, 0x1c, 0x20, 0xff, 0x18, 0x1c, 0x18, 0xff, 0x18, 0x18, 0x18, 0xff,
    0x18, 0x1c, 0x18, 0xff, 0x18, 0x1c, 0x20, 0xff, 0x18, 0x18, 0x18, 0xff,
    0x18, 0x18, 0x18, 0xff, 0x18, 0x1c, 0x20, 0xff, 0x18, 0x18, 0x18, 0xff,
    0x18, 0x1c, 0x18, 0xff, 0x18, 0x18, 0x18, 0xff, 0x18, 0x1c, 0x18, 0xff,
    0x18, 0x1c, 0x20, 0xff, 0x18, 0x1c, 0x20, 0xff, 0x18, 0x1c, 0x20, 0x8e,
    0x00, 0x00, 0x00, 0x00, 0x00, 0x00, 0x00, 0x00, 0x10, 0x10, 0x10, 0xef,
    0x10, 0x10, 0x10, 0xff, 0x10, 0x10, 0x10, 0xff, 0x10, 0x14, 0x10, 0xff,
    0x18, 0x14, 0x18, 0xff, 0x18, 0x18, 0x18, 0xff, 0x18, 0x18, 0x18, 0xff,
    0x18, 0x1c, 0x18, 0xff, 0x18, 0x18, 0x18, 0xff, 0x18, 0x1c, 0x18, 0xff,
    0x18, 0x18, 0x18, 0xff, 0x88, 0x8c, 0x90, 0xff, 0xf8, 0xfc, 0xf8, 0xff,
    0xf8, 0xfc, 0xf8, 0xff, 0xf8, 0xfc, 0xf8, 0xff, 0xf8, 0xfc, 0xf8, 0xff,
    0xf8, 0xfc, 0xf8, 0xff, 0xf8, 0xfc, 0xf8, 0xff, 0xf8, 0xfc, 0xf8, 0xff,
    0xf8, 0xfc, 0xf8, 0xff, 0xf8, 0xfc, 0xf8, 0xff, 0xf8, 0xfc, 0xf8, 0xff,
    0xf8, 0xfc, 0xf8, 0xff, 0xf8, 0xfc, 0xf8, 0xff, 0xf8, 0xfc, 0xf8, 0xff,
    0xf8, 0xfc, 0xf8, 0xff, 0xf8, 0xfc, 0xf8, 0xff, 0xf8, 0xfc, 0xf8, 0xff,
    0xf8, 0xfc, 0xf8, 0xff, 0xf8, 0xfc, 0xf8, 0xff, 0xf8, 0xfc, 0xf8, 0xff,
    0xf8, 0xfc, 0xf8, 0xff, 0xf8, 0xfc, 0xf8, 0xff, 0xf8, 0xfc, 0xf8, 0xff,
    0xf8, 0xfc, 0xf8, 0xff, 0xf8, 0xfc, 0xf8, 0xff, 0xf8, 0xfc, 0xf8, 0xff,
    0xf8, 0xfc, 0xf8, 0xff, 0xf8, 0xfc, 0xf8, 0xff, 0xf8, 0xfc, 0xf8, 0xff,
    0xf8, 0xfc, 0xf8, 0xff, 0xa8, 0xa8, 0xa8, 0xff, 0x18, 0x18, 0x18, 0xff,
    0x18, 0x18, 0x18, 0xff, 0x18, 0x1c, 0x18, 0xff, 0x18, 0x18, 0x18, 0xff,
    0x18, 0x18, 0x20, 0xff, 0x18, 0x1c, 0x18, 0xff, 0x18, 0x1c, 0x18, 0xff,
    0x18, 0x18, 0x18, 0xff, 0x18, 0x1c, 0x18, 0xff, 0x18, 0x18, 0x18, 0xff,
    0x18, 0x18, 0x20, 0xff, 0x18, 0x1c, 0x18, 0xff, 0x18, 0x18, 0x18, 0xff,
    0x18, 0x18, 0x18, 0xff, 0x18, 0x18, 0x18, 0xff, 0x18, 0x1c, 0x18, 0xff,
    0x18, 0x18, 0x18, 0xff, 0x18, 0x18, 0x18, 0xff, 0x18, 0x1c, 0x18, 0xff,
    0x18, 0x18, 0x18, 0xff, 0x18, 0x18, 0x18, 0xff, 0x18, 0x1c, 0x18, 0xff,
    0x18, 0x18, 0x18, 0xff, 0x18, 0x18, 0x18, 0xff, 0x18, 0x1c, 0x20, 0xff,
    0x18, 0x18, 0x18, 0xff, 0x18, 0x18, 0x18, 0xff, 0x18, 0x1c, 0x18, 0xff,
    0x18, 0x18, 0x20, 0xff, 0x18, 0x18, 0x18, 0xff, 0x18, 0x1c, 0x18, 0xff,
    0x18, 0x18, 0x18, 0xff, 0x18, 0x1c, 0x18, 0xff, 0x18, 0x18, 0x20, 0xff,
    0x18, 0x1c, 0x18, 0xff, 0x18, 0x18, 0x18, 0xff, 0x18, 0x1c, 0x18, 0xff,
    0x18, 0x1c, 0x20, 0xff, 0x18, 0x18, 0x18, 0xff, 0x18, 0x1c, 0x18, 0xff,
    0x18, 0x18, 0x20, 0xff, 0x18, 0x18, 0x18, 0xff, 0x18, 0x1c, 0x18, 0xff,
    0x18, 0x18, 0x18, 0xff, 0x18, 0x1c, 0x18, 0xff, 0x18, 0x1c, 0x18, 0xff,
    0x20, 0x20, 0x20, 0xef, 0x20, 0x20, 0x20, 0x10, 0x10, 0x10, 0x10, 0x41,
    0x10, 0x10, 0x10, 0xff, 0x10, 0x10, 0x10, 0xff, 0x10, 0x14, 0x10, 0xff,
    0x10, 0x14, 0x18, 0xff, 0x10, 0x18, 0x18, 0xff, 0x18, 0x18, 0x18, 0xff,
    0x18, 0x18, 0x18, 0xff, 0x18, 0x1c, 0x18, 0xff, 0x18, 0x18, 0x20, 0xff,
    0x18, 0x1c, 0x18, 0xff, 0x80, 0x80, 0x80, 0xff, 0xf8, 0xfc, 0xf8, 0xff,
    0xf8, 0xfc, 0xf8, 0xff, 0xf8, 0xfc, 0xf8, 0xff, 0xf8, 0xfc, 0xf8, 0xff,
    0xf8, 0xfc, 0xf8, 0xff, 0xf8, 0xfc, 0xf8, 0xff, 0xf8, 0xfc, 0xf8, 0xff,
    0xf8, 0xfc, 0xf8, 0xff, 0xf8, 0xfc, 0xf8, 0xff, 0xf8, 0xfc, 0xf8, 0xff,
    0xf8, 0xfc, 0xf8, 0xff, 0xf8, 0xfc, 0xf8, 0xff, 0xf8, 0xfc, 0xf8, 0xff,
    0xf8, 0xfc, 0xf8, 0xff, 0xf8, 0xfc, 0xf8, 0xff, 0xf8, 0xfc, 0xf8, 0xff,
    0xf8, 0xfc, 0xf8, 0xff, 0xf8, 0xfc, 0xf8, 0xff, 0xf8, 0xfc, 0xf8, 0xff,
    0xf8, 0xfc, 0xf8, 0xff, 0xf8, 0xfc, 0xf8, 0xff, 0xf8, 0xfc, 0xf8, 0xff,
    0xf8, 0xfc, 0xf8, 0xff, 0xf8, 0xfc, 0xf8, 0xff, 0xf8, 0xfc, 0xf8, 0xff,
    0xf8, 0xfc, 0xf8, 0xff, 0xf8, 0xfc, 0xf8, 0xff, 0xf8, 0xfc, 0xf8, 0xff,
    0xf8, 0xfc, 0xf8, 0xff, 0xf8, 0xfc, 0xf8, 0xff, 0xf8, 0xfc, 0xf8, 0xff,
    0x98, 0x98, 0x98, 0xff, 0x18, 0x1c, 0x18, 0xff, 0x18, 0x1c, 0x18, 0xff,
    0x18, 0x18, 0x18, 0xff, 0x18, 0x18, 0x18, 0xff, 0x18, 0x1c, 0x20, 0xff,
    0x18, 0x18, 0x18, 0xff, 0x18, 0x18, 0x18, 0xff, 0x18, 0x1c, 0x20, 0xff,
    0x18, 0x1c, 0x18, 0xff, 0x18, 0x18, 0x18, 0xff, 0x18, 0x1c, 0x18, 0xff,
    0x18, 0x1c, 0x18, 0xff, 0x18, 0x18, 0x18, 0xff, 0x18, 0x1c, 0x20, 0xff,
    0x18, 0x1c, 0x18, 0xff, 0x18, 0x18, 0x18, 0xff, 0x18, 0x1c, 0x18, 0xff,
    0x18, 0x1c, 0x20, 0xff, 0x18, 0x18, 0x18, 0xff, 0x18, 0x1c, 0x18, 0xff,
    0x18, 0x1c, 0x20, 0xff, 0x18, 0x18, 0x18, 0xff, 0x18, 0x1c, 0x18, 0xff,
    0x18, 0x18, 0x18, 0xff, 0x18, 0x1c, 0x18, 0xff, 0x18, 0x1c, 0x20, 0xff,
    0x18, 0x18, 0x18, 0xff, 0x18, 0x1c, 0x18, 0xff, 0x18, 0x1c, 0x18, 0xff,
    0x18, 0x18, 0x20, 0xff, 0x18, 0x1c, 0x18, 0xff, 0x18, 0x18, 0x18, 0xff,
    0x18, 0x1c, 0x18, 0xff, 0x18, 0x18, 0x20, 0xff, 0x18, 0x18, 0x18, 0xff,
    0x18, 0x1c, 0x18, 0xff, 0x18, 0x18, 0x18, 0xff, 0x18, 0x1c, 0x18, 0xff,
    0x18, 0x1c, 0x18, 0xff, 0x18, 0x18, 0x18, 0xff, 0x18, 0x1c, 0x20, 0xff,
    0x18, 0x18, 0x18, 0xff, 0x18, 0x18, 0x20, 0xff, 0x18, 0x1c, 0x18, 0xff,
    0x18, 0x1c, 0x20, 0xff, 0x20, 0x20, 0x20, 0xff, 0x20, 0x20, 0x20, 0x41,
    0x10, 0x10, 0x10, 0x71, 0x10, 0x10, 0x10, 0xff, 0x10, 0x14, 0x10, 0xff,
    0x10, 0x14, 0x18, 0xff, 0x10, 0x18, 0x18, 0xff, 0x18, 0x18, 0x18, 0xff,
    0x18, 0x18, 0x18, 0xff, 0x18, 0x1c, 0x18, 0xff, 0x18, 0x18, 0x18, 0xff,
    0x18, 0x18, 0x18, 0xff, 0x30, 0x38, 0x38, 0xff, 0xf0, 0xf0, 0xf0, 0xff,
    0xf8, 0xfc, 0xf8, 0xff, 0xf8, 0xfc, 0xf8, 0xff, 0xf8, 0xfc, 0xf8, 0xff,
    0xf8, 0xfc, 0xf8, 0xff, 0xf8, 0xfc, 0xf8, 0xff, 0xf8, 0xfc, 0xf8, 0xff,
    0xf8, 0xfc, 0xf8, 0xff, 0xf8, 0xfc, 0xf8, 0xff, 0xf8, 0xfc, 0xf8, 0xff,
    0xf8, 0xfc, 0xf8, 0xff, 0xf8, 0xfc, 0xf8, 0xff, 0xf8, 0xfc, 0xf8, 0xff,
    0xf8, 0xfc, 0xf8, 0xff, 0xf8, 0xfc, 0xf8, 0xff, 0xf8, 0xfc, 0xf8, 0xff,
    0xf8, 0xfc, 0xf8, 0xff, 0xf8, 0xfc, 0xf8, 0xff, 0xf8, 0xfc, 0xf8, 0xff,
    0xf8, 0xfc, 0xf8, 0xff, 0xf8, 0xfc, 0xf8, 0xff, 0xf8, 0xfc, 0xf8, 0xff,
    0xf8, 0xfc, 0xf8, 0xff, 0xf8, 0xfc, 0xf8, 0xff, 0xf8, 0xfc, 0xf8, 0xff,
    0xf8, 0xfc, 0xf8, 0xff, 0xf8, 0xfc, 0xf8, 0xff, 0xf8, 0xfc, 0xf8, 0xff,
    0xf8, 0xfc, 0xf8, 0xff, 0xf8, 0xfc, 0xf8, 0xff, 0xf8, 0xfc, 0xf8, 0xff,
    0xf8, 0xfc, 0xf8, 0xff, 0xf8, 0xfc, 0xf8, 0xff, 0x50, 0x54, 0x58, 0xff,
    0x18, 0x1c, 0x20, 0xff, 0x18, 0x18, 0x18, 0xff, 0x18, 0x1c, 0x18, 0xff,
    0x18, 0x1c, 0x18, 0xff, 0x18, 0x18, 0x20, 0xff, 0x18, 0x1c, 0x18, 0xff,
    0x18, 0x1c, 0x18, 0xff, 0x18, 0x18, 0x20, 0xff, 0x18, 0x1c, 0x18, 0xff,
    0x18, 0x18, 0x20, 0xff, 0x18, 0x1c, 0x18, 0xff, 0x18, 0x18, 0x18, 0xff,
    0x18, 0x1c, 0x20, 0xff, 0x18, 0x18, 0x18, 0xff, 0x18, 0x18, 0x18, 0xff,
    0x18, 0x1c, 0x20, 0xff, 0x18, 0x18, 0x18, 0xff, 0x18, 0x18, 0x18, 0xff,
    0x18, 0x1c, 0x20, 0xff, 0x18, 0x18, 0x18, 0xff, 0x18, 0x1c, 0x18, 0xff,
    0x18, 0x1c, 0x20, 0xff, 0x18, 0x18, 0x18, 0xff, 0x18, 0x18, 0x18, 0xff,
    0x18, 0x1c, 0x20, 0xff, 0x18, 0x18, 0x18, 0xff, 0x18, 0x1c, 0x18, 0xff,
    0x18, 0x18, 0x18, 0xff, 0x18, 0x1c, 0x20, 0xff, 0x18, 0x18, 0x18, 0xff,
    0x18, 0x1c, 0x18, 0xff, 0x18, 0x1c, 0x18, 0xff, 0x18, 0x18, 0x18, 0xff,
    0x18, 0x1c, 0x20, 0xff, 0x18, 0x18, 0x18, 0xff, 0x18, 0x18, 0x18, 0xff,
    0x18, 0x1c, 0x20, 0xff, 0x18, 0x18, 0x18, 0xff, 0x18, 0x1c, 0x18, 0xff,
    0x18, 0x1c, 0x18, 0xff, 0x18, 0x18, 0x20, 0xff, 0x18, 0x1c, 0x18, 0xff,
    0x18, 0x1c, 0x18, 0xff, 0x18, 0x1c, 0x20, 0xff, 0x20, 0x20, 0x20, 0xff,
    0x20, 0x20, 0x20, 0x71, 0x10, 0x10, 0x10, 0x9e, 0x10, 0x10, 0x10, 0xff,
    0x10, 0x10, 0x10, 0xff, 0x10, 0x14, 0x18, 0xff, 0x18, 0x18, 0x18, 0xff,
    0x18, 0x18, 0x18, 0xff, 0x18, 0x18, 0x18, 0xff, 0x18, 0x1c, 0x18, 0xff,
    0x18, 0x1c, 0x18, 0xff, 0x18, 0x18, 0x20, 0xff, 0xa8, 0xa8, 0xa8, 0xff,
    0xf8, 0xfc, 0xf8, 0xff, 0xf8, 0xfc, 0xf8, 0xff, 0xf8, 0xfc, 0xf8, 0xff,
    0xf8, 0xfc, 0xf8, 0xff, 0xf8, 0xfc, 0xf8, 0xff, 0xf8, 0xfc, 0xf8, 0xff,
    0xf8, 0xfc, 0xf8, 0xff, 0xf8, 0xfc, 0xf8, 0xff, 0xf8, 0xfc, 0xf8, 0xff,
    0xf8, 0xfc, 0xf8, 0xff, 0xf8, 0xfc, 0xf8, 0xff, 0xf8, 0xfc, 0xf8, 0xff,
    0xf8, 0xfc, 0xf8, 0xff, 0xf8, 0xfc, 0xf8, 0xff, 0xf8, 0xfc, 0xf8, 0xff,
    0xf8, 0xfc, 0xf8, 0xff, 0xf8, 0xfc, 0xf8, 0xff, 0xf8, 0xfc, 0xf8, 0xff,
    0xf8, 0xfc, 0xf8, 0xff, 0xf8, 0xfc, 0xf8, 0xff, 0xf8, 0xfc, 0xf8, 0xff,
    0xf8, 0xfc, 0xf8, 0xff, 0xf8, 0xfc, 0xf8, 0xff, 0xf8, 0xfc, 0xf8, 0xff,
    0xf8, 0xfc, 0xf8, 0xff, 0xf8, 0xfc, 0xf8, 0xff, 0xf8, 0xfc, 0xf8, 0xff,
    0xf8, 0xfc, 0xf8, 0xff, 0xf8, 0xfc, 0xf8, 0xff, 0xf8, 0xfc, 0xf8, 0xff,
    0xf8, 0xfc, 0xf8, 0xff, 0xf8, 0xfc, 0xf8, 0xff, 0xf8, 0xfc, 0xf8, 0xff,
    0xe0, 0xe0, 0xe0, 0xff, 0x18, 0x18, 0x18, 0xff, 0x18, 0x1c, 0x18, 0xff,
    0x18, 0x18, 0x20, 0xff, 0x18, 0x18, 0x18, 0xff, 0x18, 0x1c, 0x18, 0xff,
    0x18, 0x18, 0x18, 0xff, 0x18, 0x18, 0x18, 0xff, 0x18, 0x1c, 0x18, 0xff,
    0x18, 0x18, 0x18, 0xff, 0x18, 0x18, 0x20, 0xff, 0x18, 0x1c, 0x18, 0xff,
    0x18, 0x18, 0x18, 0xff, 0x18, 0x1c, 0x18, 0xff, 0x18, 0x1c, 0x18, 0xff,
    0x18, 0x18, 0x20, 0xff, 0x18, 0x1c, 0x18, 0xff, 0x18, 0x18, 0x18, 0xff,
    0x18, 0x1c, 0x18, 0xff, 0x18, 0x18, 0x18, 0xff, 0x18, 0x18, 0x18, 0xff,
    0x18, 0x1c, 0x18, 0xff, 0x18, 0x18, 0x20, 0xff, 0x18, 0x1c, 0x18, 0xff,
    0x18, 0x18, 0x18, 0xff, 0x18, 0x1c, 0x18, 0xff, 0x18, 0x18, 0x20, 0xff,
    0x18, 0x18, 0x18, 0xff, 0x18, 0x1c, 0x18, 0xff, 0x18, 0x18, 0x18, 0xff,
    0x18, 0x18, 0x20, 0xff, 0x18, 0x1c, 0x18, 0xff, 0x18, 0x18, 0x18, 0xff,
    0x18, 0x1c, 0x20, 0xff, 0x18, 0x1c, 0x18, 0xff, 0x18, 0x18, 0x18, 0xff,
    0x18, 0x1c, 0x20, 0xff, 0x18, 0x18, 0x18, 0xff, 0x18, 0x18, 0x20, 0xff,
    0x18, 0x1c, 0x18, 0xff, 0x18, 0x18, 0x18, 0xff, 0x18, 0x18, 0x18, 0xff,
    0x18, 0x1c, 0x18, 0xff, 0x18, 0x1c, 0x20, 0xff, 0x18, 0x1c, 0x20, 0xff,
    0x20, 0x20, 0x20, 0xff, 0x20, 0x20, 0x20, 0x9e, 0x10, 0x10, 0x10, 0xbe,
    0x10, 0x10, 0x10, 0xff, 0x10, 0x14, 0x10, 0xff, 0x10, 0x14, 0x18, 0xff,
    0x18, 0x18, 0x18, 0xff, 0x18, 0x18, 0x18, 0xff, 0x18, 0x18, 0x18, 0xff,
    0x18, 0x1c, 0x18, 0xff, 0x18, 0x18, 0x18, 0xff, 0x38, 0x38, 0x38, 0xff,
    0xf8, 0xfc, 0xf8, 0xff, 0xf8, 0xfc, 0xf8, 0xff, 0xf8, 0xfc, 0xf8, 0xff,
    0xf8, 0xfc, 0xf8, 0xff, 0xf8, 0xfc, 0xf8, 0xff, 0xf8, 0xfc, 0xf8, 0xff,
    0xf8, 0xfc, 0xf8, 0xff, 0xf8, 0xfc, 0xf8, 0xff, 0xf8, 0xfc, 0xf8, 0xff,
    0xf8, 0xfc, 0xf8, 0xff, 0xf8, 0xfc, 0xf8, 0xff, 0xf8, 0xfc, 0xf8, 0xff,
    0xf8, 0xfc, 0xf8, 0xff, 0xf8, 0xfc, 0xf8, 0xff, 0xf8, 0xfc, 0xf8, 0xff,
    0xf8, 0xfc, 0xf8, 0xff, 0xf8, 0xfc, 0xf8, 0xff, 0xf8, 0xfc, 0xf8, 0xff,
    0xf8, 0xfc, 0xf8, 0xff, 0xf8, 0xfc, 0xf8, 0xff, 0xf8, 0xfc, 0xf8, 0xff,
    0xf8, 0xfc, 0xf8, 0xff, 0xf8, 0xfc, 0xf8, 0xff, 0xf8, 0xfc, 0xf8, 0xff,
    0xf8, 0xfc, 0xf8, 0xff, 0xf8, 0xfc, 0xf8, 0xff, 0xf8, 0xfc, 0xf8, 0xff,
    0xf8, 0xfc, 0xf8, 0xff, 0xf8, 0xfc, 0xf8, 0xff, 0xf8, 0xfc, 0xf8, 0xff,
    0xf8, 0xfc, 0xf8, 0xff, 0xf8, 0xfc, 0xf8, 0xff, 0xf8, 0xfc, 0xf8, 0xff,
    0xf8, 0xfc, 0xf8, 0xff, 0xf8, 0xfc, 0xf8, 0xff, 0x60, 0x60, 0x60, 0xff,
    0x18, 0x1c, 0x18, 0xff, 0x18, 0x18, 0x18, 0xff, 0x18, 0x1c, 0x20, 0xff,
    0x18, 0x1c, 0x18, 0xff, 0x18, 0x18, 0x18, 0xff, 0x18, 0x1c, 0x20, 0xff,
    0x18, 0x1c, 0x18, 0xff, 0x18, 0x18, 0x18, 0xff, 0x18, 0x1c, 0x18, 0xff,
    0x18, 0x1c, 0x20, 0xff, 0x18, 0x18, 0x18, 0xff, 0x18, 0x18, 0x18, 0xff,
    0x18, 0x1c, 0x20, 0xff, 0x18, 0x18, 0x18, 0xff, 0x18, 0x1c, 0x18, 0xff,
    0x18, 0x1c, 0x20, 0xff, 0x18, 0x18, 0x18, 0xff, 0x18, 0x1c, 0x20, 0xff,
    0x18, 0x1c, 0x18, 0xff, 0x18, 0x18, 0x18, 0xff, 0x18, 0x18, 0x18, 0xff,
    0x18, 0x1c, 0x20, 0xff, 0x18, 0x1c, 0x18, 0xff, 0x18, 0x18, 0x18, 0xff,
    0x18, 0x1c, 0x18, 0xff, 0x18, 0x1c, 0x20, 0xff, 0x18, 0x18, 0x18, 0xff,
    0x18, 0x1c, 0x18, 0xff, 0x18, 0x1c, 0x18, 0xff, 0x18, 0x18, 0x20, 0xff,
    0x18, 0x18, 0x18, 0xff, 0x18, 0x1c, 0x18, 0xff, 0x18, 0x18, 0x18, 0xff,
    0x18, 0x1c, 0x18, 0xff, 0x18, 0x1c, 0x18, 0xff, 0x18, 0x18, 0x18, 0xff,
    0x18, 0x1c, 0x18, 0xff, 0x18, 0x1c, 0x20, 0xff, 0x18, 0x18, 0x18, 0xff,
    0x18, 0x1c, 0x18, 0xff, 0x18, 0x18, 0x18, 0xff, 0x18, 0x1c, 0x18, 0xff,
    0x18, 0x1c, 0x20, 0xff, 0x20, 0x20, 0x20, 0xff, 0x20, 0x20, 0x20, 0xae,
    0x10, 0x10, 0x10, 0xcf, 0x10, 0x14, 0x10, 0xff, 0x10, 0x14, 0x10, 0xff,
    0x18, 0x14, 0x18, 0xff, 0x18, 0x18, 0x18, 0xff, 0x18, 0x18, 0x18, 0xff,
    0x18, 0x1c, 0x18, 0xff, 0x18, 0x18, 0x18, 0xff, 0x18, 0x1c, 0x20, 0xff,
    0x70, 0x70, 0x70, 0xff, 0xf8, 0xfc, 0xf8, 0xff, 0xf8, 0xfc, 0xf8, 0xff,
    0xf8, 0xfc, 0xf8, 0xff, 0xf8, 0xfc, 0xf8, 0xff, 0xf8, 0xfc, 0xf8, 0xff,
    0xf8, 0xfc, 0xf8, 0xff, 0xf8, 0xfc, 0xf8, 0xff, 0xf8, 0xfc, 0xf8, 0xff,
    0xf8, 0xfc, 0xf8, 0xff, 0xf8, 0xfc, 0xf8, 0xff, 0xf8, 0xfc, 0xf8, 0xff,
    0xf8, 0xfc, 0xf8, 0xff, 0xf8, 0xfc, 0xf8, 0xff, 0xf8, 0xfc, 0xf8, 0xff,
    0xf8, 0xfc, 0xf8, 0xff, 0xf8, 0xfc, 0xf8, 0xff, 0xf8, 0xfc, 0xf8, 0xff,
    0xf8, 0xfc, 0xf8, 0xff, 0xf8, 0xfc, 0xf8, 0xff, 0xf8, 0xfc, 0xf8, 0xff,
    0xf8, 0xfc, 0xf8, 0xff, 0xf8, 0xfc, 0xf8, 0xff, 0xf8, 0xfc, 0xf8, 0xff,
    0xf8, 0xfc, 0xf8, 0xff, 0xf8, 0xfc, 0xf8, 0xff, 0xf8, 0xfc, 0xf8, 0xff,
    0xf8, 0xfc, 0xf8, 0xff, 0xf8, 0xfc, 0xf8, 0xff, 0xf8, 0xfc, 0xf8, 0xff,
    0xf8, 0xfc, 0xf8, 0xff, 0xf8, 0xfc, 0xf8, 0xff, 0xf8, 0xfc, 0xf8, 0xff,
    0xf8, 0xfc, 0xf8, 0xff, 0xf8, 0xfc, 0xf8, 0xff, 0xf8, 0xfc, 0xf8, 0xff,
    0xa8, 0xa8, 0xa8, 0xff, 0x18, 0x1c, 0x18, 0xff, 0x18, 0x18, 0x18, 0xff,
    0x18, 0x1c, 0x18, 0xff, 0x18, 0x18, 0x20, 0xff, 0x18, 0x18, 0x18, 0xff,
    0x18, 0x1c, 0x18, 0xff, 0x18, 0x18, 0x20, 0xff, 0x18, 0x18, 0x18, 0xff,
    0x18, 0x1c, 0x18, 0xff, 0x18, 0x18, 0x18, 0xff, 0x18, 0x1c, 0x20, 0xff,
    0x18, 0x18, 0x18, 0xff, 0x18, 0x18, 0x18, 0xff, 0x18, 0x1c, 0x18, 0xff,
    0x18, 0x18, 0x18, 0xff, 0x18, 0x18, 0x18, 0xff, 0x18, 0x1c, 0x18, 0xff,
    0x18, 0x18, 0x20, 0xff, 0x18, 0x1c, 0x18, 0xff, 0x18, 0x1c, 0x18, 0xff,
    0x18, 0x18, 0x18, 0xff, 0x18, 0x18, 0x18, 0xff, 0x18, 0x1c, 0x20, 0xff,
    0x18, 0x18, 0x18, 0xff, 0x18, 0x1c, 0x18, 0xff, 0x18, 0x18, 0x18, 0xff,
    0x18, 0x18, 0x20, 0xff, 0x18, 0x1c, 0x18, 0xff, 0x18, 0x1c, 0x18, 0xff,
    0x18, 0x18, 0x18, 0xff, 0x18, 0x1c, 0x20, 0xff, 0x18, 0x18, 0x18, 0xff,
    0x18, 0x18, 0x18, 0xff, 0x18, 0x1c, 0x20, 0xff, 0x18, 0x18, 0x18, 0xff,
    0x18, 0x18, 0x18, 0xff, 0x18, 0x1c, 0x18, 0xff, 0x18, 0x18, 0x18, 0xff,
    0x18, 0x1c, 0x20, 0xff, 0x18, 0x18, 0x18, 0xff, 0x18, 0x18, 0x18, 0xff,
    0x18, 0x1c, 0x20, 0xff, 0x18, 0x1c, 0x18, 0xff, 0x20, 0x20, 0x20, 0xff,
    0x20, 0x20, 0x20, 0xcf, 0x10, 0x10, 0x10, 0xdf, 0x10, 0x14, 0x10, 0xff,
    0x10, 0x14, 0x18, 0xff, 0x10, 0x14, 0x18, 0xff, 0x18, 0x18, 0x18, 0xff,
    0x18, 0x18, 0x18, 0xff, 0x18, 0x1c, 0x18, 0xff, 0x18, 0x18, 0x18, 0xff,
    0x18, 0x18, 0x18, 0xff, 0xb8, 0xb8, 0xb8, 0xff, 0xf8, 0xfc, 0xf8, 0xff,
    0xf8, 0xfc, 0xf8, 0xff, 0xf8, 0xfc, 0xf8, 0xff, 0xf8, 0xfc, 0xf8, 0xff,
    0xf8, 0xfc, 0xf8, 0xff, 0xf8, 0xfc, 0xf8, 0xff, 0xf8, 0xfc, 0xf8, 0xff,
    0xf8, 0xfc, 0xf8, 0xff, 0xf8, 0xfc, 0xf8, 0xff, 0xf8, 0xfc, 0xf8, 0xff,
    0xf8, 0xfc, 0xf8, 0xff, 0xf8, 0xfc, 0xf8, 0xff, 0xf8, 0xfc, 0xf8, 0xff,
    0xf8, 0xfc, 0xf8, 0xff, 0xf8, 0xfc, 0xf8, 0xff, 0xf8, 0xfc, 0xf8, 0xff,
    0xf8, 0xfc, 0xf8, 0xff, 0xf8, 0xfc, 0xf8, 0xff, 0xf8, 0xfc, 0xf8, 0xff,
    0xf8, 0xfc, 0xf8, 0xff, 0xf8, 0xfc, 0xf8, 0xff, 0xf8, 0xfc, 0xf8, 0xff,
    0xf8, 0xfc, 0xf8, 0xff, 0xf8, 0xfc, 0xf8, 0xff, 0xf8, 0xfc, 0xf8, 0xff,
    0xf8, 0xfc, 0xf8, 0xff, 0xf8, 0xfc, 0xf8, 0xff, 0xf8, 0xfc, 0xf8, 0xff,
    0xf8, 0xfc, 0xf8, 0xff, 0xf8, 0xfc, 0xf8, 0xff, 0xf8, 0xfc, 0xf8, 0xff,
    0xf8, 0xfc, 0xf8, 0xff, 0xf8, 0xfc, 0xf8, 0xff, 0xf8, 0xfc, 0xf8, 0xff,
    0xf8, 0xfc, 0xf8, 0xff, 0xe0, 0xe4, 0xe0, 0xff, 0x18, 0x18, 0x20, 0xff,
    0x18, 0x18, 0x18, 0xff, 0x18, 0x1c, 0x18, 0xff, 0x18, 0x1c, 0x18, 0xff,
    0x18, 0x18, 0x18, 0xff, 0x18, 0x1c, 0x18, 0xff, 0x18, 0x18, 0x20, 0xff,
    0x18, 0x1c, 0x18, 0xff, 0x18, 0x18, 0x18, 0xff, 0x18, 0x1c, 0x18, 0xff,
    0x18, 0x1c, 0x18, 0xff, 0x18, 0x18, 0x20, 0xff, 0x18, 0x1c, 0x18, 0xff,
    0x18, 0x1c, 0x18, 0xff, 0x18, 0x18, 0x20, 0xff, 0x18, 0x1c, 0x18, 0xff,
    0x18, 0x18, 0x18, 0xff, 0x18, 0x18, 0x18, 0xff, 0x18, 0x1c, 0x20, 0xff,
    0x18, 0x18, 0x18, 0xff, 0x18, 0x1c, 0x18, 0xff, 0x18, 0x1c, 0x20, 0xff,
    0x18, 0x18, 0x18, 0xff, 0x18, 0x1c, 0x18, 0xff, 0x18, 0x18, 0x18, 0xff,
    0x18, 0x1c, 0x18, 0xff, 0x18, 0x18, 0x18, 0xff, 0x18, 0x18, 0x20, 0xff,
    0x18, 0x1c, 0x18, 0xff, 0x18, 0x18, 0x18, 0xff, 0x18, 0x1c, 0x18, 0xff,
    0x18, 0x1c, 0x20, 0xff, 0x18, 0x18, 0x18, 0xff, 0x18, 0x1c, 0x18, 0xff,
    0x18, 0x18, 0x20, 0xff, 0x18, 0x1c, 0x20, 0xff, 0x18, 0x18, 0x18, 0xff,
    0x18, 0x18, 0x18, 0xff, 0x18, 0x1c, 0x20, 0xff, 0x18, 0x1c, 0x18, 0xff,
    0x18, 0x18, 0x18, 0xff, 0x18, 0x1c, 0x20, 0xff, 0x18, 0x1c, 0x20, 0xff,
    0x20, 0x20, 0x20, 0xff, 0x20, 0x20, 0x20, 0xdf, 0x10, 0x10, 0x10, 0xdf,
    0x10, 0x10, 0x10, 0xff, 0x10, 0x14, 0x18, 0xff, 0x18, 0x18, 0x18, 0xff,
    0x18, 0x18, 0x18, 0xff, 0x18, 0x18, 0x18, 0xff, 0x18, 0x1c, 0x18, 0xff,
    0x18, 0x1c, 0x20, 0xff, 0x18, 0x18, 0x18, 0xff, 0xc0, 0xc4, 0xc8, 0xff,
    0xf8, 0xfc, 0xf8, 0xff, 0xf8, 0xfc, 0xf8, 0xff, 0xf8, 0xfc, 0xf8, 0xff,
    0xf8, 0xfc, 0xf8, 0xff, 0xf8, 0xfc, 0xf8, 0xff, 0xf8, 0xfc, 0xf8, 0xff,
    0xf8, 0xfc, 0xf8, 0xff, 0xf8, 0xfc, 0xf8, 0xff, 0xf8, 0xfc, 0xf8, 0xff,
    0xf8, 0xfc, 0xf8, 0xff, 0xf8, 0xfc, 0xf8, 0xff, 0xf8, 0xfc, 0xf8, 0xff,
    0xf8, 0xfc, 0xf8, 0xff, 0xf8, 0xfc, 0xf8, 0xff, 0xf8, 0xfc, 0xf8, 0xff,
    0xf8, 0xfc, 0xf8, 0xff, 0xf8, 0xfc, 0xf8, 0xff, 0xf8, 0xfc, 0xf8, 0xff,
    0xf8, 0xfc, 0xf8, 0xff, 0xf8, 0xfc, 0xf8, 0xff, 0xf8, 0xfc, 0xf8, 0xff,
    0xf8, 0xfc, 0xf8, 0xff, 0xf8, 0xfc, 0xf8, 0xff, 0xf8, 0xfc, 0xf8, 0xff,
    0xf8, 0xfc, 0xf8, 0xff, 0xf8, 0xfc, 0xf8, 0xff, 0xf8, 0xfc, 0xf8, 0xff,
    0xf8, 0xfc, 0xf8, 0xff, 0xf8, 0xfc, 0xf8, 0xff, 0xf8, 0xfc, 0xf8, 0xff,
    0xf8, 0xfc, 0xf8, 0xff, 0xf8, 0xfc, 0xf8, 0xff, 0xf8, 0xfc, 0xf8, 0xff,
    0xf8, 0xfc, 0xf8, 0xff, 0xf8, 0xfc, 0xf8, 0xff, 0xf8, 0xfc, 0xf8, 0xff,
    0x18, 0x1c, 0x18, 0xff, 0x18, 0x18, 0x20, 0xff, 0x18, 0x1c, 0x18, 0xff,
    0x18, 0x18, 0x20, 0xff, 0x18, 0x1c, 0x18, 0xff, 0x18, 0x18, 0x18, 0xff,
    0x18, 0x1c, 0x18, 0xff, 0x18, 0x1c, 0x20, 0xff, 0x18, 0x18, 0x18, 0xff,
    0x18, 0x18, 0x18, 0xff, 0x18, 0x1c, 0x20, 0xff, 0x18, 0x18, 0x18, 0xff,
    0x18, 0x1c, 0x18, 0xff, 0x18, 0x18, 0x20, 0xff, 0x18, 0x1c, 0x18, 0xff,
    0x18, 0x1c, 0x18, 0xff, 0x18, 0x18, 0x20, 0xff, 0x18, 0x1c, 0x18, 0xff,
    0x18, 0x18, 0x18, 0xff, 0x18, 0x18, 0x20, 0xff, 0x18, 0x1c, 0x18, 0xff,
    0x18, 0x18, 0x18, 0xff, 0x18, 0x18, 0x18, 0xff, 0x18, 0x1c, 0x20, 0xff,
    0x18, 0x1c, 0x20, 0xff, 0x18, 0x18, 0x18, 0xff, 0x18, 0x1c, 0x18, 0xff,
    0x18, 0x1c, 0x18, 0xff, 0x18, 0x18, 0x20, 0xff, 0x18, 0x18, 0x18, 0xff,
    0x18, 0x1c, 0x18, 0xff, 0x18, 0x18, 0x18, 0xff, 0x18, 0x1c, 0x18, 0xff,
    0x18, 0x18, 0x18, 0xff, 0x18, 0x1c, 0x18, 0xff, 0x18, 0x1c, 0x18, 0xff,
    0x18, 0x18, 0x18, 0xff, 0x18, 0x1c, 0x18, 0xff, 0x18, 0x1c, 0x18, 0xff,
    0x18, 0x18, 0x18, 0xff, 0x18, 0x1c, 0x18, 0xff, 0x18, 0x1c, 0x18, 0xff,
    0x18, 0x1c, 0x20, 0xff, 0x20, 0x20, 0x20, 0xff, 0x20, 0x20, 0x20, 0xdf,
    0x10, 0x14, 0x10, 0xff, 0x10, 0x10, 0x10, 0xff, 0x10, 0x14, 0x10, 0xff,
    0x18, 0x18, 0x18, 0xff, 0x18, 0x18, 0x18, 0xff, 0x18, 0x18, 0x18, 0xff,
    0x18, 0x18, 0x18, 0xff, 0x18, 0x1c, 0x18, 0xff, 0x18, 0x1c, 0x18, 0xff,
    0xe0, 0xe0, 0xe0, 0xff, 0xf8, 0xfc, 0xf8, 0xff, 0xf8, 0xfc, 0xf8, 0xff,
    0xf8, 0xfc, 0xf8, 0xff, 0xf8, 0xfc, 0xf8, 0xff, 0xf8, 0xfc, 0xf8, 0xff,
    0xf8, 0xfc, 0xf8, 0xff, 0xf8, 0xfc, 0xf8, 0xff, 0xf8, 0xfc, 0xf8, 0xff,
    0xf8, 0xfc, 0xf8, 0xff, 0xf8, 0xfc, 0xf8, 0xff, 0xf8, 0xfc, 0xf8, 0xff,
    0xf8, 0xfc, 0xf8, 0xff, 0xf8, 0xfc, 0xf8, 0xff, 0xf8, 0xfc, 0xf8, 0xff,
    0xf8, 0xfc, 0xf8, 0xff, 0xf8, 0xfc, 0xf8, 0xff, 0xf8, 0xfc, 0xf8, 0xff,
    0xf8, 0xfc, 0xf8, 0xff, 0xf8, 0xfc, 0xf8, 0xff, 0xf8, 0xfc, 0xf8, 0xff,
    0xf8, 0xfc, 0xf8, 0xff, 0xf8, 0xfc, 0xf8, 0xff, 0xf8, 0xfc, 0xf8, 0xff,
    0xf8, 0xfc, 0xf8, 0xff, 0xf8, 0xfc, 0xf8, 0xff, 0xf8, 0xfc, 0xf8, 0xff,
    0xf8, 0xfc, 0xf8, 0xff, 0xf8, 0xfc, 0xf8, 0xff, 0xf8, 0xfc, 0xf8, 0xff,
    0xf8, 0xfc, 0xf8, 0xff, 0xf8, 0xfc, 0xf8, 0xff, 0xf8, 0xfc, 0xf8, 0xff,
    0xf8, 0xfc, 0xf8, 0xff, 0xf8, 0xfc, 0xf8, 0xff, 0xf8, 0xfc, 0xf8, 0xff,
    0xf8, 0xfc, 0xf8, 0xff, 0x30, 0x34, 0x38, 0xff, 0x18, 0x1c, 0x18, 0xff,
    0x18, 0x18, 0x18, 0xff, 0x18, 0x18, 0x18, 0xff, 0x18, 0x1c, 0x20, 0xff,
    0x18, 0x18, 0x18, 0xff, 0x18, 0x18, 0x18, 0xff, 0x18, 0x1c, 0x18, 0xff,
    0x18, 0x18, 0x20, 0xff, 0x18, 0x1c, 0x18, 0xff, 0x18, 0x18, 0x18, 0xff,
    0x18, 0x1c, 0x18, 0xff, 0x18, 0x18, 0x18, 0xff, 0x18, 0x18, 0x18, 0xff,
    0x18, 0x1c, 0x18, 0xff, 0x18, 0x18, 0x18, 0xff, 0x18, 0x1c, 0x20, 0xff,
    0x18, 0x1c, 0x18, 0xff, 0x18, 0x18, 0x18, 0xff, 0x18, 0x1c, 0x18, 0xff,
    0x18, 0x1c, 0x20, 0xff, 0x18, 0x18, 0x18, 0xff, 0x18, 0x1c, 0x18, 0xff,
    0x18, 0x18, 0x18, 0xff, 0x18, 0x18, 0x18, 0xff, 0x18, 0x1c, 0x20, 0xff,
    0x18, 0x18, 0x18, 0xff, 0x18, 0x1c, 0x18, 0xff, 0x18, 0x18, 0x18, 0xff,
    0x18, 0x1c, 0x20, 0xff, 0x18, 0x18, 0x18, 0xff, 0x18, 0x18, 0x18, 0xff,
    0x18, 0x1c, 0x20, 0xff, 0x18, 0x18, 0x18, 0xff, 0x18, 0x18, 0x18, 0xff,
    0x18, 0x1c, 0x20, 0xff, 0x18, 0x18, 0x18, 0xff, 0x18, 0x18, 0x20, 0xff,
    0x18, 0x1c, 0x18, 0xff, 0x18, 0x18, 0x20, 0xff, 0x18, 0x18, 0x18, 0xff,
    0x18, 0x1c, 0x18, 0xff, 0x20, 0x1c, 0x20, 0xff, 0x20, 0x20, 0x20, 0xff,
    0x20, 0x24, 0x20, 0xff, 0x10, 0x14, 0x10, 0xff, 0x10, 0x14, 0x18, 0xff,
    0x10, 0x14, 0x18, 0xff, 0x10, 0x14, 0x18, 0xff, 0x18, 0x18, 0x18, 0xff,
    0x18, 0x18, 0x18, 0xff, 0x18, 0x1c, 0x18, 0xff, 0x18, 0x18, 0x18, 0xff,
    0x18, 0x1c, 0x20, 0xff, 0xf0, 0xf0, 0xf0, 0xff, 0xf8, 0xfc, 0xf8, 0xff,
    0xf8, 0xfc, 0xf8, 0xff, 0xf8, 0xfc, 0xf8, 0xff, 0xf8, 0xfc, 0xf8, 0xff,
    0xf8, 0xfc, 0xf8, 0xff, 0xf8, 0xfc, 0xf8, 0xff, 0xf8, 0xfc, 0xf8, 0xff,
    0xf8, 0xfc, 0xf8, 0xff, 0xf8, 0xfc, 0xf8, 0xff, 0xf8, 0xfc, 0xf8, 0xff,
    0xf8, 0xfc, 0xf8, 0xff, 0xf8, 0xfc, 0xf8, 0xff, 0xf8, 0xfc, 0xf8, 0xff,
    0xf8, 0xfc, 0xf8, 0xff, 0xf8, 0xfc, 0xf8, 0xff, 0xf8, 0xfc, 0xf8, 0xff,
    0xf8, 0xfc, 0xf8, 0xff, 0xf8, 0xfc, 0xf8, 0xff, 0xf8, 0xfc, 0xf8, 0xff,
    0xf8, 0xfc, 0xf8, 0xff, 0xf8, 0xfc, 0xf8, 0xff, 0xf8, 0xfc, 0xf8, 0xff,
    0xf8, 0xfc, 0xf8, 0xff, 0xf8, 0xfc, 0xf8, 0xff, 0xf8, 0xfc, 0xf8, 0xff,
    0xf8, 0xfc, 0xf8, 0xff, 0xf8, 0xfc, 0xf8, 0xff, 0xf8, 0xfc, 0xf8, 0xff,
    0xf8, 0xfc, 0xf8, 0xff, 0xf8, 0xfc, 0xf8, 0xff, 0xf8, 0xfc, 0xf8, 0xff,
    0xf8, 0xfc, 0xf8, 0xff, 0xf8, 0xfc, 0xf8, 0xff, 0xf8, 0xfc, 0xf8, 0xff,
    0xf8, 0xfc, 0xf8, 0xff, 0xf8, 0xfc, 0xf8, 0xff, 0x38, 0x38, 0x38, 0xff,
    0x18, 0x18, 0x18, 0xff, 0x18, 0x1c, 0x18, 0xff, 0x18, 0x1c, 0x18, 0xff,
    0x18, 0x18, 0x20, 0xff, 0x18, 0x1c, 0x18, 0xff, 0x18, 0x1c, 0x18, 0xff,
    0x18, 0x18, 0x20, 0xff, 0x18, 0x1c, 0x18, 0xff, 0x18, 0x18, 0x18, 0xff,
    0x18, 0x1c, 0x18, 0xff, 0x18, 0x1c, 0x20, 0xff, 0x18, 0x18, 0x18, 0xff,
    0x18, 0x1c, 0x20, 0xff, 0x18, 0x18, 0x18, 0xff, 0x18, 0x18, 0x18, 0xff,
    0x18, 0x1c, 0x18, 0xff, 0x18, 0x18, 0x18, 0xff, 0x18, 0x18, 0x18, 0xff,
    0x18, 0x1c, 0x18, 0xff, 0x18, 0x18, 0x18, 0xff, 0x18, 0x1c, 0x20, 0xff,
    0x18, 0x1c, 0x18, 0xff, 0x18, 0x18, 0x18, 0xff, 0x18, 0x1c, 0x18, 0xff,
    0x18, 0x18, 0x18, 0xff, 0x18, 0x1c, 0x20, 0xff, 0x18, 0x18, 0x18, 0xff,
    0x18, 0x1c, 0x18, 0xff, 0x18, 0x1c, 0x18, 0xff, 0x18, 0x18, 0x20, 0xff,
    0x18, 0x1c, 0x18, 0xff, 0x18, 0x1c, 0x18, 0xff, 0x18, 0x18, 0x20, 0xff,
    0x18, 0x1c, 0x18, 0xff, 0x18, 0x1c, 0x18, 0xff, 0x18, 0x18, 0x20, 0xff,
    0x18, 0x1c, 0x18, 0xff, 0x18, 0x1c, 0x18, 0xff, 0x18, 0x18, 0x18, 0xff,
    0x18, 0x1c, 0x20, 0xff, 0x18, 0x1c, 0x18, 0xff, 0x18, 0x1c, 0x20, 0xff,
    0x20, 0x20, 0x20, 0xff, 0x20, 0x24, 0x20, 0xff, 0x10, 0x10, 0x10, 0xff,
    0x10, 0x14, 0x10, 0xff, 0x10, 0x14, 0x10, 0xff, 0x18, 0x14, 0x18, 0xff,
    0x18, 0x18, 0x18, 0xff, 0x18, 0x18, 0x18, 0xff, 0x18, 0x1c, 0x18, 0xff,
    0x18, 0x18, 0x20, 0xff, 0x18, 0x18, 0x18, 0xff, 0xf8, 0xfc, 0xf8, 0xff,
    0xf8, 0xfc, 0xf8, 0xff, 0xf8, 0xfc, 0xf8, 0xff, 0xf8, 0xfc, 0xf8, 0xff,
    0xf8, 0xfc, 0xf8, 0xff, 0xf8, 0xfc, 0xf8, 0xff, 0xf8, 0xfc, 0xf8, 0xff,
    0xf8, 0xfc, 0xf8, 0xff, 0xf8, 0xfc, 0xf8, 0xff, 0xf8, 0xfc, 0xf8, 0xff,
    0xf8, 0xfc, 0xf8, 0xff, 0xf8, 0xfc, 0xf8, 0xff, 0xf8, 0xfc, 0xf8, 0xff,
    0xf8, 0xfc, 0xf8, 0xff, 0xf8, 0xfc, 0xf8, 0xff, 0xf8, 0xfc, 0xf8, 0xff,
    0xf8, 0xfc, 0xf8, 0xff, 0xf8, 0xfc, 0xf8, 0xff, 0xf8, 0xfc, 0xf8, 0xff,
    0xf8, 0xfc, 0xf8, 0xff, 0xf8, 0xfc, 0xf8, 0xff, 0xf8, 0xfc, 0xf8, 0xff,
    0xf8, 0xfc, 0xf8, 0xff, 0xf8, 0xfc, 0xf8, 0xff, 0xf8, 0xfc, 0xf8, 0xff,
    0xf8, 0xfc, 0xf8, 0xff, 0xf8, 0xfc, 0xf8, 0xff, 0xf8, 0xfc, 0xf8, 0xff,
    0xf8, 0xfc, 0xf8, 0xff, 0xf8, 0xfc, 0xf8, 0xff, 0xf8, 0xfc, 0xf8, 0xff,
    0xf8, 0xfc, 0xf8, 0xff, 0xf8, 0xfc, 0xf8, 0xff, 0xf8, 0xfc, 0xf8, 0xff,
    0xf8, 0xfc, 0xf8, 0xff, 0xf8, 0xfc, 0xf8, 0xff, 0xf8, 0xfc, 0xf8, 0xff,
    0x40, 0x44, 0x48, 0xff, 0x18, 0x18, 0x18, 0xff, 0x18, 0x1c, 0x18, 0xff,
    0x18, 0x18, 0x20, 0xff, 0x18, 0x18, 0x18, 0xff, 0x18, 0x1c, 0x18, 0xff,
    0x18, 0x18, 0x18, 0xff, 0x18, 0x1c, 0x18, 0xff, 0x18, 0x18, 0x18, 0xff,
    0x18, 0x18, 0x20, 0xff, 0x18, 0x1c, 0x18, 0xff, 0x18, 0x18, 0x18, 0xff,
    0x18, 0x1c, 0x20, 0xff, 0x18, 0x1c, 0x18, 0xff, 0x18, 0x18, 0x18, 0xff,
    0x18, 0x1c, 0x20, 0xff, 0x18, 0x1c, 0x18, 0xff, 0x18, 0x18, 0x20, 0xff,
    0x18, 0x1c, 0x20, 0xff, 0x18, 0x18, 0x18, 0xff, 0x18, 0x18, 0x18, 0xff,
    0x18, 0x1c, 0x18, 0xff, 0x18, 0x18, 0x20, 0xff, 0x18, 0x1c, 0x18, 0xff,
    0x18, 0x18, 0x18, 0xff, 0x18, 0x1c, 0x18, 0xff, 0x18, 0x18, 0x18, 0xff,
    0x18, 0x18, 0x20, 0xff, 0x18, 0x1c, 0x18, 0xff, 0x18, 0x18, 0x18, 0xff,
    0x18, 0x1c, 0x18, 0xff, 0x18, 0x18, 0x18, 0xff, 0x18, 0x1c, 0x18, 0xff,
    0x18, 0x18, 0x20, 0xff, 0x18, 0x1c, 0x18, 0xff, 0x18, 0x18, 0x18, 0xff,
    0x18, 0x18, 0x18, 0xff, 0x18, 0x1c, 0x18, 0xff, 0x18, 0x18, 0x18, 0xff,
    0x18, 0x18, 0x18, 0xff, 0x18, 0x1c, 0x18, 0xff, 0x18, 0x1c, 0x20, 0xff,
    0x18, 0x1c, 0x20, 0xff, 0x20, 0x20, 0x20, 0xff, 0x20, 0x24, 0x20, 0xff,
    0x10, 0x10, 0x10, 0xff, 0x10, 0x14, 0x10, 0xff, 0x10, 0x14, 0x18, 0xff,
    0x18, 0x18, 0x18, 0xff, 0x18, 0x18, 0x18, 0xff, 0x10, 0x18, 0x18, 0xff,
    0x18, 0x1c, 0x18, 0xff, 0x18, 0x1c, 0x18, 0xff, 0x18, 0x1c, 0x18, 0xff,
    0xf8, 0xfc, 0xf8, 0xff, 0xf8, 0xfc, 0xf8, 0xff, 0xf8, 0xfc, 0xf8, 0xff,
    0xf8, 0xfc, 0xf8, 0xff, 0xf8, 0xfc, 0xf8, 0xff, 0xf8, 0xfc, 0xf8, 0xff,
    0xf8, 0xfc, 0xf8, 0xff, 0xf8, 0xfc, 0xf8, 0xff, 0xf8, 0xfc, 0xf8, 0xff,
    0xf8, 0xfc, 0xf8, 0xff, 0xf8, 0xfc, 0xf8, 0xff, 0xf8, 0xfc, 0xf8, 0xff,
    0xf8, 0xfc, 0xf8, 0xff, 0xf8, 0xfc, 0xf8, 0xff, 0xf8, 0xfc, 0xf8, 0xff,
    0xf8, 0xfc, 0xf8, 0xff, 0xf8, 0xfc, 0xf8, 0xff, 0xf8, 0xfc, 0xf8, 0xff,
    0xf8, 0xfc, 0xf8, 0xff, 0xf8, 0xfc, 0xf8, 0xff, 0xf8, 0xfc, 0xf8, 0xff,
    0xf8, 0xfc, 0xf8, 0xff, 0xf8, 0xfc, 0xf8, 0xff, 0xf8, 0xfc, 0xf8, 0xff,
    0xf8, 0xfc, 0xf8, 0xff, 0xf8, 0xfc, 0xf8, 0xff, 0xf8, 0xfc, 0xf8, 0xff,
    0xf8, 0xfc, 0xf8, 0xff, 0xf8, 0xfc, 0xf8, 0xff, 0xf8, 0xfc, 0xf8, 0xff,
    0xf8, 0xfc, 0xf8, 0xff, 0xf8, 0xfc, 0xf8, 0xff, 0xf8, 0xfc, 0xf8, 0xff,
    0xf8, 0xfc, 0xf8, 0xff, 0xf8, 0xfc, 0xf8, 0xff, 0xf8, 0xfc, 0xf8, 0xff,
    0xf8, 0xfc, 0xf8, 0xff, 0x50, 0x54, 0x50, 0xff, 0x18, 0x1c, 0x18, 0xff,
    0x18, 0x18, 0x20, 0xff, 0x18, 0x1c, 0x18, 0xff, 0x18, 0x1c, 0x18, 0xff,
    0x18, 0x18, 0x20, 0xff, 0x18, 0x1c, 0x18, 0xff, 0x18, 0x18, 0x18, 0xff,
    0x18, 0x1c, 0x20, 0xff, 0x18, 0x1c, 0x18, 0xff, 0x18, 0x18, 0x18, 0xff,
    0x18, 0x18, 0x18, 0xff, 0x18, 0x1c, 0x18, 0xff, 0x18, 0x18, 0x18, 0xff,
    0x18, 0x18, 0x18, 0xff, 0x18, 0x1c, 0x18, 0xff, 0x18, 0x18, 0x18, 0xff,
    0x18, 0x1c, 0x18, 0xff, 0x18, 0x1c, 0x18, 0xff, 0x18, 0x18, 0x20, 0xff,
    0x18, 0x1c, 0x18, 0xff, 0x18, 0x18, 0x18, 0xff, 0x18, 0x18, 0x18, 0xff,
    0x18, 0x1c, 0x20, 0xff, 0x18, 0x1c, 0x20, 0xff, 0x18, 0x18, 0x18, 0xff,
    0x18, 0x1c, 0x18, 0xff, 0x18, 0x1c, 0x18, 0xff, 0x18, 0x18, 0x20, 0xff,
    0x18, 0x18, 0x18, 0xff, 0x18, 0x1c, 0x20, 0xff, 0x18, 0x18, 0x18, 0xff,
    0x18, 0x18, 0x18, 0xff, 0x18, 0x1c, 0x18, 0xff, 0x18, 0x18, 0x18, 0xff,
    0x18, 0x1c, 0x20, 0xff, 0x18, 0x1c, 0x18, 0xff, 0x18, 0x18, 0x20, 0xff,
    0x18, 0x1c, 0x20, 0xff, 0x18, 0x18, 0x18, 0xff, 0x18, 0x18, 0x18, 0xff,
    0x18, 0x1c, 0x18, 0xff, 0x20, 0x1c, 0x20, 0xff, 0x20, 0x20, 0x20, 0xff,
    0x20, 0x24, 0x20, 0xff, 0x10, 0x10, 0x10, 0xff, 0x10, 0x14, 0x18, 0xff,
    0x10, 0x14, 0x18, 0xff, 0x18, 0x14, 0x18, 0xff, 0x18, 0x18, 0x18, 0xff,
    0x18, 0x18, 0x18, 0xff, 0x18, 0x18, 0x18, 0xff, 0x18, 0x1c, 0x18, 0xff,
    0x18, 0x18, 0x20, 0xff, 0xf8, 0xfc, 0xf8, 0xff, 0xf8, 0xfc, 0xf8, 0xff,
    0xf8, 0xfc, 0xf8, 0xff, 0xf8, 0xfc, 0xf8, 0xff, 0xf8, 0xfc, 0xf8, 0xff,
    0xf8, 0xfc, 0xf8, 0xff, 0xf8, 0xfc, 0xf8, 0xff, 0xf8, 0xfc, 0xf8, 0xff,
    0xf8, 0xfc, 0xf8, 0xff, 0xf8, 0xfc, 0xf8, 0xff, 0xf8, 0xfc, 0xf8, 0xff,
    0xf8, 0xfc, 0xf8, 0xff, 0xf8, 0xfc, 0xf8, 0xff, 0xf8, 0xfc, 0xf8, 0xff,
    0xf8, 0xfc, 0xf8, 0xff, 0xf8, 0xfc, 0xf8, 0xff, 0xf8, 0xfc, 0xf8, 0xff,
    0xf8, 0xfc, 0xf8, 0xff, 0xf8, 0xfc, 0xf8, 0xff, 0xf8, 0xfc, 0xf8, 0xff,
    0xf8, 0xfc, 0xf8, 0xff, 0xf8, 0xfc, 0xf8, 0xff, 0xf8, 0xfc, 0xf8, 0xff,
    0xf8, 0xfc, 0xf8, 0xff, 0xf8, 0xfc, 0xf8, 0xff, 0xf8, 0xfc, 0xf8, 0xff,
    0xf8, 0xfc, 0xf8, 0xff, 0xf8, 0xfc, 0xf8, 0xff, 0xf8, 0xfc, 0xf8, 0xff,
    0xf8, 0xfc, 0xf8, 0xff, 0xf8, 0xfc, 0xf8, 0xff, 0xf8, 0xfc, 0xf8, 0xff,
    0xf8, 0xfc, 0xf8, 0xff, 0xf8, 0xfc, 0xf8, 0xff, 0xf8, 0xfc, 0xf8, 0xff,
    0xf8, 0xfc, 0xf8, 0xff, 0xf8, 0xfc, 0xf8, 0xff, 0x50, 0x54, 0x50, 0xff,
    0x18, 0x18, 0x18, 0xff, 0x18, 0x18, 0x18, 0xff, 0x18, 0x1c, 0x18, 0xff,
    0x18, 0x18, 0x18, 0xff, 0x18, 0x1c, 0x20, 0xff, 0x18, 0x18, 0x18, 0xff,
    0x18, 0x18, 0x18, 0xff, 0x18, 0x1c, 0x18, 0xff, 0x18, 0x1c, 0x18, 0xff,
    0x18, 0x18, 0x20, 0xff, 0x18, 0x1c, 0x18, 0xff, 0x18, 0x18, 0x18, 0xff,
    0x18, 0x1c, 0x20, 0xff, 0x18, 0x1c, 0x20, 0xff, 0x18, 0x18, 0x18, 0xff,
    0x18, 0x18, 0x18, 0xff, 0x18, 0x1c, 0x18, 0xff, 0x18, 0x18, 0x18, 0xff,
    0x18, 0x1c, 0x18, 0xff, 0x18, 0x1c, 0x20, 0xff, 0x18, 0x18, 0x18, 0xff,
    0x18, 0x1c, 0x18, 0xff, 0x18, 0x18, 0x18, 0xff, 0x18, 0x18, 0x18, 0xff,
    0x18, 0x1c, 0x20, 0xff, 0x18, 0x18, 0x18, 0xff, 0x18, 0x1c, 0x18, 0xff,
    0x18, 0x1c, 0x18, 0xff, 0x18, 0x18, 0x18, 0xff, 0x18, 0x1c, 0x20, 0xff,
    0x18, 0x1c, 0x18, 0xff, 0x18, 0x18, 0x18, 0xff, 0x18, 0x1c, 0x20, 0xff,
    0x18, 0x18, 0x18, 0xff, 0x18, 0x1c, 0x18, 0xff, 0x18, 0x18, 0x18, 0xff,
    0x18, 0x1c, 0x18, 0xff, 0x18, 0x1c, 0x18, 0xff, 0x18, 0x18, 0x18, 0xff,
    0x18, 0x1c, 0x18, 0xff, 0x18, 0x1c, 0x18, 0xff, 0x18, 0x1c, 0x20, 0xff,
    0x20, 0x20, 0x20, 0xff, 0x20, 0x20, 0x20, 0xff, 0x10, 0x14, 0x10, 0xff,
    0x10, 0x14, 0x10, 0xff, 0x10, 0x14, 0x10, 0xff, 0x18, 0x18, 0x18, 0xff,
    0x18, 0x18, 0x18, 0xff, 0x18, 0x18, 0x18, 0xff, 0x18, 0x1c, 0x18, 0xff,
    0x18, 0x18, 0x20, 0xff, 0x18, 0x18, 0x18, 0xff, 0xf8, 0xfc, 0xf8, 0xff,
    0xf8, 0xfc, 0xf8, 0xff, 0xf8, 0xfc, 0xf8, 0xff, 0xf8, 0xfc, 0xf8, 0xff,
    0xf8, 0xfc, 0xf8, 0xff, 0xf8, 0xfc, 0xf8, 0xff, 0xf8, 0xfc, 0xf8, 0xff,
    0xf8, 0xfc, 0xf8, 0xff, 0xf8, 0xfc, 0xf8, 0xff, 0xf8, 0xfc, 0xf8, 0xff,
    0xf8, 0xfc, 0xf8, 0xff, 0xf8, 0xfc, 0xf8, 0xff, 0xf8, 0xfc, 0xf8, 0xff,
    0xf8, 0xfc, 0xf8, 0xff, 0xf8, 0xfc, 0xf8, 0xff, 0xf8, 0xfc, 0xf8, 0xff,
    0xf8, 0xfc, 0xf8, 0xff, 0xf8, 0xfc, 0xf8, 0xff, 0xf8, 0xfc, 0xf8, 0xff,
    0xf8, 0xfc, 0xf8, 0xff, 0xf8, 0xfc, 0xf8, 0xff, 0xf8, 0xfc, 0xf8, 0xff,
    0xf8, 0xfc, 0xf8, 0xff, 0xf8, 0xfc, 0xf8, 0xff, 0xf8, 0xfc, 0xf8, 0xff,
    0xf8, 0xfc, 0xf8, 0xff, 0xf8, 0xfc, 0xf8, 0xff, 0xf8, 0xfc, 0xf8, 0xff,
    0xf8, 0xfc, 0xf8, 0xff, 0xf8, 0xfc, 0xf8, 0xff, 0xf8, 0xfc, 0xf8, 0xff,
    0xf8, 0xfc, 0xf8, 0xff, 0xf8, 0xfc, 0xf8, 0xff, 0xf8, 0xfc, 0xf8, 0xff,
    0xf8, 0xfc, 0xf8, 0xff, 0xf8, 0xfc, 0xf8, 0xff, 0xf8, 0xfc, 0xf8, 0xff,
    0x50, 0x54, 0x58, 0xff, 0x18, 0x18, 0x18, 0xff, 0x18, 0x1c, 0x20, 0xff,
    0x18, 0x18, 0x18, 0xff, 0x18, 0x1c, 0x18, 0xff, 0x18, 0x18, 0x18, 0xff,
    0x18, 0x1c, 0x20, 0xff, 0x18, 0x1c, 0x18, 0xff, 0x18, 0x18, 0x18, 0xff,
    0x18, 0x18, 0x20, 0xff, 0x18, 0x1c, 0x18, 0xff, 0x18, 0x18, 0x18, 0xff,
    0x18, 0x1c, 0x18, 0xff, 0x18, 0x18, 0x18, 0xff, 0x18, 0x1c, 0x18, 0xff,
    0x18, 0x18, 0x20, 0xff, 0x18, 0x1c, 0x20, 0xff, 0x18, 0x18, 0x18, 0xff,
    0x18, 0x18, 0x18, 0xff, 0x18, 0x1c, 0x20, 0xff, 0x18, 0x18, 0x18, 0xff,
    0x18, 0x1c, 0x18, 0xff, 0x18, 0x1c, 0x20, 0xff, 0x18, 0x18, 0x18, 0xff,
    0x18, 0x1c, 0x18, 0xff, 0x18, 0x18, 0x18, 0xff, 0x18, 0x18, 0x20, 0xff,
    0x18, 0x1c, 0x18, 0xff, 0x18, 0x18, 0x18, 0xff, 0x18, 0x18, 0x18, 0xff,
    0x18, 0x1c, 0x18, 0xff, 0x18, 0x18, 0x18, 0xff, 0x18, 0x1c, 0x20, 0xff,
    0x18, 0x18, 0x18, 0xff, 0x18, 0x1c, 0x18, 0xff, 0x18, 0x18, 0x18, 0xff,
    0x18, 0x18, 0x20, 0xff, 0x18, 0x1c, 0x18, 0xff, 0x18, 0x18, 0x18, 0xff,
    0x18, 0x18, 0x20, 0xff, 0x18, 0x1c, 0x18, 0xff, 0x18, 0x1c, 0x20, 0xff,
    0x18, 0x1c, 0x20, 0xff, 0x20, 0x20, 0x20, 0xff, 0x20, 0x24, 0x20, 0xff,
    0x10, 0x10, 0x10, 0xff, 0x10, 0x14, 0x10, 0xff, 0x10, 0x14, 0x18, 0xff,
    0x18, 0x14, 0x18, 0xff, 0x10, 0x18, 0x18, 0xff, 0x18, 0x18, 0x18, 0xff,
    0x18, 0x1c, 0x18, 0xff, 0x18, 0x1c, 0x18, 0xff, 0x18, 0x1c, 0x18, 0xff,
    0xf8, 0xfc, 0xf8, 0xff, 0xf8, 0xfc, 0xf8, 0xff, 0xf8, 0xfc, 0xf8, 0xff,
    0xf8, 0xfc, 0xf8, 0xff, 0xf8, 0xfc, 0xf8, 0xff, 0xf8, 0xfc, 0xf8, 0xff,
    0xf8, 0xfc, 0xf8, 0xff, 0xf8, 0xfc, 0xf8, 0xff, 0xf8, 0xfc, 0xf8, 0xff,
    0xf8, 0xfc, 0xf8, 0xff, 0xf8, 0xfc, 0xf8, 0xff, 0xf8, 0xfc, 0xf8, 0xff,
    0xf8, 0xfc, 0xf8, 0xff, 0xf8, 0xfc, 0xf8, 0xff, 0xf8, 0xfc, 0xf8, 0xff,
    0xf8, 0xfc, 0xf8, 0xff, 0xf8, 0xfc, 0xf8, 0xff, 0xf8, 0xfc, 0xf8, 0xff,
    0xf8, 0xfc, 0xf8, 0xff, 0xf8, 0xfc, 0xf8, 0xff, 0xf8, 0xfc, 0xf8, 0xff,
    0xf8, 0xfc, 0xf8, 0xff, 0xf8, 0xfc, 0xf8, 0xff, 0xf8, 0xfc, 0xf8, 0xff,
    0xf8, 0xfc, 0xf8, 0xff, 0xf8, 0xfc, 0xf8, 0xff, 0xf8, 0xfc, 0xf8, 0xff,
    0xf8, 0xfc, 0xf8, 0xff, 0xf8, 0xfc, 0xf8, 0xff, 0xf8, 0xfc, 0xf8, 0xff,
    0xf8, 0xfc, 0xf8, 0xff, 0xf8, 0xfc, 0xf8, 0xff, 0xf8, 0xfc, 0xf8, 0xff,
    0xf8, 0xfc, 0xf8, 0xff, 0xf8, 0xfc, 0xf8, 0xff, 0xf8, 0xfc, 0xf8, 0xff,
    0xf8, 0xfc, 0xf8, 0xff, 0x50, 0x54, 0x50, 0xff, 0x18, 0x1c, 0x18, 0xff,
    0x18, 0x18, 0x20, 0xff, 0x18, 0x1c, 0x18, 0xff, 0x18, 0x18, 0x18, 0xff,
    0x18, 0x1c, 0x18, 0xff, 0x18, 0x18, 0x18, 0xff, 0x18, 0x1c, 0x20, 0xff,
    0x18, 0x18, 0x18, 0xff, 0x18, 0x1c, 0x18, 0xff, 0x18, 0x18, 0x20, 0xff,
    0x18, 0x1c, 0x18, 0xff, 0x18, 0x18, 0x20, 0xff, 0x18, 0x18, 0x18, 0xff,
    0x18, 0x1c, 0x18, 0xff, 0x18, 0x1c, 0x18, 0xff, 0x18, 0x18, 0x18, 0xff,
    0x18, 0x1c, 0x18, 0xff, 0x18, 0x1c, 0x20, 0xff, 0x18, 0x18, 0x18, 0xff,
    0x18, 0x18, 0x18, 0xff, 0x18, 0x1c, 0x18, 0xff, 0x18, 0x18, 0x18, 0xff,
    0x18, 0x1c, 0x20, 0xff, 0x18, 0x1c, 0x18, 0xff, 0x18, 0x18, 0x18, 0xff,
    0x18, 0x1c, 0x18, 0xff, 0x18, 0x1c, 0x20, 0xff, 0x18, 0x18, 0x18, 0xff,
    0x18, 0x1c, 0x20, 0xff, 0x18, 0x18, 0x18, 0xff, 0x18, 0x1c, 0x18, 0xff,
    0x18, 0x18, 0x18, 0xff, 0x18, 0x1c, 0x20, 0xff, 0x18, 0x1c, 0x18, 0xff,
    0x18, 0x18, 0x18, 0xff, 0x18, 0x1c, 0x20, 0xff, 0x18, 0x18, 0x18, 0xff,
    0x18, 0x1c, 0x18, 0xff, 0x18, 0x18, 0x20, 0xff, 0x18, 0x18, 0x18, 0xff,
    0x18, 0x1c, 0x18, 0xff, 0x20, 0x1c, 0x20, 0xff, 0x20, 0x20, 0x20, 0xff,
    0x20, 0x24, 0x20, 0xff, 0x10, 0x10, 0x10, 0xff, 0x10, 0x14, 0x18, 0xff,
    0x10, 0x14, 0x10, 0xff, 0x18, 0x14, 0x18, 0xff, 0x18, 0x18, 0x18, 0xff,
    0x18, 0x18, 0x18, 0xff, 0x18, 0x1c, 0x18, 0xff, 0x18, 0x18, 0x18, 0xff,
    0x18, 0x18, 0x20, 0xff, 0xf8, 0xfc, 0xf8, 0xff, 0xf8, 0xfc, 0xf8, 0xff,
    0xf8, 0xfc, 0xf8, 0xff, 0xf8, 0xfc, 0xf8, 0xff, 0xf8, 0xfc, 0xf8, 0xff,
    0xf8, 0xfc, 0xf8, 0xff, 0xf8, 0xfc, 0xf8, 0xff, 0xf8, 0xfc, 0xf8, 0xff,
    0xf8, 0xfc, 0xf8, 0xff, 0xf8, 0xfc, 0xf8, 0xff, 0xf8, 0xfc, 0xf8, 0xff,
    0xf8, 0xfc, 0xf8, 0xff, 0xf8, 0xfc, 0xf8, 0xff, 0xf8, 0xfc, 0xf8, 0xff,
    0xf8, 0xfc, 0xf8, 0xff, 0xf8, 0xfc, 0xf8, 0xff, 0xf8, 0xfc, 0xf8, 0xff,
    0xf8, 0xfc, 0xf8, 0xff, 0xf8, 0xfc, 0xf8, 0xff, 0xf8, 0xfc, 0xf8, 0xff,
    0xf8, 0xfc, 0xf8, 0xff, 0xf8, 0xfc, 0xf8, 0xff, 0xf8, 0xfc, 0xf8, 0xff,
    0xf8, 0xfc, 0xf8, 0xff, 0xf8, 0xfc, 0xf8, 0xff, 0xf8, 0xfc, 0xf8, 0xff,
    0xf8, 0xfc, 0xf8, 0xff, 0xf8, 0xfc, 0xf8, 0xff, 0xf8, 0xfc, 0xf8, 0xff,
    0xf8, 0xfc, 0xf8, 0xff, 0xf8, 0xfc, 0xf8, 0xff, 0xf8, 0xfc, 0xf8, 0xff,
    0xf8, 0xfc, 0xf8, 0xff, 0xf8, 0xfc, 0xf8, 0xff, 0xf8, 0xfc, 0xf8, 0xff,
    0xf8, 0xfc, 0xf8, 0xff, 0xf8, 0xfc, 0xf8, 0xff, 0x50, 0x54, 0x50, 0xff,
    0x18, 0x18, 0x18, 0xff, 0x18, 0x1c, 0x18, 0xff, 0x18, 0x18, 0x20, 0xff,
    0x18, 0x1c, 0x18, 0xff, 0x18, 0x18, 0x18, 0xff, 0x18, 0x18, 0x20, 0xff,
    0x18, 0x1c, 0x18, 0xff, 0x18, 0x1c, 0x18, 0xff, 0x18, 0x18, 0x18, 0xff,
    0x18, 0x1c, 0x18, 0xff, 0x18, 0x1c, 0x18, 0xff, 0x18, 0x18, 0x18, 0xff,
    0x18, 0x1c, 0x20, 0xff, 0x18, 0x18, 0x18, 0xff, 0x18, 0x18, 0x18, 0xff,
    0x18, 0x1c, 0x18, 0xff, 0x18, 0x18, 0x18, 0xff, 0x18, 0x1c, 0x18, 0xff,
    0x18, 0x18, 0x18, 0xff, 0x18, 0x1c, 0x20, 0xff, 0x18, 0x18, 0x18, 0xff,
    0x18, 0x18, 0x18, 0xff, 0x18, 0x1c, 0x18, 0xff, 0x18, 0x18, 0x20, 0xff,
    0x18, 0x18, 0x18, 0xff, 0x18, 0x1c, 0x18, 0xff, 0x18, 0x18, 0x18, 0xff,
    0x18, 0x1c, 0x18, 0xff, 0x18, 0x18, 0x20, 0xff, 0x18, 0x1c, 0x18, 0xff,
    0x18, 0x18, 0x18, 0xff, 0x18, 0x18, 0x20, 0xff, 0x18, 0x1c, 0x18, 0xff,
    0x18, 0x18, 0x18, 0xff, 0x18, 0x1c, 0x18, 0xff, 0x18, 0x18, 0x18, 0xff,
    0x18, 0x1c, 0x18, 0xff, 0x18, 0x1c, 0x18, 0xff, 0x18, 0x1c, 0x18, 0xff,
    0x18, 0x18, 0x18, 0xff, 0x18, 0x1c, 0x18, 0xff, 0x18, 0x1c, 0x20, 0xff,
    0x20, 0x20, 0x20, 0xff, 0x20, 0x24, 0x20, 0xff, 0x10, 0x10, 0x10, 0xff,
    0x10, 0x14, 0x10, 0xff, 0x10, 0x14, 0x18, 0xff, 0x18, 0x18, 0x18, 0xff,
    0x18, 0x18, 0x18, 0xff, 0x18, 0x18, 0x18, 0xff, 0x18, 0x1c, 0x18, 0xff,
    0x18, 0x18, 0x20, 0xff, 0x18, 0x1c, 0x18, 0xff, 0xf8, 0xfc, 0xf8, 0xff,
    0xf8, 0xfc, 0xf8, 0xff, 0xf8, 0xfc, 0xf8, 0xff, 0xf8, 0xfc, 0xf8, 0xff,
    0xf8, 0xfc, 0xf8, 0xff, 0xf8, 0xfc, 0xf8, 0xff, 0xf8, 0xfc, 0xf8, 0xff,
    0xf8, 0xfc, 0xf8, 0xff, 0xf8, 0xfc, 0xf8, 0xff, 0xf8, 0xfc, 0xf8, 0xff,
    0xf8, 0xfc, 0xf8, 0xff, 0xf8, 0xfc, 0xf8, 0xff, 0xf8, 0xfc, 0xf8, 0xff,
    0xf8, 0xfc, 0xf8, 0xff, 0xf8, 0xfc, 0xf8, 0xff, 0xf8, 0xfc, 0xf8, 0xff,
    0xf8, 0xfc, 0xf8, 0xff, 0xf8, 0xfc, 0xf8, 0xff, 0xf8, 0xfc, 0xf8, 0xff,
    0xf8, 0xfc, 0xf8, 0xff, 0xf8, 0xfc, 0xf8, 0xff, 0xf8, 0xfc, 0xf8, 0xff,
    0xf8, 0xfc, 0xf8, 0xff, 0xf8, 0xfc, 0xf8, 0xff, 0xf8, 0xfc, 0xf8, 0xff,
    0xf8, 0xfc, 0xf8, 0xff, 0xf8, 0xfc, 0xf8, 0xff, 0xf8, 0xfc, 0xf8, 0xff,
    0xf8, 0xfc, 0xf8, 0xff, 0xf8, 0xfc, 0xf8, 0xff, 0xf8, 0xfc, 0xf8, 0xff,
    0xf8, 0xfc, 0xf8, 0xff, 0xf8, 0xfc, 0xf8, 0xff, 0xf8, 0xfc, 0xf8, 0xff,
    0xf8, 0xfc, 0xf8, 0xff, 0xf8, 0xfc, 0xf8, 0xff, 0xf8, 0xfc, 0xf8, 0xff,
    0x50, 0x54, 0x58, 0xff, 0x18, 0x18, 0x18, 0xff, 0x18, 0x18, 0x18, 0xff,
    0x18, 0x1c, 0x18, 0xff, 0x18, 0x1c, 0x20, 0xff, 0x18, 0x18, 0x18, 0xff,
    0x18, 0x1c, 0x18, 0xff, 0x18, 0x18, 0x18, 0xff, 0x18, 0x18, 0x20, 0xff,
    0x18, 0x1c, 0x18, 0xff, 0x18, 0x18, 0x18, 0xff, 0x18, 0x18, 0x20, 0xff,
    0x18, 0x1c, 0x18, 0xff, 0x18, 0x1c, 0x18, 0xff, 0x18, 0x18, 0x20, 0xff,
    0x18, 0x1c, 0x18, 0xff, 0x18, 0x18, 0x20, 0xff, 0x18, 0x1c, 0x20, 0xff,
    0x18, 0x18, 0x18, 0xff, 0x18, 0x1c, 0x18, 0xff, 0x18, 0x1c, 0x20, 0xff,
    0x18, 0x18, 0x18, 0xff, 0x18, 0x1c, 0x18, 0xff, 0x18, 0x1c, 0x18, 0xff,
    0x18, 0x18, 0x18, 0xff, 0x18, 0x1c, 0x20, 0xff, 0x18, 0x18, 0x18, 0xff,
    0x18, 0x1c, 0x18, 0xff, 0x18, 0x18, 0x18, 0xff, 0x18, 0x1c, 0x18, 0xff,
    0x18, 0x1c, 0x18, 0xff, 0x18, 0x18, 0x20, 0xff, 0x18, 0x1c, 0x18, 0xff,
    0x18, 0x18, 0x18, 0xff, 0x18, 0x18, 0x20, 0xff, 0x18, 0x1c, 0x18, 0xff,
    0x18, 0x18, 0x20, 0xff, 0x18, 0x18, 0x18, 0xff, 0x18, 0x1c, 0x20, 0xff,
    0x18, 0x18, 0x18, 0xff, 0x18, 0x1c, 0x18, 0xff, 0x18, 0x1c, 0x20, 0xff,
    0x18, 0x1c, 0x20, 0xff, 0x20, 0x20, 0x20, 0xff, 0x20, 0x20, 0x20, 0xff,
    0x10, 0x14, 0x10, 0xff, 0x10, 0x14, 0x10, 0xff, 0x10, 0x14, 0x18, 0xff,
    0x18, 0x14, 0x18, 0xff, 0x18, 0x18, 0x18, 0xff, 0x18, 0x18, 0x18, 0xff,
    0x18, 0x1c, 0x18, 0xff, 0x18, 0x1c, 0x18, 0xff, 0x18, 0x18, 0x18, 0xff,
    0xf8, 0xfc, 0xf8, 0xff, 0xf8, 0xfc, 0xf8, 0xff, 0xf8, 0xfc, 0xf8, 0xff,
    0xf8, 0xfc, 0xf8, 0xff, 0xf8, 0xfc, 0xf8, 0xff, 0xf8, 0xfc, 0xf8, 0xff,
    0xf8, 0xfc, 0xf8, 0xff, 0xf8, 0xfc, 0xf8, 0xff, 0xf8, 0xfc, 0xf8, 0xff,
    0xf8, 0xfc, 0xf8, 0xff, 0xf8, 0xfc, 0xf8, 0xff, 0xf8, 0xfc, 0xf8, 0xff,
    0xf8, 0xfc, 0xf8, 0xff, 0xf8, 0xfc, 0xf8, 0xff, 0xf8, 0xfc, 0xf8, 0xff,
    0xf8, 0xfc, 0xf8, 0xff, 0xf8, 0xfc, 0xf8, 0xff, 0xf8, 0xfc, 0xf8, 0xff,
    0xf8, 0xfc, 0xf8, 0xff, 0xf8, 0xfc, 0xf8, 0xff, 0xf8, 0xfc, 0xf8, 0xff,
    0xf8, 0xfc, 0xf8, 0xff, 0xf8, 0xfc, 0xf8, 0xff, 0xf8, 0xfc, 0xf8, 0xff,
    0xf8, 0xfc, 0xf8, 0xff, 0xf8, 0xfc, 0xf8, 0xff, 0xf8, 0xfc, 0xf8, 0xff,
    0xf8, 0xfc, 0xf8, 0xff, 0xf8, 0xfc, 0xf8, 0xff, 0xf8, 0xfc, 0xf8, 0xff,
    0xf8, 0xfc, 0xf8, 0xff, 0xf8, 0xfc, 0xf8, 0xff, 0xf8, 0xfc, 0xf8, 0xff,
    0xf8, 0xfc, 0xf8, 0xff, 0xf8, 0xfc, 0xf8, 0xff, 0xf8, 0xfc, 0xf8, 0xff,
    0xf8, 0xfc, 0xf8, 0xff, 0x50, 0x54, 0x58, 0xff, 0x18, 0x18, 0x18, 0xff,
    0x18, 0x1c, 0x18, 0xff, 0x18, 0x18, 0x18, 0xff, 0x18, 0x18, 0x18, 0xff,
    0x18, 0x1c, 0x20, 0xff, 0x18, 0x1c, 0x18, 0xff, 0x18, 0x18, 0x18, 0xff,
    0x18, 0x1c, 0x20, 0xff, 0x18, 0x1c, 0x18, 0xff, 0x18, 0x18, 0x18, 0xff,
    0x18, 0x18, 0x20, 0xff, 0x18, 0x1c, 0x18, 0xff, 0x18, 0x18, 0x18, 0xff,
    0x18, 0x1c, 0x18, 0xff, 0x18, 0x1c, 0x18, 0xff, 0x18, 0x18, 0x18, 0xff,
    0x18, 0x18, 0x18, 0xff, 0x18, 0x1c, 0x18, 0xff, 0x18, 0x18, 0x18, 0xff,
    0x18, 0x18, 0x18, 0xff, 0x18, 0x1c, 0x20, 0xff, 0x18, 0x18, 0x18, 0xff,
    0x18, 0x18, 0x18, 0xff, 0x18, 0x1c, 0x20, 0xff, 0x18, 0x1c, 0x18, 0xff,
    0x18, 0x18, 0x18, 0xff, 0x18, 0x18, 0x20, 0xff, 0x18, 0x1c, 0x20, 0xff,
    0x18, 0x18, 0x18, 0xff, 0x18, 0x18, 0x18, 0xff, 0x18, 0x1c, 0x18, 0xff,
    0x18, 0x1c, 0x18, 0xff, 0x18, 0x18, 0x18, 0xff, 0x18, 0x1c, 0x18, 0xff,
    0x18, 0x1c, 0x20, 0xff, 0x18, 0x18, 0x18, 0xff, 0x18, 0x1c, 0x18, 0xff,
    0x18, 0x18, 0x18, 0xff, 0x18, 0x18, 0x20, 0xff, 0x18, 0x1c, 0x18, 0xff,
    0x18, 0x1c, 0x18, 0xff, 0x20, 0x1c, 0x20, 0xff, 0x20, 0x20, 0x20, 0xff,
    0x20, 0x24, 0x20, 0xff, 0x10, 0x10, 0x10, 0xff, 0x10, 0x14, 0x10, 0xff,
    0x10, 0x14, 0x18, 0xff, 0x18, 0x18, 0x18, 0xff, 0x18, 0x18, 0x18, 0xff,
    0x10, 0x18, 0x18, 0xff, 0x18, 0x18, 0x18, 0xff, 0x18, 0x1c, 0x18, 0xff,
    0x18, 0x18, 0x20, 0xff, 0xf8, 0xfc, 0xf8, 0xff, 0xf8, 0xfc, 0xf8, 0xff,
    0xf8, 0xfc, 0xf8, 0xff, 0xf8, 0xfc, 0xf8, 0xff, 0xf8, 0xfc, 0xf8, 0xff,
    0xf8, 0xfc, 0xf8, 0xff, 0xf8, 0xfc, 0xf8, 0xff, 0xf8, 0xfc, 0xf8, 0xff,
    0xf8, 0xfc, 0xf8, 0xff, 0xf8, 0xfc, 0xf8, 0xff, 0xf8, 0xfc, 0xf8, 0xff,
    0xf8, 0xfc, 0xf8, 0xff, 0xf8, 0xfc, 0xf8, 0xff, 0xf8, 0xfc, 0xf8, 0xff,
    0xf8, 0xfc, 0xf8, 0xff, 0xf8, 0xfc, 0xf8, 0xff, 0xf8, 0xfc, 0xf8, 0xff,
    0xf8, 0xfc, 0xf8, 0xff, 0xf8, 0xfc, 0xf8, 0xff, 0xf8, 0xfc, 0xf8, 0xff,
    0xf8, 0xfc, 0xf8, 0xff, 0xf8, 0xfc, 0xf8, 0xff, 0xf8, 0xfc, 0xf8, 0xff,
    0xf8, 0xfc, 0xf8, 0xff, 0xf8, 0xfc, 0xf8, 0xff, 0xf8, 0xfc, 0xf8, 0xff,
    0xf8, 0xfc, 0xf8, 0xff, 0xf8, 0xfc, 0xf8, 0xff, 0xf8, 0xfc, 0xf8, 0xff,
    0xf8, 0xfc, 0xf8, 0xff, 0xf8, 0xfc, 0xf8, 0xff, 0xf8, 0xfc, 0xf8, 0xff,
    0xf8, 0xfc, 0xf8, 0xff, 0xf8, 0xfc, 0xf8, 0xff, 0xf8, 0xfc, 0xf8, 0xff,
    0xf8, 0xfc, 0xf8, 0xff, 0xf8, 0xfc, 0xf8, 0xff, 0x50, 0x54, 0x50, 0xff,
    0x18, 0x1c, 0x18, 0xff, 0x18, 0x18, 0x20, 0xff, 0x18, 0x1c, 0x18, 0xff,
    0x18, 0x18, 0x18, 0xff, 0x18, 0x1c, 0x18, 0xff, 0x18, 0x18, 0x18, 0xff,
    0x18, 0x18, 0x18, 0xff, 0x18, 0x1c, 0x18, 0xff, 0x18, 0x18, 0x18, 0xff,
    0x18, 0x1c, 0x18, 0xff, 0x18, 0x1c, 0x18, 0xff, 0x18, 0x18, 0x18, 0xff,
    0x18, 0x18, 0x20, 0xff, 0x18, 0x1c, 0x18, 0xff, 0x18, 0x18, 0x18, 0xff,
    0x18, 0x1c, 0x20, 0xff, 0x18, 0x1c, 0x18, 0xff, 0x18, 0x18, 0x18, 0xff,
    0x18, 0x1c, 0x20, 0xff, 0x18, 0x1c, 0x18, 0xff, 0x18, 0x18, 0x18, 0xff,
    0x18, 0x1c, 0x20, 0xff, 0x18, 0x18, 0x18, 0xff, 0x18, 0x18, 0x18, 0xff,
    0x18, 0x1c, 0x18, 0xff, 0x18, 0x1c, 0x18, 0xff, 0x18, 0x18, 0x18, 0xff,
    0x18, 0x1c, 0x18, 0xff, 0x18, 0x1c, 0x20, 0xff, 0x18, 0x18, 0x18, 0xff,
    0x18, 0x1c, 0x18, 0xff, 0x18, 0x18, 0x20, 0xff, 0x18, 0x1c, 0x18, 0xff,
    0x18, 0x18, 0x18, 0xff, 0x18, 0x18, 0x18, 0xff, 0x18, 0x1c, 0x18, 0xff,
    0x18, 0x1c, 0x18, 0xff, 0x18, 0x18, 0x18, 0xff, 0x18, 0x1c, 0x18, 0xff,
    0x18, 0x18, 0x18, 0xff, 0x18, 0x1c, 0x18, 0xff, 0x18, 0x1c, 0x20, 0xff,
    0x20, 0x20, 0x20, 0xff, 0x20, 0x24, 0x20, 0xff, 0x10, 0x10, 0x10, 0xff,
    0x10, 0x14, 0x10, 0xff, 0x10, 0x14, 0x18, 0xff, 0x18, 0x14, 0x18, 0xff,
    0x18, 0x18, 0x18, 0xff, 0x18, 0x18, 0x18, 0xff, 0x18, 0x1c, 0x18, 0xff,
    0x18, 0x18, 0x18, 0xff, 0x18, 0x1c, 0x18, 0xff, 0xf8, 0xfc, 0xf8, 0xff,
    0xf8, 0xfc, 0xf8, 0xff, 0xf8, 0xfc, 0xf8, 0xff, 0xf8, 0xfc, 0xf8, 0xff,
    0xf8, 0xfc, 0xf8, 0xff, 0xf8, 0xfc, 0xf8, 0xff, 0xf8, 0xfc, 0xf8, 0xff,
    0xf8, 0xfc, 0xf8, 0xff, 0xf8, 0xfc, 0xf8, 0xff, 0xf8, 0xfc, 0xf8, 0xff,
    0xf8, 0xfc, 0xf8, 0xff, 0xf8, 0xfc, 0xf8, 0xff, 0xf8, 0xfc, 0xf8, 0xff,
    0xf8, 0xfc, 0xf8, 0xff, 0xf8, 0xfc, 0xf8, 0xff, 0xf8, 0xfc, 0xf8, 0xff,
    0xf8, 0xfc, 0xf8, 0xff, 0xf8, 0xfc, 0xf8, 0xff, 0xf8, 0xfc, 0xf8, 0xff,
    0xf8, 0xfc, 0xf8, 0xff, 0xf8, 0xfc, 0xf8, 0xff, 0xf8, 0xfc, 0xf8, 0xff,
    0xf8, 0xfc, 0xf8, 0xff, 0xf8, 0xfc, 0xf8, 0xff, 0xf8, 0xfc, 0xf8, 0xff,
    0xf8, 0xfc, 0xf8, 0xff, 0xf8, 0xfc, 0xf8, 0xff, 0xf8, 0xfc, 0xf8, 0xff,
    0xf8, 0xfc, 0xf8, 0xff, 0xf8, 0xfc, 0xf8, 0xff, 0xf8, 0xfc, 0xf8, 0xff,
    0xf8, 0xfc, 0xf8, 0xff, 0xf8, 0xfc, 0xf8, 0xff, 0xf8, 0xfc, 0xf8, 0xff,
    0xf8, 0xfc, 0xf8, 0xff, 0xf8, 0xfc, 0xf8, 0xff, 0xf8, 0xfc, 0xf8, 0xff,
    0x50, 0x54, 0x50, 0xff, 0x18, 0x18, 0x18, 0xff, 0x18, 0x1c, 0x20, 0xff,
    0x18, 0x18, 0x18, 0xff, 0x18, 0x1c, 0x20, 0xff, 0x18, 0x1c, 0x18, 0xff,
    0x18, 0x18, 0x20, 0xff, 0x18, 0x1c, 0x18, 0xff, 0x18, 0x18, 0x20, 0xff,
    0x18, 0x18, 0x18, 0xff, 0x18, 0x1c, 0x20, 0xff, 0x18, 0x1c, 0x18, 0xff,
    0x18, 0x18, 0x18, 0xff, 0x18, 0x1c, 0x20, 0xff, 0x18, 0x18, 0x18, 0xff,
    0x18, 0x18, 0x18, 0xff, 0x18, 0x1c, 0x20, 0xff, 0x18, 0x18, 0x18, 0xff,
    0x18, 0x18, 0x18, 0xff, 0x18, 0x1c, 0x20, 0xff, 0x18, 0x18, 0x18, 0xff,
    0x18, 0x1c, 0x18, 0xff, 0x18, 0x1c, 0x18, 0xff, 0x18, 0x18, 0x18, 0xff,
    0x18, 0x1c, 0x20, 0xff, 0x18, 0x18, 0x18, 0xff, 0x18, 0x18, 0x20, 0xff,
    0x18, 0x1c, 0x18, 0xff, 0x18, 0x18, 0x18, 0xff, 0x18, 0x18, 0x18, 0xff,
    0x18, 0x1c, 0x20, 0xff, 0x18, 0x18, 0x18, 0xff, 0x18, 0x18, 0x18, 0xff,
    0x18, 0x1c, 0x20, 0xff, 0x18, 0x1c, 0x18, 0xff, 0x18, 0x18, 0x18, 0xff,
    0x18, 0x1c, 0x20, 0xff, 0x18, 0x18, 0x20, 0xff, 0x18, 0x1c, 0x18, 0xff,
    0x18, 0x18, 0x20, 0xff, 0x18, 0x18, 0x18, 0xff, 0x18, 0x1c, 0x20, 0xff,
    0x18, 0x1c, 0x20, 0xff, 0x20, 0x20, 0x20, 0xff, 0x20, 0x24, 0x20, 0xff,
    0x10, 0x10, 0x10, 0xff, 0x10, 0x14, 0x10, 0xff, 0x10, 0x14, 0x18, 0xff,
    0x18, 0x14, 0x18, 0xff, 0x18, 0x18, 0x18, 0xff, 0x18, 0x18, 0x18, 0xff,
    0x18, 0x1c, 0x18, 0xff, 0x18, 0x1c, 0x20, 0xff, 0x18, 0x18, 0x18, 0xff,
    0xf8, 0xfc, 0xf8, 0xff, 0xf8, 0xfc, 0xf8, 0xff, 0xf8, 0xfc, 0xf8, 0xff,
    0xf8, 0xfc, 0xf8, 0xff, 0xf8, 0xfc, 0xf8, 0xff, 0xf8, 0xfc, 0xf8, 0xff,
    0xf8, 0xfc, 0xf8, 0xff, 0xf8, 0xfc, 0xf8, 0xff, 0xf8, 0xfc, 0xf8, 0xff,
    0xf8, 0xfc, 0xf8, 0xff, 0xf8, 0xfc, 0xf8, 0xff, 0xf8, 0xfc, 0xf8, 0xff,
    0xf8, 0xfc, 0xf8, 0xff, 0xf8, 0xfc, 0xf8, 0xff, 0xf8, 0xfc, 0xf8, 0xff,
    0xf8, 0xfc, 0xf8, 0xff, 0xf8, 0xfc, 0xf8, 0xff, 0xf8, 0xfc, 0xf8, 0xff,
    0xf8, 0xfc, 0xf8, 0xff, 0xf8, 0xfc, 0xf8, 0xff, 0xf8, 0xfc, 0xf8, 0xff,
    0xf8, 0xfc, 0xf8, 0xff, 0xf8, 0xfc, 0xf8, 0xff, 0xf8, 0xfc, 0xf8, 0xff,
    0xf8, 0xfc, 0xf8, 0xff, 0xf8, 0xfc, 0xf8, 0xff, 0xf8, 0xfc, 0xf8, 0xff,
    0xf8, 0xfc, 0xf8, 0xff, 0xf8, 0xfc, 0xf8, 0xff, 0xf8, 0xfc, 0xf8, 0xff,
    0xf8, 0xfc, 0xf8, 0xff, 0xf8, 0xfc, 0xf8, 0xff, 0xf8, 0xfc, 0xf8, 0xff,
    0xf8, 0xfc, 0xf8, 0xff, 0xf8, 0xfc, 0xf8, 0xff, 0xf8, 0xfc, 0xf8, 0xff,
    0xf8, 0xfc, 0xf8, 0xff, 0x58, 0x54, 0x58, 0xff, 0x18, 0x18, 0x18, 0xff,
    0x18, 0x18, 0x18, 0xff, 0x18, 0x1c, 0x18, 0xff, 0x18, 0x18, 0x18, 0xff,
    0x18, 0x18, 0x20, 0xff, 0x18, 0x1c, 0x18, 0xff, 0x18, 0x1c, 0x18, 0xff,
    0x18, 0x18, 0x18, 0xff, 0x18, 0x1c, 0x20, 0xff, 0x18, 0x18, 0x18, 0xff,
    0x18, 0x18, 0x18, 0xff, 0x18, 0x1c, 0x18, 0xff, 0x18, 0x1c, 0x18, 0xff,
    0x18, 0x18, 0x18, 0xff, 0x18, 0x1c, 0x18, 0xff, 0x18, 0x1c, 0x18, 0xff,
    0x18, 0x18, 0x18, 0xff, 0x18, 0x1c, 0x18, 0xff, 0x18, 0x18, 0x18, 0xff,
    0x18, 0x18, 0x18, 0xff, 0x18, 0x1c, 0x20, 0xff, 0x18, 0x18, 0x18, 0xff,
    0x18, 0x1c, 0x18, 0xff, 0x18, 0x1c, 0x18, 0xff, 0x18, 0x18, 0x18, 0xff,
    0x18, 0x1c, 0x18, 0xff, 0x18, 0x1c, 0x20, 0xff, 0x18, 0x18, 0x18, 0xff,
    0x18, 0x1c, 0x18, 0xff, 0x18, 0x1c, 0x18, 0xff, 0x18, 0x18, 0x18, 0xff,
    0x18, 0x1c, 0x18, 0xff, 0x18, 0x18, 0x20, 0xff, 0x18, 0x1c, 0x18, 0xff,
    0x18, 0x18, 0x18, 0xff, 0x18, 0x18, 0x18, 0xff, 0x18, 0x1c, 0x18, 0xff,
    0x18, 0x18, 0x18, 0xff, 0x18, 0x1c, 0x18, 0xff, 0x18, 0x1c, 0x18, 0xff,
    0x18, 0x1c, 0x18, 0xff, 0x20, 0x1c, 0x20, 0xff, 0x20, 0x20, 0x20, 0xff,
    0x20, 0x20, 0x20, 0xff, 0x10, 0x14, 0x10, 0xff, 0x10, 0x14, 0x10, 0xff,
    0x10, 0x14, 0x10, 0xff, 0x10, 0x18, 0x18, 0xff, 0x18, 0x18, 0x18, 0xff,
    0x18, 0x18, 0x18, 0xff, 0x18, 0x1c, 0x18, 0xff, 0x18, 0x18, 0x18, 0xff,
    0x18, 0x18, 0x20, 0xff, 0xf8, 0xfc, 0xf8, 0xff, 0xf8, 0xfc, 0xf8, 0xff,
    0xf8, 0xfc, 0xf8, 0xff, 0xf8, 0xfc, 0xf8, 0xff, 0xf8, 0xfc, 0xf8, 0xff,
    0xf8, 0xfc, 0xf8, 0xff, 0xf8, 0xfc, 0xf8, 0xff, 0xf8, 0xfc, 0xf8, 0xff,
    0xf8, 0xfc, 0xf8, 0xff, 0xf8, 0xfc, 0xf8, 0xff, 0xf8, 0xfc, 0xf8, 0xff,
    0xf8, 0xfc, 0xf8, 0xff, 0xf8, 0xfc, 0xf8, 0xff, 0xf8, 0xfc, 0xf8, 0xff,
    0xf8, 0xfc, 0xf8, 0xff, 0xf8, 0xfc, 0xf8, 0xff, 0xf8, 0xfc, 0xf8, 0xff,
    0xf8, 0xfc, 0xf8, 0xff, 0xf8, 0xfc, 0xf8, 0xff, 0xf8, 0xfc, 0xf8, 0xff,
    0xf8, 0xfc, 0xf8, 0xff, 0xf8, 0xfc, 0xf8, 0xff, 0xf8, 0xfc, 0xf8, 0xff,
    0xf8, 0xfc, 0xf8, 0xff, 0xf8, 0xfc, 0xf8, 0xff, 0xf8, 0xfc, 0xf8, 0xff,
    0xf8, 0xfc, 0xf8, 0xff, 0xf8, 0xfc, 0xf8, 0xff, 0xf8, 0xfc, 0xf8, 0xff,
    0xf8, 0xfc, 0xf8, 0xff, 0xf8, 0xfc, 0xf8, 0xff, 0xf8, 0xfc, 0xf8, 0xff,
    0xf8, 0xfc, 0xf8, 0xff, 0xf8, 0xfc, 0xf8, 0xff, 0xf8, 0xfc, 0xf8, 0xff,
    0xf8, 0xfc, 0xf8, 0xff, 0xf8, 0xfc, 0xf8, 0xff, 0x50, 0x54, 0x50, 0xff,
    0x18, 0x18, 0x18, 0xff, 0x18, 0x1c, 0x18, 0xff, 0x18, 0x1c, 0x20, 0xff,
    0x18, 0x18, 0x18, 0xff, 0x18, 0x18, 0x18, 0xff, 0x18, 0x1c, 0x18, 0xff,
    0x18, 0x18, 0x18, 0xff, 0x18, 0x1c, 0x18, 0xff, 0x18, 0x1c, 0x18, 0xff,
    0x18, 0x18, 0x18, 0xff, 0x18, 0x18, 0x20, 0xff, 0x18, 0x1c, 0x18, 0xff,
    0x18, 0x18, 0x20, 0xff, 0x18, 0x18, 0x18, 0xff, 0x18, 0x1c, 0x20, 0xff,
    0x18, 0x18, 0x18, 0xff, 0x18, 0x1c, 0x20, 0xff, 0x18, 0x1c, 0x18, 0xff,
    0x18, 0x18, 0x18, 0xff, 0x18, 0x1c, 0x20, 0xff, 0x18, 0x18, 0x18, 0xff,
    0x18, 0x18, 0x18, 0xff, 0x18, 0x1c, 0x20, 0xff, 0x18, 0x18, 0x18, 0xff,
    0x18, 0x18, 0x18, 0xff, 0x18, 0x1c, 0x18, 0xff, 0x18, 0x18, 0x18, 0xff,
    0x18, 0x18, 0x20, 0xff, 0x18, 0x1c, 0x18, 0xff, 0x18, 0x18, 0x18, 0xff,
    0x18, 0x1c, 0x20, 0xff, 0x18, 0x18, 0x18, 0xff, 0x18, 0x1c, 0x18, 0xff,
    0x18, 0x18, 0x20, 0xff, 0x18, 0x1c, 0x18, 0xff, 0x18, 0x1c, 0x18, 0xff,
    0x18, 0x18, 0x20, 0xff, 0x18, 0x1c, 0x18, 0xff, 0x18, 0x18, 0x18, 0xff,
    0x18, 0x18, 0x18, 0xff, 0x18, 0x1c, 0x20, 0xff, 0x18, 0x1c, 0x20, 0xff,
    0x20, 0x20, 0x20, 0xff, 0x20, 0x24, 0x20, 0xff, 0x10, 0x10, 0x10, 0xff,
    0x10, 0x14, 0x18, 0xff, 0x10, 0x14, 0x18, 0xff, 0x18, 0x14, 0x18, 0xff,
    0x18, 0x18, 0x18, 0xff, 0x18, 0x18, 0x18, 0xff, 0x18, 0x1c, 0x18, 0xff,
    0x18, 0x1c, 0x18, 0xff, 0x18, 0x1c, 0x18, 0xff, 0xf0, 0xf0, 0xf0, 0xff,
    0xf8, 0xfc, 0xf8, 0xff, 0xf8, 0xfc, 0xf8, 0xff, 0xf8, 0xfc, 0xf8, 0xff,
    0xf8, 0xfc, 0xf8, 0xff, 0xf8, 0xfc, 0xf8, 0xff, 0xf8, 0xfc, 0xf8, 0xff,
    0xf8, 0xfc, 0xf8, 0xff, 0xf8, 0xfc, 0xf8, 0xff, 0xf8, 0xfc, 0xf8, 0xff,
    0xf8, 0xfc, 0xf8, 0xff, 0xf8, 0xfc, 0xf8, 0xff, 0xf8, 0xfc, 0xf8, 0xff,
    0xf8, 0xfc, 0xf8, 0xff, 0xf8, 0xfc, 0xf8, 0xff, 0xf8, 0xfc, 0xf8, 0xff,
    0xf8, 0xfc, 0xf8, 0xff, 0xf8, 0xfc, 0xf8, 0xff, 0xf8, 0xfc, 0xf8, 0xff,
    0xf8, 0xfc, 0xf8, 0xff, 0xf8, 0xfc, 0xf8, 0xff, 0xf8, 0xfc, 0xf8, 0xff,
    0xf8, 0xfc, 0xf8, 0xff, 0xf8, 0xfc, 0xf8, 0xff, 0xf8, 0xfc, 0xf8, 0xff,
    0xf8, 0xfc, 0xf8, 0xff, 0xf8, 0xfc, 0xf8, 0xff, 0xf8, 0xfc, 0xf8, 0xff,
    0xf8, 0xfc, 0xf8, 0xff, 0xf8, 0xfc, 0xf8, 0xff, 0xf8, 0xfc, 0xf8, 0xff,
    0xf8, 0xfc, 0xf8, 0xff, 0xf8, 0xfc, 0xf8, 0xff, 0xf8, 0xfc, 0xf8, 0xff,
    0xf8, 0xfc, 0xf8, 0xff, 0xf8, 0xfc, 0xf8, 0xff, 0xf8, 0xfc, 0xf8, 0xff,
    0x38, 0x34, 0x38, 0xff, 0x18, 0x1c, 0x18, 0xff, 0x18, 0x18, 0x18, 0xff,
    0x18, 0x1c, 0x20, 0xff, 0x18, 0x1c, 0x18, 0xff, 0x18, 0x18, 0x18, 0xff,
    0x18, 0x1c, 0x20, 0xff, 0x18, 0x18, 0x18, 0xff, 0x18, 0x18, 0x20, 0xff,
    0x18, 0x1c, 0x18, 0xff, 0x18, 0x1c, 0x18, 0xff, 0x18, 0x18, 0x18, 0xff,
    0x18, 0x1c, 0x20, 0xff, 0x18, 0x1c, 0x18, 0xff, 0x18, 0x18, 0x18, 0xff,
    0x18, 0x1c, 0x18, 0xff, 0x18, 0x18, 0x20, 0xff, 0x18, 0x18, 0x18, 0xff,
    0x18, 0x1c, 0x18, 0xff, 0x18, 0x1c, 0x20, 0xff, 0x18, 0x18, 0x18, 0xff,
    0x18, 0x1c, 0x18, 0xff, 0x18, 0x1c, 0x18, 0xff, 0x18, 0x18, 0x20, 0xff,
    0x18, 0x1c, 0x18, 0xff, 0x18, 0x1c, 0x20, 0xff, 0x18, 0x18, 0x18, 0xff,
    0x18, 0x1c, 0x18, 0xff, 0x18, 0x1c, 0x20, 0xff, 0x18, 0x18, 0x18, 0xff,
    0x18, 0x18, 0x18, 0xff, 0x18, 0x1c, 0x20, 0xff, 0x18, 0x1c, 0x18, 0xff,
    0x18, 0x18, 0x18, 0xff, 0x18, 0x18, 0x18, 0xff, 0x18, 0x1c, 0x18, 0xff,
    0x18, 0x18, 0x20, 0xff, 0x18, 0x1c, 0x18, 0xff, 0x18, 0x18, 0x18, 0xff,
    0x18, 0x1c, 0x20, 0xff, 0x18, 0x18, 0x18, 0xff, 0x18, 0x1c, 0x18, 0xff,
    0x18, 0x1c, 0x20, 0xff, 0x20, 0x20, 0x20, 0xff, 0x20, 0x24, 0x20, 0xff,
    0x10, 0x14, 0x10, 0xdf, 0x10, 0x14, 0x10, 0xff, 0x18, 0x14, 0x18, 0xff,
    0x18, 0x14, 0x18, 0xff, 0x10, 0x18, 0x18, 0xff, 0x18, 0x18, 0x18, 0xff,
    0x18, 0x18, 0x18, 0xff, 0x18, 0x1c, 0x20, 0xff, 0x18, 0x18, 0x18, 0xff,
    0xe0, 0xe4, 0xe8, 0xff, 0xf8, 0xfc, 0xf8, 0xff, 0xf8, 0xfc, 0xf8, 0xff,
    0xf8, 0xfc, 0xf8, 0xff, 0xf8, 0xfc, 0xf8, 0xff, 0xf8, 0xfc, 0xf8, 0xff,
    0xf8, 0xfc, 0xf8, 0xff, 0xf8, 0xfc, 0xf8, 0xff, 0xf8, 0xfc, 0xf8, 0xff,
    0xf8, 0xfc, 0xf8, 0xff, 0xf8, 0xfc, 0xf8, 0xff, 0xf8, 0xfc, 0xf8, 0xff,
    0xf8, 0xfc, 0xf8, 0xff, 0xf8, 0xfc, 0xf8, 0xff, 0xf8, 0xfc, 0xf8, 0xff,
    0xf8, 0xfc, 0xf8, 0xff, 0xf8, 0xfc, 0xf8, 0xff, 0xf8, 0xfc, 0xf8, 0xff,
    0xf8, 0xfc, 0xf8, 0xff, 0xf8, 0xfc, 0xf8, 0xff, 0xf8, 0xfc, 0xf8, 0xff,
    0xf8, 0xfc, 0xf8, 0xff, 0xf8, 0xfc, 0xf8, 0xff, 0xf8, 0xfc, 0xf8, 0xff,
    0xf8, 0xfc, 0xf8, 0xff, 0xf8, 0xfc, 0xf8, 0xff, 0xf8, 0xfc, 0xf8, 0xff,
    0xf8, 0xfc, 0xf8, 0xff, 0xf8, 0xfc, 0xf8, 0xff, 0xf8, 0xfc, 0xf8, 0xff,
    0xf8, 0xfc, 0xf8, 0xff, 0xf8, 0xfc, 0xf8, 0xff, 0xf8, 0xfc, 0xf8, 0xff,
    0xf8, 0xfc, 0xf8, 0xff, 0xf8, 0xfc, 0xf8, 0xff, 0xf8, 0xfc, 0xf8, 0xff,
    0xf8, 0xfc, 0xf8, 0xff, 0x30, 0x34, 0x38, 0xff, 0x18, 0x1c, 0x18, 0xff,
    0x18, 0x18, 0x18, 0xff, 0x18, 0x18, 0x18, 0xff, 0x18, 0x1c, 0x18, 0xff,
    0x18, 0x1c, 0x18, 0xff, 0x18, 0x18, 0x18, 0xff, 0x18, 0x1c, 0x20, 0xff,
    0x18, 0x18, 0x18, 0xff, 0x18, 0x18, 0x18, 0xff, 0x18, 0x1c, 0x20, 0xff,
    0x18, 0x18, 0x18, 0xff, 0x18, 0x18, 0x18, 0xff, 0x18, 0x1c, 0x18, 0xff,
    0x18, 0x1c, 0x18, 0xff, 0x18, 0x18, 0x18, 0xff, 0x18, 0x1c, 0x18, 0xff,
    0x18, 0x18, 0x18, 0xff, 0x18, 0x18, 0x18, 0xff, 0x18, 0x1c, 0x18, 0xff,
    0x18, 0x18, 0x18, 0xff, 0x18, 0x18, 0x18, 0xff, 0x18, 0x1c, 0x20, 0xff,
    0x18, 0x18, 0x18, 0xff, 0x18, 0x18, 0x18, 0xff, 0x18, 0x1c, 0x18, 0xff,
    0x18, 0x18, 0x20, 0xff, 0x18, 0x18, 0x18, 0xff, 0x18, 0x1c, 0x18, 0xff,
    0x18, 0x1c, 0x18, 0xff, 0x18, 0x18, 0x18, 0xff, 0x18, 0x18, 0x18, 0xff,
    0x18, 0x1c, 0x18, 0xff, 0x18, 0x18, 0x20, 0xff, 0x18, 0x1c, 0x18, 0xff,
    0x18, 0x18, 0x18, 0xff, 0x18, 0x1c, 0x18, 0xff, 0x18, 0x18, 0x18, 0xff,
    0x18, 0x1c, 0x18, 0xff, 0x18, 0x1c, 0x20, 0xff, 0x18, 0x18, 0x18, 0xff,
    0x18, 0x1c, 0x18, 0xff, 0x20, 0x1c, 0x20, 0xff, 0x20, 0x20, 0x20, 0xff,
    0x20, 0x20, 0x20, 0xdf, 0x10, 0x14, 0x10, 0xdf, 0x10, 0x14, 0x10, 0xff,
    0x10, 0x14, 0x18, 0xff, 0x18, 0x18, 0x18, 0xff, 0x18, 0x18, 0x18, 0xff,
    0x18, 0x18, 0x18, 0xff, 0x18, 0x1c, 0x18, 0xff, 0x18, 0x18, 0x18, 0xff,
    0x18, 0x18, 0x18, 0xff, 0xd0, 0xd4, 0xd8, 0xff, 0xf8, 0xfc, 0xf8, 0xff,
    0xf8, 0xfc, 0xf8, 0xff, 0xf8, 0xfc, 0xf8, 0xff, 0xf8, 0xfc, 0xf8, 0xff,
    0xf8, 0xfc, 0xf8, 0xff, 0xf8, 0xfc, 0xf8, 0xff, 0xf8, 0xfc, 0xf8, 0xff,
    0xf8, 0xfc, 0xf8, 0xff, 0xf8, 0xfc, 0xf8, 0xff, 0xf8, 0xfc, 0xf8, 0xff,
    0xf8, 0xfc, 0xf8, 0xff, 0xf8, 0xfc, 0xf8, 0xff, 0xf8, 0xfc, 0xf8, 0xff,
    0xf8, 0xfc, 0xf8, 0xff, 0xf8, 0xfc, 0xf8, 0xff, 0xf8, 0xfc, 0xf8, 0xff,
    0xf8, 0xfc, 0xf8, 0xff, 0xf8, 0xfc, 0xf8, 0xff, 0xf8, 0xfc, 0xf8, 0xff,
    0xf8, 0xfc, 0xf8, 0xff, 0xf8, 0xfc, 0xf8, 0xff, 0xf8, 0xfc, 0xf8, 0xff,
    0xf8, 0xfc, 0xf8, 0xff, 0xf8, 0xfc, 0xf8, 0xff, 0xf8, 0xfc, 0xf8, 0xff,
    0xf8, 0xfc, 0xf8, 0xff, 0xf8, 0xfc, 0xf8, 0xff, 0xf8, 0xfc, 0xf8, 0xff,
    0xf8, 0xfc, 0xf8, 0xff, 0xf8, 0xfc, 0xf8, 0xff, 0xf8, 0xfc, 0xf8, 0xff,
    0xf8, 0xfc, 0xf8, 0xff, 0xf8, 0xfc, 0xf8, 0xff, 0xf8, 0xfc, 0xf8, 0xff,
    0xf8, 0xfc, 0xf8, 0xff, 0xf8, 0xfc, 0xf8, 0xff, 0x18, 0x1c, 0x18, 0xff,
    0x18, 0x18, 0x18, 0xff, 0x18, 0x1c, 0x20, 0xff, 0x18, 0x18, 0x18, 0xff,
    0x18, 0x18, 0x20, 0xff, 0x18, 0x1c, 0x18, 0xff, 0x18, 0x18, 0x18, 0xff,
    0x18, 0x1c, 0x18, 0xff, 0x18, 0x1c, 0x18, 0xff, 0x18, 0x18, 0x18, 0xff,
    0x18, 0x1c, 0x20, 0xff, 0x18, 0x1c, 0x18, 0xff, 0x18, 0x18, 0x18, 0xff,
    0x18, 0x18, 0x20, 0xff, 0x18, 0x1c, 0x20, 0xff, 0x18, 0x18, 0x18, 0xff,
    0x18, 0x1c, 0x18, 0xff, 0x18, 0x1c, 0x20, 0xff, 0x18, 0x18, 0x20, 0xff,
    0x18, 0x1c, 0x18, 0xff, 0x18, 0x1c, 0x18, 0xff, 0x18, 0x18, 0x20, 0xff,
    0x18, 0x1c, 0x18, 0xff, 0x18, 0x1c, 0x18, 0xff, 0x18, 0x18, 0x18, 0xff,
    0x18, 0x1c, 0x18, 0xff, 0x18, 0x1c, 0x18, 0xff, 0x18, 0x18, 0x20, 0xff,
    0x18, 0x18, 0x18, 0xff, 0x18, 0x1c, 0x18, 0xff, 0x18, 0x1c, 0x20, 0xff,
    0x18, 0x18, 0x18, 0xff, 0x18, 0x1c, 0x18, 0xff, 0x18, 0x1c, 0x20, 0xff,
    0x18, 0x18, 0x18, 0xff, 0x18, 0x1c, 0x18, 0xff, 0x18, 0x18, 0x20, 0xff,
    0x18, 0x18, 0x18, 0xff, 0x18, 0x1c, 0x18, 0xff, 0x18, 0x18, 0x18, 0xff,
    0x18, 0x1c, 0x18, 0xff, 0x18, 0x1c, 0x20, 0xff, 0x18, 0x1c, 0x20, 0xff,
    0x20, 0x20, 0x20, 0xff, 0x20, 0x24, 0x20, 0xdf, 0x10, 0x10, 0x10, 0xcf,
    0x10, 0x14, 0x10, 0xff, 0x10, 0x14, 0x18, 0xff, 0x18, 0x14, 0x18, 0xff,
    0x18, 0x18, 0x18, 0xff, 0x18, 0x18, 0x18, 0xff, 0x18, 0x1c, 0x18, 0xff,
    0x18, 0x1c, 0x18, 0xff, 0x18, 0x1c, 0x18, 0xff, 0xb8, 0xb8, 0xb8, 0xff,
    0xf8, 0xfc, 0xf8, 0xff, 0xf8, 0xfc, 0xf8, 0xff, 0xf8, 0xfc, 0xf8, 0xff,
    0xf8, 0xfc, 0xf8, 0xff, 0xf8, 0xfc, 0xf8, 0xff, 0xf8, 0xfc, 0xf8, 0xff,
    0xf8, 0xfc, 0xf8, 0xff, 0xf8, 0xfc, 0xf8, 0xff, 0xf8, 0xfc, 0xf8, 0xff,
    0xf8, 0xfc, 0xf8, 0xff, 0xf8, 0xfc, 0xf8, 0xff, 0xf8, 0xfc, 0xf8, 0xff,
    0xf8, 0xfc, 0xf8, 0xff, 0xf8, 0xfc, 0xf8, 0xff, 0xf8, 0xfc, 0xf8, 0xff,
    0xf8, 0xfc, 0xf8, 0xff, 0xf8, 0xfc, 0xf8, 0xff, 0xf8, 0xfc, 0xf8, 0xff,
    0xf8, 0xfc, 0xf8, 0xff, 0xf8, 0xfc, 0xf8, 0xff, 0xf8, 0xfc, 0xf8, 0xff,
    0xf8, 0xfc, 0xf8, 0xff, 0xf8, 0xfc, 0xf8, 0xff, 0xf8, 0xfc, 0xf8, 0xff,
    0xf8, 0xfc, 0xf8, 0xff, 0xf8, 0xfc, 0xf8, 0xff, 0xf8, 0xfc, 0xf8, 0xff,
    0xf8, 0xfc, 0xf8, 0xff, 0xf8, 0xfc, 0xf8, 0xff, 0xf8, 0xfc, 0xf8, 0xff,
    0xf8, 0xfc, 0xf8, 0xff, 0xf8, 0xfc, 0xf8, 0xff, 0xf8, 0xfc, 0xf8, 0xff,
    0xf8, 0xfc, 0xf8, 0xff, 0xf8, 0xfc, 0xf8, 0xff, 0xf0, 0xf0, 0xf0, 0xff,
    0x18, 0x18, 0x18, 0xff, 0x18, 0x1c, 0x18, 0xff, 0x18, 0x1c, 0x20, 0xff,
    0x18, 0x18, 0x18, 0xff, 0x18, 0x1c, 0x18, 0xff, 0x18, 0x18, 0x20, 0xff,
    0x18, 0x18, 0x18, 0xff, 0x18, 0x1c, 0x20, 0xff, 0x18, 0x18, 0x18, 0xff,
    0x18, 0x1c, 0x18, 0xff, 0x18, 0x18, 0x18, 0xff, 0x18, 0x1c, 0x18, 0xff,
    0x18, 0x1c, 0x18, 0xff, 0x18, 0x18, 0x18, 0xff, 0x18, 0x18, 0x18, 0xff,
    0x18, 0x1c, 0x18, 0xff, 0x18, 0x18, 0x18, 0xff, 0x18, 0x18, 0x18, 0xff,
    0x18, 0x1c, 0x18, 0xff, 0x18, 0x18, 0x18, 0xff, 0x18, 0x18, 0x20, 0xff,
    0x18, 0x1c, 0x18, 0xff, 0x18, 0x18, 0x18, 0xff, 0x18, 0x18, 0x20, 0xff,
    0x18, 0x1c, 0x18, 0xff, 0x18, 0x18, 0x18, 0xff, 0x18, 0x1c, 0x20, 0xff,
    0x18, 0x1c, 0x18, 0xff, 0x18, 0x18, 0x18, 0xff, 0x18, 0x18, 0x20, 0xff,
    0x18, 0x1c, 0x18, 0xff, 0x18, 0x18, 0x18, 0xff, 0x18, 0x18, 0x18, 0xff,
    0x18, 0x1c, 0x18, 0xff, 0x18, 0x18, 0x18, 0xff, 0x18, 0x1c, 0x20, 0xff,
    0x18, 0x1c, 0x18, 0xff, 0x18, 0x18, 0x20, 0xff, 0x18, 0x18, 0x18, 0xff,
    0x18, 0x1c, 0x18, 0xff, 0x18, 0x18, 0x18, 0xff, 0x18, 0x1c, 0x18, 0xff,
    0x18, 0x1c, 0x20, 0xff, 0x20, 0x20, 0x20, 0xff, 0x20, 0x24, 0x20, 0xcf,
    0x10, 0x14, 0x10, 0xae, 0x10, 0x14, 0x10, 0xff, 0x18, 0x14, 0x18, 0xff,
    0x10, 0x14, 0x18, 0xff, 0x18, 0x18, 0x18, 0xff, 0x18, 0x18, 0x18, 0xff,
    0x18, 0x1c, 0x18, 0xff, 0x18, 0x18, 0x20, 0xff, 0x18, 0x18, 0x18, 0xff,
    0x78, 0x80, 0x80, 0xff, 0xf8, 0xfc, 0xf8, 0xff, 0xf8, 0xfc, 0xf8, 0xff,
    0xf8, 0xfc, 0xf8, 0xff, 0xf8, 0xfc, 0xf8, 0xff, 0xf8, 0xfc, 0xf8, 0xff,
    0xf8, 0xfc, 0xf8, 0xff, 0xf8, 0xfc, 0xf8, 0xff, 0xf8, 0xfc, 0xf8, 0xff,
    0xf8, 0xfc, 0xf8, 0xff, 0xf8, 0xfc, 0xf8, 0xff, 0xf8, 0xfc, 0xf8, 0xff,
    0xf8, 0xfc, 0xf8, 0xff, 0xf8, 0xfc, 0xf8, 0xff, 0xf8, 0xfc, 0xf8, 0xff,
    0xf8, 0xfc, 0xf8, 0xff, 0xf8, 0xfc, 0xf8, 0xff, 0xf8, 0xfc, 0xf8, 0xff,
    0xf8, 0xfc, 0xf8, 0xff, 0xf8, 0xfc, 0xf8, 0xff, 0xf8, 0xfc, 0xf8, 0xff,
    0xf8, 0xfc, 0xf8, 0xff, 0xf8, 0xfc, 0xf8, 0xff, 0xf8, 0xfc, 0xf8, 0xff,
    0xf8, 0xfc, 0xf8, 0xff, 0xf8, 0xfc, 0xf8, 0xff, 0xf8, 0xfc, 0xf8, 0xff,
    0xf8, 0xfc, 0xf8, 0xff, 0xf8, 0xfc, 0xf8, 0xff, 0xf8, 0xfc, 0xf8, 0xff,
    0xf8, 0xfc, 0xf8, 0xff, 0xf8, 0xfc, 0xf8, 0xff, 0xf8, 0xfc, 0xf8, 0xff,
    0xf8, 0xfc, 0xf8, 0xff, 0xf8, 0xfc, 0xf8, 0xff, 0xf8, 0xfc, 0xf8, 0xff,
    0xc8, 0xc4, 0xc8, 0xff, 0x18, 0x1c, 0x18, 0xff, 0x18, 0x18, 0x18, 0xff,
    0x18, 0x18, 0x18, 0xff, 0x18, 0x1c, 0x18, 0xff, 0x18, 0x1c, 0x18, 0xff,
    0x18, 0x18, 0x18, 0xff, 0x18, 0x1c, 0x18, 0xff, 0x18, 0x18, 0x18, 0xff,
    0x18, 0x1c, 0x20, 0xff, 0x18, 0x18, 0x18, 0xff, 0x18, 0x18, 0x18, 0xff,
    0x18, 0x1c, 0x20, 0xff, 0x18, 0x18, 0x18, 0xff, 0x18, 0x1c, 0x18, 0xff,
    0x18, 0x1c, 0x20, 0xff, 0x18, 0x18, 0x18, 0xff, 0x18, 0x1c, 0x20, 0xff,
    0x18, 0x1c, 0x18, 0xff, 0x18, 0x18, 0x18, 0xff, 0x18, 0x1c, 0x20, 0xff,
    0x18, 0x18, 0x18, 0xff, 0x18, 0x1c, 0x18, 0xff, 0x18, 0x1c, 0x18, 0xff,
    0x18, 0x18, 0x20, 0xff, 0x18, 0x1c, 0x18, 0xff, 0x18, 0x18, 0x18, 0xff,
    0x18, 0x18, 0x18, 0xff, 0x18, 0x1c, 0x18, 0xff, 0x18, 0x1c, 0x18, 0xff,
    0x18, 0x18, 0x18, 0xff, 0x18, 0x1c, 0x20, 0xff, 0x18, 0x1c, 0x18, 0xff,
    0x18, 0x18, 0x20, 0xff, 0x18, 0x18, 0x18, 0xff, 0x18, 0x1c, 0x18, 0xff,
    0x18, 0x18, 0x18, 0xff, 0x18, 0x1c, 0x18, 0xff, 0x18, 0x1c, 0x18, 0xff,
    0x18, 0x18, 0x20, 0xff, 0x18, 0x1c, 0x18, 0xff, 0x18, 0x18, 0x18, 0xff,
    0x18, 0x1c, 0x20, 0xff, 0x20, 0x20, 0x20, 0xff, 0x20, 0x20, 0x20, 0xff,
    0x20, 0x24, 0x28, 0xbe, 0x10, 0x14, 0x18, 0xa2, 0x10, 0x14, 0x10, 0xff,
    0x18, 0x14, 0x10, 0xff, 0x10, 0x18, 0x18, 0xff, 0x18, 0x18, 0x18, 0xff,
    0x18, 0x18, 0x18, 0xff, 0x18, 0x1c, 0x18, 0xff, 0x18, 0x18, 0x18, 0xff,
    0x18, 0x18, 0x18, 0xff, 0x50, 0x54, 0x58, 0xff, 0xf8, 0xfc, 0xf8, 0xff,
    0xf8, 0xfc, 0xf8, 0xff, 0xf8, 0xfc, 0xf8, 0xff, 0xf8, 0xfc, 0xf8, 0xff,
    0xf8, 0xfc, 0xf8, 0xff, 0xf8, 0xfc, 0xf8, 0xff, 0xf8, 0xfc, 0xf8, 0xff,
    0xf8, 0xfc, 0xf8, 0xff, 0xf8, 0xfc, 0xf8, 0xff, 0xf8, 0xfc, 0xf8, 0xff,
    0xf8, 0xfc, 0xf8, 0xff, 0xf8, 0xfc, 0xf8, 0xff, 0xf8, 0xfc, 0xf8, 0xff,
    0xf8, 0xfc, 0xf8, 0xff, 0xf8, 0xfc, 0xf8, 0xff, 0xf8, 0xfc, 0xf8, 0xff,
    0xf8, 0xfc, 0xf8, 0xff, 0xf8, 0xfc, 0xf8, 0xff, 0xf8, 0xfc, 0xf8, 0xff,
    0xf8, 0xfc, 0xf8, 0xff, 0xf8, 0xfc, 0xf8, 0xff, 0xf8, 0xfc, 0xf8, 0xff,
    0xf8, 0xfc, 0xf8, 0xff, 0xf8, 0xfc, 0xf8, 0xff, 0xf8, 0xfc, 0xf8, 0xff,
    0xf8, 0xfc, 0xf8, 0xff, 0xf8, 0xfc, 0xf8, 0xff, 0xf8, 0xfc, 0xf8, 0xff,
    0xf8, 0xfc, 0xf8, 0xff, 0xf8, 0xfc, 0xf8, 0xff, 0xf8, 0xfc, 0xf8, 0xff,
    0xf8, 0xfc, 0xf8, 0xff, 0xf8, 0xfc, 0xf8, 0xff, 0xf8, 0xfc, 0xf8, 0xff,
    0xf8, 0xfc, 0xf8, 0xff, 0x70, 0x70, 0x70, 0xff, 0x18, 0x1c, 0x18, 0xff,
    0x18, 0x18, 0x20, 0xff, 0x18, 0x1c, 0x18, 0xff, 0x18, 0x18, 0x20, 0xff,
    0x18, 0x18, 0x18, 0xff, 0x18, 0x1c, 0x18, 0xff, 0x18, 0x1c, 0x20, 0xff,
    0x18, 0x18, 0x18, 0xff, 0x18, 0x1c, 0x18, 0xff, 0x18, 0x1c, 0x20, 0xff,
    0x18, 0x18, 0x18, 0xff, 0x18, 0x18, 0x18, 0xff, 0x18, 0x1c, 0x20, 0xff,
    0x18, 0x18, 0x18, 0xff, 0x18, 0x1c, 0x18, 0xff, 0x18, 0x18, 0x20, 0xff,
    0x18, 0x18, 0x18, 0xff, 0x18, 0x1c, 0x18, 0xff, 0x18, 0x18, 0x20, 0xff,
    0x18, 0x1c, 0x18, 0xff, 0x18, 0x1c, 0x18, 0xff, 0x18, 0x18, 0x18, 0xff,
    0x18, 0x18, 0x18, 0xff, 0x18, 0x1c, 0x18, 0xff, 0x18, 0x1c, 0x20, 0xff,
    0x18, 0x18, 0x18, 0xff, 0x18, 0x18, 0x18, 0xff, 0x18, 0x1c, 0x20, 0xff,
    0x18, 0x18, 0x18, 0xff, 0x18, 0x18, 0x18, 0xff, 0x18, 0x1c, 0x18, 0xff,
    0x18, 0x1c, 0x18, 0xff, 0x18, 0x18, 0x20, 0xff, 0x18, 0x1c, 0x18, 0xff,
    0x18, 0x1c, 0x18, 0xff, 0x18, 0x18, 0x20, 0xff, 0x18, 0x18, 0x18, 0xff,
    0x18, 0x1c, 0x18, 0xff, 0x18, 0x1c, 0x20, 0xff, 0x18, 0x18, 0x18, 0xff,
    0x18, 0x1c, 0x18, 0xff, 0x18, 0x1c, 0x20, 0xff, 0x20, 0x20, 0x20, 0xff,
    0x20, 0x20, 0x20, 0xff, 0x20, 0x24, 0x20, 0x9e, 0x18, 0x14, 0x18, 0x71,
    0x10, 0x14, 0x18, 0xff, 0x10, 0x14, 0x18, 0xff, 0x18, 0x14, 0x18, 0xff,
    0x18, 0x18, 0x18, 0xff, 0x18, 0x18, 0x18, 0xff, 0x18, 0x1c, 0x18, 0xff,
    0x18, 0x1c, 0x18, 0xff, 0x18, 0x18, 0x18, 0xff, 0x18, 0x1c, 0x18, 0xff,
    0xc8, 0xc4, 0xc8, 0xff, 0xf8, 0xfc, 0xf8, 0xff, 0xf8, 0xfc, 0xf8, 0xff,
    0xf8, 0xfc, 0xf8, 0xff, 0xf8, 0xfc, 0xf8, 0xff, 0xf8, 0xfc, 0xf8, 0xff,
    0xf8, 0xfc, 0xf8, 0xff, 0xf8, 0xfc, 0xf8, 0xff, 0xf8, 0xfc, 0xf8, 0xff,
    0xf8, 0xfc, 0xf8, 0xff, 0xf8, 0xfc, 0xf8, 0xff, 0xf8, 0xfc, 0xf8, 0xff,
    0xf8, 0xfc, 0xf8, 0xff, 0xf8, 0xfc, 0xf8, 0xff, 0xf8, 0xfc, 0xf8, 0xff,
    0xf8, 0xfc, 0xf8, 0xff, 0xf8, 0xfc, 0xf8, 0xff, 0xf8, 0xfc, 0xf8, 0xff,
    0xf8, 0xfc, 0xf8, 0xff, 0xf8, 0xfc, 0xf8, 0xff, 0xf8, 0xfc, 0xf8, 0xff,
    0xf8, 0xfc, 0xf8, 0xff, 0xf8, 0xfc, 0xf8, 0xff, 0xf8, 0xfc, 0xf8, 0xff,
    0xf8, 0xfc, 0xf8, 0xff, 0xf8, 0xfc, 0xf8, 0xff, 0xf8, 0xfc, 0xf8, 0xff,
    0xf8, 0xfc, 0xf8, 0xff, 0xf8, 0xfc, 0xf8, 0xff, 0xf8, 0xfc, 0xf8, 0xff,
    0xf8, 0xfc, 0xf8, 0xff, 0xf8, 0xfc, 0xf8, 0xff, 0xf8, 0xfc, 0xf8, 0xff,
    0xf8, 0xfc, 0xf8, 0xff, 0xe0, 0xe0, 0xe0, 0xff, 0x38, 0x38, 0x38, 0xff,
    0x18, 0x18, 0x18, 0xff, 0x18, 0x1c, 0x18, 0xff, 0x18, 0x1c, 0x18, 0xff,
    0x18, 0x18, 0x20, 0xff, 0x18, 0x1c, 0x18, 0xff, 0x18, 0x18, 0x18, 0xff,
    0x18, 0x18, 0x20, 0xff, 0x18, 0x1c, 0x18, 0xff, 0x18, 0x18, 0x18, 0xff,
    0x18, 0x1c, 0x18, 0xff, 0x18, 0x1c, 0x18, 0xff, 0x18, 0x18, 0x18, 0xff,
    0x18, 0x1c, 0x20, 0xff, 0x18, 0x18, 0x18, 0xff, 0x18, 0x18, 0x18, 0xff,
    0x18, 0x1c, 0x18, 0xff, 0x18, 0x1c, 0x18, 0xff, 0x18, 0x18, 0x18, 0xff,
    0x18, 0x18, 0x18, 0xff, 0x18, 0x1c, 0x18, 0xff, 0x18, 0x18, 0x20, 0xff,
    0x18, 0x18, 0x18, 0xff, 0x18, 0x1c, 0x18, 0xff, 0x18, 0x18, 0x20, 0xff,
    0x18, 0x1c, 0x18, 0xff, 0x18, 0x1c, 0x18, 0xff, 0x18, 0x18, 0x20, 0xff,
    0x18, 0x1c, 0x18, 0xff, 0x18, 0x18, 0x18, 0xff, 0x18, 0x1c, 0x20, 0xff,
    0x18, 0x18, 0x18, 0xff, 0x18, 0x18, 0x18, 0xff, 0x18, 0x1c, 0x18, 0xff,
    0x18, 0x18, 0x18, 0xff, 0x18, 0x1c, 0x20, 0xff, 0x18, 0x18, 0x18, 0xff,
    0x18, 0x18, 0x18, 0xff, 0x18, 0x1c, 0x18, 0xff, 0x18, 0x18, 0x18, 0xff,
    0x18, 0x18, 0x18, 0xff, 0x18, 0x1c, 0x20, 0xff, 0x18, 0x1c, 0x20, 0xff,
    0x20, 0x20, 0x20, 0xff, 0x20, 0x24, 0x20, 0xff, 0x28, 0x24, 0x20, 0x71,
    0x18, 0x14, 0x10, 0x41, 0x10, 0x14, 0x10, 0xff, 0x10, 0x14, 0x18, 0xff,
    0x18, 0x18, 0x18, 0xff, 0x10, 0x18, 0x18, 0xff, 0x18, 0x18, 0x18, 0xff,
    0x18, 0x18, 0x18, 0xff, 0x18, 0x1c, 0x20, 0xff, 0x18, 0x1c, 0x18, 0xff,
    0x18, 0x18, 0x18, 0xff, 0x50, 0x54, 0x50, 0xff, 0xf8, 0xfc, 0xf8, 0xff,
    0xf8, 0xfc, 0xf8, 0xff, 0xf8, 0xfc, 0xf8, 0xff, 0xf8, 0xfc, 0xf8, 0xff,
    0xf8, 0xfc, 0xf8, 0xff, 0xf8, 0xfc, 0xf8, 0xff, 0xf8, 0xfc, 0xf8, 0xff,
    0xf8, 0xfc, 0xf8, 0xff, 0xf8, 0xfc, 0xf8, 0xff, 0xf8, 0xfc, 0xf8, 0xff,
    0xf8, 0xfc, 0xf8, 0xff, 0xf8, 0xfc, 0xf8, 0xff, 0xf8, 0xfc, 0xf8, 0xff,
    0xf8, 0xfc, 0xf8, 0xff, 0xf8, 0xfc, 0xf8, 0xff, 0xf8, 0xfc, 0xf8, 0xff,
    0xf8, 0xfc, 0xf8, 0xff, 0xf8, 0xfc, 0xf8, 0xff, 0xf8, 0xfc, 0xf8, 0xff,
    0xf8, 0xfc, 0xf8, 0xff, 0xf8, 0xfc, 0xf8, 0xff, 0xf8, 0xfc, 0xf8, 0xff,
    0xf8, 0xfc, 0xf8, 0xff, 0xf8, 0xfc, 0xf8, 0xff, 0xf8, 0xfc, 0xf8, 0xff,
    0xf8, 0xfc, 0xf8, 0xff, 0xf8, 0xfc, 0xf8, 0xff, 0xf8, 0xfc, 0xf8, 0xff,
    0xf8, 0xfc, 0xf8, 0xff, 0xf8, 0xfc, 0xf8, 0xff, 0xf8, 0xfc, 0xf8, 0xff,
    0xf8, 0xfc, 0xf8, 0xff, 0xf8, 0xfc, 0xf8, 0xff, 0x88, 0x8c, 0x90, 0xff,
    0x18, 0x18, 0x18, 0xff, 0x18, 0x18, 0x18, 0xff, 0x18, 0x1c, 0x18, 0xff,
    0x18, 0x18, 0x18, 0xff, 0x18, 0x1c, 0x18, 0xff, 0x18, 0x1c, 0x18, 0xff,
    0x18, 0x18, 0x18, 0xff, 0x18, 0x1c, 0x18, 0xff, 0x18, 0x18, 0x18, 0xff,
    0x18, 0x18, 0x20, 0xff, 0x18, 0x1c, 0x18, 0xff, 0x18, 0x18, 0x18, 0xff,
    0x18, 0x1c, 0x20, 0xff, 0x18, 0x1c, 0x18, 0xff, 0x18, 0x18, 0x18, 0xff,
    0x18, 0x1c, 0x18, 0xff, 0x18, 0x1c, 0x20, 0xff, 0x18, 0x18, 0x18, 0xff,
    0x18, 0x1c, 0x20, 0xff, 0x18, 0x1c, 0x18, 0xff, 0x18, 0x18, 0x18, 0xff,
    0x18, 0x1c, 0x20, 0xff, 0x18, 0x1c, 0x18, 0xff, 0x18, 0x18, 0x18, 0xff,
    0x18, 0x18, 0x18, 0xff, 0x18, 0x1c, 0x18, 0xff, 0x18, 0x18, 0x18, 0xff,
    0x18, 0x1c, 0x18, 0xff, 0x18, 0x18, 0x18, 0xff, 0x18, 0x1c, 0x20, 0xff,
    0x18, 0x1c, 0x18, 0xff, 0x18, 0x18, 0x18, 0xff, 0x18, 0x1c, 0x20, 0xff,
    0x18, 0x18, 0x18, 0xff, 0x18, 0x18, 0x18, 0xff, 0x18, 0x1c, 0x18, 0xff,
    0x18, 0x1c, 0x20, 0xff, 0x18, 0x18, 0x18, 0xff, 0x18, 0x1c, 0x20, 0xff,
    0x18, 0x1c, 0x18, 0xff, 0x18, 0x18, 0x18, 0xff, 0x18, 0x1c, 0x20, 0xff,
    0x20, 0x20, 0x20, 0xff, 0x20, 0x20, 0x20, 0xff, 0x20, 0x24, 0x28, 0xff,
    0x20, 0x28, 0x28, 0x41, 0x10, 0x20, 0x20, 0x10, 0x18, 0x14, 0x18, 0xef,
    0x18, 0x14, 0x10, 0xff, 0x10, 0x18, 0x18, 0xff, 0x18, 0x18, 0x18, 0xff,
    0x18, 0x18, 0x18, 0xff, 0x18, 0x18, 0x18, 0xff, 0x18, 0x18, 0x18, 0xff,
    0x18, 0x1c, 0x20, 0xff, 0x18, 0x18, 0x18, 0xff, 0x18, 0x18, 0x18, 0xff,
    0x98, 0x9c, 0x98, 0xff, 0xf8, 0xfc, 0xf8, 0xff, 0xf8, 0xfc, 0xf8, 0xff,
    0xf8, 0xfc, 0xf8, 0xff, 0xf8, 0xfc, 0xf8, 0xff, 0xf8, 0xfc, 0xf8, 0xff,
    0xf8, 0xfc, 0xf8, 0xff, 0xf8, 0xfc, 0xf8, 0xff, 0xf8, 0xfc, 0xf8, 0xff,
    0xf8, 0xfc, 0xf8, 0xff, 0xf8, 0xfc, 0xf8, 0xff, 0xf8, 0xfc, 0xf8, 0xff,
    0xf8, 0xfc, 0xf8, 0xff, 0xf8, 0xfc, 0xf8, 0xff, 0xf8, 0xfc, 0xf8, 0xff,
    0xf8, 0xfc, 0xf8, 0xff, 0xf8, 0xfc, 0xf8, 0xff, 0xf8, 0xfc, 0xf8, 0xff,
    0xf8, 0xfc, 0xf8, 0xff, 0xf8, 0xfc, 0xf8, 0xff, 0xf8, 0xfc, 0xf8, 0xff,
    0xf8, 0xfc, 0xf8, 0xff, 0xf8, 0xfc, 0xf8, 0xff, 0xf8, 0xfc, 0xf8, 0xff,
    0xf8, 0xfc, 0xf8, 0xff, 0xf8, 0xfc, 0xf8, 0xff, 0xf8, 0xfc, 0xf8, 0xff,
    0xf8, 0xfc, 0xf8, 0xff, 0xf8, 0xfc, 0xf8, 0xff, 0xf8, 0xfc, 0xf8, 0xff,
    0xf8, 0xfc, 0xf8, 0xff, 0xf8, 0xfc, 0xf8, 0xff, 0xd0, 0xd4, 0xd0, 0xff,
    0x18, 0x1c, 0x18, 0xff, 0x18, 0x18, 0x18, 0xff, 0x18, 0x1c, 0x20, 0xff,
    0x18, 0x18, 0x20, 0xff, 0x18, 0x18, 0x18, 0xff, 0x18, 0x1c, 0x18, 0xff,
    0x18, 0x18, 0x20, 0xff, 0x18, 0x1c, 0x20, 0xff, 0x18, 0x1c, 0x18, 0xff,
    0x18, 0x18, 0x18, 0xff, 0x18, 0x1c, 0x20, 0xff, 0x18, 0x18, 0x18, 0xff,
    0x18, 0x18, 0x18, 0xff, 0x18, 0x1c, 0x18, 0xff, 0x18, 0x18, 0x18, 0xff,
    0x18, 0x18, 0x18, 0xff, 0x18, 0x1c, 0x20, 0xff, 0x18, 0x18, 0x18, 0xff,
    0x18, 0x18, 0x18, 0xff, 0x18, 0x1c, 0x18, 0xff, 0x18, 0x18, 0x20, 0xff,
    0x18, 0x18, 0x18, 0xff, 0x18, 0x1c, 0x18, 0xff, 0x18, 0x1c, 0x20, 0xff,
    0x18, 0x18, 0x18, 0xff, 0x18, 0x1c, 0x18, 0xff, 0x18, 0x18, 0x20, 0xff,
    0x18, 0x18, 0x20, 0xff, 0x18, 0x1c, 0x18, 0xff, 0x18, 0x18, 0x18, 0xff,
    0x18, 0x18, 0x18, 0xff, 0x18, 0x1c, 0x18, 0xff, 0x18, 0x18, 0x18, 0xff,
    0x18, 0x1c, 0x20, 0xff, 0x18, 0x1c, 0x18, 0xff, 0x18, 0x18, 0x18, 0xff,
    0x18, 0x1c, 0x20, 0xff, 0x18, 0x18, 0x18, 0xff, 0x18, 0x18, 0x18, 0xff,
    0x18, 0x1c, 0x18, 0xff, 0x18, 0x18, 0x20, 0xff, 0x18, 0x1c, 0x18, 0xff,
    0x18, 0x1c, 0x20, 0xff, 0x20, 0x20, 0x20, 0xff, 0x20, 0x20, 0x20, 0xff,
    0x20, 0x24, 0x28, 0xef, 0x00, 0x00, 0x00, 0x00, 0x00, 0x00, 0x00, 0x00,
    0x18, 0x18, 0x18, 0x8e, 0x18, 0x14, 0x18, 0xff, 0x10, 0x14, 0x18, 0xff,
    0x10, 0x18, 0x18, 0xff, 0x18, 0x18, 0x18, 0xff, 0x18, 0x18, 0x18, 0xff,
    0x18, 0x1c, 0x18, 0xff, 0x18, 0x18, 0x18, 0xff, 0x18, 0x1c, 0x20, 0xff,
    0x18, 0x1c, 0x18, 0xff, 0x18, 0x18, 0x18, 0xff, 0xa8, 0xa8, 0xb0, 0xff,
    0xf8, 0xfc, 0xf8, 0xff, 0xf8, 0xfc, 0xf8, 0xff, 0xf8, 0xfc, 0xf8, 0xff,
    0xf8, 0xfc, 0xf8, 0xff, 0xf8, 0xfc, 0xf8, 0xff, 0xf8, 0xfc, 0xf8, 0xff,
    0xf8, 0xfc, 0xf8, 0xff, 0xf8, 0xfc, 0xf8, 0xff, 0xf8, 0xfc, 0xf8, 0xff,
    0xf8, 0xfc, 0xf8, 0xff, 0xf8, 0xfc, 0xf8, 0xff, 0xf8, 0xfc, 0xf8, 0xff,
    0xf8, 0xfc, 0xf8, 0xff, 0xf8, 0xfc, 0xf8, 0xff, 0xf8, 0xfc, 0xf8, 0xff,
    0xf8, 0xfc, 0xf8, 0xff, 0xf8, 0xfc, 0xf8, 0xff, 0xf8, 0xfc, 0xf8, 0xff,
    0xf8, 0xfc, 0xf8, 0xff, 0xf8, 0xfc, 0xf8, 0xff, 0xf8, 0xfc, 0xf8, 0xff,
    0xf8, 0xfc, 0xf8, 0xff, 0xf8, 0xfc, 0xf8, 0xff, 0xf8, 0xfc, 0xf8, 0xff,
    0xf8, 0xfc, 0xf8, 0xff, 0xf8, 0xfc, 0xf8, 0xff, 0xf8, 0xfc, 0xf8, 0xff,
    0xf8, 0xfc, 0xf8, 0xff, 0xf8, 0xfc, 0xf8, 0xff, 0xe0, 0xe0, 0xe0, 0xff,
    0x38, 0x34, 0x38, 0xff, 0x18, 0x1c, 0x18, 0xff, 0x18, 0x1c, 0x18, 0xff,
    0x18, 0x18, 0x18, 0xff, 0x18, 0x1c, 0x18, 0xff, 0x18, 0x1c, 0x18, 0xff,
    0x18, 0x18, 0x20, 0xff, 0x18, 0x18, 0x18, 0xff, 0x18, 0x1c, 0x18, 0xff,
    0x18, 0x18, 0x18, 0xff, 0x18, 0x1c, 0x18, 0xff, 0x18, 0x1c, 0x18, 0xff,
    0x18, 0x18, 0x20, 0xff, 0x18, 0x1c, 0x18, 0xff, 0x18, 0x1c, 0x20, 0xff,
    0x18, 0x18, 0x18, 0xff, 0x18, 0x1c, 0x18, 0xff, 0x18, 0x1c, 0x20, 0xff,
    0x18, 0x18, 0x18, 0xff, 0x18, 0x1c, 0x18, 0xff, 0x18, 0x1c, 0x18, 0xff,
    0x18, 0x18, 0x18, 0xff, 0x18, 0x18, 0x18, 0xff, 0x18, 0x1c, 0x18, 0xff,
    0x18, 0x18, 0x18, 0xff, 0x18, 0x1c, 0x20, 0xff, 0x18, 0x1c, 0x18, 0xff,
    0x18, 0x18, 0x18, 0xff, 0x18, 0x1c, 0x18, 0xff, 0x18, 0x1c, 0x20, 0xff,
    0x18, 0x18, 0x18, 0xff, 0x18, 0x1c, 0x18, 0xff, 0x18, 0x18, 0x20, 0xff,
    0x18, 0x18, 0x18, 0xff, 0x18, 0x1c, 0x18, 0xff, 0x18, 0x18, 0x18, 0xff,
    0x18, 0x1c, 0x18, 0xff, 0x18, 0x18, 0x18, 0xff, 0x18, 0x1c, 0x18, 0xff,
    0x18, 0x1c, 0x18, 0xff, 0x18, 0x18, 0x18, 0xff, 0x18, 0x1c, 0x20, 0xff,
    0x18, 0x1c, 0x18, 0xff, 0x20, 0x20, 0x20, 0xff, 0x20, 0x20, 0x20, 0xff,
    0x20, 0x24, 0x20, 0xff, 0x20, 0x24, 0x28, 0x9e, 0x00, 0x00, 0x00, 0x00,
    0x00, 0x00, 0x00, 0x00, 0x18, 0x18, 0x18, 0x20, 0x18, 0x18, 0x18, 0xff,
    0x18, 0x18, 0x18, 0xff, 0x18, 0x18, 0x18, 0xff, 0x18, 0x18, 0x18, 0xff,
    0x18, 0x18, 0x18, 0xff, 0x18, 0x1c, 0x18, 0xff, 0x18, 0x18, 0x18, 0xff,
    0x18, 0x18, 0x18, 0xff, 0x18, 0x1c, 0x20, 0xff, 0x18, 0x1c, 0x18, 0xff,
    0x18, 0x18, 0x18, 0xff, 0x98, 0x9c, 0x98, 0xff, 0xf8, 0xfc, 0xf8, 0xff,
    0xf8, 0xfc, 0xf8, 0xff, 0xf8, 0xfc, 0xf8, 0xff, 0xf8, 0xfc, 0xf8, 0xff,
    0xf8, 0xfc, 0xf8, 0xff, 0xf8, 0xfc, 0xf8, 0xff, 0xf8, 0xfc, 0xf8, 0xff,
    0xf8, 0xfc, 0xf8, 0xff, 0xf8, 0xfc, 0xf8, 0xff, 0xf8, 0xfc, 0xf8, 0xff,
    0xf8, 0xfc, 0xf8, 0xff, 0xf8, 0xfc, 0xf8, 0xff, 0xf8, 0xfc, 0xf8, 0xff,
    0xf8, 0xfc, 0xf8, 0xff, 0xf8, 0xfc, 0xf8, 0xff, 0xf8, 0xfc, 0xf8, 0xff,
    0xf8, 0xfc, 0xf8, 0xff, 0xf8, 0xfc, 0xf8, 0xff, 0xf8, 0xfc, 0xf8, 0xff,
    0xf8, 0xfc, 0xf8, 0xff, 0xf8, 0xfc, 0xf8, 0xff, 0xf8, 0xfc, 0xf8, 0xff,
    0xf8, 0xfc, 0xf8, 0xff, 0xf8, 0xfc, 0xf8, 0xff, 0xf8, 0xfc, 0xf8, 0xff,
    0xf8, 0xfc, 0xf8, 0xff, 0xf8, 0xfc, 0xf8, 0xff, 0xc8, 0xc8, 0xc8, 0xff,
    0x38, 0x34, 0x38, 0xff, 0x18, 0x1c, 0x18, 0xff, 0x18, 0x18, 0x18, 0xff,
    0x18, 0x18, 0x20, 0xff, 0x18, 0x1c, 0x18, 0xff, 0x18, 0x18, 0x18, 0xff,
    0x18, 0x1c, 0x18, 0xff, 0x18, 0x18, 0x18, 0xff, 0x18, 0x1c, 0x18, 0xff,
    0x18, 0x18, 0x18, 0xff, 0x18, 0x18, 0x20, 0xff, 0x18, 0x1c, 0x18, 0xff,
    0x18, 0x18, 0x18, 0xff, 0x18, 0x18, 0x18, 0xff, 0x18, 0x1c, 0x18, 0xff,
    0x18, 0x18, 0x20, 0xff, 0x18, 0x18, 0x18, 0xff, 0x18, 0x1c, 0x18, 0xff,
    0x18, 0x18, 0x18, 0xff, 0x18, 0x18, 0x20, 0xff, 0x18, 0x1c, 0x18, 0xff,
    0x18, 0x18, 0x20, 0xff, 0x18, 0x1c, 0x18, 0xff, 0x18, 0x1c, 0x20, 0xff,
    0x18, 0x18, 0x18, 0xff, 0x18, 0x18, 0x18, 0xff, 0x18, 0x1c, 0x18, 0xff,
    0x18, 0x18, 0x18, 0xff, 0x18, 0x18, 0x18, 0xff, 0x18, 0x1c, 0x18, 0xff,
    0x18, 0x18, 0x18, 0xff, 0x18, 0x1c, 0x20, 0xff, 0x18, 0x1c, 0x18, 0xff,
    0x18, 0x18, 0x18, 0xff, 0x18, 0x1c, 0x20, 0xff, 0x18, 0x18, 0x18, 0xff,
    0x18, 0x1c, 0x20, 0xff, 0x18, 0x18, 0x18, 0xff, 0x18, 0x18, 0x20, 0xff,
    0x18, 0x1c, 0x18, 0xff, 0x18, 0x18, 0x18, 0xff, 0x18, 0x1c, 0x20, 0xff,
    0x18, 0x1c, 0x20, 0xff, 0x18, 0x1c, 0x20, 0xff, 0x20, 0x20, 0x20, 0xff,
    0x20, 0x24, 0x20, 0xff, 0x28, 0x28, 0x28, 0xff, 0x20, 0x20, 0x20, 0x20,
    0x00, 0x00, 0x00, 0x00, 0x00, 0x00, 0x00, 0x00, 0x00, 0x00, 0x00, 0x00,
    0x18, 0x18, 0x18, 0x8e, 0x18, 0x18, 0x18, 0xff, 0x18, 0x18, 0x18, 0xff,
    0x18, 0x18, 0x18, 0xff, 0x10, 0x18, 0x18, 0xff, 0x18, 0x18, 0x18, 0xff,
    0x18, 0x1c, 0x18, 0xff, 0x18, 0x18, 0x18, 0xff, 0x18, 0x1c, 0x18, 0xff,
    0x18, 0x18, 0x20, 0xff, 0x18, 0x1c, 0x18, 0xff, 0x18, 0x1c, 0x18, 0xff,
    0x70, 0x70, 0x70, 0xff, 0xe0, 0xe4, 0xe8, 0xff, 0xf8, 0xfc, 0xf8, 0xff,
    0xf8, 0xfc, 0xf8, 0xff, 0xf8, 0xfc, 0xf8, 0xff, 0xf8, 0xfc, 0xf8, 0xff,
    0xf8, 0xfc, 0xf8, 0xff, 0xf8, 0xfc, 0xf8, 0xff, 0xf8, 0xfc, 0xf8, 0xff,
    0xf8, 0xfc, 0xf8, 0xff, 0xf8, 0xfc, 0xf8, 0xff, 0xf8, 0xfc, 0xf8, 0xff,
    0xf8, 0xfc, 0xf8, 0xff, 0xf8, 0xfc, 0xf8, 0xff, 0xf8, 0xfc, 0xf8, 0xff,
    0xf8, 0xfc, 0xf8, 0xff, 0xf8, 0xfc, 0xf8, 0xff, 0xf8, 0xfc, 0xf8, 0xff,
    0xf8, 0xfc, 0xf8, 0xff, 0xf8, 0xfc, 0xf8, 0xff, 0xf8, 0xfc, 0xf8, 0xff,
    0xf8, 0xfc, 0xf8, 0xff, 0xf8, 0xfc, 0xf8, 0xff, 0xf8, 0xfc, 0xf8, 0xff,
    0xf8, 0xfc, 0xf8, 0xff, 0xf0, 0xf0, 0xf0, 0xff, 0x88, 0x8c, 0x90, 0xff,
    0x18, 0x1c, 0x18, 0xff, 0x18, 0x1c, 0x18, 0xff, 0x18, 0x18, 0x18, 0xff,
    0x18, 0x1c, 0x18, 0xff, 0x18, 0x1c, 0x20, 0xff, 0x18, 0x18, 0x18, 0xff,
    0x18, 0x1c, 0x20, 0xff, 0x18, 0x18, 0x18, 0xff, 0x18, 0x1c, 0x18, 0xff,
    0x18, 0x1c, 0x20, 0xff, 0x18, 0x18, 0x18, 0xff, 0x18, 0x1c, 0x18, 0xff,
    0x18, 0x1c, 0x20, 0xff, 0x18, 0x18, 0x18, 0xff, 0x18, 0x1c, 0x18, 0xff,
    0x18, 0x1c, 0x18, 0xff, 0x18, 0x18, 0x18, 0xff, 0x18, 0x1c, 0x20, 0xff,
    0x18, 0x1c, 0x18, 0xff, 0x18, 0x18, 0x18, 0xff, 0x18, 0x1c, 0x18, 0xff,
    0x18, 0x18, 0x18, 0xff, 0x18, 0x18, 0x18, 0xff, 0x18, 0x1c, 0x18, 0xff,
    0x18, 0x1c, 0x18, 0xff, 0x18, 0x18, 0x20, 0xff, 0x18, 0x1c, 0x18, 0xff,
    0x18, 0x18, 0x18, 0xff, 0x18, 0x1c, 0x20, 0xff, 0x18, 0x1c, 0x20, 0xff,
    0x18, 0x18, 0x18, 0xff, 0x18, 0x18, 0x18, 0xff, 0x18, 0x1c, 0x18, 0xff,
    0x18, 0x18, 0x18, 0xff, 0x18, 0x1c, 0x18, 0xff, 0x18, 0x1c, 0x18, 0xff,
    0x18, 0x18, 0x18, 0xff, 0x18, 0x1c, 0x18, 0xff, 0x18, 0x1c, 0x20, 0xff,
    0x18, 0x18, 0x18, 0xff, 0x18, 0x1c, 0x18, 0xff, 0x18, 0x18, 0x18, 0xff,
    0x18, 0x1c, 0x20, 0xff, 0x18, 0x1c, 0x18, 0xff, 0x20, 0x20, 0x20, 0xff,
    0x20, 0x20, 0x20, 0xff, 0x20, 0x24, 0x28, 0xff, 0x28, 0x28, 0x28, 0x82,
    0x00, 0x00, 0x00, 0x00, 0x00, 0x00, 0x00, 0x00, 0x00, 0x00, 0x00, 0x00,
    0x00, 0x00, 0x00, 0x00, 0x20, 0x20, 0x20, 0x10, 0x18, 0x18, 0x18, 0xdf,
    0x18, 0x18, 0x18, 0xff, 0x18, 0x18, 0x18, 0xff, 0x18, 0x18, 0x18, 0xff,
    0x18, 0x18, 0x18, 0xff, 0x18, 0x1c, 0x20, 0xff, 0x18, 0x1c, 0x18, 0xff,
    0x18, 0x18, 0x18, 0xff, 0x18, 0x18, 0x18, 0xff, 0x18, 0x18, 0x20, 0xff,
    0x18, 0x18, 0x18, 0xff, 0x18, 0x18, 0x18, 0xff, 0x18, 0x1c, 0x18, 0xff,
    0x70, 0x70, 0x70, 0xff, 0xb8, 0xb8, 0xb8, 0xff, 0xe0, 0xe4, 0xe0, 0xff,
    0xf8, 0xfc, 0xf8, 0xff, 0xf8, 0xfc, 0xf8, 0xff, 0xf8, 0xfc, 0xf8, 0xff,
    0xf8, 0xfc, 0xf8, 0xff, 0xf8, 0xfc, 0xf8, 0xff, 0xf8, 0xfc, 0xf8, 0xff,
    0xf8, 0xfc, 0xf8, 0xff, 0xf8, 0xfc, 0xf8, 0xff, 0xf8, 0xfc, 0xf8, 0xff,
    0xf8, 0xfc, 0xf8, 0xff, 0xf8, 0xfc, 0xf8, 0xff, 0xf8, 0xfc, 0xf8, 0xff,
    0xf8, 0xfc, 0xf8, 0xff, 0xf8, 0xfc, 0xf8, 0xff, 0xf8, 0xfc, 0xf8, 0xff,
    0xf8, 0xfc, 0xf8, 0xff, 0xf8, 0xfc, 0xf8, 0xff, 0xf0, 0xf0, 0xf0, 0xff,
    0xc8, 0xc4, 0xc8, 0xff, 0x78, 0x80, 0x80, 0xff, 0x28, 0x28, 0x28, 0xff,
    0x18, 0x18, 0x18, 0xff, 0x18, 0x18, 0x18, 0xff, 0x18, 0x1c, 0x18, 0xff,
    0x18, 0x18, 0x18, 0xff, 0x18, 0x18, 0x20, 0xff, 0x18, 0x1c, 0x18, 0xff,
    0x18, 0x18, 0x18, 0xff, 0x18, 0x18, 0x18, 0xff, 0x18, 0x1c, 0x20, 0xff,
    0x18, 0x18, 0x18, 0xff, 0x18, 0x18, 0x18, 0xff, 0x18, 0x1c, 0x20, 0xff,
    0x18, 0x18, 0x18, 0xff, 0x18, 0x18, 0x18, 0xff, 0x18, 0x1c, 0x20, 0xff,
    0x18, 0x18, 0x18, 0xff, 0x18, 0x18, 0x18, 0xff, 0x18, 0x1c, 0x20, 0xff,
    0x18, 0x18, 0x18, 0xff, 0x18, 0x18, 0x18, 0xff, 0x18, 0x1c, 0x20, 0xff,
    0x18, 0x1c, 0x18, 0xff, 0x18, 0x18, 0x18, 0xff, 0x18, 0x1c, 0x20, 0xff,
    0x18, 0x18, 0x18, 0xff, 0x18, 0x18, 0x18, 0xff, 0x18, 0x1c, 0x20, 0xff,
    0x18, 0x18, 0x18, 0xff, 0x18, 0x1c, 0x18, 0xff, 0x18, 0x18, 0x18, 0xff,
    0x18, 0x1c, 0x18, 0xff, 0x18, 0x18, 0x20, 0xff, 0x18, 0x1c, 0x18, 0xff,
    0x18, 0x18, 0x18, 0xff, 0x18, 0x18, 0x20, 0xff, 0x18, 0x1c, 0x20, 0xff,
    0x18, 0x18, 0x18, 0xff, 0x18, 0x18, 0x18, 0xff, 0x18, 0x1c, 0x18, 0xff,
    0x18, 0x18, 0x18, 0xff, 0x18, 0x1c, 0x18, 0xff, 0x18, 0x1c, 0x20, 0xff,
    0x18, 0x1c, 0x20, 0xff, 0x18, 0x1c, 0x20, 0xff, 0x20, 0x20, 0x20, 0xff,
    0x20, 0x24, 0x20, 0xff, 0x20, 0x24, 0x28, 0xff, 0x28, 0x28, 0x28, 0xdf,
    0x00, 0x00, 0x00, 0x00, 0x00, 0x00, 0x00, 0x00, 0x00, 0x00, 0x00, 0x00,
    0x00, 0x00, 0x00, 0x00, 0x00, 0x00, 0x00, 0x00, 0x00, 0x00, 0x00, 0x00,
    0x18, 0x18, 0x18, 0x20, 0x18, 0x1c, 0x18, 0xdf, 0x18, 0x1c, 0x18, 0xff,
    0x18, 0x1c, 0x18, 0xff, 0x18, 0x1c, 0x20, 0xff, 0x18, 0x18, 0x18, 0xff,
    0x18, 0x1c, 0x20, 0xff, 0x18, 0x1c, 0x18, 0xff, 0x18, 0x1c, 0x18, 0xff,
    0x18, 0x1c, 0x18, 0xff, 0x18, 0x18, 0x18, 0xff, 0x18, 0x1c, 0x18, 0xff,
    0x18, 0x18, 0x18, 0xff, 0x18, 0x18, 0x18, 0xff, 0x18, 0x1c, 0x18, 0xff,
    0x18, 0x18, 0x18, 0xff, 0x18, 0x18, 0x18, 0xff, 0x38, 0x38, 0x38, 0xff,
    0x40, 0x44, 0x48, 0xff, 0x50, 0x54, 0x50, 0xff, 0x50, 0x54, 0x50, 0xff,
    0x50, 0x54, 0x58, 0xff, 0x50, 0x54, 0x50, 0xff, 0x50, 0x54, 0x50, 0xff,
    0x50, 0x54, 0x58, 0xff, 0x50, 0x54, 0x50, 0xff, 0x50, 0x54, 0x50, 0xff,
    0x50, 0x54, 0x58, 0xff, 0x50, 0x54, 0x50, 0xff, 0x50, 0x54, 0x50, 0xff,
    0x40, 0x44, 0x48, 0xff, 0x38, 0x34, 0x38, 0xff, 0x28, 0x28, 0x28, 0xff,
    0x18, 0x1c, 0x18, 0xff, 0x18, 0x18, 0x18, 0xff, 0x18, 0x1c, 0x18, 0xff,
    0x18, 0x1c, 0x18, 0xff, 0x18, 0x18, 0x18, 0xff, 0x18, 0x1c, 0x18, 0xff,
    0x18, 0x18, 0x20, 0xff, 0x18, 0x1c, 0x18, 0xff, 0x18, 0x18, 0x18, 0xff,
    0x18, 0x1c, 0x18, 0xff, 0x18, 0x1c, 0x18, 0xff, 0x18, 0x18, 0x18, 0xff,
    0x18, 0x1c, 0x18, 0xff, 0x18, 0x1c, 0x18, 0xff, 0x18, 0x18, 0x18, 0xff,
    0x18, 0x1c, 0x18, 0xff, 0x18, 0x1c, 0x18, 0xff, 0x18, 0x18, 0x18, 0xff,
    0x18, 0x1c, 0x20, 0xff, 0x18, 0x18, 0x18, 0xff, 0x18, 0x1c, 0x18, 0xff,
    0x18, 0x1c, 0x18, 0xff, 0x18, 0x18, 0x18, 0xff, 0x18, 0x18, 0x18, 0xff,
    0x18, 0x1c, 0x20, 0xff, 0x18, 0x18, 0x18, 0xff, 0x18, 0x1c, 0x18, 0xff,
    0x18, 0x1c, 0x20, 0xff, 0x18, 0x18, 0x18, 0xff, 0x18, 0x1c, 0x18, 0xff,
    0x18, 0x18, 0x18, 0xff, 0x18, 0x1c, 0x20, 0xff, 0x18, 0x18, 0x18, 0xff,
    0x18, 0x1c, 0x18, 0xff, 0x18, 0x18, 0x18, 0xff, 0x18, 0x1c, 0x18, 0xff,
    0x18, 0x1c, 0x20, 0xff, 0x18, 0x18, 0x18, 0xff, 0x18, 0x1c, 0x18, 0xff,
    0x18, 0x1c, 0x18, 0xff, 0x18, 0x18, 0x20, 0xff, 0x18, 0x1c, 0x18, 0xff,
    0x18, 0x18, 0x20, 0xff, 0x18, 0x18, 0x18, 0xff, 0x18, 0x1c, 0x20, 0xff,
    0x18, 0x1c, 0x20, 0xff, 0x18, 0x1c, 0x20, 0xff, 0x20, 0x20, 0x20, 0xff,
    0x20, 0x24, 0x20, 0xff, 0x20, 0x24, 0x28, 0xff, 0x28, 0x28, 0x28, 0xdf,
    0x20, 0x20, 0x20, 0x20, 0x00, 0x00, 0x00, 0x00, 0x00, 0x00, 0x00, 0x00,
    0x00, 0x00, 0x00, 0x00, 0x00, 0x00, 0x00, 0x00, 0x00, 0x00, 0x00, 0x00,
    0x00, 0x00, 0x00, 0x00, 0x00, 0x00, 0x00, 0x00, 0x20, 0x20, 0x20, 0x30,
    0x18, 0x1c, 0x20, 0xdf, 0x18, 0x1c, 0x18, 0xff, 0x18, 0x1c, 0x20, 0xff,
    0x18, 0x1c, 0x20, 0xff, 0x18, 0x1c, 0x18, 0xff, 0x18, 0x1c, 0x20, 0xff,
    0x18, 0x1c, 0x20, 0xff, 0x18, 0x1c, 0x18, 0xff, 0x18, 0x18, 0x20, 0xff,
    0x18, 0x1c, 0x20, 0xff, 0x18, 0x1c, 0x18, 0xff, 0x18, 0x18, 0x20, 0xff,
    0x18, 0x1c, 0x18, 0xff, 0x18, 0x18, 0x20, 0xff, 0x18, 0x1c, 0x18, 0xff,
    0x18, 0x18, 0x18, 0xff, 0x18, 0x1c, 0x18, 0xff, 0x18, 0x18, 0x18, 0xff,
    0x18, 0x18, 0x18, 0xff, 0x18, 0x18, 0x18, 0xff, 0x18, 0x18, 0x18, 0xff,
    0x18, 0x18, 0x18, 0xff, 0x18, 0x18, 0x18, 0xff, 0x18, 0x18, 0x18, 0xff,
    0x18, 0x18, 0x18, 0xff, 0x18, 0x18, 0x18, 0xff, 0x18, 0x18, 0x18, 0xff,
    0x18, 0x1c, 0x18, 0xff, 0x18, 0x18, 0x18, 0xff, 0x18, 0x1c, 0x18, 0xff,
    0x18, 0x1c, 0x18, 0xff, 0x18, 0x18, 0x18, 0xff, 0x18, 0x1c, 0x18, 0xff,
    0x18, 0x18, 0x18, 0xff, 0x18, 0x18, 0x18, 0xff, 0x18, 0x1c, 0x20, 0xff,
    0x18, 0x1c, 0x18, 0xff, 0x18, 0x18, 0x18, 0xff, 0x18, 0x1c, 0x20, 0xff,
    0x18, 0x1c, 0x18, 0xff, 0x18, 0x18, 0x18, 0xff, 0x18, 0x18, 0x20, 0xff,
    0x18, 0x1c, 0x20, 0xff, 0x18, 0x18, 0x18, 0xff, 0x18, 0x1c, 0x20, 0xff,
    0x18, 0x18, 0x18, 0xff, 0x18, 0x18, 0x20, 0xff, 0x18, 0x1c, 0x18, 0xff,
    0x18, 0x1c, 0x18, 0xff, 0x18, 0x18, 0x18, 0xff, 0x18, 0x1c, 0x20, 0xff,
    0x18, 0x18, 0x18, 0xff, 0x18, 0x1c, 0x18, 0xff, 0x18, 0x1c, 0x20, 0xff,
    0x18, 0x18, 0x18, 0xff, 0x18, 0x1c, 0x18, 0xff, 0x18, 0x18, 0x18, 0xff,
    0x18, 0x18, 0x18, 0xff, 0x18, 0x1c, 0x18, 0xff, 0x18, 0x18, 0x20, 0xff,
    0x18, 0x1c, 0x18, 0xff, 0x18, 0x1c, 0x18, 0xff, 0x18, 0x18, 0x18, 0xff,
    0x18, 0x1c, 0x20, 0xff, 0x18, 0x18, 0x18, 0xff, 0x18, 0x18, 0x18, 0xff,
    0x18, 0x1c, 0x20, 0xff, 0x18, 0x18, 0x18, 0xff, 0x18, 0x18, 0x18, 0xff,
    0x18, 0x1c, 0x18, 0xff, 0x18, 0x18, 0x18, 0xff, 0x18, 0x1c, 0x20, 0xff,
    0x18, 0x1c, 0x18, 0xff, 0x18, 0x1c, 0x20, 0xff, 0x18, 0x1c, 0x20, 0xff,
    0x18, 0x1c, 0x18, 0xff, 0x20, 0x20, 0x20, 0xff, 0x20, 0x20, 0x20, 0xff,
    0x20, 0x24, 0x20, 0xff, 0x28, 0x24, 0x20, 0xff, 0x28, 0x24, 0x28, 0xdf,
    0x28, 0x24, 0x20, 0x30, 0x00, 0x00, 0x00, 0x00, 0x00, 0x00, 0x00, 0x00,
    0x00, 0x00, 0x00, 0x00, 0x00, 0x00, 0x00, 0x00, 0x00, 0x00, 0x00, 0x00,
    0x00, 0x00, 0x00, 0x00, 0x00, 0x00, 0x00, 0x00, 0x00, 0x00, 0x00, 0x00,
    0x00, 0x00, 0x00, 0x00, 0x20, 0x20, 0x20, 0x20, 0x20, 0x20, 0x20, 0xdf,
    0x18, 0x1c, 0x20, 0xff, 0x18, 0x1c, 0x18, 0xff, 0x18, 0x1c, 0x20, 0xff,
    0x18, 0x1c, 0x20, 0xff, 0x18, 0x1c, 0x20, 0xff, 0x18, 0x1c, 0x18, 0xff,
    0x18, 0x1c, 0x20, 0xff, 0x18, 0x1c, 0x20, 0xff, 0x18, 0x1c, 0x18, 0xff,
    0x18, 0x1c, 0x20, 0xff, 0x18, 0x1c, 0x20, 0xff, 0x18, 0x1c, 0x20, 0xff,
    0x18, 0x1c, 0x20, 0xff, 0x18, 0x1c, 0x20, 0xff, 0x18, 0x1c, 0x20, 0xff,
    0x18, 0x1c, 0x20, 0xff, 0x18, 0x1c, 0x20, 0xff, 0x18, 0x1c, 0x20, 0xff,
    0x18, 0x1c, 0x20, 0xff, 0x18, 0x1c, 0x20, 0xff, 0x18, 0x1c, 0x20, 0xff,
    0x18, 0x1c, 0x20, 0xff, 0x18, 0x1c, 0x20, 0xff, 0x18, 0x1c, 0x20, 0xff,
    0x18, 0x1c, 0x20, 0xff, 0x18, 0x1c, 0x20, 0xff, 0x18, 0x1c, 0x20, 0xff,
    0x18, 0x1c, 0x20, 0xff, 0x18, 0x1c, 0x20, 0xff, 0x18, 0x1c, 0x20, 0xff,
    0x18, 0x1c, 0x20, 0xff, 0x18, 0x1c, 0x20, 0xff, 0x18, 0x1c, 0x20, 0xff,
    0x18, 0x1c, 0x20, 0xff, 0x18, 0x1c, 0x20, 0xff, 0x18, 0x1c, 0x18, 0xff,
    0x18, 0x1c, 0x20, 0xff, 0x18, 0x1c, 0x20, 0xff, 0x18, 0x1c, 0x20, 0xff,
    0x18, 0x1c, 0x18, 0xff, 0x18, 0x1c, 0x20, 0xff, 0x18, 0x1c, 0x20, 0xff,
    0x18, 0x1c, 0x18, 0xff, 0x18, 0x1c, 0x20, 0xff, 0x18, 0x1c, 0x20, 0xff,
    0x18, 0x1c, 0x20, 0xff, 0x18, 0x1c, 0x20, 0xff, 0x18, 0x1c, 0x20, 0xff,
    0x18, 0x1c, 0x20, 0xff, 0x18, 0x1c, 0x20, 0xff, 0x18, 0x1c, 0x20, 0xff,
    0x18, 0x1c, 0x20, 0xff, 0x18, 0x1c, 0x20, 0xff, 0x18, 0x1c, 0x20, 0xff,
    0x18, 0x1c, 0x20, 0xff, 0x18, 0x1c, 0x20, 0xff, 0x18, 0x1c, 0x20, 0xff,
    0x18, 0x1c, 0x18, 0xff, 0x18, 0x1c, 0x20, 0xff, 0x18, 0x1c, 0x20, 0xff,
    0x18, 0x1c, 0x20, 0xff, 0x18, 0x1c, 0x20, 0xff, 0x18, 0x1c, 0x20, 0xff,
    0x18, 0x1c, 0x20, 0xff, 0x18, 0x1c, 0x20, 0xff, 0x18, 0x1c, 0x18, 0xff,
    0x18, 0x1c, 0x20, 0xff, 0x18, 0x1c, 0x20, 0xff, 0x18, 0x1c, 0x20, 0xff,
    0x18, 0x1c, 0x20, 0xff, 0x18, 0x1c, 0x20, 0xff, 0x20, 0x20, 0x20, 0xff,
    0x20, 0x20, 0x20, 0xff, 0x20, 0x20, 0x20, 0xff, 0x20, 0x20, 0x20, 0xff,
    0x20, 0x24, 0x20, 0xff, 0x28, 0x24, 0x28, 0xff, 0x28, 0x28, 0x28, 0xdf,
    0x20, 0x28, 0x28, 0x20, 0x00, 0x00, 0x00, 0x00, 0x00, 0x00, 0x00, 0x00,
    0x00, 0x00, 0x00, 0x00, 0x00, 0x00, 0x00, 0x00, 0x00, 0x00, 0x00, 0x00,
    0x00, 0x00, 0x00, 0x00, 0x00, 0x00, 0x00, 0x00, 0x00, 0x00, 0x00, 0x00,
    0x00, 0x00, 0x00, 0x00, 0x00, 0x00, 0x00, 0x00, 0x00, 0x00, 0x00, 0x00,
    0x00, 0x00, 0x00, 0x00, 0x20, 0x20, 0x20, 0x82, 0x20, 0x20, 0x20, 0xff,
    0x20, 0x20, 0x20, 0xff, 0x20, 0x20, 0x20, 0xff, 0x20, 0x1c, 0x20, 0xff,
    0x20, 0x1c, 0x20, 0xff, 0x20, 0x20, 0x20, 0xff, 0x20, 0x1c, 0x20, 0xff,
    0x20, 0x20, 0x20, 0xff, 0x18, 0x1c, 0x20, 0xff, 0x20, 0x1c, 0x18, 0xff,
    0x20, 0x1c, 0x18, 0xff, 0x18, 0x1c, 0x20, 0xff, 0x20, 0x1c, 0x18, 0xff,
    0x20, 0x1c, 0x20, 0xff, 0x20, 0x1c, 0x20, 0xff, 0x20, 0x1c, 0x18, 0xff,
    0x20, 0x20, 0x20, 0xff, 0x20, 0x1c, 0x20, 0xff, 0x20, 0x1c, 0x18, 0xff,
    0x20, 0x20, 0x20, 0xff, 0x20, 0x1c, 0x20, 0xff, 0x20, 0x1c, 0x18, 0xff,
    0x20, 0x1c, 0x20, 0xff, 0x20, 0x1c, 0x20, 0xff, 0x20, 0x1c, 0x18, 0xff,
    0x20, 0x1c, 0x20, 0xff, 0x20, 0x1c, 0x20, 0xff, 0x18, 0x1c, 0x18, 0xff,
    0x20, 0x1c, 0x20, 0xff, 0x20, 0x1c, 0x20, 0xff, 0x18, 0x1c, 0x18, 0xff,
    0x20, 0x1c, 0x20, 0xff, 0x20, 0x1c, 0x18, 0xff, 0x18, 0x1c, 0x20, 0xff,
    0x20, 0x1c, 0x20, 0xff, 0x20, 0x1c, 0x18, 0xff, 0x18, 0x1c, 0x20, 0xff,
    0x20, 0x1c, 0x20, 0xff, 0x20, 0x1c, 0x18, 0xff, 0x18, 0x1c, 0x20, 0xff,
    0x20, 0x1c, 0x20, 0xff, 0x20, 0x1c, 0x18, 0xff, 0x20, 0x1c, 0x20, 0xff,
    0x20, 0x1c, 0x18, 0xff, 0x20, 0x1c, 0x20, 0xff, 0x20, 0x1c, 0x18, 0xff,
    0x20, 0x1c, 0x18, 0xff, 0x20, 0x1c, 0x20, 0xff, 0x20, 0x1c, 0x18, 0xff,
    0x20, 0x1c, 0x18, 0xff, 0x20, 0x1c, 0x20, 0xff, 0x18, 0x1c, 0x18, 0xff,
    0x20, 0x1c, 0x20, 0xff, 0x20, 0x1c, 0x20, 0xff, 0x18, 0x1c, 0x18, 0xff,
    0x20, 0x1c, 0x20, 0xff, 0x18, 0x1c, 0x20, 0xff, 0x20, 0x1c, 0x18, 0xff,
    0x18, 0x1c, 0x20, 0xff, 0x20, 0x1c, 0x18, 0xff, 0x18, 0x1c, 0x18, 0xff,
    0x18, 0x1c, 0x20, 0xff, 0x20, 0x1c, 0x18, 0xff, 0x18, 0x20, 0x20, 0xff,
    0x18, 0x20, 0x20, 0xff, 0x20, 0x1c, 0x20, 0xff, 0x20, 0x20, 0x20, 0xff,
    0x20, 0x20, 0x20, 0xff, 0x20, 0x20, 0x20, 0xff, 0x20, 0x20, 0x20, 0xff,
    0x20, 0x20, 0x20, 0xff, 0x20, 0x24, 0x20, 0xff, 0x20, 0x24, 0x20, 0xff,
    0x20, 0x24, 0x28, 0xff, 0x28, 0x28, 0x28, 0xff, 0x20, 0x24, 0x28, 0x8e,
    0x20, 0x20, 0x20, 0x10, 0x00, 0x00, 0x00, 0x00, 0x00, 0x00, 0x00, 0x00,
    0x00, 0x00, 0x00, 0x00, 0x00, 0x00, 0x00, 0x00, 0x00, 0x00, 0x00, 0x00,
    0x00, 0x00, 0x00, 0x00, 0x00, 0x00, 0x00, 0x00, 0x00, 0x00, 0x00, 0x00,
    0x00, 0x00, 0x00, 0x00, 0x00, 0x00, 0x00, 0x00, 0x00, 0x00, 0x00, 0x00,
    0x00, 0x00, 0x00, 0x00, 0x00, 0x00, 0x00, 0x00, 0x00, 0x00, 0x00, 0x00,
    0x20, 0x20, 0x20, 0x20, 0x20, 0x20, 0x20, 0x9e, 0x20, 0x20, 0x20, 0xef,
    0x20, 0x20, 0x20, 0xff, 0x20, 0x24, 0x20, 0xff, 0x20, 0x20, 0x20, 0xff,
    0x20, 0x20, 0x20, 0xff, 0x20, 0x24, 0x20, 0xff, 0x20, 0x20, 0x20, 0xff,
    0x20, 0x20, 0x20, 0xff, 0x20, 0x24, 0x20, 0xff, 0x20, 0x20, 0x20, 0xff,
    0x20, 0x20, 0x20, 0xff, 0x20, 0x24, 0x20, 0xff, 0x20, 0x20, 0x20, 0xff,
    0x20, 0x20, 0x20, 0xff, 0x20, 0x20, 0x20, 0xff, 0x20, 0x20, 0x20, 0xff,
    0x20, 0x20, 0x20, 0xff, 0x20, 0x24, 0x20, 0xff, 0x20, 0x20, 0x20, 0xff,
    0x20, 0x20, 0x20, 0xff, 0x20, 0x24, 0x20, 0xff, 0x20, 0x20, 0x20, 0xff,
    0x20, 0x20, 0x20, 0xff, 0x20, 0x24, 0x20, 0xff, 0x20, 0x20, 0x20, 0xff,
    0x20, 0x20, 0x20, 0xff, 0x20, 0x20, 0x20, 0xff, 0x20, 0x24, 0x20, 0xff,
    0x20, 0x20, 0x20, 0xff, 0x20, 0x20, 0x20, 0xff, 0x20, 0x20, 0x20, 0xff,
    0x20, 0x20, 0x20, 0xff, 0x20, 0x20, 0x20, 0xff, 0x20, 0x20, 0x20, 0xff,
    0x20, 0x20, 0x20, 0xff, 0x20, 0x20, 0x20, 0xff, 0x20, 0x20, 0x20, 0xff,
    0x20, 0x20, 0x20, 0xff, 0x20, 0x24, 0x20, 0xff, 0x20, 0x20, 0x20, 0xff,
    0x20, 0x20, 0x20, 0xff, 0x20, 0x20, 0x20, 0xff, 0x20, 0x20, 0x20, 0xff,
    0x20, 0x20, 0x20, 0xff, 0x20, 0x20, 0x20, 0xff, 0x20, 0x20, 0x20, 0xff,
    0x20, 0x20, 0x20, 0xff, 0x20, 0x20, 0x20, 0xff, 0x20, 0x20, 0x20, 0xff,
    0x20, 0x24, 0x20, 0xff, 0x20, 0x20, 0x20, 0xff, 0x20, 0x20, 0x20, 0xff,
    0x20, 0x24, 0x20, 0xff, 0x20, 0x20, 0x20, 0xff, 0x20, 0x20, 0x20, 0xff,
    0x20, 0x20, 0x20, 0xff, 0x20, 0x20, 0x20, 0xff, 0x20, 0x20, 0x20, 0xff,
    0x20, 0x24, 0x20, 0xff, 0x20, 0x20, 0x20, 0xff, 0x20, 0x20, 0x20, 0xff,
    0x20, 0x20, 0x20, 0xff, 0x20, 0x20, 0x20, 0xff, 0x20, 0x24, 0x20, 0xff,
    0x20, 0x20, 0x20, 0xff, 0x20, 0x24, 0x20, 0xff, 0x20, 0x24, 0x20, 0xff,
    0x20, 0x24, 0x20, 0xff, 0x20, 0x24, 0x28, 0xff, 0x20, 0x24, 0x20, 0xff,
    0x28, 0x28, 0x28, 0xef, 0x28, 0x24, 0x28, 0x8e, 0x20, 0x28, 0x28, 0x20,
    0x00, 0x00, 0x00, 0x00, 0x00, 0x00, 0x00, 0x00, 0x00, 0x00, 0x00, 0x00,
    0x00, 0x00, 0x00, 0x00, 0x00, 0x00, 0x00, 0x00, 0x00, 0x00, 0x00, 0x00,
    0x00, 0x00, 0x00, 0x00, 0x00, 0x00, 0x00, 0x00, 0x00, 0x00, 0x00, 0x00,
    0x00, 0x00, 0x00, 0x00, 0x00, 0x00, 0x00, 0x00, 0x00, 0x00, 0x00, 0x00,
    0x00, 0x00, 0x00, 0x00, 0x00, 0x00, 0x00, 0x00, 0x00, 0x00, 0x00, 0x00,
    0x00, 0x00, 0x00, 0x00, 0x00, 0x00, 0x00, 0x00, 0x00, 0x00, 0x00, 0x00,
    0x00, 0x00, 0x00, 0x00, 0x20, 0x24, 0x20, 0x41, 0x20, 0x24, 0x20, 0x71,
    0x20, 0x24, 0x20, 0x9e, 0x20, 0x24, 0x20, 0xbe, 0x20, 0x24, 0x28, 0xcf,
    0x20, 0x24, 0x20, 0xdf, 0x20, 0x24, 0x28, 0xdf, 0x20, 0x24, 0x28, 0xff,
    0x20, 0x24, 0x20, 0xff, 0x20, 0x24, 0x28, 0xff, 0x20, 0x24, 0x20, 0xff,
    0x20, 0x24, 0x20, 0xff, 0x20, 0x24, 0x28, 0xff, 0x20, 0x24, 0x20, 0xff,
    0x20, 0x24, 0x20, 0xff, 0x20, 0x24, 0x28, 0xff, 0x20, 0x24, 0x20, 0xff,
    0x20, 0x24, 0x20, 0xff, 0x20, 0x24, 0x28, 0xff, 0x20, 0x24, 0x20, 0xff,
    0x20, 0x24, 0x20, 0xff, 0x20, 0x24, 0x28, 0xff, 0x20, 0x24, 0x20, 0xff,
    0x20, 0x24, 0x20, 0xff, 0x20, 0x24, 0x28, 0xff, 0x20, 0x24, 0x20, 0xff,
    0x20, 0x24, 0x20, 0xff, 0x20, 0x24, 0x28, 0xff, 0x20, 0x24, 0x20, 0xff,
    0x20, 0x24, 0x28, 0xff, 0x20, 0x24, 0x20, 0xff, 0x20, 0x24, 0x20, 0xff,
    0x20, 0x24, 0x28, 0xff, 0x20, 0x24, 0x20, 0xff, 0x20, 0x24, 0x20, 0xff,
    0x20, 0x24, 0x28, 0xff, 0x20, 0x24, 0x20, 0xff, 0x20, 0x24, 0x20, 0xff,
    0x20, 0x24, 0x28, 0xff, 0x20, 0x24, 0x28, 0xff, 0x20, 0x24, 0x20, 0xff,
    0x20, 0x24, 0x28, 0xff, 0x20, 0x24, 0x20, 0xff, 0x20, 0x24, 0x28, 0xff,
    0x20, 0x24, 0x28, 0xff, 0x20, 0x24, 0x20, 0xff, 0x20, 0x24, 0x20, 0xff,
    0x20, 0x24, 0x28, 0xff, 0x20, 0x24, 0x20, 0xff, 0x20, 0x24, 0x20, 0xff,
    0x20, 0x24, 0x28, 0xff, 0x20, 0x24, 0x20, 0xff, 0x20, 0x24, 0x20, 0xff,
    0x20, 0x24, 0x28, 0xff, 0x20, 0x24, 0x28, 0xff, 0x20, 0x24, 0x20, 0xff,
    0x20, 0x24, 0x28, 0xff, 0x28, 0x24, 0x28, 0xff, 0x20, 0x24, 0x20, 0xff,
    0x20, 0x24, 0x20, 0xff, 0x28, 0x24, 0x28, 0xff, 0x20, 0x24, 0x20, 0xff,
    0x20, 0x24, 0x20, 0xdf, 0x20, 0x24, 0x28, 0xdf, 0x20, 0x24, 0x28, 0xcf,
    0x28, 0x24, 0x28, 0xae, 0x20, 0x28, 0x28, 0x9e, 0x20, 0x28, 0x28, 0x71,
    0x28, 0x28, 0x28, 0x41, 0x20, 0x20, 0x20, 0x10, 0x00, 0x00, 0x00, 0x00,
    0x00, 0x00, 0x00, 0x00, 0x00, 0x00, 0x00, 0x00, 0x00, 0x00, 0x00, 0x00,
    0x00, 0x00, 0x00, 0x00, 0x00, 0x00, 0x00, 0x00, 0x00, 0x00, 0x00, 0x00,
    0x00, 0x00, 0x00, 0x00, 0x00, 0x00, 0x00, 0x00, 0x00, 0x00, 0x00, 0x00
};
