// 4.26.0 0x92871759 D2 AY R0 FARGB8888 U565 N0 SExtFlashSection
// Generated by imageconverter. Please, do not edit!

#include <touchgfx/hal/Config.hpp>

LOCATION_PRAGMA_32("ExtFlashSection")
KEEP extern const unsigned char image_grey[] LOCATION_ATTRIBUTE_32("ExtFlashSection") = { // 140x48 ARGB8888 pixels.
    0x00, 0x00, 0x00, 0x00, 0x00, 0x00, 0x00, 0x00, 0x00, 0x00, 0x00, 0x00,
    0x00, 0x00, 0x00, 0x00, 0x00, 0x00, 0x00, 0x00, 0x00, 0x00, 0x00, 0x00,
    0x00, 0x00, 0x00, 0x00, 0x00, 0x00, 0x00, 0x00, 0x20, 0x28, 0x28, 0x20,
    0x28, 0x28, 0x28, 0x61, 0x28, 0x28, 0x28, 0x82, 0x20, 0x28, 0x28, 0x9e,
    0x28, 0x28, 0x28, 0xbe, 0x28, 0x28, 0x28, 0xcf, 0x28, 0x28, 0x28, 0xdf,
    0x28, 0x28, 0x28, 0xdf, 0x28, 0x28, 0x28, 0xef, 0x28, 0x28, 0x28, 0xff,
    0x28, 0x28, 0x28, 0xff, 0x28, 0x28, 0x28, 0xff, 0x28, 0x28, 0x28, 0xff,
    0x28, 0x28, 0x28, 0xff, 0x28, 0x28, 0x28, 0xff, 0x28, 0x28, 0x28, 0xff,
    0x28, 0x28, 0x28, 0xff, 0x28, 0x28, 0x28, 0xff, 0x28, 0x28, 0x28, 0xff,
    0x28, 0x28, 0x28, 0xff, 0x28, 0x28, 0x28, 0xff, 0x28, 0x28, 0x28, 0xff,
    0x28, 0x28, 0x28, 0xff, 0x28, 0x28, 0x28, 0xff, 0x28, 0x28, 0x28, 0xff,
    0x28, 0x28, 0x28, 0xff, 0x28, 0x28, 0x28, 0xff, 0x28, 0x28, 0x28, 0xff,
    0x28, 0x28, 0x28, 0xff, 0x28, 0x28, 0x28, 0xff, 0x28, 0x28, 0x28, 0xff,
    0x28, 0x28, 0x28, 0xff, 0x28, 0x28, 0x28, 0xff, 0x28, 0x28, 0x28, 0xff,
    0x28, 0x28, 0x28, 0xff, 0x28, 0x28, 0x28, 0xff, 0x28, 0x28, 0x28, 0xff,
    0x28, 0x28, 0x28, 0xff, 0x28, 0x28, 0x28, 0xff, 0x28, 0x28, 0x28, 0xff,
    0x28, 0x28, 0x28, 0xff, 0x28, 0x28, 0x28, 0xff, 0x28, 0x28, 0x28, 0xff,
    0x28, 0x28, 0x28, 0xff, 0x28, 0x28, 0x28, 0xff, 0x28, 0x28, 0x28, 0xff,
    0x28, 0x28, 0x28, 0xff, 0x28, 0x28, 0x28, 0xff, 0x28, 0x28, 0x28, 0xff,
    0x28, 0x28, 0x28, 0xff, 0x28, 0x28, 0x28, 0xff, 0x28, 0x28, 0x28, 0xff,
    0x28, 0x28, 0x28, 0xff, 0x28, 0x28, 0x28, 0xff, 0x28, 0x28, 0x28, 0xff,
    0x28, 0x28, 0x28, 0xff, 0x28, 0x28, 0x28, 0xff, 0x28, 0x28, 0x28, 0xff,
    0x28, 0x28, 0x28, 0xff, 0x28, 0x28, 0x28, 0xff, 0x28, 0x28, 0x28, 0xff,
    0x28, 0x28, 0x28, 0xff, 0x28, 0x28, 0x28, 0xff, 0x28, 0x28, 0x28, 0xff,
    0x28, 0x28, 0x28, 0xff, 0x28, 0x28, 0x28, 0xff, 0x28, 0x28, 0x28, 0xff,
    0x28, 0x28, 0x28, 0xff, 0x28, 0x28, 0x28, 0xff, 0x28, 0x28, 0x28, 0xff,
    0x28, 0x28, 0x28, 0xff, 0x28, 0x28, 0x28, 0xff, 0x28, 0x28, 0x28, 0xff,
    0x28, 0x28, 0x28, 0xff, 0x28, 0x28, 0x28, 0xff, 0x28, 0x28, 0x28, 0xff,
    0x28, 0x28, 0x28, 0xff, 0x28, 0x28, 0x28, 0xff, 0x28, 0x28, 0x28, 0xff,
    0x28, 0x28, 0x28, 0xff, 0x28, 0x28, 0x28, 0xff, 0x28, 0x28, 0x28, 0xff,
    0x28, 0x28, 0x28, 0xff, 0x28, 0x28, 0x28, 0xff, 0x28, 0x28, 0x28, 0xff,
    0x28, 0x28, 0x28, 0xff, 0x28, 0x28, 0x28, 0xff, 0x28, 0x28, 0x28, 0xff,
    0x28, 0x28, 0x28, 0xff, 0x28, 0x28, 0x28, 0xff, 0x28, 0x28, 0x28, 0xff,
    0x28, 0x28, 0x28, 0xff, 0x28, 0x28, 0x28, 0xff, 0x28, 0x28, 0x28, 0xff,
    0x28, 0x28, 0x28, 0xff, 0x28, 0x28, 0x28, 0xff, 0x28, 0x28, 0x28, 0xff,
    0x28, 0x28, 0x28, 0xff, 0x28, 0x28, 0x28, 0xff, 0x28, 0x28, 0x28, 0xff,
    0x28, 0x28, 0x28, 0xff, 0x28, 0x28, 0x28, 0xff, 0x28, 0x28, 0x28, 0xff,
    0x28, 0x28, 0x28, 0xff, 0x28, 0x28, 0x28, 0xff, 0x28, 0x28, 0x28, 0xff,
    0x28, 0x28, 0x28, 0xff, 0x28, 0x28, 0x28, 0xff, 0x28, 0x28, 0x28, 0xff,
    0x28, 0x28, 0x28, 0xff, 0x28, 0x28, 0x28, 0xff, 0x28, 0x28, 0x28, 0xff,
    0x28, 0x28, 0x28, 0xff, 0x28, 0x28, 0x28, 0xff, 0x28, 0x28, 0x28, 0xff,
    0x28, 0x28, 0x28, 0xff, 0x28, 0x28, 0x28, 0xdf, 0x28, 0x28, 0x28, 0xdf,
    0x20, 0x28, 0x28, 0xcf, 0x28, 0x28, 0x28, 0xbe, 0x28, 0x28, 0x28, 0xae,
    0x28, 0x28, 0x28, 0x82, 0x20, 0x24, 0x28, 0x51, 0x20, 0x28, 0x28, 0x20,
    0x00, 0x00, 0x00, 0x00, 0x00, 0x00, 0x00, 0x00, 0x00, 0x00, 0x00, 0x00,
    0x00, 0x00, 0x00, 0x00, 0x00, 0x00, 0x00, 0x00, 0x00, 0x00, 0x00, 0x00,
    0x00, 0x00, 0x00, 0x00, 0x00, 0x00, 0x00, 0x00, 0x00, 0x00, 0x00, 0x00,
    0x00, 0x00, 0x00, 0x00, 0x00, 0x00, 0x00, 0x00, 0x00, 0x00, 0x00, 0x00,
    0x00, 0x00, 0x00, 0x00, 0x20, 0x20, 0x20, 0x10, 0x20, 0x28, 0x28, 0x7d,
    0x28, 0x28, 0x28, 0xdf, 0x28, 0x28, 0x28, 0xff, 0x28, 0x28, 0x28, 0xff,
    0x28, 0x28, 0x28, 0xff, 0x28, 0x28, 0x28, 0xff, 0x28, 0x28, 0x28, 0xff,
    0x20, 0x28, 0x28, 0xff, 0x28, 0x28, 0x28, 0xff, 0x28, 0x28, 0x28, 0xff,
    0x20, 0x28, 0x28, 0xff, 0x28, 0x28, 0x28, 0xff, 0x28, 0x28, 0x28, 0xff,
    0x20, 0x28, 0x28, 0xff, 0x28, 0x28, 0x28, 0xff, 0x28, 0x28, 0x28, 0xff,
    0x20, 0x28, 0x28, 0xff, 0x28, 0x28, 0x28, 0xff, 0x28, 0x28, 0x28, 0xff,
    0x20, 0x28, 0x28, 0xff, 0x28, 0x28, 0x28, 0xff, 0x28, 0x28, 0x28, 0xff,
    0x20, 0x28, 0x28, 0xff, 0x28, 0x28, 0x28, 0xff, 0x28, 0x28, 0x28, 0xff,
    0x20, 0x28, 0x28, 0xff, 0x28, 0x28, 0x28, 0xff, 0x28, 0x28, 0x28, 0xff,
    0x20, 0x28, 0x28, 0xff, 0x28, 0x28, 0x28, 0xff, 0x28, 0x28, 0x28, 0xff,
    0x20, 0x28, 0x28, 0xff, 0x28, 0x28, 0x28, 0xff, 0x28, 0x28, 0x28, 0xff,
    0x20, 0x28, 0x28, 0xff, 0x28, 0x28, 0x28, 0xff, 0x28, 0x28, 0x28, 0xff,
    0x20, 0x28, 0x28, 0xff, 0x28, 0x28, 0x28, 0xff, 0x28, 0x28, 0x28, 0xff,
    0x20, 0x28, 0x28, 0xff, 0x28, 0x28, 0x28, 0xff, 0x28, 0x28, 0x28, 0xff,
    0x20, 0x28, 0x28, 0xff, 0x28, 0x28, 0x28, 0xff, 0x28, 0x28, 0x28, 0xff,
    0x20, 0x28, 0x28, 0xff, 0x28, 0x28, 0x28, 0xff, 0x28, 0x28, 0x28, 0xff,
    0x20, 0x28, 0x28, 0xff, 0x28, 0x28, 0x28, 0xff, 0x28, 0x28, 0x28, 0xff,
    0x20, 0x28, 0x28, 0xff, 0x28, 0x28, 0x28, 0xff, 0x28, 0x28, 0x28, 0xff,
    0x20, 0x28, 0x28, 0xff, 0x28, 0x28, 0x28, 0xff, 0x28, 0x28, 0x28, 0xff,
    0x20, 0x28, 0x28, 0xff, 0x28, 0x28, 0x28, 0xff, 0x28, 0x28, 0x28, 0xff,
    0x20, 0x28, 0x28, 0xff, 0x28, 0x28, 0x28, 0xff, 0x28, 0x28, 0x28, 0xff,
    0x20, 0x28, 0x28, 0xff, 0x28, 0x28, 0x28, 0xff, 0x28, 0x28, 0x28, 0xff,
    0x20, 0x28, 0x28, 0xff, 0x28, 0x28, 0x28, 0xff, 0x28, 0x28, 0x28, 0xff,
    0x20, 0x28, 0x28, 0xff, 0x28, 0x28, 0x28, 0xff, 0x28, 0x28, 0x28, 0xff,
    0x20, 0x28, 0x28, 0xff, 0x28, 0x28, 0x28, 0xff, 0x28, 0x28, 0x28, 0xff,
    0x20, 0x28, 0x28, 0xff, 0x28, 0x28, 0x28, 0xff, 0x28, 0x28, 0x28, 0xff,
    0x20, 0x28, 0x28, 0xff, 0x28, 0x28, 0x28, 0xff, 0x28, 0x28, 0x28, 0xff,
    0x20, 0x28, 0x28, 0xff, 0x28, 0x28, 0x28, 0xff, 0x28, 0x28, 0x28, 0xff,
    0x20, 0x28, 0x28, 0xff, 0x28, 0x28, 0x28, 0xff, 0x28, 0x28, 0x28, 0xff,
    0x20, 0x28, 0x28, 0xff, 0x28, 0x28, 0x28, 0xff, 0x28, 0x28, 0x28, 0xff,
    0x20, 0x28, 0x28, 0xff, 0x28, 0x28, 0x28, 0xff, 0x28, 0x28, 0x28, 0xff,
    0x20, 0x28, 0x28, 0xff, 0x28, 0x28, 0x28, 0xff, 0x28, 0x28, 0x28, 0xff,
    0x20, 0x28, 0x28, 0xff, 0x28, 0x28, 0x28, 0xff, 0x28, 0x28, 0x28, 0xff,
    0x20, 0x28, 0x28, 0xff, 0x28, 0x28, 0x28, 0xff, 0x28, 0x28, 0x28, 0xff,
    0x20, 0x28, 0x28, 0xff, 0x28, 0x28, 0x28, 0xff, 0x28, 0x28, 0x28, 0xff,
    0x20, 0x28, 0x28, 0xff, 0x28, 0x28, 0x28, 0xff, 0x28, 0x28, 0x28, 0xff,
    0x20, 0x28, 0x28, 0xff, 0x28, 0x28, 0x28, 0xff, 0x28, 0x28, 0x28, 0xff,
    0x20, 0x28, 0x28, 0xff, 0x28, 0x28, 0x28, 0xff, 0x28, 0x28, 0x28, 0xff,
    0x20, 0x28, 0x28, 0xff, 0x28, 0x28, 0x28, 0xff, 0x28, 0x28, 0x28, 0xff,
    0x20, 0x28, 0x28, 0xff, 0x28, 0x28, 0x28, 0xff, 0x28, 0x28, 0x28, 0xff,
    0x28, 0x28, 0x28, 0xff, 0x28, 0x28, 0x28, 0xff, 0x28, 0x28, 0x28, 0xff,
    0x28, 0x28, 0x28, 0xff, 0x28, 0x28, 0x28, 0xff, 0x28, 0x28, 0x28, 0xdf,
    0x20, 0x28, 0x28, 0x61, 0x20, 0x28, 0x28, 0x20, 0x00, 0x00, 0x00, 0x00,
    0x00, 0x00, 0x00, 0x00, 0x00, 0x00, 0x00, 0x00, 0x00, 0x00, 0x00, 0x00,
    0x00, 0x00, 0x00, 0x00, 0x00, 0x00, 0x00, 0x00, 0x00, 0x00, 0x00, 0x00,
    0x00, 0x00, 0x00, 0x00, 0x00, 0x00, 0x00, 0x00, 0x20, 0x24, 0x28, 0x51,
    0x28, 0x28, 0x28, 0xef, 0x28, 0x28, 0x28, 0xff, 0x28, 0x28, 0x28, 0xff,
    0x20, 0x28, 0x28, 0xff, 0x28, 0x28, 0x28, 0xff, 0x20, 0x28, 0x28, 0xff,
    0x28, 0x28, 0x28, 0xff, 0x28, 0x28, 0x28, 0xff, 0x20, 0x28, 0x28, 0xff,
    0x28, 0x28, 0x28, 0xff, 0x28, 0x28, 0x28, 0xff, 0x20, 0x28, 0x28, 0xff,
    0x28, 0x28, 0x28, 0xff, 0x28, 0x28, 0x28, 0xff, 0x20, 0x28, 0x28, 0xff,
    0x28, 0x28, 0x28, 0xff, 0x28, 0x28, 0x28, 0xff, 0x20, 0x28, 0x28, 0xff,
    0x28, 0x28, 0x28, 0xff, 0x28, 0x28, 0x28, 0xff, 0x20, 0x28, 0x28, 0xff,
    0x28, 0x28, 0x28, 0xff, 0x28, 0x28, 0x28, 0xff, 0x20, 0x28, 0x28, 0xff,
    0x28, 0x28, 0x28, 0xff, 0x28, 0x28, 0x28, 0xff, 0x20, 0x28, 0x28, 0xff,
    0x28, 0x28, 0x28, 0xff, 0x28, 0x28, 0x28, 0xff, 0x20, 0x28, 0x28, 0xff,
    0x28, 0x28, 0x28, 0xff, 0x28, 0x28, 0x28, 0xff, 0x20, 0x28, 0x28, 0xff,
    0x28, 0x28, 0x28, 0xff, 0x28, 0x28, 0x28, 0xff, 0x20, 0x28, 0x28, 0xff,
    0x28, 0x28, 0x28, 0xff, 0x28, 0x28, 0x28, 0xff, 0x20, 0x28, 0x28, 0xff,
    0x28, 0x28, 0x28, 0xff, 0x28, 0x28, 0x28, 0xff, 0x20, 0x28, 0x28, 0xff,
    0x28, 0x28, 0x28, 0xff, 0x28, 0x28, 0x28, 0xff, 0x20, 0x28, 0x28, 0xff,
    0x28, 0x28, 0x28, 0xff, 0x28, 0x28, 0x28, 0xff, 0x20, 0x28, 0x28, 0xff,
    0x28, 0x28, 0x28, 0xff, 0x28, 0x28, 0x28, 0xff, 0x20, 0x28, 0x28, 0xff,
    0x28, 0x28, 0x28, 0xff, 0x28, 0x28, 0x28, 0xff, 0x20, 0x28, 0x28, 0xff,
    0x28, 0x28, 0x28, 0xff, 0x28, 0x28, 0x28, 0xff, 0x20, 0x28, 0x28, 0xff,
    0x28, 0x28, 0x28, 0xff, 0x28, 0x28, 0x28, 0xff, 0x20, 0x28, 0x28, 0xff,
    0x28, 0x28, 0x28, 0xff, 0x28, 0x28, 0x28, 0xff, 0x20, 0x28, 0x28, 0xff,
    0x28, 0x28, 0x28, 0xff, 0x28, 0x28, 0x28, 0xff, 0x20, 0x28, 0x28, 0xff,
    0x28, 0x28, 0x28, 0xff, 0x28, 0x28, 0x28, 0xff, 0x20, 0x28, 0x28, 0xff,
    0x28, 0x28, 0x28, 0xff, 0x28, 0x28, 0x28, 0xff, 0x20, 0x28, 0x28, 0xff,
    0x28, 0x28, 0x28, 0xff, 0x28, 0x28, 0x28, 0xff, 0x20, 0x28, 0x28, 0xff,
    0x28, 0x28, 0x28, 0xff, 0x28, 0x28, 0x28, 0xff, 0x20, 0x28, 0x28, 0xff,
    0x28, 0x28, 0x28, 0xff, 0x28, 0x28, 0x28, 0xff, 0x20, 0x28, 0x28, 0xff,
    0x28, 0x28, 0x28, 0xff, 0x28, 0x28, 0x28, 0xff, 0x20, 0x28, 0x28, 0xff,
    0x28, 0x28, 0x28, 0xff, 0x28, 0x28, 0x28, 0xff, 0x20, 0x28, 0x28, 0xff,
    0x28, 0x28, 0x28, 0xff, 0x28, 0x28, 0x28, 0xff, 0x20, 0x28, 0x28, 0xff,
    0x28, 0x28, 0x28, 0xff, 0x28, 0x28, 0x28, 0xff, 0x20, 0x28, 0x28, 0xff,
    0x28, 0x28, 0x28, 0xff, 0x28, 0x28, 0x28, 0xff, 0x20, 0x28, 0x28, 0xff,
    0x28, 0x28, 0x28, 0xff, 0x28, 0x28, 0x28, 0xff, 0x20, 0x28, 0x28, 0xff,
    0x28, 0x28, 0x28, 0xff, 0x28, 0x28, 0x28, 0xff, 0x20, 0x28, 0x28, 0xff,
    0x28, 0x28, 0x28, 0xff, 0x28, 0x28, 0x28, 0xff, 0x20, 0x28, 0x28, 0xff,
    0x28, 0x28, 0x28, 0xff, 0x28, 0x28, 0x28, 0xff, 0x20, 0x28, 0x28, 0xff,
    0x28, 0x28, 0x28, 0xff, 0x28, 0x28, 0x28, 0xff, 0x20, 0x28, 0x28, 0xff,
    0x28, 0x28, 0x28, 0xff, 0x28, 0x28, 0x28, 0xff, 0x20, 0x28, 0x28, 0xff,
    0x28, 0x28, 0x28, 0xff, 0x28, 0x28, 0x28, 0xff, 0x20, 0x28, 0x28, 0xff,
    0x28, 0x28, 0x28, 0xff, 0x28, 0x28, 0x28, 0xff, 0x20, 0x28, 0x28, 0xff,
    0x28, 0x28, 0x28, 0xff, 0x28, 0x28, 0x28, 0xff, 0x20, 0x28, 0x28, 0xff,
    0x20, 0x28, 0x28, 0xff, 0x28, 0x28, 0x28, 0xff, 0x28, 0x28, 0x28, 0xff,
    0x28, 0x28, 0x28, 0xff, 0x28, 0x28, 0x28, 0xff, 0x28, 0x28, 0x28, 0xff,
    0x28, 0x28, 0x28, 0xdf, 0x28, 0x28, 0x28, 0x61, 0x00, 0x00, 0x00, 0x00,
    0x00, 0x00, 0x00, 0x00, 0x00, 0x00, 0x00, 0x00, 0x00, 0x00, 0x00, 0x00,
    0x00, 0x00, 0x00, 0x00, 0x00, 0x00, 0x00, 0x00, 0x00, 0x00, 0x00, 0x00,
    0x20, 0x28, 0x28, 0x7d, 0x28, 0x28, 0x28, 0xff, 0x28, 0x28, 0x28, 0xff,
    0x28, 0x28, 0x28, 0xff, 0x28, 0x28, 0x28, 0xff, 0x28, 0x28, 0x28, 0xff,
    0x28, 0x28, 0x28, 0xff, 0x28, 0x28, 0x28, 0xff, 0x20, 0x28, 0x28, 0xff,
    0x28, 0x28, 0x28, 0xff, 0x28, 0x28, 0x28, 0xff, 0x28, 0x28, 0x28, 0xff,
    0x28, 0x28, 0x28, 0xff, 0x28, 0x28, 0x28, 0xff, 0x28, 0x28, 0x28, 0xff,
    0x28, 0x28, 0x28, 0xff, 0x28, 0x28, 0x28, 0xff, 0x28, 0x28, 0x28, 0xff,
    0x28, 0x28, 0x28, 0xff, 0x28, 0x28, 0x28, 0xff, 0x28, 0x28, 0x28, 0xff,
    0x28, 0x28, 0x28, 0xff, 0x28, 0x28, 0x28, 0xff, 0x28, 0x28, 0x28, 0xff,
    0x28, 0x28, 0x28, 0xff, 0x28, 0x28, 0x28, 0xff, 0x28, 0x28, 0x28, 0xff,
    0x28, 0x28, 0x28, 0xff, 0x28, 0x28, 0x28, 0xff, 0x28, 0x28, 0x28, 0xff,
    0x28, 0x28, 0x28, 0xff, 0x28, 0x28, 0x28, 0xff, 0x28, 0x28, 0x28, 0xff,
    0x28, 0x28, 0x28, 0xff, 0x28, 0x28, 0x28, 0xff, 0x28, 0x28, 0x28, 0xff,
    0x28, 0x28, 0x28, 0xff, 0x28, 0x28, 0x28, 0xff, 0x28, 0x28, 0x28, 0xff,
    0x28, 0x28, 0x28, 0xff, 0x28, 0x28, 0x28, 0xff, 0x28, 0x28, 0x28, 0xff,
    0x28, 0x28, 0x28, 0xff, 0x28, 0x28, 0x28, 0xff, 0x28, 0x28, 0x28, 0xff,
    0x28, 0x28, 0x28, 0xff, 0x28, 0x28, 0x28, 0xff, 0x28, 0x28, 0x28, 0xff,
    0x28, 0x28, 0x28, 0xff, 0x28, 0x28, 0x28, 0xff, 0x28, 0x28, 0x28, 0xff,
    0x28, 0x28, 0x28, 0xff, 0x28, 0x28, 0x28, 0xff, 0x28, 0x28, 0x28, 0xff,
    0x28, 0x28, 0x28, 0xff, 0x28, 0x28, 0x28, 0xff, 0x28, 0x28, 0x28, 0xff,
    0x28, 0x28, 0x28, 0xff, 0x28, 0x28, 0x28, 0xff, 0x28, 0x28, 0x28, 0xff,
    0x28, 0x28, 0x28, 0xff, 0x28, 0x28, 0x28, 0xff, 0x28, 0x28, 0x28, 0xff,
    0x28, 0x28, 0x28, 0xff, 0x28, 0x28, 0x28, 0xff, 0x28, 0x28, 0x28, 0xff,
    0x28, 0x28, 0x28, 0xff, 0x28, 0x28, 0x28, 0xff, 0x28, 0x28, 0x28, 0xff,
    0x28, 0x28, 0x28, 0xff, 0x28, 0x28, 0x28, 0xff, 0x28, 0x28, 0x28, 0xff,
    0x28, 0x28, 0x28, 0xff, 0x28, 0x28, 0x28, 0xff, 0x28, 0x28, 0x28, 0xff,
    0x28, 0x28, 0x28, 0xff, 0x28, 0x28, 0x28, 0xff, 0x28, 0x28, 0x28, 0xff,
    0x28, 0x28, 0x28, 0xff, 0x28, 0x28, 0x28, 0xff, 0x28, 0x28, 0x28, 0xff,
    0x28, 0x28, 0x28, 0xff, 0x28, 0x28, 0x28, 0xff, 0x28, 0x28, 0x28, 0xff,
    0x28, 0x28, 0x28, 0xff, 0x28, 0x28, 0x28, 0xff, 0x28, 0x28, 0x28, 0xff,
    0x28, 0x28, 0x28, 0xff, 0x28, 0x28, 0x28, 0xff, 0x28, 0x28, 0x28, 0xff,
    0x28, 0x28, 0x28, 0xff, 0x28, 0x28, 0x28, 0xff, 0x28, 0x28, 0x28, 0xff,
    0x28, 0x28, 0x28, 0xff, 0x28, 0x28, 0x28, 0xff, 0x28, 0x28, 0x28, 0xff,
    0x28, 0x28, 0x28, 0xff, 0x28, 0x28, 0x28, 0xff, 0x28, 0x28, 0x28, 0xff,
    0x28, 0x28, 0x28, 0xff, 0x28, 0x28, 0x28, 0xff, 0x28, 0x28, 0x28, 0xff,
    0x28, 0x28, 0x28, 0xff, 0x28, 0x28, 0x28, 0xff, 0x28, 0x28, 0x28, 0xff,
    0x28, 0x28, 0x28, 0xff, 0x28, 0x28, 0x28, 0xff, 0x28, 0x28, 0x28, 0xff,
    0x28, 0x28, 0x28, 0xff, 0x28, 0x28, 0x28, 0xff, 0x28, 0x28, 0x28, 0xff,
    0x28, 0x28, 0x28, 0xff, 0x28, 0x28, 0x28, 0xff, 0x28, 0x28, 0x28, 0xff,
    0x28, 0x28, 0x28, 0xff, 0x28, 0x28, 0x28, 0xff, 0x28, 0x28, 0x28, 0xff,
    0x28, 0x28, 0x28, 0xff, 0x28, 0x28, 0x28, 0xff, 0x28, 0x28, 0x28, 0xff,
    0x28, 0x28, 0x28, 0xff, 0x28, 0x28, 0x28, 0xff, 0x28, 0x28, 0x28, 0xff,
    0x28, 0x28, 0x28, 0xff, 0x28, 0x28, 0x28, 0xff, 0x28, 0x28, 0x28, 0xff,
    0x20, 0x28, 0x28, 0xff, 0x20, 0x28, 0x28, 0xff, 0x28, 0x28, 0x28, 0xff,
    0x20, 0x28, 0x28, 0xff, 0x28, 0x28, 0x28, 0xff, 0x28, 0x28, 0x28, 0xff,
    0x28, 0x28, 0x28, 0xff, 0x20, 0x28, 0x28, 0x7d, 0x00, 0x00, 0x00, 0x00,
    0x00, 0x00, 0x00, 0x00, 0x00, 0x00, 0x00, 0x00, 0x00, 0x00, 0x00, 0x00,
    0x00, 0x00, 0x00, 0x00, 0x28, 0x28, 0x28, 0x61, 0x28, 0x28, 0x28, 0xff,
    0x28, 0x28, 0x28, 0xff, 0x28, 0x28, 0x28, 0xff, 0x20, 0x28, 0x28, 0xff,
    0x28, 0x28, 0x28, 0xff, 0x28, 0x28, 0x28, 0xff, 0x20, 0x28, 0x28, 0xff,
    0x28, 0x28, 0x28, 0xff, 0x28, 0x28, 0x28, 0xff, 0x28, 0x28, 0x28, 0xff,
    0x20, 0x28, 0x28, 0xff, 0x28, 0x28, 0x30, 0xff, 0x20, 0x28, 0x28, 0xff,
    0x28, 0x28, 0x28, 0xff, 0x20, 0x28, 0x30, 0xff, 0x20, 0x28, 0x28, 0xff,
    0x28, 0x28, 0x28, 0xff, 0x20, 0x28, 0x30, 0xff, 0x28, 0x28, 0x28, 0xff,
    0x20, 0x28, 0x28, 0xff, 0x20, 0x28, 0x30, 0xff, 0x28, 0x28, 0x28, 0xff,
    0x20, 0x28, 0x28, 0xff, 0x28, 0x28, 0x30, 0xff, 0x20, 0x28, 0x28, 0xff,
    0x28, 0x28, 0x28, 0xff, 0x20, 0x28, 0x30, 0xff, 0x20, 0x28, 0x28, 0xff,
    0x28, 0x28, 0x28, 0xff, 0x20, 0x28, 0x30, 0xff, 0x28, 0x28, 0x28, 0xff,
    0x20, 0x28, 0x28, 0xff, 0x20, 0x28, 0x30, 0xff, 0x28, 0x28, 0x28, 0xff,
    0x20, 0x28, 0x28, 0xff, 0x28, 0x28, 0x30, 0xff, 0x20, 0x28, 0x28, 0xff,
    0x28, 0x28, 0x28, 0xff, 0x20, 0x28, 0x30, 0xff, 0x20, 0x28, 0x28, 0xff,
    0x28, 0x28, 0x28, 0xff, 0x20, 0x28, 0x30, 0xff, 0x28, 0x28, 0x28, 0xff,
    0x20, 0x28, 0x28, 0xff, 0x20, 0x28, 0x30, 0xff, 0x28, 0x28, 0x28, 0xff,
    0x20, 0x28, 0x28, 0xff, 0x28, 0x28, 0x30, 0xff, 0x20, 0x28, 0x28, 0xff,
    0x28, 0x28, 0x28, 0xff, 0x20, 0x28, 0x30, 0xff, 0x20, 0x28, 0x28, 0xff,
    0x28, 0x28, 0x28, 0xff, 0x20, 0x28, 0x30, 0xff, 0x28, 0x28, 0x28, 0xff,
    0x20, 0x28, 0x28, 0xff, 0x20, 0x28, 0x30, 0xff, 0x28, 0x28, 0x28, 0xff,
    0x20, 0x28, 0x28, 0xff, 0x28, 0x28, 0x30, 0xff, 0x20, 0x28, 0x28, 0xff,
    0x28, 0x28, 0x28, 0xff, 0x20, 0x28, 0x30, 0xff, 0x20, 0x28, 0x28, 0xff,
    0x28, 0x28, 0x28, 0xff, 0x20, 0x28, 0x30, 0xff, 0x28, 0x28, 0x28, 0xff,
    0x20, 0x28, 0x28, 0xff, 0x20, 0x28, 0x30, 0xff, 0x28, 0x28, 0x28, 0xff,
    0x20, 0x28, 0x28, 0xff, 0x28, 0x28, 0x30, 0xff, 0x20, 0x28, 0x28, 0xff,
    0x28, 0x28, 0x28, 0xff, 0x20, 0x28, 0x30, 0xff, 0x20, 0x28, 0x28, 0xff,
    0x28, 0x28, 0x28, 0xff, 0x20, 0x28, 0x30, 0xff, 0x28, 0x28, 0x28, 0xff,
    0x20, 0x28, 0x28, 0xff, 0x20, 0x28, 0x30, 0xff, 0x28, 0x28, 0x28, 0xff,
    0x20, 0x28, 0x28, 0xff, 0x28, 0x28, 0x30, 0xff, 0x20, 0x28, 0x28, 0xff,
    0x28, 0x28, 0x28, 0xff, 0x20, 0x28, 0x30, 0xff, 0x20, 0x28, 0x28, 0xff,
    0x28, 0x28, 0x28, 0xff, 0x20, 0x28, 0x30, 0xff, 0x28, 0x28, 0x28, 0xff,
    0x20, 0x28, 0x28, 0xff, 0x20, 0x28, 0x30, 0xff, 0x28, 0x28, 0x28, 0xff,
    0x20, 0x28, 0x28, 0xff, 0x28, 0x28, 0x30, 0xff, 0x20, 0x28, 0x28, 0xff,
    0x28, 0x28, 0x28, 0xff, 0x20, 0x28, 0x30, 0xff, 0x20, 0x28, 0x28, 0xff,
    0x28, 0x28, 0x28, 0xff, 0x20, 0x28, 0x30, 0xff, 0x28, 0x28, 0x28, 0xff,
    0x20, 0x28, 0x28, 0xff, 0x20, 0x28, 0x30, 0xff, 0x28, 0x28, 0x28, 0xff,
    0x20, 0x28, 0x28, 0xff, 0x28, 0x28, 0x30, 0xff, 0x20, 0x28, 0x28, 0xff,
    0x28, 0x28, 0x28, 0xff, 0x20, 0x28, 0x30, 0xff, 0x20, 0x28, 0x28, 0xff,
    0x28, 0x28, 0x28, 0xff, 0x20, 0x28, 0x30, 0xff, 0x28, 0x28, 0x28, 0xff,
    0x20, 0x28, 0x28, 0xff, 0x20, 0x28, 0x30, 0xff, 0x28, 0x28, 0x28, 0xff,
    0x20, 0x28, 0x28, 0xff, 0x28, 0x28, 0x30, 0xff, 0x20, 0x28, 0x28, 0xff,
    0x28, 0x28, 0x28, 0xff, 0x20, 0x28, 0x30, 0xff, 0x28, 0x28, 0x28, 0xff,
    0x28, 0x28, 0x28, 0xff, 0x28, 0x28, 0x28, 0xff, 0x28, 0x28, 0x28, 0xff,
    0x28, 0x28, 0x28, 0xff, 0x28, 0x28, 0x28, 0xff, 0x28, 0x28, 0x28, 0xff,
    0x20, 0x28, 0x28, 0xff, 0x28, 0x28, 0x28, 0xff, 0x28, 0x28, 0x28, 0xff,
    0x28, 0x28, 0x28, 0xff, 0x20, 0x24, 0x28, 0x51, 0x00, 0x00, 0x00, 0x00,
    0x00, 0x00, 0x00, 0x00, 0x00, 0x00, 0x00, 0x00, 0x28, 0x28, 0x28, 0x20,
    0x28, 0x28, 0x28, 0xdf, 0x28, 0x28, 0x28, 0xff, 0x28, 0x28, 0x28, 0xff,
    0x20, 0x28, 0x28, 0xff, 0x28, 0x28, 0x28, 0xff, 0x28, 0x28, 0x28, 0xff,
    0x20, 0x28, 0x28, 0xff, 0x28, 0x28, 0x30, 0xff, 0x28, 0x28, 0x28, 0xff,
    0x28, 0x28, 0x28, 0xff, 0x20, 0x28, 0x28, 0xff, 0x28, 0x28, 0x28, 0xff,
    0x28, 0x28, 0x28, 0xff, 0x28, 0x28, 0x28, 0xff, 0x28, 0x28, 0x28, 0xff,
    0x28, 0x28, 0x28, 0xff, 0x28, 0x28, 0x28, 0xff, 0x28, 0x28, 0x28, 0xff,
    0x28, 0x28, 0x28, 0xff, 0x28, 0x28, 0x28, 0xff, 0x28, 0x28, 0x28, 0xff,
    0x28, 0x28, 0x28, 0xff, 0x28, 0x28, 0x28, 0xff, 0x28, 0x28, 0x28, 0xff,
    0x20, 0x28, 0x28, 0xff, 0x28, 0x28, 0x28, 0xff, 0x28, 0x28, 0x28, 0xff,
    0x28, 0x28, 0x28, 0xff, 0x28, 0x28, 0x28, 0xff, 0x28, 0x28, 0x28, 0xff,
    0x28, 0x28, 0x28, 0xff, 0x28, 0x28, 0x28, 0xff, 0x28, 0x28, 0x28, 0xff,
    0x28, 0x28, 0x28, 0xff, 0x28, 0x28, 0x28, 0xff, 0x28, 0x28, 0x28, 0xff,
    0x20, 0x28, 0x28, 0xff, 0x28, 0x28, 0x28, 0xff, 0x28, 0x28, 0x28, 0xff,
    0x28, 0x28, 0x28, 0xff, 0x28, 0x28, 0x28, 0xff, 0x28, 0x28, 0x28, 0xff,
    0x28, 0x28, 0x28, 0xff, 0x28, 0x28, 0x28, 0xff, 0x28, 0x28, 0x28, 0xff,
    0x28, 0x28, 0x28, 0xff, 0x28, 0x28, 0x28, 0xff, 0x28, 0x28, 0x28, 0xff,
    0x20, 0x28, 0x28, 0xff, 0x28, 0x28, 0x28, 0xff, 0x28, 0x28, 0x28, 0xff,
    0x28, 0x28, 0x28, 0xff, 0x28, 0x28, 0x28, 0xff, 0x28, 0x28, 0x28, 0xff,
    0x28, 0x28, 0x28, 0xff, 0x28, 0x28, 0x28, 0xff, 0x28, 0x28, 0x28, 0xff,
    0x28, 0x28, 0x28, 0xff, 0x28, 0x28, 0x28, 0xff, 0x28, 0x28, 0x28, 0xff,
    0x20, 0x28, 0x28, 0xff, 0x28, 0x28, 0x28, 0xff, 0x28, 0x28, 0x28, 0xff,
    0x28, 0x28, 0x28, 0xff, 0x28, 0x28, 0x28, 0xff, 0x28, 0x28, 0x28, 0xff,
    0x28, 0x28, 0x28, 0xff, 0x28, 0x28, 0x28, 0xff, 0x28, 0x28, 0x28, 0xff,
    0x28, 0x28, 0x28, 0xff, 0x28, 0x28, 0x28, 0xff, 0x28, 0x28, 0x28, 0xff,
    0x20, 0x28, 0x28, 0xff, 0x28, 0x28, 0x28, 0xff, 0x28, 0x28, 0x28, 0xff,
    0x28, 0x28, 0x28, 0xff, 0x28, 0x28, 0x28, 0xff, 0x28, 0x28, 0x28, 0xff,
    0x28, 0x28, 0x28, 0xff, 0x28, 0x28, 0x28, 0xff, 0x28, 0x28, 0x28, 0xff,
    0x28, 0x28, 0x28, 0xff, 0x28, 0x28, 0x28, 0xff, 0x28, 0x28, 0x28, 0xff,
    0x20, 0x28, 0x28, 0xff, 0x28, 0x28, 0x28, 0xff, 0x28, 0x28, 0x28, 0xff,
    0x28, 0x28, 0x28, 0xff, 0x28, 0x28, 0x28, 0xff, 0x28, 0x28, 0x28, 0xff,
    0x28, 0x28, 0x28, 0xff, 0x28, 0x28, 0x28, 0xff, 0x28, 0x28, 0x28, 0xff,
    0x28, 0x28, 0x28, 0xff, 0x28, 0x28, 0x28, 0xff, 0x28, 0x28, 0x28, 0xff,
    0x20, 0x28, 0x28, 0xff, 0x28, 0x28, 0x28, 0xff, 0x28, 0x28, 0x28, 0xff,
    0x28, 0x28, 0x28, 0xff, 0x28, 0x28, 0x28, 0xff, 0x28, 0x28, 0x28, 0xff,
    0x28, 0x28, 0x28, 0xff, 0x28, 0x28, 0x28, 0xff, 0x28, 0x28, 0x28, 0xff,
    0x28, 0x28, 0x28, 0xff, 0x28, 0x28, 0x28, 0xff, 0x28, 0x28, 0x28, 0xff,
    0x20, 0x28, 0x28, 0xff, 0x28, 0x28, 0x28, 0xff, 0x28, 0x28, 0x28, 0xff,
    0x28, 0x28, 0x28, 0xff, 0x28, 0x28, 0x28, 0xff, 0x28, 0x28, 0x28, 0xff,
    0x28, 0x28, 0x28, 0xff, 0x28, 0x28, 0x28, 0xff, 0x28, 0x28, 0x28, 0xff,
    0x28, 0x28, 0x28, 0xff, 0x28, 0x28, 0x28, 0xff, 0x28, 0x28, 0x28, 0xff,
    0x20, 0x28, 0x28, 0xff, 0x28, 0x28, 0x28, 0xff, 0x28, 0x28, 0x28, 0xff,
    0x28, 0x28, 0x28, 0xff, 0x20, 0x28, 0x28, 0xff, 0x28, 0x28, 0x28, 0xff,
    0x20, 0x28, 0x30, 0xff, 0x28, 0x28, 0x28, 0xff, 0x28, 0x28, 0x28, 0xff,
    0x28, 0x28, 0x30, 0xff, 0x28, 0x28, 0x28, 0xff, 0x20, 0x28, 0x28, 0xff,
    0x28, 0x28, 0x28, 0xff, 0x28, 0x28, 0x28, 0xff, 0x20, 0x28, 0x28, 0xff,
    0x28, 0x28, 0x28, 0xef, 0x20, 0x20, 0x20, 0x10, 0x00, 0x00, 0x00, 0x00,
    0x00, 0x00, 0x00, 0x00, 0x20, 0x28, 0x28, 0x61, 0x28, 0x28, 0x28, 0xff,
    0x28, 0x28, 0x28, 0xff, 0x20, 0x28, 0x28, 0xff, 0x28, 0x28, 0x28, 0xff,
    0x28, 0x28, 0x28, 0xff, 0x28, 0x28, 0x28, 0xff, 0x28, 0x28, 0x28, 0xff,
    0x20, 0x28, 0x28, 0xff, 0x28, 0x28, 0x28, 0xff, 0x28, 0x28, 0x30, 0xff,
    0x28, 0x28, 0x28, 0xff, 0x28, 0x28, 0x28, 0xff, 0x20, 0x28, 0x28, 0xff,
    0x28, 0x28, 0x28, 0xff, 0x28, 0x28, 0x28, 0xff, 0x20, 0x28, 0x28, 0xff,
    0x28, 0x28, 0x28, 0xff, 0x28, 0x28, 0x28, 0xff, 0x20, 0x28, 0x28, 0xff,
    0x28, 0x28, 0x28, 0xff, 0x28, 0x28, 0x28, 0xff, 0x20, 0x28, 0x28, 0xff,
    0x28, 0x28, 0x28, 0xff, 0x28, 0x28, 0x28, 0xff, 0x28, 0x28, 0x28, 0xff,
    0x28, 0x28, 0x28, 0xff, 0x28, 0x28, 0x28, 0xff, 0x28, 0x28, 0x28, 0xff,
    0x20, 0x28, 0x28, 0xff, 0x28, 0x28, 0x28, 0xff, 0x28, 0x28, 0x28, 0xff,
    0x20, 0x28, 0x28, 0xff, 0x28, 0x28, 0x28, 0xff, 0x28, 0x28, 0x28, 0xff,
    0x28, 0x28, 0x28, 0xff, 0x28, 0x28, 0x28, 0xff, 0x28, 0x28, 0x28, 0xff,
    0x28, 0x28, 0x28, 0xff, 0x28, 0x28, 0x28, 0xff, 0x20, 0x28, 0x28, 0xff,
    0x28, 0x28, 0x28, 0xff, 0x28, 0x28, 0x28, 0xff, 0x20, 0x28, 0x28, 0xff,
    0x28, 0x28, 0x28, 0xff, 0x28, 0x28, 0x28, 0xff, 0x20, 0x28, 0x28, 0xff,
    0x28, 0x28, 0x28, 0xff, 0x28, 0x28, 0x28, 0xff, 0x28, 0x28, 0x28, 0xff,
    0x28, 0x28, 0x28, 0xff, 0x28, 0x28, 0x28, 0xff, 0x28, 0x28, 0x28, 0xff,
    0x20, 0x28, 0x28, 0xff, 0x28, 0x28, 0x28, 0xff, 0x28, 0x28, 0x28, 0xff,
    0x20, 0x28, 0x28, 0xff, 0x28, 0x28, 0x28, 0xff, 0x28, 0x28, 0x28, 0xff,
    0x28, 0x28, 0x28, 0xff, 0x28, 0x28, 0x28, 0xff, 0x28, 0x28, 0x28, 0xff,
    0x28, 0x28, 0x28, 0xff, 0x28, 0x28, 0x28, 0xff, 0x20, 0x28, 0x28, 0xff,
    0x28, 0x28, 0x28, 0xff, 0x28, 0x28, 0x28, 0xff, 0x20, 0x28, 0x28, 0xff,
    0x28, 0x28, 0x28, 0xff, 0x28, 0x28, 0x28, 0xff, 0x20, 0x28, 0x28, 0xff,
    0x28, 0x28, 0x28, 0xff, 0x28, 0x28, 0x28, 0xff, 0x28, 0x28, 0x28, 0xff,
    0x28, 0x28, 0x28, 0xff, 0x28, 0x28, 0x28, 0xff, 0x28, 0x28, 0x28, 0xff,
    0x20, 0x28, 0x28, 0xff, 0x28, 0x28, 0x28, 0xff, 0x28, 0x28, 0x28, 0xff,
    0x20, 0x28, 0x28, 0xff, 0x28, 0x28, 0x28, 0xff, 0x28, 0x28, 0x28, 0xff,
    0x28, 0x28, 0x28, 0xff, 0x28, 0x28, 0x28, 0xff, 0x28, 0x28, 0x28, 0xff,
    0x28, 0x28, 0x28, 0xff, 0x28, 0x28, 0x28, 0xff, 0x20, 0x28, 0x28, 0xff,
    0x28, 0x28, 0x28, 0xff, 0x28, 0x28, 0x28, 0xff, 0x20, 0x28, 0x28, 0xff,
    0x28, 0x28, 0x28, 0xff, 0x28, 0x28, 0x28, 0xff, 0x20, 0x28, 0x28, 0xff,
    0x28, 0x28, 0x28, 0xff, 0x28, 0x28, 0x28, 0xff, 0x28, 0x28, 0x28, 0xff,
    0x28, 0x28, 0x28, 0xff, 0x28, 0x28, 0x28, 0xff, 0x28, 0x28, 0x28, 0xff,
    0x20, 0x28, 0x28, 0xff, 0x28, 0x28, 0x28, 0xff, 0x28, 0x28, 0x28, 0xff,
    0x20, 0x28, 0x28, 0xff, 0x28, 0x28, 0x28, 0xff, 0x28, 0x28, 0x28, 0xff,
    0x28, 0x28, 0x28, 0xff, 0x28, 0x28, 0x28, 0xff, 0x28, 0x28, 0x28, 0xff,
    0x28, 0x28, 0x28, 0xff, 0x28, 0x28, 0x28, 0xff, 0x20, 0x28, 0x28, 0xff,
    0x28, 0x28, 0x28, 0xff, 0x28, 0x28, 0x28, 0xff, 0x20, 0x28, 0x28, 0xff,
    0x28, 0x28, 0x28, 0xff, 0x28, 0x28, 0x28, 0xff, 0x20, 0x28, 0x28, 0xff,
    0x28, 0x28, 0x28, 0xff, 0x28, 0x28, 0x28, 0xff, 0x28, 0x28, 0x28, 0xff,
    0x28, 0x28, 0x28, 0xff, 0x28, 0x28, 0x28, 0xff, 0x28, 0x28, 0x28, 0xff,
    0x28, 0x28, 0x28, 0xff, 0x28, 0x28, 0x28, 0xff, 0x28, 0x28, 0x28, 0xff,
    0x20, 0x28, 0x28, 0xff, 0x28, 0x28, 0x28, 0xff, 0x20, 0x28, 0x28, 0xff,
    0x28, 0x28, 0x28, 0xff, 0x28, 0x28, 0x28, 0xff, 0x28, 0x28, 0x30, 0xff,
    0x20, 0x28, 0x28, 0xff, 0x28, 0x28, 0x28, 0xff, 0x28, 0x28, 0x28, 0xff,
    0x28, 0x28, 0x28, 0x82, 0x00, 0x00, 0x00, 0x00, 0x00, 0x00, 0x00, 0x00,
    0x28, 0x28, 0x28, 0xdf, 0x28, 0x28, 0x28, 0xff, 0x28, 0x28, 0x28, 0xff,
    0x28, 0x28, 0x28, 0xff, 0x28, 0x28, 0x30, 0xff, 0x20, 0x28, 0x28, 0xff,
    0x28, 0x28, 0x28, 0xff, 0x28, 0x28, 0x30, 0xff, 0x28, 0x28, 0x28, 0xff,
    0x20, 0x28, 0x28, 0xff, 0x28, 0x28, 0x28, 0xff, 0x28, 0x28, 0x28, 0xff,
    0x20, 0x28, 0x30, 0xff, 0x28, 0x28, 0x28, 0xff, 0x28, 0x28, 0x28, 0xff,
    0x20, 0x28, 0x30, 0xff, 0x28, 0x28, 0x28, 0xff, 0x28, 0x28, 0x28, 0xff,
    0x20, 0x28, 0x30, 0xff, 0x28, 0x28, 0x28, 0xff, 0x28, 0x28, 0x30, 0xff,
    0x20, 0x28, 0x28, 0xff, 0x28, 0x28, 0x28, 0xff, 0x28, 0x28, 0x30, 0xff,
    0x20, 0x28, 0x28, 0xff, 0x28, 0x28, 0x28, 0xff, 0x20, 0x28, 0x30, 0xff,
    0x28, 0x28, 0x28, 0xff, 0x28, 0x28, 0x28, 0xff, 0x20, 0x28, 0x30, 0xff,
    0x28, 0x28, 0x28, 0xff, 0x28, 0x28, 0x28, 0xff, 0x20, 0x28, 0x30, 0xff,
    0x28, 0x28, 0x28, 0xff, 0x20, 0x28, 0x28, 0xff, 0x20, 0x28, 0x30, 0xff,
    0x28, 0x28, 0x28, 0xff, 0x28, 0x28, 0x28, 0xff, 0x20, 0x28, 0x30, 0xff,
    0x28, 0x28, 0x28, 0xff, 0x28, 0x28, 0x28, 0xff, 0x20, 0x28, 0x30, 0xff,
    0x28, 0x28, 0x28, 0xff, 0x28, 0x28, 0x28, 0xff, 0x20, 0x28, 0x30, 0xff,
    0x28, 0x28, 0x28, 0xff, 0x28, 0x28, 0x28, 0xff, 0x20, 0x28, 0x30, 0xff,
    0x28, 0x28, 0x28, 0xff, 0x28, 0x28, 0x28, 0xff, 0x20, 0x28, 0x30, 0xff,
    0x28, 0x28, 0x28, 0xff, 0x20, 0x28, 0x28, 0xff, 0x28, 0x28, 0x30, 0xff,
    0x28, 0x28, 0x28, 0xff, 0x20, 0x28, 0x28, 0xff, 0x28, 0x28, 0x30, 0xff,
    0x28, 0x28, 0x28, 0xff, 0x20, 0x28, 0x28, 0xff, 0x20, 0x28, 0x30, 0xff,
    0x28, 0x28, 0x28, 0xff, 0x28, 0x28, 0x28, 0xff, 0x20, 0x28, 0x30, 0xff,
    0x28, 0x28, 0x28, 0xff, 0x28, 0x28, 0x28, 0xff, 0x20, 0x28, 0x30, 0xff,
    0x28, 0x28, 0x28, 0xff, 0x28, 0x28, 0x28, 0xff, 0x20, 0x28, 0x30, 0xff,
    0x28, 0x28, 0x28, 0xff, 0x28, 0x28, 0x28, 0xff, 0x20, 0x28, 0x30, 0xff,
    0x28, 0x28, 0x28, 0xff, 0x28, 0x28, 0x28, 0xff, 0x20, 0x28, 0x30, 0xff,
    0x28, 0x28, 0x28, 0xff, 0x20, 0x28, 0x28, 0xff, 0x28, 0x28, 0x30, 0xff,
    0x28, 0x28, 0x28, 0xff, 0x20, 0x28, 0x28, 0xff, 0x28, 0x28, 0x30, 0xff,
    0x28, 0x28, 0x28, 0xff, 0x20, 0x28, 0x28, 0xff, 0x20, 0x28, 0x30, 0xff,
    0x28, 0x28, 0x28, 0xff, 0x28, 0x28, 0x28, 0xff, 0x20, 0x28, 0x30, 0xff,
    0x28, 0x28, 0x28, 0xff, 0x28, 0x28, 0x28, 0xff, 0x20, 0x28, 0x30, 0xff,
    0x28, 0x28, 0x28, 0xff, 0x28, 0x28, 0x28, 0xff, 0x20, 0x28, 0x30, 0xff,
    0x28, 0x28, 0x28, 0xff, 0x28, 0x28, 0x28, 0xff, 0x20, 0x28, 0x30, 0xff,
    0x28, 0x28, 0x28, 0xff, 0x28, 0x28, 0x28, 0xff, 0x20, 0x28, 0x30, 0xff,
    0x28, 0x28, 0x28, 0xff, 0x20, 0x28, 0x28, 0xff, 0x28, 0x28, 0x30, 0xff,
    0x28, 0x28, 0x28, 0xff, 0x20, 0x28, 0x28, 0xff, 0x28, 0x28, 0x30, 0xff,
    0x28, 0x28, 0x28, 0xff, 0x20, 0x28, 0x28, 0xff, 0x20, 0x28, 0x30, 0xff,
    0x28, 0x28, 0x28, 0xff, 0x28, 0x28, 0x28, 0xff, 0x20, 0x28, 0x30, 0xff,
    0x28, 0x28, 0x28, 0xff, 0x28, 0x28, 0x28, 0xff, 0x20, 0x28, 0x30, 0xff,
    0x28, 0x28, 0x28, 0xff, 0x28, 0x28, 0x28, 0xff, 0x20, 0x28, 0x30, 0xff,
    0x28, 0x28, 0x28, 0xff, 0x28, 0x28, 0x28, 0xff, 0x20, 0x28, 0x30, 0xff,
    0x28, 0x28, 0x28, 0xff, 0x28, 0x28, 0x28, 0xff, 0x20, 0x28, 0x30, 0xff,
    0x20, 0x28, 0x28, 0xff, 0x28, 0x28, 0x28, 0xff, 0x20, 0x28, 0x30, 0xff,
    0x28, 0x28, 0x28, 0xff, 0x28, 0x28, 0x28, 0xff, 0x28, 0x28, 0x28, 0xff,
    0x28, 0x28, 0x28, 0xff, 0x28, 0x28, 0x28, 0xff, 0x20, 0x28, 0x28, 0xff,
    0x28, 0x28, 0x28, 0xff, 0x28, 0x28, 0x28, 0xff, 0x28, 0x28, 0x28, 0xff,
    0x28, 0x28, 0x28, 0xff, 0x28, 0x28, 0x28, 0xff, 0x20, 0x28, 0x28, 0xdf,
    0x00, 0x00, 0x00, 0x00, 0x28, 0x28, 0x28, 0x20, 0x28, 0x28, 0x28, 0xff,
    0x20, 0x28, 0x28, 0xff, 0x28, 0x28, 0x28, 0xff, 0x28, 0x28, 0x28, 0xff,
    0x20, 0x28, 0x28, 0xff, 0x28, 0x28, 0x28, 0xff, 0x28, 0x28, 0x28, 0xff,
    0x20, 0x28, 0x28, 0xff, 0x28, 0x28, 0x28, 0xff, 0x28, 0x28, 0x28, 0xff,
    0x20, 0x28, 0x28, 0xff, 0x28, 0x28, 0x28, 0xff, 0x28, 0x28, 0x28, 0xff,
    0x28, 0x28, 0x28, 0xff, 0x28, 0x28, 0x28, 0xff, 0x28, 0x28, 0x28, 0xff,
    0x28, 0x28, 0x28, 0xff, 0x28, 0x28, 0x28, 0xff, 0x28, 0x28, 0x28, 0xff,
    0x28, 0x28, 0x28, 0xff, 0x28, 0x28, 0x28, 0xff, 0x28, 0x28, 0x28, 0xff,
    0x28, 0x28, 0x28, 0xff, 0x28, 0x28, 0x28, 0xff, 0x28, 0x28, 0x28, 0xff,
    0x28, 0x28, 0x28, 0xff, 0x20, 0x28, 0x28, 0xff, 0x28, 0x28, 0x28, 0xff,
    0x28, 0x28, 0x28, 0xff, 0x28, 0x28, 0x28, 0xff, 0x28, 0x28, 0x28, 0xff,
    0x28, 0x28, 0x28, 0xff, 0x28, 0x28, 0x28, 0xff, 0x28, 0x28, 0x28, 0xff,
    0x28, 0x28, 0x28, 0xff, 0x28, 0x28, 0x28, 0xff, 0x28, 0x28, 0x28, 0xff,
    0x20, 0x28, 0x28, 0xff, 0x28, 0x28, 0x28, 0xff, 0x28, 0x28, 0x28, 0xff,
    0x28, 0x28, 0x28, 0xff, 0x28, 0x28, 0x28, 0xff, 0x28, 0x28, 0x28, 0xff,
    0x28, 0x28, 0x28, 0xff, 0x28, 0x28, 0x28, 0xff, 0x28, 0x28, 0x28, 0xff,
    0x28, 0x28, 0x28, 0xff, 0x28, 0x28, 0x28, 0xff, 0x20, 0x28, 0x28, 0xff,
    0x28, 0x28, 0x28, 0xff, 0x28, 0x28, 0x28, 0xff, 0x28, 0x28, 0x28, 0xff,
    0x28, 0x28, 0x28, 0xff, 0x28, 0x28, 0x28, 0xff, 0x28, 0x28, 0x28, 0xff,
    0x28, 0x28, 0x28, 0xff, 0x28, 0x28, 0x28, 0xff, 0x28, 0x28, 0x28, 0xff,
    0x28, 0x28, 0x28, 0xff, 0x28, 0x28, 0x28, 0xff, 0x20, 0x28, 0x28, 0xff,
    0x28, 0x28, 0x28, 0xff, 0x28, 0x28, 0x28, 0xff, 0x28, 0x28, 0x28, 0xff,
    0x28, 0x28, 0x28, 0xff, 0x28, 0x28, 0x28, 0xff, 0x28, 0x28, 0x28, 0xff,
    0x28, 0x28, 0x28, 0xff, 0x28, 0x28, 0x28, 0xff, 0x28, 0x28, 0x28, 0xff,
    0x28, 0x28, 0x28, 0xff, 0x28, 0x28, 0x28, 0xff, 0x20, 0x28, 0x28, 0xff,
    0x28, 0x28, 0x28, 0xff, 0x28, 0x28, 0x28, 0xff, 0x28, 0x28, 0x28, 0xff,
    0x28, 0x28, 0x28, 0xff, 0x28, 0x28, 0x28, 0xff, 0x28, 0x28, 0x28, 0xff,
    0x28, 0x28, 0x28, 0xff, 0x28, 0x28, 0x28, 0xff, 0x28, 0x28, 0x28, 0xff,
    0x28, 0x28, 0x28, 0xff, 0x28, 0x28, 0x28, 0xff, 0x20, 0x28, 0x28, 0xff,
    0x28, 0x28, 0x28, 0xff, 0x28, 0x28, 0x28, 0xff, 0x28, 0x28, 0x28, 0xff,
    0x28, 0x28, 0x28, 0xff, 0x28, 0x28, 0x28, 0xff, 0x28, 0x28, 0x28, 0xff,
    0x28, 0x28, 0x28, 0xff, 0x28, 0x28, 0x28, 0xff, 0x28, 0x28, 0x28, 0xff,
    0x28, 0x28, 0x28, 0xff, 0x28, 0x28, 0x28, 0xff, 0x20, 0x28, 0x28, 0xff,
    0x28, 0x28, 0x28, 0xff, 0x28, 0x28, 0x28, 0xff, 0x28, 0x28, 0x28, 0xff,
    0x28, 0x28, 0x28, 0xff, 0x28, 0x28, 0x28, 0xff, 0x28, 0x28, 0x28, 0xff,
    0x28, 0x28, 0x28, 0xff, 0x28, 0x28, 0x28, 0xff, 0x28, 0x28, 0x28, 0xff,
    0x28, 0x28, 0x28, 0xff, 0x28, 0x28, 0x28, 0xff, 0x20, 0x28, 0x28, 0xff,
    0x28, 0x28, 0x28, 0xff, 0x28, 0x28, 0x28, 0xff, 0x28, 0x28, 0x28, 0xff,
    0x28, 0x28, 0x28, 0xff, 0x28, 0x28, 0x28, 0xff, 0x28, 0x28, 0x28, 0xff,
    0x28, 0x28, 0x28, 0xff, 0x28, 0x28, 0x28, 0xff, 0x28, 0x28, 0x28, 0xff,
    0x28, 0x28, 0x28, 0xff, 0x28, 0x28, 0x28, 0xff, 0x20, 0x28, 0x28, 0xff,
    0x28, 0x28, 0x28, 0xff, 0x28, 0x28, 0x28, 0xff, 0x28, 0x28, 0x28, 0xff,
    0x28, 0x28, 0x28, 0xff, 0x28, 0x28, 0x28, 0xff, 0x20, 0x28, 0x28, 0xff,
    0x28, 0x28, 0x30, 0xff, 0x20, 0x28, 0x28, 0xff, 0x28, 0x28, 0x28, 0xff,
    0x28, 0x28, 0x30, 0xff, 0x28, 0x28, 0x28, 0xff, 0x20, 0x28, 0x28, 0xff,
    0x28, 0x28, 0x28, 0xff, 0x28, 0x28, 0x28, 0xff, 0x20, 0x28, 0x28, 0xff,
    0x28, 0x28, 0x28, 0xff, 0x28, 0x28, 0x28, 0xff, 0x20, 0x28, 0x28, 0x20,
    0x28, 0x28, 0x28, 0x51, 0x28, 0x28, 0x28, 0xff, 0x20, 0x28, 0x28, 0xff,
    0x28, 0x28, 0x28, 0xff, 0x28, 0x28, 0x28, 0xff, 0x20, 0x28, 0x28, 0xff,
    0x28, 0x28, 0x28, 0xff, 0x28, 0x28, 0x28, 0xff, 0x28, 0x28, 0x28, 0xff,
    0x28, 0x28, 0x28, 0xff, 0x28, 0x28, 0x28, 0xff, 0x28, 0x28, 0x30, 0xff,
    0x20, 0x28, 0x28, 0xff, 0x28, 0x28, 0x28, 0xff, 0x28, 0x28, 0x28, 0xff,
    0x20, 0x28, 0x28, 0xff, 0x28, 0x28, 0x28, 0xff, 0x20, 0x28, 0x30, 0xff,
    0x28, 0x28, 0x28, 0xff, 0x20, 0x28, 0x28, 0xff, 0x28, 0x28, 0x28, 0xff,
    0x20, 0x28, 0x28, 0xff, 0x28, 0x28, 0x28, 0xff, 0x20, 0x28, 0x28, 0xff,
    0x28, 0x28, 0x28, 0xff, 0x28, 0x28, 0x30, 0xff, 0x28, 0x28, 0x28, 0xff,
    0x28, 0x28, 0x28, 0xff, 0x20, 0x28, 0x28, 0xff, 0x28, 0x28, 0x30, 0xff,
    0x20, 0x28, 0x28, 0xff, 0x28, 0x28, 0x28, 0xff, 0x20, 0x28, 0x28, 0xff,
    0x28, 0x28, 0x28, 0xff, 0x28, 0x28, 0x30, 0xff, 0x20, 0x28, 0x28, 0xff,
    0x28, 0x28, 0x28, 0xff, 0x28, 0x28, 0x28, 0xff, 0x28, 0x28, 0x30, 0xff,
    0x20, 0x28, 0x28, 0xff, 0x28, 0x28, 0x28, 0xff, 0x20, 0x28, 0x28, 0xff,
    0x28, 0x28, 0x28, 0xff, 0x20, 0x28, 0x30, 0xff, 0x28, 0x28, 0x28, 0xff,
    0x20, 0x28, 0x28, 0xff, 0x28, 0x28, 0x28, 0xff, 0x28, 0x28, 0x30, 0xff,
    0x20, 0x28, 0x28, 0xff, 0x28, 0x28, 0x28, 0xff, 0x28, 0x28, 0x28, 0xff,
    0x20, 0x28, 0x28, 0xff, 0x28, 0x28, 0x30, 0xff, 0x28, 0x28, 0x28, 0xff,
    0x20, 0x28, 0x28, 0xff, 0x20, 0x28, 0x28, 0xff, 0x28, 0x28, 0x30, 0xff,
    0x20, 0x28, 0x28, 0xff, 0x28, 0x28, 0x28, 0xff, 0x28, 0x28, 0x28, 0xff,
    0x28, 0x28, 0x28, 0xff, 0x28, 0x28, 0x30, 0xff, 0x20, 0x28, 0x28, 0xff,
    0x28, 0x28, 0x28, 0xff, 0x20, 0x28, 0x28, 0xff, 0x28, 0x28, 0x30, 0xff,
    0x20, 0x28, 0x28, 0xff, 0x28, 0x28, 0x28, 0xff, 0x20, 0x28, 0x28, 0xff,
    0x28, 0x28, 0x28, 0xff, 0x20, 0x28, 0x30, 0xff, 0x28, 0x28, 0x28, 0xff,
    0x28, 0x28, 0x28, 0xff, 0x28, 0x28, 0x28, 0xff, 0x20, 0x28, 0x30, 0xff,
    0x28, 0x28, 0x28, 0xff, 0x28, 0x28, 0x28, 0xff, 0x20, 0x28, 0x28, 0xff,
    0x20, 0x28, 0x28, 0xff, 0x28, 0x28, 0x30, 0xff, 0x20, 0x28, 0x28, 0xff,
    0x28, 0x28, 0x28, 0xff, 0x20, 0x28, 0x28, 0xff, 0x28, 0x28, 0x30, 0xff,
    0x28, 0x28, 0x28, 0xff, 0x28, 0x28, 0x28, 0xff, 0x20, 0x28, 0x28, 0xff,
    0x28, 0x28, 0x28, 0xff, 0x20, 0x28, 0x30, 0xff, 0x28, 0x28, 0x28, 0xff,
    0x20, 0x28, 0x28, 0xff, 0x28, 0x28, 0x28, 0xff, 0x20, 0x28, 0x30, 0xff,
    0x28, 0x28, 0x28, 0xff, 0x20, 0x28, 0x28, 0xff, 0x28, 0x28, 0x28, 0xff,
    0x28, 0x28, 0x28, 0xff, 0x28, 0x28, 0x30, 0xff, 0x20, 0x28, 0x28, 0xff,
    0x28, 0x28, 0x28, 0xff, 0x28, 0x28, 0x28, 0xff, 0x20, 0x28, 0x30, 0xff,
    0x20, 0x28, 0x28, 0xff, 0x28, 0x28, 0x28, 0xff, 0x20, 0x28, 0x28, 0xff,
    0x28, 0x28, 0x28, 0xff, 0x20, 0x28, 0x30, 0xff, 0x28, 0x28, 0x28, 0xff,
    0x28, 0x28, 0x28, 0xff, 0x28, 0x28, 0x28, 0xff, 0x20, 0x28, 0x30, 0xff,
    0x28, 0x28, 0x28, 0xff, 0x20, 0x28, 0x28, 0xff, 0x28, 0x28, 0x28, 0xff,
    0x20, 0x28, 0x28, 0xff, 0x28, 0x28, 0x30, 0xff, 0x20, 0x28, 0x28, 0xff,
    0x28, 0x28, 0x28, 0xff, 0x20, 0x28, 0x28, 0xff, 0x28, 0x28, 0x30, 0xff,
    0x28, 0x28, 0x28, 0xff, 0x28, 0x28, 0x28, 0xff, 0x28, 0x28, 0x28, 0xff,
    0x28, 0x28, 0x28, 0xff, 0x20, 0x28, 0x30, 0xff, 0x28, 0x28, 0x28, 0xff,
    0x28, 0x28, 0x28, 0xff, 0x28, 0x28, 0x28, 0xff, 0x28, 0x28, 0x28, 0xff,
    0x20, 0x28, 0x28, 0xff, 0x28, 0x28, 0x28, 0xff, 0x28, 0x28, 0x28, 0xff,
    0x28, 0x28, 0x28, 0xff, 0x20, 0x28, 0x28, 0xff, 0x28, 0x28, 0x30, 0xff,
    0x28, 0x28, 0x28, 0xff, 0x20, 0x28, 0x28, 0xff, 0x28, 0x28, 0x30, 0xff,
    0x28, 0x28, 0x28, 0xff, 0x20, 0x28, 0x28, 0x61, 0x28, 0x28, 0x28, 0x82,
    0x28, 0x28, 0x28, 0xff, 0x28, 0x28, 0x28, 0xff, 0x28, 0x28, 0x28, 0xff,
    0x28, 0x28, 0x30, 0xff, 0x28, 0x28, 0x28, 0xff, 0x28, 0x28, 0x28, 0xff,
    0x20, 0x28, 0x30, 0xff, 0x28, 0x28, 0x28, 0xff, 0x20, 0x28, 0x28, 0xff,
    0x28, 0x28, 0x28, 0xff, 0x28, 0x28, 0x28, 0xff, 0x28, 0x28, 0x28, 0xff,
    0x20, 0x28, 0x28, 0xff, 0x28, 0x28, 0x30, 0xff, 0x28, 0x28, 0x28, 0xff,
    0x20, 0x28, 0x28, 0xff, 0x28, 0x28, 0x28, 0xff, 0x28, 0x28, 0x28, 0xff,
    0x28, 0x28, 0x28, 0xff, 0x20, 0x28, 0x30, 0xff, 0x28, 0x28, 0x28, 0xff,
    0x28, 0x28, 0x28, 0xff, 0x28, 0x28, 0x30, 0xff, 0x20, 0x28, 0x28, 0xff,
    0x20, 0x28, 0x28, 0xff, 0x28, 0x28, 0x28, 0xff, 0x28, 0x28, 0x28, 0xff,
    0x28, 0x28, 0x28, 0xff, 0x28, 0x28, 0x28, 0xff, 0x28, 0x28, 0x28, 0xff,
    0x20, 0x28, 0x30, 0xff, 0x28, 0x28, 0x28, 0xff, 0x28, 0x28, 0x28, 0xff,
    0x20, 0x28, 0x28, 0xff, 0x28, 0x28, 0x28, 0xff, 0x28, 0x28, 0x28, 0xff,
    0x20, 0x28, 0x28, 0xff, 0x28, 0x28, 0x28, 0xff, 0x28, 0x28, 0x28, 0xff,
    0x28, 0x28, 0x30, 0xff, 0x28, 0x28, 0x28, 0xff, 0x20, 0x28, 0x28, 0xff,
    0x28, 0x28, 0x28, 0xff, 0x28, 0x28, 0x28, 0xff, 0x28, 0x28, 0x28, 0xff,
    0x20, 0x28, 0x28, 0xff, 0x28, 0x28, 0x28, 0xff, 0x28, 0x28, 0x28, 0xff,
    0x28, 0x28, 0x30, 0xff, 0x28, 0x28, 0x28, 0xff, 0x20, 0x28, 0x28, 0xff,
    0x28, 0x28, 0x28, 0xff, 0x28, 0x28, 0x28, 0xff, 0x28, 0x28, 0x28, 0xff,
    0x28, 0x28, 0x28, 0xff, 0x28, 0x28, 0x28, 0xff, 0x20, 0x28, 0x28, 0xff,
    0x28, 0x28, 0x30, 0xff, 0x20, 0x28, 0x28, 0xff, 0x28, 0x28, 0x28, 0xff,
    0x28, 0x28, 0x28, 0xff, 0x28, 0x28, 0x28, 0xff, 0x28, 0x28, 0x28, 0xff,
    0x28, 0x28, 0x28, 0xff, 0x20, 0x28, 0x28, 0xff, 0x28, 0x28, 0x28, 0xff,
    0x28, 0x28, 0x30, 0xff, 0x28, 0x28, 0x28, 0xff, 0x20, 0x28, 0x28, 0xff,
    0x28, 0x28, 0x28, 0xff, 0x28, 0x28, 0x28, 0xff, 0x20, 0x28, 0x28, 0xff,
    0x28, 0x28, 0x28, 0xff, 0x28, 0x28, 0x28, 0xff, 0x20, 0x28, 0x28, 0xff,
    0x28, 0x28, 0x30, 0xff, 0x28, 0x28, 0x28, 0xff, 0x28, 0x28, 0x28, 0xff,
    0x28, 0x28, 0x28, 0xff, 0x28, 0x28, 0x28, 0xff, 0x20, 0x28, 0x28, 0xff,
    0x28, 0x28, 0x28, 0xff, 0x28, 0x28, 0x28, 0xff, 0x20, 0x28, 0x28, 0xff,
    0x28, 0x28, 0x30, 0xff, 0x28, 0x28, 0x28, 0xff, 0x28, 0x28, 0x28, 0xff,
    0x28, 0x28, 0x28, 0xff, 0x20, 0x28, 0x28, 0xff, 0x28, 0x28, 0x28, 0xff,
    0x28, 0x28, 0x28, 0xff, 0x28, 0x28, 0x28, 0xff, 0x20, 0x28, 0x28, 0xff,
    0x28, 0x28, 0x30, 0xff, 0x28, 0x28, 0x28, 0xff, 0x20, 0x28, 0x28, 0xff,
    0x28, 0x28, 0x28, 0xff, 0x28, 0x28, 0x28, 0xff, 0x20, 0x28, 0x28, 0xff,
    0x28, 0x28, 0x28, 0xff, 0x28, 0x28, 0x28, 0xff, 0x28, 0x28, 0x28, 0xff,
    0x28, 0x28, 0x30, 0xff, 0x28, 0x28, 0x28, 0xff, 0x20, 0x28, 0x28, 0xff,
    0x28, 0x28, 0x28, 0xff, 0x28, 0x28, 0x28, 0xff, 0x20, 0x28, 0x28, 0xff,
    0x28, 0x28, 0x28, 0xff, 0x28, 0x28, 0x28, 0xff, 0x28, 0x28, 0x28, 0xff,
    0x28, 0x28, 0x30, 0xff, 0x20, 0x28, 0x28, 0xff, 0x28, 0x28, 0x28, 0xff,
    0x28, 0x28, 0x28, 0xff, 0x28, 0x28, 0x28, 0xff, 0x20, 0x28, 0x28, 0xff,
    0x28, 0x28, 0x28, 0xff, 0x28, 0x28, 0x28, 0xff, 0x20, 0x28, 0x28, 0xff,
    0x28, 0x28, 0x30, 0xff, 0x28, 0x28, 0x28, 0xff, 0x20, 0x28, 0x28, 0xff,
    0x28, 0x28, 0x28, 0xff, 0x28, 0x28, 0x28, 0xff, 0x20, 0x28, 0x28, 0xff,
    0x28, 0x28, 0x28, 0xff, 0x28, 0x28, 0x28, 0xff, 0x28, 0x28, 0x28, 0xff,
    0x20, 0x28, 0x28, 0xff, 0x28, 0x28, 0x28, 0xff, 0x28, 0x28, 0x28, 0xff,
    0x28, 0x28, 0x28, 0xff, 0x28, 0x28, 0x28, 0xff, 0x28, 0x28, 0x28, 0xff,
    0x28, 0x28, 0x28, 0xff, 0x28, 0x28, 0x28, 0xff, 0x28, 0x28, 0x28, 0xff,
    0x28, 0x28, 0x28, 0x82, 0x28, 0x28, 0x28, 0xae, 0x20, 0x28, 0x28, 0xff,
    0x28, 0x28, 0x28, 0xff, 0x20, 0x28, 0x28, 0xff, 0x28, 0x28, 0x28, 0xff,
    0x28, 0x28, 0x28, 0xff, 0x20, 0x28, 0x28, 0xff, 0x28, 0x28, 0x28, 0xff,
    0x28, 0x28, 0x28, 0xff, 0x28, 0x28, 0x30, 0xff, 0x20, 0x28, 0x28, 0xff,
    0x28, 0x28, 0x28, 0xff, 0x28, 0x28, 0x28, 0xff, 0x28, 0x28, 0x28, 0xff,
    0x28, 0x28, 0x28, 0xff, 0x28, 0x28, 0x28, 0xff, 0x28, 0x28, 0x28, 0xff,
    0x28, 0x28, 0x28, 0xff, 0x28, 0x28, 0x28, 0xff, 0x28, 0x28, 0x28, 0xff,
    0x28, 0x28, 0x28, 0xff, 0x28, 0x28, 0x28, 0xff, 0x28, 0x28, 0x28, 0xff,
    0x28, 0x28, 0x28, 0xff, 0x28, 0x28, 0x28, 0xff, 0x28, 0x28, 0x28, 0xff,
    0x20, 0x28, 0x28, 0xff, 0x28, 0x28, 0x30, 0xff, 0x28, 0x28, 0x28, 0xff,
    0x20, 0x28, 0x28, 0xff, 0x28, 0x28, 0x28, 0xff, 0x28, 0x28, 0x28, 0xff,
    0x28, 0x28, 0x28, 0xff, 0x28, 0x28, 0x28, 0xff, 0x28, 0x28, 0x28, 0xff,
    0x28, 0x28, 0x30, 0xff, 0x28, 0x28, 0x28, 0xff, 0x28, 0x28, 0x28, 0xff,
    0x20, 0x28, 0x28, 0xff, 0x28, 0x28, 0x28, 0xff, 0x28, 0x28, 0x28, 0xff,
    0x28, 0x28, 0x28, 0xff, 0x28, 0x28, 0x28, 0xff, 0x28, 0x28, 0x28, 0xff,
    0x28, 0x28, 0x30, 0xff, 0x28, 0x28, 0x28, 0xff, 0x28, 0x28, 0x28, 0xff,
    0x20, 0x28, 0x28, 0xff, 0x28, 0x28, 0x28, 0xff, 0x28, 0x28, 0x28, 0xff,
    0x28, 0x28, 0x28, 0xff, 0x28, 0x28, 0x28, 0xff, 0x20, 0x28, 0x28, 0xff,
    0x28, 0x28, 0x30, 0xff, 0x28, 0x28, 0x28, 0xff, 0x28, 0x28, 0x28, 0xff,
    0x28, 0x28, 0x28, 0xff, 0x28, 0x28, 0x28, 0xff, 0x28, 0x28, 0x28, 0xff,
    0x28, 0x28, 0x28, 0xff, 0x20, 0x28, 0x28, 0xff, 0x28, 0x28, 0x28, 0xff,
    0x28, 0x28, 0x30, 0xff, 0x20, 0x28, 0x28, 0xff, 0x28, 0x28, 0x28, 0xff,
    0x28, 0x28, 0x28, 0xff, 0x28, 0x28, 0x28, 0xff, 0x28, 0x28, 0x28, 0xff,
    0x28, 0x28, 0x28, 0xff, 0x28, 0x28, 0x28, 0xff, 0x28, 0x28, 0x28, 0xff,
    0x28, 0x28, 0x30, 0xff, 0x20, 0x28, 0x28, 0xff, 0x28, 0x28, 0x28, 0xff,
    0x28, 0x28, 0x28, 0xff, 0x28, 0x28, 0x28, 0xff, 0x28, 0x28, 0x28, 0xff,
    0x28, 0x28, 0x28, 0xff, 0x20, 0x28, 0x28, 0xff, 0x28, 0x28, 0x28, 0xff,
    0x28, 0x28, 0x30, 0xff, 0x28, 0x28, 0x28, 0xff, 0x28, 0x28, 0x28, 0xff,
    0x28, 0x28, 0x28, 0xff, 0x28, 0x28, 0x28, 0xff, 0x20, 0x28, 0x28, 0xff,
    0x28, 0x28, 0x28, 0xff, 0x28, 0x28, 0x28, 0xff, 0x28, 0x28, 0x28, 0xff,
    0x28, 0x28, 0x30, 0xff, 0x28, 0x28, 0x28, 0xff, 0x28, 0x28, 0x28, 0xff,
    0x28, 0x28, 0x28, 0xff, 0x28, 0x28, 0x28, 0xff, 0x28, 0x28, 0x28, 0xff,
    0x28, 0x28, 0x28, 0xff, 0x20, 0x28, 0x28, 0xff, 0x28, 0x28, 0x28, 0xff,
    0x28, 0x28, 0x30, 0xff, 0x28, 0x28, 0x28, 0xff, 0x28, 0x28, 0x28, 0xff,
    0x28, 0x28, 0x28, 0xff, 0x20, 0x28, 0x28, 0xff, 0x28, 0x28, 0x28, 0xff,
    0x28, 0x28, 0x28, 0xff, 0x28, 0x28, 0x28, 0xff, 0x28, 0x28, 0x28, 0xff,
    0x28, 0x28, 0x30, 0xff, 0x28, 0x28, 0x28, 0xff, 0x20, 0x28, 0x28, 0xff,
    0x28, 0x28, 0x28, 0xff, 0x28, 0x28, 0x28, 0xff, 0x28, 0x28, 0x28, 0xff,
    0x28, 0x28, 0x28, 0xff, 0x28, 0x28, 0x28, 0xff, 0x28, 0x28, 0x28, 0xff,
    0x28, 0x28, 0x30, 0xff, 0x28, 0x28, 0x28, 0xff, 0x28, 0x28, 0x28, 0xff,
    0x28, 0x28, 0x28, 0xff, 0x20, 0x28, 0x28, 0xff, 0x28, 0x28, 0x28, 0xff,
    0x28, 0x28, 0x28, 0xff, 0x20, 0x28, 0x28, 0xff, 0x28, 0x28, 0x28, 0xff,
    0x28, 0x28, 0x28, 0xff, 0x20, 0x28, 0x30, 0xff, 0x28, 0x28, 0x28, 0xff,
    0x28, 0x28, 0x28, 0xff, 0x28, 0x28, 0x30, 0xff, 0x28, 0x28, 0x28, 0xff,
    0x20, 0x28, 0x28, 0xff, 0x28, 0x28, 0x30, 0xff, 0x20, 0x28, 0x28, 0xff,
    0x28, 0x28, 0x28, 0xff, 0x20, 0x28, 0x28, 0xff, 0x28, 0x28, 0x28, 0xff,
    0x20, 0x28, 0x28, 0xff, 0x28, 0x28, 0x28, 0xff, 0x20, 0x28, 0x28, 0x9e,
    0x20, 0x28, 0x28, 0xbe, 0x28, 0x28, 0x28, 0xff, 0x28, 0x28, 0x28, 0xff,
    0x28, 0x28, 0x28, 0xff, 0x20, 0x28, 0x28, 0xff, 0x28, 0x28, 0x30, 0xff,
    0x28, 0x28, 0x28, 0xff, 0x28, 0x28, 0x28, 0xff, 0x28, 0x28, 0x28, 0xff,
    0x28, 0x28, 0x28, 0xff, 0x20, 0x28, 0x28, 0xff, 0x28, 0x28, 0x28, 0xff,
    0x28, 0x28, 0x30, 0xff, 0x20, 0x28, 0x28, 0xff, 0x28, 0x28, 0x28, 0xff,
    0x20, 0x28, 0x28, 0xff, 0x28, 0x28, 0x30, 0xff, 0x20, 0x28, 0x28, 0xff,
    0x20, 0x28, 0x28, 0xff, 0x28, 0x28, 0x30, 0xff, 0x28, 0x28, 0x28, 0xff,
    0x20, 0x28, 0x28, 0xff, 0x20, 0x28, 0x28, 0xff, 0x28, 0x28, 0x28, 0xff,
    0x28, 0x28, 0x28, 0xff, 0x28, 0x28, 0x28, 0xff, 0x28, 0x28, 0x28, 0xff,
    0x20, 0x28, 0x28, 0xff, 0x28, 0x28, 0x28, 0xff, 0x28, 0x28, 0x28, 0xff,
    0x20, 0x28, 0x28, 0xff, 0x28, 0x28, 0x28, 0xff, 0x28, 0x28, 0x28, 0xff,
    0x20, 0x28, 0x28, 0xff, 0x28, 0x28, 0x28, 0xff, 0x20, 0x28, 0x28, 0xff,
    0x28, 0x28, 0x28, 0xff, 0x28, 0x28, 0x28, 0xff, 0x28, 0x28, 0x30, 0xff,
    0x20, 0x28, 0x28, 0xff, 0x28, 0x28, 0x28, 0xff, 0x20, 0x28, 0x28, 0xff,
    0x28, 0x28, 0x28, 0xff, 0x20, 0x28, 0x28, 0xff, 0x20, 0x28, 0x28, 0xff,
    0x28, 0x28, 0x28, 0xff, 0x28, 0x28, 0x28, 0xff, 0x28, 0x28, 0x30, 0xff,
    0x20, 0x28, 0x28, 0xff, 0x28, 0x28, 0x28, 0xff, 0x28, 0x28, 0x28, 0xff,
    0x20, 0x28, 0x28, 0xff, 0x28, 0x28, 0x28, 0xff, 0x28, 0x28, 0x28, 0xff,
    0x20, 0x28, 0x28, 0xff, 0x20, 0x28, 0x28, 0xff, 0x28, 0x28, 0x30, 0xff,
    0x28, 0x28, 0x28, 0xff, 0x20, 0x28, 0x28, 0xff, 0x28, 0x28, 0x28, 0xff,
    0x28, 0x28, 0x28, 0xff, 0x20, 0x28, 0x28, 0xff, 0x28, 0x28, 0x28, 0xff,
    0x28, 0x28, 0x28, 0xff, 0x20, 0x28, 0x28, 0xff, 0x28, 0x28, 0x30, 0xff,
    0x28, 0x28, 0x28, 0xff, 0x20, 0x28, 0x28, 0xff, 0x20, 0x28, 0x28, 0xff,
    0x28, 0x28, 0x28, 0xff, 0x28, 0x28, 0x28, 0xff, 0x28, 0x28, 0x28, 0xff,
    0x28, 0x28, 0x28, 0xff, 0x28, 0x28, 0x28, 0xff, 0x20, 0x28, 0x30, 0xff,
    0x28, 0x28, 0x28, 0xff, 0x28, 0x28, 0x28, 0xff, 0x20, 0x28, 0x28, 0xff,
    0x28, 0x28, 0x28, 0xff, 0x28, 0x28, 0x28, 0xff, 0x20, 0x28, 0x28, 0xff,
    0x28, 0x28, 0x28, 0xff, 0x28, 0x28, 0x28, 0xff, 0x20, 0x28, 0x30, 0xff,
    0x28, 0x28, 0x28, 0xff, 0x28, 0x28, 0x28, 0xff, 0x20, 0x28, 0x28, 0xff,
    0x28, 0x28, 0x28, 0xff, 0x20, 0x28, 0x28, 0xff, 0x28, 0x28, 0x28, 0xff,
    0x20, 0x28, 0x28, 0xff, 0x20, 0x28, 0x28, 0xff, 0x28, 0x28, 0x30, 0xff,
    0x28, 0x28, 0x28, 0xff, 0x20, 0x28, 0x28, 0xff, 0x28, 0x28, 0x28, 0xff,
    0x28, 0x28, 0x28, 0xff, 0x28, 0x28, 0x28, 0xff, 0x20, 0x28, 0x28, 0xff,
    0x28, 0x28, 0x28, 0xff, 0x28, 0x28, 0x28, 0xff, 0x20, 0x28, 0x30, 0xff,
    0x28, 0x28, 0x28, 0xff, 0x28, 0x28, 0x28, 0xff, 0x20, 0x28, 0x28, 0xff,
    0x28, 0x28, 0x28, 0xff, 0x28, 0x28, 0x28, 0xff, 0x20, 0x28, 0x28, 0xff,
    0x28, 0x28, 0x28, 0xff, 0x28, 0x28, 0x28, 0xff, 0x20, 0x28, 0x30, 0xff,
    0x28, 0x28, 0x28, 0xff, 0x20, 0x28, 0x28, 0xff, 0x28, 0x28, 0x28, 0xff,
    0x20, 0x28, 0x28, 0xff, 0x20, 0x28, 0x28, 0xff, 0x28, 0x28, 0x28, 0xff,
    0x28, 0x28, 0x28, 0xff, 0x20, 0x28, 0x28, 0xff, 0x28, 0x28, 0x30, 0xff,
    0x28, 0x28, 0x28, 0xff, 0x28, 0x28, 0x28, 0xff, 0x28, 0x28, 0x28, 0xff,
    0x28, 0x28, 0x30, 0xff, 0x28, 0x28, 0x28, 0xff, 0x28, 0x28, 0x28, 0xff,
    0x28, 0x28, 0x28, 0xff, 0x20, 0x28, 0x28, 0xff, 0x28, 0x28, 0x28, 0xff,
    0x28, 0x28, 0x28, 0xff, 0x20, 0x28, 0x28, 0xff, 0x28, 0x28, 0x28, 0xff,
    0x28, 0x28, 0x28, 0xff, 0x28, 0x28, 0x28, 0xff, 0x20, 0x28, 0x30, 0xff,
    0x28, 0x28, 0x28, 0xff, 0x28, 0x28, 0x28, 0xff, 0x28, 0x28, 0x30, 0xff,
    0x28, 0x28, 0x28, 0xff, 0x28, 0x28, 0x28, 0xbe, 0x28, 0x28, 0x28, 0xcf,
    0x28, 0x28, 0x28, 0xff, 0x28, 0x28, 0x30, 0xff, 0x28, 0x28, 0x28, 0xff,
    0x28, 0x28, 0x28, 0xff, 0x20, 0x28, 0x28, 0xff, 0x28, 0x28, 0x28, 0xff,
    0x20, 0x28, 0x28, 0xff, 0x28, 0x28, 0x28, 0xff, 0x28, 0x28, 0x28, 0xff,
    0x28, 0x28, 0x28, 0xff, 0x28, 0x28, 0x28, 0xff, 0x20, 0x28, 0x28, 0xff,
    0x28, 0x28, 0x28, 0xff, 0x28, 0x28, 0x28, 0xff, 0x28, 0x28, 0x28, 0xff,
    0x28, 0x28, 0x28, 0xff, 0x28, 0x28, 0x28, 0xff, 0x28, 0x28, 0x28, 0xff,
    0x28, 0x28, 0x28, 0xff, 0x28, 0x28, 0x28, 0xff, 0x28, 0x28, 0x28, 0xff,
    0x28, 0x28, 0x30, 0xff, 0x20, 0x28, 0x28, 0xff, 0x28, 0x28, 0x28, 0xff,
    0x28, 0x28, 0x30, 0xff, 0x20, 0x28, 0x28, 0xff, 0x28, 0x28, 0x28, 0xff,
    0x28, 0x28, 0x28, 0xff, 0x28, 0x28, 0x30, 0xff, 0x28, 0x28, 0x28, 0xff,
    0x28, 0x28, 0x28, 0xff, 0x20, 0x28, 0x30, 0xff, 0x28, 0x28, 0x28, 0xff,
    0x28, 0x28, 0x28, 0xff, 0x28, 0x28, 0x28, 0xff, 0x20, 0x28, 0x28, 0xff,
    0x28, 0x28, 0x28, 0xff, 0x28, 0x28, 0x28, 0xff, 0x28, 0x28, 0x28, 0xff,
    0x28, 0x28, 0x28, 0xff, 0x28, 0x28, 0x30, 0xff, 0x28, 0x28, 0x28, 0xff,
    0x28, 0x28, 0x28, 0xff, 0x28, 0x28, 0x28, 0xff, 0x20, 0x28, 0x28, 0xff,
    0x28, 0x28, 0x28, 0xff, 0x28, 0x28, 0x28, 0xff, 0x20, 0x28, 0x28, 0xff,
    0x28, 0x28, 0x28, 0xff, 0x28, 0x28, 0x30, 0xff, 0x20, 0x28, 0x28, 0xff,
    0x28, 0x28, 0x28, 0xff, 0x28, 0x28, 0x28, 0xff, 0x28, 0x28, 0x28, 0xff,
    0x28, 0x28, 0x28, 0xff, 0x28, 0x28, 0x28, 0xff, 0x20, 0x28, 0x28, 0xff,
    0x28, 0x28, 0x28, 0xff, 0x28, 0x28, 0x30, 0xff, 0x28, 0x28, 0x28, 0xff,
    0x28, 0x28, 0x28, 0xff, 0x28, 0x28, 0x28, 0xff, 0x28, 0x28, 0x28, 0xff,
    0x28, 0x28, 0x28, 0xff, 0x20, 0x28, 0x28, 0xff, 0x28, 0x28, 0x28, 0xff,
    0x28, 0x28, 0x28, 0xff, 0x28, 0x28, 0x30, 0xff, 0x20, 0x28, 0x28, 0xff,
    0x28, 0x28, 0x28, 0xff, 0x20, 0x28, 0x28, 0xff, 0x28, 0x28, 0x28, 0xff,
    0x28, 0x28, 0x28, 0xff, 0x20, 0x28, 0x28, 0xff, 0x28, 0x28, 0x28, 0xff,
    0x28, 0x28, 0x28, 0xff, 0x28, 0x28, 0x30, 0xff, 0x28, 0x28, 0x28, 0xff,
    0x28, 0x28, 0x28, 0xff, 0x20, 0x28, 0x28, 0xff, 0x28, 0x28, 0x28, 0xff,
    0x28, 0x28, 0x28, 0xff, 0x20, 0x28, 0x28, 0xff, 0x28, 0x28, 0x28, 0xff,
    0x28, 0x28, 0x28, 0xff, 0x28, 0x28, 0x30, 0xff, 0x28, 0x28, 0x28, 0xff,
    0x28, 0x28, 0x28, 0xff, 0x28, 0x28, 0x28, 0xff, 0x28, 0x28, 0x28, 0xff,
    0x28, 0x28, 0x28, 0xff, 0x28, 0x28, 0x28, 0xff, 0x20, 0x28, 0x28, 0xff,
    0x28, 0x28, 0x28, 0xff, 0x28, 0x28, 0x30, 0xff, 0x28, 0x28, 0x28, 0xff,
    0x28, 0x28, 0x28, 0xff, 0x20, 0x28, 0x28, 0xff, 0x28, 0x28, 0x28, 0xff,
    0x28, 0x28, 0x28, 0xff, 0x28, 0x28, 0x28, 0xff, 0x28, 0x28, 0x28, 0xff,
    0x28, 0x28, 0x28, 0xff, 0x20, 0x28, 0x30, 0xff, 0x28, 0x28, 0x28, 0xff,
    0x28, 0x28, 0x28, 0xff, 0x20, 0x28, 0x28, 0xff, 0x28, 0x28, 0x28, 0xff,
    0x28, 0x28, 0x28, 0xff, 0x28, 0x28, 0x28, 0xff, 0x28, 0x28, 0x28, 0xff,
    0x28, 0x28, 0x28, 0xff, 0x28, 0x28, 0x30, 0xff, 0x28, 0x28, 0x28, 0xff,
    0x28, 0x28, 0x28, 0xff, 0x28, 0x28, 0x28, 0xff, 0x20, 0x28, 0x28, 0xff,
    0x28, 0x28, 0x28, 0xff, 0x28, 0x28, 0x28, 0xff, 0x20, 0x28, 0x28, 0xff,
    0x28, 0x28, 0x28, 0xff, 0x20, 0x28, 0x28, 0xff, 0x28, 0x28, 0x28, 0xff,
    0x20, 0x28, 0x28, 0xff, 0x28, 0x28, 0x28, 0xff, 0x28, 0x28, 0x28, 0xff,
    0x28, 0x28, 0x28, 0xff, 0x20, 0x28, 0x28, 0xff, 0x28, 0x28, 0x28, 0xff,
    0x28, 0x28, 0x30, 0xff, 0x28, 0x28, 0x28, 0xff, 0x28, 0x28, 0x28, 0xff,
    0x28, 0x28, 0x28, 0xff, 0x28, 0x28, 0x28, 0xff, 0x28, 0x28, 0x28, 0xff,
    0x20, 0x28, 0x28, 0xff, 0x28, 0x28, 0x28, 0xff, 0x28, 0x28, 0x28, 0xff,
    0x28, 0x28, 0x28, 0xcf, 0x28, 0x28, 0x28, 0xdf, 0x28, 0x28, 0x28, 0xff,
    0x20, 0x28, 0x28, 0xff, 0x28, 0x28, 0x28, 0xff, 0x28, 0x28, 0x28, 0xff,
    0x28, 0x28, 0x28, 0xff, 0x28, 0x28, 0x28, 0xff, 0x20, 0x28, 0x30, 0xff,
    0x28, 0x28, 0x28, 0xff, 0x28, 0x28, 0x28, 0xff, 0x20, 0x28, 0x30, 0xff,
    0x28, 0x28, 0x28, 0xff, 0x28, 0x28, 0x28, 0xff, 0x28, 0x28, 0x28, 0xff,
    0x20, 0x28, 0x30, 0xff, 0x28, 0x28, 0x28, 0xff, 0x28, 0x28, 0x28, 0xff,
    0x20, 0x28, 0x28, 0xff, 0x28, 0x28, 0x28, 0xff, 0x20, 0x28, 0x28, 0xff,
    0x28, 0x28, 0x28, 0xff, 0x28, 0x28, 0x28, 0xff, 0x28, 0x28, 0x28, 0xff,
    0x28, 0x28, 0x28, 0xff, 0x20, 0x28, 0x28, 0xff, 0x28, 0x28, 0x28, 0xff,
    0x28, 0x28, 0x28, 0xff, 0x28, 0x28, 0x28, 0xff, 0x20, 0x28, 0x28, 0xff,
    0x28, 0x28, 0x28, 0xff, 0x28, 0x28, 0x28, 0xff, 0x20, 0x28, 0x28, 0xff,
    0x28, 0x28, 0x28, 0xff, 0x28, 0x28, 0x28, 0xff, 0x28, 0x28, 0x30, 0xff,
    0x28, 0x28, 0x28, 0xff, 0x20, 0x28, 0x28, 0xff, 0x28, 0x28, 0x30, 0xff,
    0x28, 0x28, 0x28, 0xff, 0x20, 0x28, 0x28, 0xff, 0x28, 0x28, 0x28, 0xff,
    0x28, 0x28, 0x28, 0xff, 0x20, 0x28, 0x28, 0xff, 0x28, 0x28, 0x30, 0xff,
    0x28, 0x28, 0x28, 0xff, 0x28, 0x28, 0x28, 0xff, 0x28, 0x28, 0x30, 0xff,
    0x28, 0x28, 0x28, 0xff, 0x28, 0x28, 0x28, 0xff, 0x28, 0x28, 0x28, 0xff,
    0x28, 0x28, 0x28, 0xff, 0x28, 0x28, 0x28, 0xff, 0x28, 0x28, 0x30, 0xff,
    0x20, 0x28, 0x28, 0xff, 0x28, 0x28, 0x28, 0xff, 0x28, 0x28, 0x30, 0xff,
    0x20, 0x28, 0x28, 0xff, 0x28, 0x28, 0x28, 0xff, 0x28, 0x28, 0x28, 0xff,
    0x20, 0x28, 0x28, 0xff, 0x28, 0x28, 0x28, 0xff, 0x20, 0x28, 0x30, 0xff,
    0x28, 0x28, 0x28, 0xff, 0x28, 0x28, 0x28, 0xff, 0x20, 0x28, 0x30, 0xff,
    0x28, 0x28, 0x28, 0xff, 0x28, 0x28, 0x28, 0xff, 0x28, 0x28, 0x28, 0xff,
    0x28, 0x28, 0x28, 0xff, 0x28, 0x28, 0x28, 0xff, 0x28, 0x28, 0x30, 0xff,
    0x20, 0x28, 0x28, 0xff, 0x28, 0x28, 0x28, 0xff, 0x28, 0x28, 0x30, 0xff,
    0x28, 0x28, 0x28, 0xff, 0x20, 0x28, 0x28, 0xff, 0x28, 0x28, 0x28, 0xff,
    0x28, 0x28, 0x28, 0xff, 0x20, 0x28, 0x28, 0xff, 0x28, 0x28, 0x30, 0xff,
    0x28, 0x28, 0x28, 0xff, 0x28, 0x28, 0x28, 0xff, 0x28, 0x28, 0x30, 0xff,
    0x28, 0x28, 0x28, 0xff, 0x28, 0x28, 0x28, 0xff, 0x20, 0x28, 0x28, 0xff,
    0x28, 0x28, 0x28, 0xff, 0x28, 0x28, 0x28, 0xff, 0x20, 0x28, 0x30, 0xff,
    0x28, 0x28, 0x28, 0xff, 0x28, 0x28, 0x28, 0xff, 0x28, 0x28, 0x30, 0xff,
    0x20, 0x28, 0x28, 0xff, 0x28, 0x28, 0x28, 0xff, 0x28, 0x28, 0x28, 0xff,
    0x20, 0x28, 0x28, 0xff, 0x28, 0x28, 0x28, 0xff, 0x28, 0x28, 0x30, 0xff,
    0x28, 0x28, 0x28, 0xff, 0x20, 0x28, 0x28, 0xff, 0x28, 0x28, 0x30, 0xff,
    0x20, 0x28, 0x28, 0xff, 0x28, 0x28, 0x28, 0xff, 0x28, 0x28, 0x28, 0xff,
    0x28, 0x28, 0x28, 0xff, 0x28, 0x28, 0x28, 0xff, 0x28, 0x28, 0x30, 0xff,
    0x28, 0x28, 0x28, 0xff, 0x28, 0x28, 0x28, 0xff, 0x20, 0x28, 0x30, 0xff,
    0x28, 0x28, 0x28, 0xff, 0x28, 0x28, 0x28, 0xff, 0x20, 0x28, 0x28, 0xff,
    0x28, 0x28, 0x28, 0xff, 0x28, 0x28, 0x28, 0xff, 0x28, 0x28, 0x30, 0xff,
    0x20, 0x28, 0x28, 0xff, 0x28, 0x28, 0x28, 0xff, 0x28, 0x28, 0x30, 0xff,
    0x28, 0x28, 0x28, 0xff, 0x28, 0x28, 0x28, 0xff, 0x20, 0x28, 0x28, 0xff,
    0x28, 0x28, 0x28, 0xff, 0x28, 0x28, 0x28, 0xff, 0x28, 0x28, 0x30, 0xff,
    0x20, 0x28, 0x28, 0xff, 0x28, 0x28, 0x28, 0xff, 0x28, 0x28, 0x30, 0xff,
    0x28, 0x28, 0x28, 0xff, 0x20, 0x28, 0x28, 0xff, 0x28, 0x28, 0x28, 0xff,
    0x20, 0x28, 0x28, 0xff, 0x28, 0x28, 0x28, 0xff, 0x20, 0x28, 0x28, 0xff,
    0x28, 0x28, 0x28, 0xff, 0x28, 0x28, 0x28, 0xff, 0x20, 0x28, 0x28, 0xff,
    0x28, 0x28, 0x28, 0xff, 0x28, 0x28, 0x28, 0xff, 0x20, 0x28, 0x28, 0xdf,
    0x28, 0x28, 0x28, 0xdf, 0x28, 0x28, 0x28, 0xff, 0x20, 0x28, 0x28, 0xff,
    0x28, 0x28, 0x28, 0xff, 0x20, 0x28, 0x30, 0xff, 0x28, 0x28, 0x28, 0xff,
    0x28, 0x28, 0x28, 0xff, 0x28, 0x28, 0x28, 0xff, 0x28, 0x28, 0x28, 0xff,
    0x20, 0x28, 0x28, 0xff, 0x28, 0x28, 0x28, 0xff, 0x28, 0x28, 0x28, 0xff,
    0x28, 0x28, 0x28, 0xff, 0x20, 0x28, 0x28, 0xff, 0x28, 0x28, 0x28, 0xff,
    0x28, 0x28, 0x28, 0xff, 0x20, 0x28, 0x28, 0xff, 0x28, 0x28, 0x30, 0xff,
    0x28, 0x28, 0x28, 0xff, 0x28, 0x28, 0x28, 0xff, 0x20, 0x28, 0x30, 0xff,
    0x20, 0x28, 0x28, 0xff, 0x28, 0x28, 0x28, 0xff, 0x28, 0x28, 0x28, 0xff,
    0x28, 0x28, 0x28, 0xff, 0x20, 0x28, 0x28, 0xff, 0x28, 0x28, 0x30, 0xff,
    0x28, 0x28, 0x28, 0xff, 0x20, 0x28, 0x28, 0xff, 0x28, 0x28, 0x28, 0xff,
    0x28, 0x28, 0x28, 0xff, 0x28, 0x28, 0x30, 0xff, 0x28, 0x28, 0x28, 0xff,
    0x20, 0x28, 0x28, 0xff, 0x28, 0x28, 0x28, 0xff, 0x28, 0x28, 0x28, 0xff,
    0x28, 0x28, 0x28, 0xff, 0x28, 0x28, 0x28, 0xff, 0x20, 0x28, 0x28, 0xff,
    0x28, 0x28, 0x28, 0xff, 0x28, 0x28, 0x28, 0xff, 0x20, 0x28, 0x28, 0xff,
    0x28, 0x28, 0x28, 0xff, 0x28, 0x28, 0x28, 0xff, 0x20, 0x28, 0x28, 0xff,
    0x28, 0x28, 0x28, 0xff, 0x20, 0x28, 0x28, 0xff, 0x28, 0x28, 0x28, 0xff,
    0x20, 0x28, 0x28, 0xff, 0x28, 0x28, 0x28, 0xff, 0x20, 0x28, 0x28, 0xff,
    0x28, 0x28, 0x28, 0xff, 0x28, 0x28, 0x28, 0xff, 0x20, 0x28, 0x28, 0xff,
    0x28, 0x28, 0x28, 0xff, 0x28, 0x28, 0x28, 0xff, 0x28, 0x28, 0x28, 0xff,
    0x28, 0x28, 0x28, 0xff, 0x28, 0x28, 0x28, 0xff, 0x28, 0x28, 0x28, 0xff,
    0x20, 0x28, 0x28, 0xff, 0x28, 0x28, 0x28, 0xff, 0x28, 0x28, 0x28, 0xff,
    0x20, 0x28, 0x28, 0xff, 0x28, 0x28, 0x28, 0xff, 0x28, 0x28, 0x28, 0xff,
    0x20, 0x28, 0x28, 0xff, 0x28, 0x28, 0x28, 0xff, 0x20, 0x28, 0x28, 0xff,
    0x28, 0x28, 0x28, 0xff, 0x28, 0x28, 0x28, 0xff, 0x28, 0x28, 0x28, 0xff,
    0x28, 0x28, 0x28, 0xff, 0x28, 0x28, 0x28, 0xff, 0x28, 0x28, 0x28, 0xff,
    0x28, 0x28, 0x28, 0xff, 0x20, 0x28, 0x28, 0xff, 0x28, 0x28, 0x28, 0xff,
    0x28, 0x28, 0x28, 0xff, 0x20, 0x28, 0x28, 0xff, 0x28, 0x28, 0x28, 0xff,
    0x20, 0x28, 0x28, 0xff, 0x28, 0x28, 0x28, 0xff, 0x28, 0x28, 0x28, 0xff,
    0x20, 0x28, 0x28, 0xff, 0x28, 0x28, 0x28, 0xff, 0x28, 0x28, 0x28, 0xff,
    0x20, 0x28, 0x28, 0xff, 0x28, 0x28, 0x28, 0xff, 0x28, 0x28, 0x28, 0xff,
    0x20, 0x28, 0x28, 0xff, 0x28, 0x28, 0x28, 0xff, 0x28, 0x28, 0x28, 0xff,
    0x28, 0x28, 0x28, 0xff, 0x28, 0x28, 0x28, 0xff, 0x20, 0x28, 0x28, 0xff,
    0x28, 0x28, 0x28, 0xff, 0x28, 0x28, 0x28, 0xff, 0x28, 0x28, 0x28, 0xff,
    0x28, 0x28, 0x28, 0xff, 0x28, 0x28, 0x28, 0xff, 0x28, 0x28, 0x28, 0xff,
    0x20, 0x28, 0x28, 0xff, 0x28, 0x28, 0x28, 0xff, 0x20, 0x28, 0x28, 0xff,
    0x28, 0x28, 0x28, 0xff, 0x20, 0x28, 0x28, 0xff, 0x28, 0x28, 0x28, 0xff,
    0x28, 0x28, 0x28, 0xff, 0x20, 0x28, 0x28, 0xff, 0x28, 0x28, 0x28, 0xff,
    0x28, 0x28, 0x28, 0xff, 0x20, 0x28, 0x28, 0xff, 0x28, 0x28, 0x28, 0xff,
    0x28, 0x28, 0x28, 0xff, 0x20, 0x28, 0x28, 0xff, 0x28, 0x28, 0x28, 0xff,
    0x28, 0x28, 0x28, 0xff, 0x20, 0x28, 0x28, 0xff, 0x28, 0x28, 0x28, 0xff,
    0x28, 0x28, 0x28, 0xff, 0x28, 0x28, 0x30, 0xff, 0x28, 0x28, 0x28, 0xff,
    0x28, 0x28, 0x28, 0xff, 0x28, 0x28, 0x28, 0xff, 0x28, 0x28, 0x28, 0xff,
    0x20, 0x28, 0x28, 0xff, 0x28, 0x28, 0x28, 0xff, 0x28, 0x28, 0x28, 0xff,
    0x28, 0x28, 0x28, 0xff, 0x28, 0x28, 0x28, 0xff, 0x28, 0x28, 0x28, 0xff,
    0x20, 0x28, 0x30, 0xff, 0x28, 0x28, 0x28, 0xff, 0x28, 0x28, 0x28, 0xff,
    0x28, 0x28, 0x30, 0xff, 0x28, 0x28, 0x28, 0xff, 0x28, 0x28, 0x28, 0xff,
    0x20, 0x28, 0x28, 0xff, 0x28, 0x28, 0x28, 0xdf, 0x28, 0x28, 0x28, 0xff,
    0x28, 0x28, 0x28, 0xff, 0x28, 0x28, 0x28, 0xff, 0x28, 0x28, 0x28, 0xff,
    0x28, 0x28, 0x28, 0xff, 0x20, 0x28, 0x28, 0xff, 0x28, 0x28, 0x28, 0xff,
    0x28, 0x28, 0x28, 0xff, 0x20, 0x28, 0x28, 0xff, 0x28, 0x28, 0x28, 0xff,
    0x28, 0x28, 0x28, 0xff, 0x20, 0x28, 0x30, 0xff, 0x28, 0x28, 0x28, 0xff,
    0x28, 0x28, 0x28, 0xff, 0x28, 0x28, 0x28, 0xff, 0x28, 0x28, 0x28, 0xff,
    0x28, 0x28, 0x28, 0xff, 0x28, 0x28, 0x28, 0xff, 0x28, 0x28, 0x28, 0xff,
    0x28, 0x28, 0x28, 0xff, 0x28, 0x28, 0x28, 0xff, 0x28, 0x28, 0x28, 0xff,
    0x20, 0x28, 0x28, 0xff, 0x28, 0x28, 0x30, 0xff, 0x28, 0x28, 0x28, 0xff,
    0x28, 0x28, 0x28, 0xff, 0x28, 0x28, 0x28, 0xff, 0x28, 0x28, 0x28, 0xff,
    0x28, 0x28, 0x30, 0xff, 0x20, 0x28, 0x28, 0xff, 0x28, 0x28, 0x28, 0xff,
    0x28, 0x28, 0x28, 0xff, 0x20, 0x28, 0x28, 0xff, 0x28, 0x28, 0x28, 0xff,
    0x28, 0x28, 0x28, 0xff, 0x20, 0x28, 0x28, 0xff, 0x28, 0x28, 0x28, 0xff,
    0x28, 0x28, 0x28, 0xff, 0x28, 0x28, 0x28, 0xff, 0x28, 0x28, 0x30, 0xff,
    0x28, 0x28, 0x28, 0xff, 0x28, 0x28, 0x28, 0xff, 0x28, 0x28, 0x30, 0xff,
    0x28, 0x28, 0x28, 0xff, 0x28, 0x28, 0x28, 0xff, 0x20, 0x28, 0x28, 0xff,
    0x28, 0x28, 0x28, 0xff, 0x28, 0x28, 0x28, 0xff, 0x28, 0x28, 0x30, 0xff,
    0x20, 0x28, 0x28, 0xff, 0x28, 0x28, 0x28, 0xff, 0x28, 0x28, 0x30, 0xff,
    0x28, 0x28, 0x28, 0xff, 0x28, 0x28, 0x28, 0xff, 0x20, 0x28, 0x28, 0xff,
    0x28, 0x28, 0x28, 0xff, 0x28, 0x28, 0x28, 0xff, 0x20, 0x28, 0x30, 0xff,
    0x28, 0x28, 0x28, 0xff, 0x28, 0x28, 0x28, 0xff, 0x28, 0x28, 0x30, 0xff,
    0x28, 0x28, 0x28, 0xff, 0x28, 0x28, 0x28, 0xff, 0x28, 0x28, 0x28, 0xff,
    0x28, 0x28, 0x28, 0xff, 0x28, 0x28, 0x28, 0xff, 0x28, 0x28, 0x30, 0xff,
    0x28, 0x28, 0x28, 0xff, 0x28, 0x28, 0x28, 0xff, 0x20, 0x28, 0x30, 0xff,
    0x28, 0x28, 0x28, 0xff, 0x28, 0x28, 0x28, 0xff, 0x20, 0x28, 0x28, 0xff,
    0x20, 0x28, 0x28, 0xff, 0x28, 0x28, 0x28, 0xff, 0x28, 0x28, 0x30, 0xff,
    0x28, 0x28, 0x28, 0xff, 0x28, 0x28, 0x28, 0xff, 0x28, 0x28, 0x30, 0xff,
    0x28, 0x28, 0x28, 0xff, 0x28, 0x28, 0x28, 0xff, 0x28, 0x28, 0x28, 0xff,
    0x20, 0x28, 0x28, 0xff, 0x28, 0x28, 0x28, 0xff, 0x28, 0x28, 0x30, 0xff,
    0x28, 0x28, 0x28, 0xff, 0x28, 0x28, 0x28, 0xff, 0x28, 0x28, 0x30, 0xff,
    0x28, 0x28, 0x28, 0xff, 0x28, 0x28, 0x28, 0xff, 0x20, 0x28, 0x28, 0xff,
    0x28, 0x28, 0x28, 0xff, 0x28, 0x28, 0x28, 0xff, 0x20, 0x28, 0x30, 0xff,
    0x28, 0x28, 0x28, 0xff, 0x28, 0x28, 0x28, 0xff, 0x20, 0x28, 0x30, 0xff,
    0x28, 0x28, 0x28, 0xff, 0x20, 0x28, 0x28, 0xff, 0x28, 0x28, 0x28, 0xff,
    0x28, 0x28, 0x28, 0xff, 0x28, 0x28, 0x28, 0xff, 0x28, 0x28, 0x30, 0xff,
    0x20, 0x28, 0x28, 0xff, 0x28, 0x28, 0x28, 0xff, 0x28, 0x28, 0x30, 0xff,
    0x28, 0x28, 0x28, 0xff, 0x20, 0x28, 0x28, 0xff, 0x28, 0x28, 0x28, 0xff,
    0x28, 0x28, 0x28, 0xff, 0x28, 0x28, 0x28, 0xff, 0x28, 0x28, 0x30, 0xff,
    0x28, 0x28, 0x28, 0xff, 0x28, 0x28, 0x28, 0xff, 0x20, 0x28, 0x30, 0xff,
    0x28, 0x28, 0x28, 0xff, 0x28, 0x28, 0x28, 0xff, 0x28, 0x28, 0x28, 0xff,
    0x28, 0x28, 0x28, 0xff, 0x20, 0x28, 0x28, 0xff, 0x28, 0x28, 0x28, 0xff,
    0x28, 0x28, 0x28, 0xff, 0x20, 0x28, 0x28, 0xff, 0x20, 0x28, 0x28, 0xff,
    0x28, 0x28, 0x28, 0xff, 0x28, 0x28, 0x28, 0xff, 0x28, 0x28, 0x28, 0xff,
    0x20, 0x28, 0x28, 0xff, 0x28, 0x28, 0x30, 0xff, 0x28, 0x28, 0x28, 0xff,
    0x20, 0x28, 0x28, 0xff, 0x28, 0x28, 0x28, 0xff, 0x28, 0x28, 0x28, 0xff,
    0x28, 0x28, 0x28, 0xff, 0x20, 0x28, 0x28, 0xff, 0x28, 0x28, 0x28, 0xff,
    0x28, 0x28, 0x28, 0xff, 0x20, 0x28, 0x30, 0xff, 0x28, 0x28, 0x28, 0xff,
    0x28, 0x28, 0x28, 0xef, 0x28, 0x28, 0x28, 0xff, 0x20, 0x28, 0x28, 0xff,
    0x28, 0x28, 0x28, 0xff, 0x28, 0x28, 0x28, 0xff, 0x28, 0x28, 0x28, 0xff,
    0x20, 0x28, 0x28, 0xff, 0x28, 0x28, 0x30, 0xff, 0x28, 0x28, 0x28, 0xff,
    0x28, 0x28, 0x28, 0xff, 0x28, 0x28, 0x30, 0xff, 0x28, 0x28, 0x28, 0xff,
    0x20, 0x28, 0x28, 0xff, 0x28, 0x28, 0x28, 0xff, 0x28, 0x28, 0x28, 0xff,
    0x20, 0x28, 0x30, 0xff, 0x28, 0x28, 0x28, 0xff, 0x20, 0x28, 0x28, 0xff,
    0x28, 0x28, 0x28, 0xff, 0x20, 0x28, 0x28, 0xff, 0x28, 0x28, 0x30, 0xff,
    0x28, 0x28, 0x28, 0xff, 0x28, 0x28, 0x28, 0xff, 0x28, 0x28, 0x28, 0xff,
    0x20, 0x28, 0x28, 0xff, 0x28, 0x28, 0x28, 0xff, 0x28, 0x28, 0x28, 0xff,
    0x20, 0x28, 0x28, 0xff, 0x28, 0x28, 0x28, 0xff, 0x28, 0x28, 0x28, 0xff,
    0x28, 0x28, 0x28, 0xff, 0x20, 0x28, 0x28, 0xff, 0x28, 0x28, 0x28, 0xff,
    0x28, 0x28, 0x28, 0xff, 0x28, 0x28, 0x30, 0xff, 0x28, 0x28, 0x28, 0xff,
    0x20, 0x28, 0x28, 0xff, 0x28, 0x28, 0x30, 0xff, 0x20, 0x28, 0x28, 0xff,
    0x28, 0x28, 0x28, 0xff, 0x20, 0x28, 0x28, 0xff, 0x20, 0x28, 0x28, 0xff,
    0x28, 0x28, 0x28, 0xff, 0x20, 0x28, 0x28, 0xff, 0x28, 0x28, 0x28, 0xff,
    0x28, 0x28, 0x28, 0xff, 0x28, 0x28, 0x30, 0xff, 0x28, 0x28, 0x28, 0xff,
    0x28, 0x28, 0x28, 0xff, 0x28, 0x28, 0x28, 0xff, 0x28, 0x28, 0x28, 0xff,
    0x28, 0x28, 0x28, 0xff, 0x20, 0x28, 0x28, 0xff, 0x28, 0x28, 0x28, 0xff,
    0x28, 0x28, 0x28, 0xff, 0x28, 0x28, 0x30, 0xff, 0x20, 0x28, 0x28, 0xff,
    0x28, 0x28, 0x28, 0xff, 0x28, 0x28, 0x28, 0xff, 0x20, 0x28, 0x28, 0xff,
    0x28, 0x28, 0x28, 0xff, 0x28, 0x28, 0x28, 0xff, 0x20, 0x28, 0x28, 0xff,
    0x28, 0x28, 0x28, 0xff, 0x20, 0x28, 0x30, 0xff, 0x28, 0x28, 0x28, 0xff,
    0x20, 0x28, 0x28, 0xff, 0x28, 0x28, 0x28, 0xff, 0x28, 0x28, 0x28, 0xff,
    0x28, 0x28, 0x28, 0xff, 0x20, 0x28, 0x28, 0xff, 0x28, 0x28, 0x28, 0xff,
    0x28, 0x28, 0x28, 0xff, 0x28, 0x28, 0x30, 0xff, 0x28, 0x28, 0x28, 0xff,
    0x20, 0x28, 0x28, 0xff, 0x28, 0x28, 0x28, 0xff, 0x20, 0x28, 0x28, 0xff,
    0x28, 0x28, 0x28, 0xff, 0x20, 0x28, 0x28, 0xff, 0x28, 0x28, 0x28, 0xff,
    0x28, 0x28, 0x28, 0xff, 0x28, 0x28, 0x30, 0xff, 0x28, 0x28, 0x28, 0xff,
    0x20, 0x28, 0x28, 0xff, 0x28, 0x28, 0x28, 0xff, 0x28, 0x28, 0x28, 0xff,
    0x20, 0x28, 0x28, 0xff, 0x28, 0x28, 0x28, 0xff, 0x28, 0x28, 0x28, 0xff,
    0x20, 0x28, 0x28, 0xff, 0x28, 0x28, 0x30, 0xff, 0x28, 0x28, 0x28, 0xff,
    0x28, 0x28, 0x28, 0xff, 0x20, 0x28, 0x28, 0xff, 0x28, 0x28, 0x28, 0xff,
    0x28, 0x28, 0x28, 0xff, 0x28, 0x28, 0x28, 0xff, 0x28, 0x28, 0x28, 0xff,
    0x20, 0x28, 0x28, 0xff, 0x28, 0x28, 0x30, 0xff, 0x20, 0x28, 0x28, 0xff,
    0x28, 0x28, 0x28, 0xff, 0x28, 0x28, 0x28, 0xff, 0x28, 0x28, 0x28, 0xff,
    0x28, 0x28, 0x28, 0xff, 0x28, 0x28, 0x28, 0xff, 0x28, 0x28, 0x28, 0xff,
    0x28, 0x28, 0x28, 0xff, 0x28, 0x28, 0x30, 0xff, 0x20, 0x28, 0x28, 0xff,
    0x28, 0x28, 0x28, 0xff, 0x20, 0x28, 0x28, 0xff, 0x28, 0x28, 0x28, 0xff,
    0x28, 0x28, 0x28, 0xff, 0x28, 0x28, 0x28, 0xff, 0x28, 0x28, 0x28, 0xff,
    0x20, 0x28, 0x28, 0xff, 0x28, 0x28, 0x30, 0xff, 0x28, 0x28, 0x28, 0xff,
    0x28, 0x28, 0x28, 0xff, 0x20, 0x28, 0x30, 0xff, 0x28, 0x28, 0x28, 0xff,
    0x28, 0x28, 0x28, 0xff, 0x28, 0x28, 0x30, 0xff, 0x20, 0x28, 0x28, 0xff,
    0x28, 0x28, 0x28, 0xff, 0x28, 0x28, 0x30, 0xff, 0x28, 0x28, 0x28, 0xff,
    0x20, 0x28, 0x28, 0xff, 0x28, 0x28, 0x28, 0xff, 0x28, 0x28, 0x28, 0xff,
    0x28, 0x28, 0x30, 0xff, 0x28, 0x28, 0x28, 0xff, 0x20, 0x28, 0x28, 0xff,
    0x28, 0x28, 0x28, 0xff, 0x28, 0x28, 0x28, 0xff, 0x20, 0x28, 0x28, 0xff,
    0x28, 0x28, 0x28, 0xff, 0x28, 0x28, 0x28, 0xff, 0x28, 0x28, 0x28, 0xff,
    0x28, 0x28, 0x28, 0xff, 0x28, 0x28, 0x28, 0xff, 0x20, 0x28, 0x30, 0xff,
    0x28, 0x28, 0x28, 0xff, 0x28, 0x28, 0x28, 0xff, 0x28, 0x28, 0x28, 0xff,
    0x20, 0x28, 0x28, 0xff, 0x28, 0x28, 0x28, 0xff, 0x28, 0x28, 0x28, 0xff,
    0x20, 0x28, 0x28, 0xff, 0x28, 0x28, 0x28, 0xff, 0x28, 0x28, 0x28, 0xff,
    0x28, 0x28, 0x28, 0xff, 0x20, 0x28, 0x28, 0xff, 0x28, 0x28, 0x28, 0xff,
    0x28, 0x28, 0x28, 0xff, 0x28, 0x28, 0x30, 0xff, 0x20, 0x28, 0x28, 0xff,
    0x28, 0x28, 0x28, 0xff, 0x20, 0x28, 0x28, 0xff, 0x28, 0x28, 0x28, 0xff,
    0x28, 0x28, 0x28, 0xff, 0x20, 0x28, 0x30, 0xff, 0x28, 0x28, 0x28, 0xff,
    0x28, 0x28, 0x28, 0xff, 0x20, 0x28, 0x30, 0xff, 0x28, 0x28, 0x28, 0xff,
    0x28, 0x28, 0x28, 0xff, 0x20, 0x28, 0x28, 0xff, 0x28, 0x28, 0x28, 0xff,
    0x28, 0x28, 0x30, 0xff, 0x28, 0x28, 0x28, 0xff, 0x20, 0x28, 0x28, 0xff,
    0x28, 0x28, 0x28, 0xff, 0x28, 0x28, 0x28, 0xff, 0x28, 0x28, 0x28, 0xff,
    0x28, 0x28, 0x28, 0xff, 0x28, 0x28, 0x28, 0xff, 0x28, 0x28, 0x28, 0xff,
    0x28, 0x28, 0x28, 0xff, 0x28, 0x28, 0x28, 0xff, 0x28, 0x28, 0x28, 0xff,
    0x28, 0x28, 0x28, 0xff, 0x20, 0x28, 0x28, 0xff, 0x28, 0x28, 0x28, 0xff,
    0x28, 0x28, 0x28, 0xff, 0x20, 0x28, 0x28, 0xff, 0x20, 0x28, 0x28, 0xff,
    0x28, 0x28, 0x28, 0xff, 0x28, 0x28, 0x28, 0xff, 0x20, 0x28, 0x28, 0xff,
    0x28, 0x28, 0x28, 0xff, 0x28, 0x28, 0x28, 0xff, 0x20, 0x28, 0x28, 0xff,
    0x28, 0x28, 0x28, 0xff, 0x28, 0x28, 0x28, 0xff, 0x28, 0x28, 0x28, 0xff,
    0x28, 0x28, 0x28, 0xff, 0x20, 0x28, 0x28, 0xff, 0x28, 0x28, 0x28, 0xff,
    0x28, 0x28, 0x28, 0xff, 0x20, 0x28, 0x28, 0xff, 0x28, 0x28, 0x28, 0xff,
    0x28, 0x28, 0x28, 0xff, 0x28, 0x28, 0x28, 0xff, 0x28, 0x28, 0x28, 0xff,
    0x20, 0x28, 0x28, 0xff, 0x28, 0x28, 0x28, 0xff, 0x28, 0x28, 0x28, 0xff,
    0x28, 0x28, 0x28, 0xff, 0x20, 0x28, 0x28, 0xff, 0x28, 0x28, 0x28, 0xff,
    0x28, 0x28, 0x28, 0xff, 0x28, 0x28, 0x28, 0xff, 0x28, 0x28, 0x28, 0xff,
    0x28, 0x28, 0x28, 0xff, 0x28, 0x28, 0x28, 0xff, 0x20, 0x28, 0x28, 0xff,
    0x28, 0x28, 0x28, 0xff, 0x20, 0x28, 0x28, 0xff, 0x28, 0x28, 0x28, 0xff,
    0x20, 0x28, 0x28, 0xff, 0x28, 0x28, 0x28, 0xff, 0x28, 0x28, 0x28, 0xff,
    0x20, 0x28, 0x28, 0xff, 0x28, 0x28, 0x28, 0xff, 0x28, 0x28, 0x28, 0xff,
    0x20, 0x28, 0x28, 0xff, 0x28, 0x28, 0x28, 0xff, 0x28, 0x28, 0x28, 0xff,
    0x28, 0x28, 0x28, 0xff, 0x28, 0x28, 0x28, 0xff, 0x20, 0x28, 0x28, 0xff,
    0x28, 0x28, 0x28, 0xff, 0x28, 0x28, 0x28, 0xff, 0x28, 0x28, 0x28, 0xff,
    0x28, 0x28, 0x28, 0xff, 0x28, 0x28, 0x28, 0xff, 0x28, 0x28, 0x28, 0xff,
    0x28, 0x28, 0x28, 0xff, 0x28, 0x28, 0x28, 0xff, 0x20, 0x28, 0x28, 0xff,
    0x28, 0x28, 0x28, 0xff, 0x28, 0x28, 0x28, 0xff, 0x20, 0x28, 0x28, 0xff,
    0x20, 0x28, 0x28, 0xff, 0x28, 0x28, 0x28, 0xff, 0x28, 0x28, 0x28, 0xff,
    0x20, 0x28, 0x28, 0xff, 0x28, 0x28, 0x28, 0xff, 0x28, 0x28, 0x28, 0xff,
    0x28, 0x28, 0x28, 0xff, 0x20, 0x28, 0x28, 0xff, 0x28, 0x28, 0x28, 0xff,
    0x28, 0x28, 0x28, 0xff, 0x20, 0x28, 0x28, 0xff, 0x28, 0x28, 0x28, 0xff,
    0x28, 0x28, 0x28, 0xff, 0x20, 0x28, 0x28, 0xff, 0x28, 0x28, 0x28, 0xff,
    0x28, 0x28, 0x28, 0xff, 0x28, 0x28, 0x28, 0xff, 0x28, 0x28, 0x28, 0xff,
    0x28, 0x28, 0x28, 0xff, 0x28, 0x28, 0x28, 0xff, 0x20, 0x28, 0x28, 0xff,
    0x28, 0x28, 0x28, 0xff, 0x28, 0x28, 0x28, 0xff, 0x28, 0x28, 0x28, 0xff,
    0x20, 0x28, 0x28, 0xff, 0x28, 0x28, 0x28, 0xff, 0x28, 0x28, 0x28, 0xff,
    0x20, 0x28, 0x28, 0xff, 0x28, 0x28, 0x28, 0xff, 0x28, 0x28, 0x30, 0xff,
    0x28, 0x28, 0x28, 0xff, 0x28, 0x28, 0x28, 0xff, 0x28, 0x28, 0x28, 0xff,
    0x20, 0x28, 0x28, 0xff, 0x28, 0x28, 0x28, 0xff, 0x28, 0x28, 0x28, 0xff,
    0x28, 0x28, 0x28, 0xff, 0x20, 0x28, 0x28, 0xff, 0x28, 0x28, 0x28, 0xff,
    0x28, 0x28, 0x28, 0xff, 0x28, 0x28, 0x30, 0xff, 0x20, 0x28, 0x28, 0xff,
    0x28, 0x28, 0x28, 0xff, 0x28, 0x28, 0x28, 0xff, 0x20, 0x28, 0x28, 0xff,
    0x28, 0x28, 0x28, 0xff, 0x28, 0x28, 0x30, 0xff, 0x28, 0x28, 0x28, 0xff,
    0x28, 0x28, 0x28, 0xff, 0x28, 0x28, 0x28, 0xff, 0x28, 0x28, 0x28, 0xff,
    0x28, 0x28, 0x28, 0xff, 0x28, 0x28, 0x28, 0xff, 0x28, 0x28, 0x28, 0xff,
    0x28, 0x28, 0x28, 0xff, 0x20, 0x28, 0x28, 0xff, 0x28, 0x28, 0x28, 0xff,
    0x28, 0x28, 0x28, 0xff, 0x28, 0x28, 0x28, 0xff, 0x28, 0x28, 0x28, 0xff,
    0x28, 0x28, 0x28, 0xff, 0x28, 0x28, 0x28, 0xff, 0x20, 0x28, 0x28, 0xff,
    0x28, 0x28, 0x28, 0xff, 0x28, 0x28, 0x28, 0xff, 0x28, 0x28, 0x28, 0xff,
    0x20, 0x28, 0x28, 0xff, 0x28, 0x28, 0x28, 0xff, 0x28, 0x28, 0x28, 0xff,
    0x20, 0x28, 0x28, 0xff, 0x28, 0x28, 0x28, 0xff, 0x20, 0x28, 0x28, 0xff,
    0x28, 0x28, 0x30, 0xff, 0x28, 0x28, 0x28, 0xff, 0x20, 0x28, 0x28, 0xff,
    0x28, 0x28, 0x30, 0xff, 0x28, 0x28, 0x28, 0xff, 0x28, 0x28, 0x28, 0xff,
    0x20, 0x28, 0x30, 0xff, 0x28, 0x28, 0x28, 0xff, 0x28, 0x28, 0x28, 0xff,
    0x28, 0x28, 0x28, 0xff, 0x28, 0x28, 0x30, 0xff, 0x28, 0x28, 0x28, 0xff,
    0x20, 0x28, 0x28, 0xff, 0x28, 0x28, 0x30, 0xff, 0x28, 0x28, 0x28, 0xff,
    0x28, 0x28, 0x28, 0xff, 0x28, 0x28, 0x30, 0xff, 0x20, 0x28, 0x28, 0xff,
    0x28, 0x28, 0x28, 0xff, 0x28, 0x28, 0x30, 0xff, 0x20, 0x28, 0x28, 0xff,
    0x28, 0x28, 0x28, 0xff, 0x28, 0x28, 0x30, 0xff, 0x28, 0x28, 0x28, 0xff,
    0x28, 0x28, 0x28, 0xff, 0x28, 0x28, 0x30, 0xff, 0x28, 0x28, 0x28, 0xff,
    0x20, 0x28, 0x28, 0xff, 0x28, 0x28, 0x30, 0xff, 0x28, 0x28, 0x28, 0xff,
    0x20, 0x28, 0x28, 0xff, 0x28, 0x28, 0x30, 0xff, 0x28, 0x28, 0x28, 0xff,
    0x28, 0x28, 0x28, 0xff, 0x20, 0x28, 0x30, 0xff, 0x28, 0x28, 0x28, 0xff,
    0x20, 0x28, 0x28, 0xff, 0x28, 0x28, 0x30, 0xff, 0x28, 0x28, 0x28, 0xff,
    0x28, 0x28, 0x28, 0xff, 0x28, 0x28, 0x30, 0xff, 0x28, 0x28, 0x28, 0xff,
    0x28, 0x28, 0x28, 0xff, 0x28, 0x28, 0x30, 0xff, 0x28, 0x28, 0x28, 0xff,
    0x28, 0x28, 0x28, 0xff, 0x28, 0x28, 0x30, 0xff, 0x28, 0x28, 0x28, 0xff,
    0x28, 0x28, 0x28, 0xff, 0x28, 0x28, 0x30, 0xff, 0x20, 0x28, 0x28, 0xff,
    0x28, 0x28, 0x28, 0xff, 0x28, 0x28, 0x30, 0xff, 0x20, 0x28, 0x28, 0xff,
    0x28, 0x28, 0x28, 0xff, 0x28, 0x28, 0x30, 0xff, 0x28, 0x28, 0x28, 0xff,
    0x20, 0x28, 0x28, 0xff, 0x20, 0x28, 0x30, 0xff, 0x28, 0x28, 0x28, 0xff,
    0x20, 0x28, 0x28, 0xff, 0x28, 0x28, 0x30, 0xff, 0x28, 0x28, 0x28, 0xff,
    0x20, 0x28, 0x28, 0xff, 0x28, 0x28, 0x30, 0xff, 0x28, 0x28, 0x28, 0xff,
    0x28, 0x28, 0x28, 0xff, 0x28, 0x28, 0x30, 0xff, 0x28, 0x28, 0x28, 0xff,
    0x20, 0x28, 0x28, 0xff, 0x28, 0x28, 0x30, 0xff, 0x28, 0x28, 0x28, 0xff,
    0x28, 0x28, 0x28, 0xff, 0x28, 0x28, 0x30, 0xff, 0x28, 0x28, 0x28, 0xff,
    0x20, 0x28, 0x28, 0xff, 0x28, 0x28, 0x30, 0xff, 0x28, 0x28, 0x28, 0xff,
    0x20, 0x28, 0x28, 0xff, 0x28, 0x28, 0x30, 0xff, 0x28, 0x28, 0x28, 0xff,
    0x28, 0x28, 0x28, 0xff, 0x20, 0x28, 0x28, 0xff, 0x28, 0x28, 0x28, 0xff,
    0x20, 0x28, 0x28, 0xff, 0x28, 0x28, 0x28, 0xff, 0x28, 0x28, 0x28, 0xff,
    0x20, 0x28, 0x28, 0xff, 0x28, 0x28, 0x28, 0xff, 0x28, 0x28, 0x28, 0xff,
    0x20, 0x28, 0x28, 0xff, 0x28, 0x28, 0x30, 0xff, 0x28, 0x28, 0x28, 0xff,
    0x28, 0x28, 0x28, 0xff, 0x20, 0x28, 0x28, 0xff, 0x28, 0x28, 0x28, 0xff,
    0x28, 0x28, 0x28, 0xff, 0x20, 0x28, 0x28, 0xff, 0x28, 0x28, 0x28, 0xff,
    0x28, 0x28, 0x28, 0xff, 0x20, 0x28, 0x30, 0xff, 0x28, 0x28, 0x28, 0xff,
    0x28, 0x28, 0x28, 0xff, 0x28, 0x28, 0x28, 0xff, 0x28, 0x28, 0x28, 0xff,
    0x28, 0x28, 0x28, 0xff, 0x20, 0x28, 0x28, 0xff, 0x28, 0x28, 0x28, 0xff,
    0x28, 0x28, 0x28, 0xff, 0x28, 0x28, 0x28, 0xff, 0x28, 0x28, 0x28, 0xff,
    0x28, 0x28, 0x30, 0xff, 0x28, 0x28, 0x28, 0xff, 0x20, 0x28, 0x28, 0xff,
    0x28, 0x28, 0x28, 0xff, 0x20, 0x28, 0x28, 0xff, 0x28, 0x28, 0x28, 0xff,
    0x20, 0x28, 0x30, 0xff, 0x20, 0x28, 0x28, 0xff, 0x28, 0x28, 0x28, 0xff,
    0x28, 0x28, 0x28, 0xff, 0x28, 0x28, 0x30, 0xff, 0x28, 0x28, 0x28, 0xff,
    0x28, 0x28, 0x28, 0xff, 0x20, 0x28, 0x28, 0xff, 0x28, 0x28, 0x28, 0xff,
    0x28, 0x28, 0x28, 0xff, 0x20, 0x28, 0x28, 0xff, 0x28, 0x28, 0x28, 0xff,
    0x28, 0x28, 0x28, 0xff, 0x28, 0x28, 0x30, 0xff, 0x28, 0x28, 0x28, 0xff,
    0x20, 0x28, 0x28, 0xff, 0x28, 0x28, 0x28, 0xff, 0x28, 0x28, 0x28, 0xff,
    0x28, 0x28, 0x30, 0xff, 0x28, 0x28, 0x28, 0xff, 0x28, 0x28, 0x28, 0xff,
    0x20, 0x28, 0x30, 0xff, 0x28, 0x28, 0x28, 0xff, 0x28, 0x28, 0x28, 0xff,
    0x20, 0x28, 0x28, 0xff, 0x28, 0x28, 0x28, 0xff, 0x28, 0x28, 0x28, 0xff,
    0x20, 0x28, 0x28, 0xff, 0x28, 0x28, 0x28, 0xff, 0x28, 0x28, 0x28, 0xff,
    0x20, 0x28, 0x28, 0xff, 0x28, 0x28, 0x28, 0xff, 0x28, 0x28, 0x28, 0xff,
    0x28, 0x28, 0x28, 0xff, 0x20, 0x28, 0x28, 0xff, 0x28, 0x28, 0x28, 0xff,
    0x28, 0x28, 0x28, 0xff, 0x20, 0x28, 0x28, 0xff, 0x28, 0x28, 0x28, 0xff,
    0x28, 0x28, 0x28, 0xff, 0x28, 0x28, 0x28, 0xff, 0x20, 0x28, 0x28, 0xff,
    0x28, 0x28, 0x28, 0xff, 0x28, 0x28, 0x28, 0xff, 0x28, 0x28, 0x28, 0xff,
    0x20, 0x28, 0x28, 0xff, 0x28, 0x28, 0x28, 0xff, 0x28, 0x28, 0x28, 0xff,
    0x20, 0x28, 0x28, 0xff, 0x28, 0x28, 0x28, 0xff, 0x28, 0x28, 0x28, 0xff,
    0x28, 0x28, 0x28, 0xff, 0x28, 0x28, 0x28, 0xff, 0x20, 0x28, 0x28, 0xff,
    0x28, 0x28, 0x28, 0xff, 0x28, 0x28, 0x28, 0xff, 0x20, 0x28, 0x28, 0xff,
    0x28, 0x28, 0x28, 0xff, 0x28, 0x28, 0x28, 0xff, 0x28, 0x28, 0x28, 0xff,
    0x20, 0x28, 0x28, 0xff, 0x20, 0x28, 0x28, 0xff, 0x28, 0x28, 0x28, 0xff,
    0x28, 0x28, 0x28, 0xff, 0x20, 0x28, 0x28, 0xff, 0x28, 0x28, 0x28, 0xff,
    0x28, 0x28, 0x28, 0xff, 0x20, 0x28, 0x28, 0xff, 0x28, 0x28, 0x28, 0xff,
    0x20, 0x28, 0x28, 0xff, 0x28, 0x28, 0x28, 0xff, 0x28, 0x28, 0x28, 0xff,
    0x20, 0x28, 0x28, 0xff, 0x28, 0x28, 0x28, 0xff, 0x28, 0x28, 0x28, 0xff,
    0x28, 0x28, 0x28, 0xff, 0x20, 0x28, 0x28, 0xff, 0x28, 0x28, 0x28, 0xff,
    0x28, 0x28, 0x28, 0xff, 0x28, 0x28, 0x28, 0xff, 0x28, 0x28, 0x28, 0xff,
    0x28, 0x28, 0x28, 0xff, 0x28, 0x28, 0x28, 0xff, 0x20, 0x28, 0x28, 0xff,
    0x28, 0x28, 0x28, 0xff, 0x28, 0x28, 0x28, 0xff, 0x28, 0x28, 0x28, 0xff,
    0x20, 0x28, 0x28, 0xff, 0x28, 0x28, 0x28, 0xff, 0x20, 0x28, 0x28, 0xff,
    0x28, 0x28, 0x28, 0xff, 0x28, 0x28, 0x28, 0xff, 0x28, 0x28, 0x28, 0xff,
    0x28, 0x28, 0x28, 0xff, 0x20, 0x28, 0x28, 0xff, 0x28, 0x28, 0x28, 0xff,
    0x20, 0x28, 0x28, 0xff, 0x28, 0x28, 0x28, 0xff, 0x28, 0x28, 0x28, 0xff,
    0x28, 0x28, 0x28, 0xff, 0x28, 0x28, 0x28, 0xff, 0x28, 0x28, 0x28, 0xff,
    0x28, 0x28, 0x28, 0xff, 0x28, 0x28, 0x28, 0xff, 0x28, 0x28, 0x28, 0xff,
    0x28, 0x28, 0x30, 0xff, 0x28, 0x28, 0x28, 0xff, 0x28, 0x28, 0x28, 0xff,
    0x20, 0x28, 0x30, 0xff, 0x28, 0x28, 0x28, 0xff, 0x28, 0x28, 0x28, 0xff,
    0x28, 0x28, 0x30, 0xff, 0x28, 0x28, 0x28, 0xff, 0x28, 0x28, 0x28, 0xff,
    0x20, 0x28, 0x28, 0xff, 0x28, 0x28, 0x28, 0xff, 0x28, 0x28, 0x28, 0xff,
    0x28, 0x28, 0x30, 0xff, 0x28, 0x28, 0x28, 0xff, 0x28, 0x28, 0x28, 0xff,
    0x20, 0x28, 0x28, 0xff, 0x28, 0x28, 0x28, 0xff, 0x28, 0x28, 0x28, 0xff,
    0x28, 0x28, 0x28, 0xff, 0x28, 0x28, 0x28, 0xff, 0x28, 0x28, 0x28, 0xff,
    0x28, 0x28, 0x28, 0xff, 0x20, 0x28, 0x28, 0xff, 0x28, 0x28, 0x28, 0xff,
    0x28, 0x28, 0x30, 0xff, 0x20, 0x28, 0x28, 0xff, 0x28, 0x28, 0x28, 0xff,
    0x20, 0x28, 0x28, 0xff, 0x28, 0x28, 0x28, 0xff, 0x28, 0x28, 0x28, 0xff,
    0x20, 0x28, 0x28, 0xff, 0x28, 0x28, 0x28, 0xff, 0x28, 0x28, 0x28, 0xff,
    0x28, 0x28, 0x28, 0xff, 0x28, 0x28, 0x28, 0xff, 0x28, 0x28, 0x28, 0xff,
    0x28, 0x28, 0x28, 0xff, 0x20, 0x28, 0x28, 0xff, 0x20, 0x28, 0x28, 0xff,
    0x28, 0x28, 0x28, 0xff, 0x28, 0x28, 0x28, 0xff, 0x20, 0x28, 0x30, 0xff,
    0x28, 0x28, 0x28, 0xff, 0x28, 0x28, 0x28, 0xff, 0x20, 0x28, 0x30, 0xff,
    0x28, 0x28, 0x28, 0xff, 0x20, 0x28, 0x28, 0xff, 0x28, 0x28, 0x28, 0xff,
    0x28, 0x28, 0x28, 0xff, 0x20, 0x28, 0x28, 0xff, 0x28, 0x28, 0x30, 0xff,
    0x28, 0x28, 0x28, 0xff, 0x20, 0x28, 0x28, 0xff, 0x28, 0x28, 0x28, 0xff,
    0x28, 0x28, 0x28, 0xff, 0x20, 0x28, 0x28, 0xff, 0x28, 0x28, 0x28, 0xff,
    0x28, 0x28, 0x28, 0xff, 0x28, 0x28, 0x28, 0xff, 0x28, 0x28, 0x28, 0xff,
    0x28, 0x28, 0x28, 0xff, 0x28, 0x28, 0x28, 0xff, 0x20, 0x28, 0x28, 0xff,
    0x28, 0x28, 0x30, 0xff, 0x28, 0x28, 0x28, 0xff, 0x28, 0x28, 0x28, 0xff,
    0x20, 0x28, 0x30, 0xff, 0x28, 0x28, 0x28, 0xff, 0x28, 0x28, 0x28, 0xff,
    0x28, 0x28, 0x28, 0xff, 0x28, 0x28, 0x28, 0xff, 0x28, 0x28, 0x28, 0xff,
    0x28, 0x28, 0x28, 0xff, 0x20, 0x28, 0x28, 0xff, 0x28, 0x28, 0x28, 0xff,
    0x28, 0x28, 0x28, 0xff, 0x28, 0x28, 0x28, 0xff, 0x28, 0x28, 0x28, 0xff,
    0x28, 0x28, 0x28, 0xff, 0x20, 0x28, 0x28, 0xff, 0x28, 0x28, 0x28, 0xff,
    0x28, 0x28, 0x28, 0xff, 0x20, 0x28, 0x28, 0xff, 0x28, 0x28, 0x28, 0xff,
    0x28, 0x28, 0x28, 0xff, 0x20, 0x28, 0x28, 0xff, 0x28, 0x28, 0x28, 0xff,
    0x28, 0x28, 0x28, 0xff, 0x28, 0x28, 0x28, 0xff, 0x28, 0x28, 0x28, 0xff,
    0x28, 0x28, 0x28, 0xff, 0x28, 0x28, 0x28, 0xff, 0x28, 0x28, 0x28, 0xff,
    0x28, 0x28, 0x28, 0xff, 0x28, 0x28, 0x28, 0xff, 0x28, 0x28, 0x28, 0xff,
    0x28, 0x28, 0x28, 0xff, 0x28, 0x28, 0x28, 0xff, 0x20, 0x28, 0x28, 0xff,
    0x28, 0x28, 0x28, 0xff, 0x28, 0x28, 0x28, 0xff, 0x20, 0x28, 0x28, 0xff,
    0x28, 0x28, 0x28, 0xff, 0x28, 0x28, 0x28, 0xff, 0x20, 0x28, 0x28, 0xff,
    0x28, 0x28, 0x28, 0xff, 0x28, 0x28, 0x28, 0xff, 0x28, 0x28, 0x28, 0xff,
    0x28, 0x28, 0x28, 0xff, 0x28, 0x28, 0x28, 0xff, 0x20, 0x28, 0x28, 0xff,
    0x28, 0x28, 0x28, 0xff, 0x28, 0x28, 0x28, 0xff, 0x20, 0x28, 0x28, 0xff,
    0x28, 0x28, 0x28, 0xff, 0x28, 0x28, 0x28, 0xff, 0x28, 0x28, 0x28, 0xff,
    0x28, 0x28, 0x28, 0xff, 0x28, 0x28, 0x28, 0xff, 0x20, 0x28, 0x28, 0xff,
    0x28, 0x28, 0x28, 0xff, 0x28, 0x28, 0x28, 0xff, 0x28, 0x28, 0x28, 0xff,
    0x28, 0x28, 0x28, 0xff, 0x20, 0x28, 0x28, 0xff, 0x28, 0x28, 0x28, 0xff,
    0x28, 0x28, 0x28, 0xff, 0x20, 0x28, 0x28, 0xff, 0x28, 0x28, 0x28, 0xff,
    0x28, 0x28, 0x28, 0xff, 0x28, 0x28, 0x28, 0xff, 0x28, 0x28, 0x28, 0xff,
    0x20, 0x28, 0x28, 0xff, 0x28, 0x28, 0x28, 0xff, 0x20, 0x28, 0x28, 0xff,
    0x28, 0x28, 0x28, 0xff, 0x28, 0x28, 0x28, 0xff, 0x20, 0x28, 0x28, 0xff,
    0x20, 0x28, 0x28, 0xff, 0x28, 0x28, 0x28, 0xff, 0x28, 0x28, 0x28, 0xff,
    0x20, 0x28, 0x28, 0xff, 0x28, 0x28, 0x28, 0xff, 0x28, 0x28, 0x28, 0xff,
    0x28, 0x28, 0x28, 0xff, 0x20, 0x28, 0x28, 0xff, 0x28, 0x28, 0x28, 0xff,
    0x28, 0x28, 0x28, 0xff, 0x28, 0x28, 0x28, 0xff, 0x28, 0x28, 0x28, 0xff,
    0x20, 0x28, 0x28, 0xff, 0x28, 0x28, 0x28, 0xff, 0x28, 0x28, 0x28, 0xff,
    0x20, 0x28, 0x28, 0xff, 0x28, 0x28, 0x30, 0xff, 0x28, 0x28, 0x28, 0xff,
    0x28, 0x28, 0x28, 0xff, 0x20, 0x28, 0x30, 0xff, 0x28, 0x28, 0x28, 0xff,
    0x20, 0x28, 0x28, 0xff, 0x28, 0x28, 0x28, 0xff, 0x28, 0x28, 0x28, 0xff,
    0x28, 0x28, 0x28, 0xff, 0x28, 0x28, 0x28, 0xff, 0x28, 0x28, 0x28, 0xff,
    0x28, 0x28, 0x28, 0xff, 0x28, 0x28, 0x28, 0xff, 0x20, 0x28, 0x30, 0xff,
    0x28, 0x28, 0x28, 0xff, 0x28, 0x28, 0x28, 0xff, 0x28, 0x28, 0x28, 0xff,
    0x28, 0x28, 0x30, 0xff, 0x28, 0x28, 0x28, 0xff, 0x20, 0x28, 0x28, 0xff,
    0x28, 0x28, 0x30, 0xff, 0x28, 0x28, 0x28, 0xff, 0x28, 0x28, 0x28, 0xff,
    0x28, 0x28, 0x28, 0xff, 0x28, 0x28, 0x30, 0xff, 0x28, 0x28, 0x28, 0xff,
    0x20, 0x28, 0x28, 0xff, 0x28, 0x28, 0x28, 0xff, 0x28, 0x28, 0x28, 0xff,
    0x28, 0x28, 0x28, 0xff, 0x28, 0x28, 0x28, 0xff, 0x28, 0x28, 0x28, 0xff,
    0x28, 0x28, 0x28, 0xff, 0x20, 0x28, 0x30, 0xff, 0x28, 0x28, 0x28, 0xff,
    0x28, 0x28, 0x28, 0xff, 0x28, 0x28, 0x28, 0xff, 0x28, 0x28, 0x28, 0xff,
    0x20, 0x28, 0x28, 0xff, 0x28, 0x28, 0x28, 0xff, 0x28, 0x28, 0x28, 0xff,
    0x28, 0x28, 0x28, 0xff, 0x28, 0x28, 0x28, 0xff, 0x20, 0x28, 0x28, 0xff,
    0x28, 0x28, 0x30, 0xff, 0x28, 0x28, 0x28, 0xff, 0x20, 0x28, 0x28, 0xff,
    0x28, 0x28, 0x30, 0xff, 0x28, 0x28, 0x28, 0xff, 0x28, 0x28, 0x28, 0xff,
    0x28, 0x28, 0x28, 0xff, 0x28, 0x28, 0x28, 0xff, 0x20, 0x28, 0x28, 0xff,
    0x28, 0x28, 0x28, 0xff, 0x28, 0x28, 0x28, 0xff, 0x20, 0x28, 0x30, 0xff,
    0x28, 0x28, 0x28, 0xff, 0x28, 0x28, 0x28, 0xff, 0x20, 0x28, 0x30, 0xff,
    0x28, 0x28, 0x28, 0xff, 0x28, 0x28, 0x28, 0xff, 0x20, 0x28, 0x30, 0xff,
    0x28, 0x28, 0x28, 0xff, 0x28, 0x28, 0x28, 0xff, 0x20, 0x28, 0x30, 0xff,
    0x28, 0x28, 0x28, 0xff, 0x28, 0x28, 0x28, 0xff, 0x28, 0x28, 0x30, 0xff,
    0x28, 0x28, 0x28, 0xff, 0x28, 0x28, 0x28, 0xff, 0x20, 0x28, 0x30, 0xff,
    0x28, 0x28, 0x28, 0xff, 0x28, 0x28, 0x28, 0xff, 0x20, 0x28, 0x30, 0xff,
    0x28, 0x28, 0x28, 0xff, 0x20, 0x28, 0x28, 0xff, 0x20, 0x28, 0x30, 0xff,
    0x28, 0x28, 0x28, 0xff, 0x20, 0x28, 0x28, 0xff, 0x20, 0x28, 0x30, 0xff,
    0x28, 0x28, 0x28, 0xff, 0x28, 0x28, 0x28, 0xff, 0x28, 0x28, 0x30, 0xff,
    0x20, 0x28, 0x28, 0xff, 0x28, 0x28, 0x28, 0xff, 0x28, 0x28, 0x30, 0xff,
    0x28, 0x28, 0x28, 0xff, 0x28, 0x28, 0x28, 0xff, 0x28, 0x28, 0x30, 0xff,
    0x28, 0x28, 0x28, 0xff, 0x28, 0x28, 0x28, 0xff, 0x20, 0x28, 0x30, 0xff,
    0x28, 0x28, 0x28, 0xff, 0x20, 0x28, 0x28, 0xff, 0x28, 0x28, 0x30, 0xff,
    0x28, 0x28, 0x28, 0xff, 0x28, 0x28, 0x28, 0xff, 0x28, 0x28, 0x30, 0xff,
    0x28, 0x28, 0x28, 0xff, 0x20, 0x28, 0x28, 0xff, 0x28, 0x28, 0x30, 0xff,
    0x20, 0x28, 0x28, 0xff, 0x20, 0x28, 0x28, 0xff, 0x28, 0x28, 0x30, 0xff,
    0x28, 0x28, 0x28, 0xff, 0x28, 0x28, 0x28, 0xff, 0x20, 0x28, 0x30, 0xff,
    0x28, 0x28, 0x28, 0xff, 0x28, 0x28, 0x28, 0xff, 0x28, 0x28, 0x30, 0xff,
    0x28, 0x28, 0x28, 0xff, 0x28, 0x28, 0x28, 0xff, 0x20, 0x28, 0x30, 0xff,
    0x28, 0x28, 0x28, 0xff, 0x28, 0x28, 0x28, 0xff, 0x20, 0x28, 0x30, 0xff,
    0x28, 0x28, 0x28, 0xff, 0x28, 0x28, 0x28, 0xff, 0x28, 0x28, 0x30, 0xff,
    0x28, 0x28, 0x28, 0xff, 0x28, 0x28, 0x28, 0xff, 0x20, 0x28, 0x30, 0xff,
    0x28, 0x28, 0x28, 0xff, 0x28, 0x28, 0x28, 0xff, 0x28, 0x28, 0x30, 0xff,
    0x20, 0x28, 0x28, 0xff, 0x28, 0x28, 0x28, 0xff, 0x28, 0x28, 0x28, 0xff,
    0x20, 0x28, 0x28, 0xff, 0x28, 0x28, 0x28, 0xff, 0x28, 0x28, 0x30, 0xff,
    0x20, 0x28, 0x28, 0xff, 0x28, 0x28, 0x28, 0xff, 0x20, 0x28, 0x28, 0xff,
    0x28, 0x28, 0x30, 0xff, 0x28, 0x28, 0x28, 0xff, 0x28, 0x28, 0x28, 0xff,
    0x20, 0x28, 0x30, 0xff, 0x28, 0x28, 0x28, 0xff, 0x28, 0x28, 0x28, 0xff,
    0x20, 0x28, 0x28, 0xff, 0x28, 0x28, 0x28, 0xff, 0x28, 0x28, 0x28, 0xff,
    0x28, 0x28, 0x28, 0xff, 0x20, 0x28, 0x28, 0xff, 0x28, 0x28, 0x28, 0xff,
    0x28, 0x28, 0x28, 0xff, 0x28, 0x28, 0x28, 0xff, 0x20, 0x28, 0x28, 0xff,
    0x28, 0x28, 0x28, 0xff, 0x20, 0x28, 0x28, 0xff, 0x28, 0x28, 0x28, 0xff,
    0x28, 0x28, 0x28, 0xff, 0x28, 0x28, 0x28, 0xff, 0x20, 0x28, 0x28, 0xff,
    0x28, 0x28, 0x28, 0xff, 0x28, 0x28, 0x28, 0xff, 0x20, 0x28, 0x28, 0xff,
    0x28, 0x28, 0x28, 0xff, 0x28, 0x28, 0x28, 0xff, 0x20, 0x28, 0x28, 0xff,
    0x28, 0x28, 0x28, 0xff, 0x20, 0x28, 0x28, 0xff, 0x28, 0x28, 0x28, 0xff,
    0x28, 0x28, 0x28, 0xff, 0x28, 0x28, 0x28, 0xff, 0x28, 0x28, 0x28, 0xff,
    0x28, 0x28, 0x28, 0xff, 0x20, 0x28, 0x28, 0xff, 0x28, 0x28, 0x28, 0xff,
    0x28, 0x28, 0x28, 0xff, 0x20, 0x28, 0x28, 0xff, 0x28, 0x28, 0x28, 0xff,
    0x28, 0x28, 0x28, 0xff, 0x28, 0x28, 0x28, 0xff, 0x20, 0x28, 0x28, 0xff,
    0x28, 0x28, 0x28, 0xff, 0x28, 0x28, 0x28, 0xff, 0x28, 0x28, 0x30, 0xff,
    0x20, 0x28, 0x28, 0xff, 0x28, 0x28, 0x28, 0xff, 0x28, 0x28, 0x30, 0xff,
    0x20, 0x28, 0x28, 0xff, 0x28, 0x28, 0x28, 0xff, 0x28, 0x28, 0x28, 0xff,
    0x20, 0x28, 0x28, 0xff, 0x28, 0x28, 0x28, 0xff, 0x28, 0x28, 0x28, 0xff,
    0x20, 0x28, 0x28, 0xff, 0x28, 0x28, 0x28, 0xff, 0x28, 0x28, 0x28, 0xff,
    0x20, 0x28, 0x28, 0xff, 0x28, 0x28, 0x28, 0xff, 0x28, 0x28, 0x28, 0xff,
    0x20, 0x28, 0x28, 0xff, 0x28, 0x28, 0x28, 0xff, 0x28, 0x28, 0x28, 0xff,
    0x20, 0x28, 0x28, 0xff, 0x28, 0x28, 0x28, 0xff, 0x28, 0x28, 0x28, 0xff,
    0x28, 0x28, 0x28, 0xff, 0x20, 0x28, 0x28, 0xff, 0x28, 0x28, 0x28, 0xff,
    0x28, 0x28, 0x28, 0xff, 0x28, 0x28, 0x28, 0xff, 0x28, 0x28, 0x28, 0xff,
    0x20, 0x28, 0x28, 0xff, 0x28, 0x28, 0x28, 0xff, 0x28, 0x28, 0x28, 0xff,
    0x20, 0x28, 0x28, 0xff, 0x28, 0x28, 0x28, 0xff, 0x28, 0x28, 0x28, 0xff,
    0x28, 0x28, 0x28, 0xff, 0x28, 0x28, 0x28, 0xff, 0x28, 0x28, 0x28, 0xff,
    0x28, 0x28, 0x28, 0xff, 0x28, 0x28, 0x28, 0xff, 0x28, 0x28, 0x28, 0xff,
    0x28, 0x28, 0x28, 0xff, 0x28, 0x28, 0x28, 0xff, 0x20, 0x28, 0x28, 0xff,
    0x28, 0x28, 0x28, 0xff, 0x28, 0x28, 0x28, 0xff, 0x28, 0x28, 0x28, 0xff,
    0x28, 0x28, 0x28, 0xff, 0x20, 0x28, 0x28, 0xff, 0x28, 0x28, 0x28, 0xff,
    0x20, 0x28, 0x28, 0xff, 0x28, 0x28, 0x28, 0xff, 0x28, 0x28, 0x28, 0xff,
    0x28, 0x28, 0x28, 0xff, 0x28, 0x28, 0x28, 0xff, 0x28, 0x28, 0x28, 0xff,
    0x20, 0x28, 0x28, 0xff, 0x28, 0x28, 0x28, 0xff, 0x28, 0x28, 0x28, 0xff,
    0x20, 0x28, 0x28, 0xff, 0x28, 0x28, 0x28, 0xff, 0x28, 0x28, 0x28, 0xff,
    0x28, 0x28, 0x28, 0xff, 0x28, 0x28, 0x28, 0xff, 0x28, 0x28, 0x28, 0xff,
    0x28, 0x28, 0x28, 0xff, 0x20, 0x28, 0x28, 0xff, 0x28, 0x28, 0x28, 0xff,
    0x28, 0x28, 0x28, 0xff, 0x28, 0x28, 0x28, 0xff, 0x20, 0x28, 0x28, 0xff,
    0x28, 0x28, 0x28, 0xff, 0x20, 0x28, 0x28, 0xff, 0x28, 0x28, 0x28, 0xff,
    0x28, 0x28, 0x28, 0xff, 0x28, 0x28, 0x28, 0xff, 0x28, 0x28, 0x28, 0xff,
    0x28, 0x28, 0x28, 0xff, 0x20, 0x28, 0x28, 0xff, 0x28, 0x28, 0x28, 0xff,
    0x28, 0x28, 0x28, 0xff, 0x20, 0x28, 0x28, 0xff, 0x28, 0x28, 0x28, 0xff,
    0x28, 0x28, 0x28, 0xff, 0x28, 0x28, 0x28, 0xff, 0x20, 0x28, 0x28, 0xff,
    0x28, 0x28, 0x28, 0xff, 0x28, 0x28, 0x28, 0xff, 0x28, 0x28, 0x28, 0xff,
    0x28, 0x28, 0x30, 0xff, 0x28, 0x28, 0x28, 0xff, 0x28, 0x28, 0x28, 0xff,
    0x28, 0x28, 0x28, 0xff, 0x28, 0x28, 0x28, 0xff, 0x28, 0x28, 0x28, 0xff,
    0x28, 0x28, 0x28, 0xff, 0x28, 0x28, 0x28, 0xff, 0x20, 0x28, 0x28, 0xff,
    0x28, 0x28, 0x28, 0xff, 0x28, 0x28, 0x28, 0xff, 0x28, 0x28, 0x28, 0xff,
    0x28, 0x28, 0x28, 0xff, 0x28, 0x28, 0x28, 0xff, 0x28, 0x28, 0x28, 0xff,
    0x20, 0x28, 0x28, 0xff, 0x28, 0x28, 0x28, 0xff, 0x28, 0x28, 0x28, 0xff,
    0x28, 0x28, 0x28, 0xff, 0x28, 0x28, 0x28, 0xff, 0x28, 0x28, 0x28, 0xff,
    0x28, 0x28, 0x28, 0xff, 0x28, 0x28, 0x28, 0xff, 0x20, 0x28, 0x28, 0xff,
    0x28, 0x28, 0x30, 0xff, 0x28, 0x28, 0x28, 0xff, 0x20, 0x28, 0x28, 0xff,
    0x28, 0x28, 0x28, 0xff, 0x28, 0x28, 0x28, 0xff, 0x20, 0x28, 0x30, 0xff,
    0x28, 0x28, 0x28, 0xff, 0x28, 0x28, 0x28, 0xff, 0x20, 0x28, 0x28, 0xff,
    0x28, 0x28, 0x28, 0xff, 0x28, 0x28, 0x28, 0xff, 0x28, 0x28, 0x28, 0xff,
    0x28, 0x28, 0x30, 0xff, 0x20, 0x28, 0x28, 0xff, 0x28, 0x28, 0x28, 0xff,
    0x20, 0x28, 0x28, 0xff, 0x28, 0x28, 0x28, 0xff, 0x28, 0x28, 0x30, 0xff,
    0x20, 0x28, 0x28, 0xff, 0x28, 0x28, 0x28, 0xff, 0x28, 0x28, 0x30, 0xff,
    0x20, 0x28, 0x28, 0xff, 0x28, 0x28, 0x28, 0xff, 0x28, 0x28, 0x28, 0xff,
    0x28, 0x28, 0x28, 0xff, 0x20, 0x28, 0x30, 0xff, 0x28, 0x28, 0x28, 0xff,
    0x28, 0x28, 0x28, 0xff, 0x28, 0x28, 0x28, 0xff, 0x20, 0x28, 0x28, 0xff,
    0x28, 0x28, 0x28, 0xff, 0x28, 0x28, 0x28, 0xff, 0x28, 0x28, 0x28, 0xff,
    0x28, 0x28, 0x28, 0xff, 0x28, 0x28, 0x28, 0xff, 0x28, 0x28, 0x28, 0xff,
    0x28, 0x28, 0x28, 0xff, 0x28, 0x28, 0x28, 0xff, 0x20, 0x28, 0x28, 0xff,
    0x28, 0x28, 0x28, 0xff, 0x28, 0x28, 0x30, 0xff, 0x28, 0x28, 0x28, 0xff,
    0x28, 0x28, 0x28, 0xff, 0x28, 0x28, 0x30, 0xff, 0x28, 0x28, 0x28, 0xff,
    0x28, 0x28, 0x28, 0xff, 0x28, 0x28, 0x28, 0xff, 0x28, 0x28, 0x30, 0xff,
    0x28, 0x28, 0x28, 0xff, 0x28, 0x28, 0x28, 0xff, 0x20, 0x28, 0x28, 0xff,
    0x28, 0x28, 0x28, 0xff, 0x28, 0x28, 0x30, 0xff, 0x20, 0x28, 0x28, 0xff,
    0x28, 0x28, 0x28, 0xff, 0x28, 0x28, 0x28, 0xff, 0x20, 0x28, 0x30, 0xff,
    0x28, 0x28, 0x28, 0xff, 0x28, 0x28, 0x28, 0xff, 0x28, 0x28, 0x28, 0xff,
    0x28, 0x28, 0x28, 0xff, 0x20, 0x28, 0x30, 0xff, 0x28, 0x28, 0x28, 0xff,
    0x20, 0x28, 0x28, 0xff, 0x28, 0x28, 0x28, 0xff, 0x28, 0x28, 0x30, 0xff,
    0x20, 0x28, 0x28, 0xff, 0x28, 0x28, 0x28, 0xff, 0x28, 0x28, 0x28, 0xff,
    0x28, 0x28, 0x28, 0xff, 0x28, 0x28, 0x30, 0xff, 0x20, 0x28, 0x28, 0xff,
    0x28, 0x28, 0x28, 0xff, 0x28, 0x28, 0x28, 0xff, 0x20, 0x28, 0x30, 0xff,
    0x28, 0x28, 0x28, 0xff, 0x28, 0x28, 0x28, 0xff, 0x28, 0x28, 0x28, 0xff,
    0x20, 0x28, 0x28, 0xff, 0x20, 0x28, 0x30, 0xff, 0x28, 0x28, 0x28, 0xff,
    0x28, 0x28, 0x28, 0xff, 0x28, 0x28, 0x28, 0xff, 0x28, 0x28, 0x30, 0xff,
    0x20, 0x28, 0x28, 0xff, 0x28, 0x28, 0x28, 0xff, 0x28, 0x28, 0x28, 0xff,
    0x20, 0x28, 0x28, 0xff, 0x28, 0x28, 0x30, 0xff, 0x28, 0x28, 0x28, 0xff,
    0x20, 0x28, 0x28, 0xff, 0x28, 0x28, 0x28, 0xff, 0x28, 0x28, 0x30, 0xff,
    0x28, 0x28, 0x28, 0xff, 0x20, 0x28, 0x28, 0xff, 0x28, 0x28, 0x28, 0xff,
    0x28, 0x28, 0x28, 0xff, 0x28, 0x28, 0x30, 0xff, 0x28, 0x28, 0x28, 0xff,
    0x20, 0x28, 0x28, 0xff, 0x28, 0x28, 0x28, 0xff, 0x28, 0x28, 0x30, 0xff,
    0x20, 0x28, 0x28, 0xff, 0x28, 0x28, 0x28, 0xff, 0x28, 0x28, 0x28, 0xff,
    0x28, 0x28, 0x28, 0xff, 0x28, 0x28, 0x30, 0xff, 0x20, 0x28, 0x28, 0xff,
    0x28, 0x28, 0x28, 0xff, 0x28, 0x28, 0x28, 0xff, 0x20, 0x28, 0x30, 0xff,
    0x28, 0x28, 0x28, 0xff, 0x28, 0x28, 0x28, 0xff, 0x20, 0x28, 0x28, 0xff,
    0x28, 0x28, 0x28, 0xff, 0x28, 0x28, 0x28, 0xff, 0x20, 0x28, 0x28, 0xff,
    0x28, 0x28, 0x28, 0xff, 0x20, 0x28, 0x28, 0xff, 0x28, 0x28, 0x30, 0xff,
    0x20, 0x28, 0x28, 0xff, 0x28, 0x28, 0x28, 0xff, 0x28, 0x28, 0x28, 0xff,
    0x20, 0x28, 0x30, 0xff, 0x28, 0x28, 0x28, 0xff, 0x28, 0x28, 0x28, 0xff,
    0x20, 0x28, 0x28, 0xff, 0x28, 0x28, 0x28, 0xff, 0x20, 0x28, 0x28, 0xff,
    0x28, 0x28, 0x30, 0xff, 0x28, 0x28, 0x28, 0xff, 0x28, 0x28, 0x28, 0xff,
    0x20, 0x28, 0x30, 0xff, 0x28, 0x28, 0x28, 0xff, 0x28, 0x28, 0x28, 0xff,
    0x20, 0x28, 0x30, 0xff, 0x28, 0x28, 0x28, 0xff, 0x28, 0x28, 0x28, 0xff,
    0x28, 0x28, 0x28, 0xff, 0x28, 0x28, 0x28, 0xff, 0x28, 0x28, 0x28, 0xff,
    0x28, 0x28, 0x28, 0xff, 0x28, 0x28, 0x30, 0xff, 0x28, 0x28, 0x28, 0xff,
    0x28, 0x28, 0x28, 0xff, 0x28, 0x28, 0x28, 0xff, 0x28, 0x28, 0x28, 0xff,
    0x28, 0x28, 0x28, 0xff, 0x28, 0x28, 0x30, 0xff, 0x20, 0x28, 0x28, 0xff,
    0x28, 0x28, 0x28, 0xff, 0x28, 0x28, 0x28, 0xff, 0x28, 0x28, 0x28, 0xff,
    0x28, 0x28, 0x28, 0xff, 0x28, 0x28, 0x28, 0xff, 0x20, 0x28, 0x28, 0xff,
    0x28, 0x28, 0x28, 0xff, 0x28, 0x28, 0x28, 0xff, 0x28, 0x28, 0x28, 0xff,
    0x28, 0x28, 0x28, 0xff, 0x28, 0x28, 0x28, 0xff, 0x28, 0x28, 0x28, 0xff,
    0x20, 0x28, 0x30, 0xff, 0x28, 0x28, 0x28, 0xff, 0x28, 0x28, 0x28, 0xff,
    0x28, 0x28, 0x28, 0xff, 0x20, 0x28, 0x28, 0xff, 0x28, 0x28, 0x28, 0xff,
    0x28, 0x28, 0x28, 0xff, 0x28, 0x28, 0x28, 0xff, 0x20, 0x28, 0x28, 0xff,
    0x28, 0x28, 0x28, 0xff, 0x28, 0x28, 0x30, 0xff, 0x20, 0x28, 0x28, 0xff,
    0x20, 0x28, 0x28, 0xff, 0x28, 0x28, 0x30, 0xff, 0x28, 0x28, 0x28, 0xff,
    0x20, 0x28, 0x28, 0xff, 0x28, 0x28, 0x30, 0xff, 0x28, 0x28, 0x28, 0xff,
    0x20, 0x28, 0x28, 0xff, 0x28, 0x28, 0x28, 0xff, 0x20, 0x28, 0x28, 0xff,
    0x28, 0x28, 0x28, 0xff, 0x20, 0x28, 0x28, 0xff, 0x20, 0x28, 0x28, 0xff,
    0x28, 0x28, 0x28, 0xff, 0x20, 0x28, 0x28, 0xff, 0x28, 0x28, 0x28, 0xff,
    0x28, 0x28, 0x30, 0xff, 0x28, 0x28, 0x28, 0xff, 0x28, 0x28, 0x28, 0xff,
    0x28, 0x28, 0x28, 0xff, 0x20, 0x28, 0x28, 0xff, 0x28, 0x28, 0x28, 0xff,
    0x28, 0x28, 0x28, 0xff, 0x28, 0x28, 0x28, 0xff, 0x20, 0x28, 0x28, 0xff,
    0x28, 0x28, 0x30, 0xff, 0x28, 0x28, 0x28, 0xff, 0x20, 0x28, 0x28, 0xff,
    0x28, 0x28, 0x28, 0xff, 0x28, 0x28, 0x28, 0xff, 0x28, 0x28, 0x28, 0xff,
    0x20, 0x28, 0x28, 0xff, 0x28, 0x28, 0x28, 0xff, 0x28, 0x28, 0x28, 0xff,
    0x20, 0x28, 0x30, 0xff, 0x28, 0x28, 0x28, 0xff, 0x28, 0x28, 0x28, 0xff,
    0x20, 0x28, 0x28, 0xff, 0x28, 0x28, 0x28, 0xff, 0x28, 0x28, 0x28, 0xff,
    0x20, 0x28, 0x28, 0xff, 0x28, 0x28, 0x28, 0xff, 0x28, 0x28, 0x28, 0xff,
    0x28, 0x28, 0x30, 0xff, 0x28, 0x28, 0x28, 0xff, 0x28, 0x28, 0x28, 0xff,
    0x28, 0x28, 0x28, 0xff, 0x20, 0x28, 0x28, 0xff, 0x28, 0x28, 0x28, 0xff,
    0x20, 0x28, 0x28, 0xff, 0x28, 0x28, 0x28, 0xff, 0x28, 0x28, 0x28, 0xff,
    0x28, 0x28, 0x30, 0xff, 0x28, 0x28, 0x28, 0xff, 0x20, 0x28, 0x28, 0xff,
    0x28, 0x28, 0x28, 0xff, 0x28, 0x28, 0x28, 0xff, 0x20, 0x28, 0x28, 0xff,
    0x28, 0x28, 0x28, 0xff, 0x28, 0x28, 0x28, 0xff, 0x28, 0x28, 0x28, 0xff,
    0x28, 0x28, 0x30, 0xff, 0x20, 0x28, 0x28, 0xff, 0x28, 0x28, 0x28, 0xff,
    0x28, 0x28, 0x28, 0xff, 0x28, 0x28, 0x28, 0xff, 0x28, 0x28, 0x28, 0xff,
    0x20, 0x28, 0x28, 0xff, 0x28, 0x28, 0x28, 0xff, 0x28, 0x28, 0x28, 0xff,
    0x20, 0x28, 0x30, 0xff, 0x28, 0x28, 0x28, 0xff, 0x28, 0x28, 0x28, 0xff,
    0x20, 0x28, 0x28, 0xff, 0x28, 0x28, 0x28, 0xff, 0x28, 0x28, 0x28, 0xff,
    0x28, 0x28, 0x28, 0xff, 0x28, 0x28, 0x28, 0xff, 0x28, 0x28, 0x28, 0xff,
    0x28, 0x28, 0x28, 0xff, 0x28, 0x28, 0x30, 0xff, 0x28, 0x28, 0x28, 0xff,
    0x20, 0x28, 0x28, 0xff, 0x28, 0x28, 0x28, 0xff, 0x28, 0x28, 0x28, 0xff,
    0x28, 0x28, 0x28, 0xff, 0x20, 0x28, 0x28, 0xff, 0x28, 0x28, 0x28, 0xff,
    0x28, 0x28, 0x28, 0xff, 0x20, 0x28, 0x28, 0xff, 0x28, 0x28, 0x28, 0xff,
    0x28, 0x28, 0x28, 0xff, 0x28, 0x28, 0x28, 0xff, 0x28, 0x28, 0x30, 0xff,
    0x20, 0x28, 0x28, 0xff, 0x28, 0x28, 0x28, 0xff, 0x28, 0x28, 0x28, 0xff,
    0x20, 0x28, 0x28, 0xff, 0x28, 0x28, 0x28, 0xff, 0x28, 0x28, 0x28, 0xff,
    0x28, 0x28, 0x28, 0xff, 0x20, 0x28, 0x28, 0xff, 0x28, 0x28, 0x28, 0xff,
    0x28, 0x28, 0x28, 0xff, 0x28, 0x28, 0x28, 0xff, 0x20, 0x28, 0x28, 0xff,
    0x28, 0x28, 0x28, 0xff, 0x20, 0x28, 0x28, 0xff, 0x28, 0x28, 0x28, 0xff,
    0x28, 0x28, 0x28, 0xff, 0x20, 0x28, 0x28, 0xff, 0x28, 0x28, 0x28, 0xff,
    0x20, 0x28, 0x28, 0xff, 0x28, 0x28, 0x28, 0xff, 0x28, 0x28, 0x28, 0xff,
    0x28, 0x28, 0x28, 0xff, 0x28, 0x28, 0x28, 0xff, 0x20, 0x28, 0x28, 0xff,
    0x28, 0x28, 0x30, 0xff, 0x20, 0x28, 0x28, 0xff, 0x28, 0x28, 0x28, 0xff,
    0x28, 0x28, 0x30, 0xff, 0x28, 0x28, 0x28, 0xff, 0x20, 0x28, 0x28, 0xff,
    0x28, 0x28, 0x28, 0xff, 0x28, 0x28, 0x28, 0xff, 0x20, 0x28, 0x30, 0xff,
    0x28, 0x28, 0x28, 0xff, 0x28, 0x28, 0x28, 0xff, 0x28, 0x28, 0x28, 0xff,
    0x20, 0x28, 0x28, 0xff, 0x28, 0x28, 0x28, 0xff, 0x28, 0x28, 0x28, 0xff,
    0x28, 0x28, 0x28, 0xff, 0x20, 0x28, 0x30, 0xff, 0x28, 0x28, 0x28, 0xff,
    0x28, 0x28, 0x28, 0xff, 0x28, 0x28, 0x30, 0xff, 0x20, 0x28, 0x28, 0xff,
    0x28, 0x28, 0x28, 0xff, 0x28, 0x28, 0x28, 0xff, 0x28, 0x28, 0x28, 0xff,
    0x28, 0x28, 0x28, 0xff, 0x20, 0x28, 0x28, 0xff, 0x28, 0x28, 0x28, 0xff,
    0x28, 0x28, 0x28, 0xff, 0x28, 0x28, 0x28, 0xff, 0x28, 0x28, 0x28, 0xff,
    0x20, 0x28, 0x28, 0xff, 0x28, 0x28, 0x28, 0xff, 0x28, 0x28, 0x28, 0xff,
    0x28, 0x28, 0x30, 0xff, 0x28, 0x28, 0x28, 0xff, 0x28, 0x28, 0x28, 0xff,
    0x28, 0x28, 0x28, 0xff, 0x20, 0x28, 0x28, 0xff, 0x28, 0x28, 0x28, 0xff,
    0x20, 0x28, 0x28, 0xff, 0x28, 0x28, 0x28, 0xff, 0x28, 0x28, 0x28, 0xff,
    0x28, 0x28, 0x28, 0xff, 0x20, 0x28, 0x30, 0xff, 0x28, 0x28, 0x28, 0xff,
    0x28, 0x28, 0x28, 0xff, 0x28, 0x28, 0x28, 0xff, 0x20, 0x28, 0x28, 0xff,
    0x28, 0x28, 0x28, 0xff, 0x28, 0x28, 0x28, 0xff, 0x28, 0x28, 0x28, 0xff,
    0x28, 0x28, 0x28, 0xff, 0x28, 0x28, 0x30, 0xff, 0x28, 0x28, 0x28, 0xff,
    0x28, 0x28, 0x28, 0xff, 0x28, 0x28, 0x28, 0xff, 0x28, 0x28, 0x28, 0xff,
    0x20, 0x28, 0x28, 0xff, 0x28, 0x28, 0x28, 0xff, 0x28, 0x28, 0x28, 0xff,
    0x28, 0x28, 0x28, 0xff, 0x28, 0x28, 0x30, 0xff, 0x28, 0x28, 0x28, 0xff,
    0x28, 0x28, 0x28, 0xff, 0x20, 0x28, 0x28, 0xff, 0x20, 0x28, 0x28, 0xff,
    0x28, 0x28, 0x28, 0xff, 0x28, 0x28, 0x28, 0xff, 0x28, 0x28, 0x28, 0xff,
    0x28, 0x28, 0x28, 0xff, 0x28, 0x28, 0x30, 0xff, 0x28, 0x28, 0x28, 0xff,
    0x20, 0x28, 0x28, 0xff, 0x28, 0x28, 0x28, 0xff, 0x28, 0x28, 0x28, 0xff,
    0x20, 0x28, 0x28, 0xff, 0x28, 0x28, 0x28, 0xff, 0x28, 0x28, 0x28, 0xff,
    0x28, 0x28, 0x28, 0xff, 0x28, 0x28, 0x30, 0xff, 0x20, 0x28, 0x28, 0xff,
    0x28, 0x28, 0x28, 0xff, 0x28, 0x28, 0x28, 0xff, 0x28, 0x28, 0x28, 0xff,
    0x20, 0x28, 0x28, 0xff, 0x28, 0x28, 0x28, 0xff, 0x20, 0x28, 0x28, 0xff,
    0x28, 0x28, 0x28, 0xff, 0x28, 0x28, 0x30, 0xff, 0x28, 0x28, 0x28, 0xff,
    0x28, 0x28, 0x28, 0xff, 0x28, 0x28, 0x28, 0xff, 0x20, 0x28, 0x28, 0xff,
    0x28, 0x28, 0x28, 0xff, 0x28, 0x28, 0x28, 0xff, 0x28, 0x28, 0x28, 0xff,
    0x28, 0x28, 0x28, 0xff, 0x20, 0x28, 0x30, 0xff, 0x28, 0x28, 0x28, 0xff,
    0x20, 0x28, 0x28, 0xff, 0x28, 0x28, 0x28, 0xff, 0x20, 0x28, 0x28, 0xff,
    0x28, 0x28, 0x28, 0xff, 0x28, 0x28, 0x28, 0xff, 0x28, 0x28, 0x30, 0xff,
    0x28, 0x28, 0x28, 0xff, 0x28, 0x28, 0x28, 0xff, 0x28, 0x28, 0x30, 0xff,
    0x28, 0x28, 0x28, 0xff, 0x28, 0x28, 0x28, 0xff, 0x28, 0x28, 0x30, 0xff,
    0x28, 0x28, 0x28, 0xff, 0x28, 0x28, 0x28, 0xff, 0x20, 0x28, 0x28, 0xff,
    0x28, 0x28, 0x28, 0xff, 0x28, 0x28, 0x28, 0xff, 0x28, 0x28, 0x28, 0xff,
    0x28, 0x28, 0x28, 0xff, 0x28, 0x28, 0x28, 0xff, 0x20, 0x28, 0x28, 0xff,
    0x28, 0x28, 0x28, 0xff, 0x28, 0x28, 0x28, 0xff, 0x28, 0x28, 0x28, 0xff,
    0x28, 0x28, 0x28, 0xff, 0x28, 0x28, 0x28, 0xff, 0x28, 0x28, 0x28, 0xff,
    0x28, 0x28, 0x28, 0xff, 0x28, 0x28, 0x28, 0xff, 0x28, 0x28, 0x30, 0xff,
    0x20, 0x28, 0x28, 0xff, 0x28, 0x28, 0x28, 0xff, 0x28, 0x28, 0x28, 0xff,
    0x20, 0x28, 0x28, 0xff, 0x28, 0x28, 0x30, 0xff, 0x28, 0x28, 0x28, 0xff,
    0x20, 0x28, 0x28, 0xff, 0x20, 0x28, 0x30, 0xff, 0x28, 0x28, 0x28, 0xff,
    0x28, 0x28, 0x28, 0xff, 0x28, 0x28, 0x28, 0xff, 0x28, 0x28, 0x28, 0xff,
    0x20, 0x28, 0x28, 0xff, 0x28, 0x28, 0x28, 0xff, 0x28, 0x28, 0x28, 0xff,
    0x28, 0x28, 0x28, 0xff, 0x28, 0x28, 0x30, 0xff, 0x20, 0x28, 0x28, 0xff,
    0x28, 0x28, 0x28, 0xff, 0x28, 0x28, 0x28, 0xff, 0x20, 0x28, 0x28, 0xff,
    0x28, 0x28, 0x28, 0xff, 0x28, 0x28, 0x28, 0xff, 0x28, 0x28, 0x28, 0xff,
    0x20, 0x28, 0x30, 0xff, 0x28, 0x28, 0x28, 0xff, 0x28, 0x28, 0x28, 0xff,
    0x28, 0x28, 0x28, 0xff, 0x20, 0x28, 0x28, 0xff, 0x28, 0x28, 0x28, 0xff,
    0x28, 0x28, 0x28, 0xff, 0x28, 0x28, 0x28, 0xff, 0x28, 0x28, 0x28, 0xff,
    0x28, 0x28, 0x28, 0xff, 0x28, 0x28, 0x28, 0xff, 0x20, 0x28, 0x28, 0xff,
    0x28, 0x28, 0x28, 0xff, 0x28, 0x28, 0x28, 0xff, 0x20, 0x28, 0x28, 0xff,
    0x28, 0x28, 0x28, 0xff, 0x28, 0x28, 0x30, 0xff, 0x28, 0x28, 0x28, 0xff,
    0x28, 0x28, 0x28, 0xff, 0x28, 0x28, 0x28, 0xff, 0x28, 0x28, 0x28, 0xff,
    0x20, 0x28, 0x28, 0xff, 0x28, 0x28, 0x28, 0xff, 0x28, 0x28, 0x30, 0xff,
    0x28, 0x28, 0x28, 0xff, 0x28, 0x28, 0x28, 0xff, 0x20, 0x28, 0x28, 0xff,
    0x28, 0x28, 0x30, 0xff, 0x28, 0x28, 0x28, 0xff, 0x28, 0x28, 0x28, 0xff,
    0x28, 0x28, 0x28, 0xff, 0x20, 0x28, 0x28, 0xff, 0x28, 0x28, 0x28, 0xff,
    0x28, 0x28, 0x28, 0xff, 0x28, 0x28, 0x28, 0xff, 0x20, 0x28, 0x28, 0xff,
    0x28, 0x28, 0x30, 0xff, 0x20, 0x28, 0x28, 0xff, 0x20, 0x28, 0x28, 0xff,
    0x28, 0x28, 0x28, 0xff, 0x20, 0x28, 0x28, 0xff, 0x28, 0x28, 0x28, 0xff,
    0x28, 0x28, 0x28, 0xff, 0x20, 0x28, 0x28, 0xff, 0x28, 0x28, 0x28, 0xff,
    0x28, 0x28, 0x30, 0xff, 0x20, 0x28, 0x28, 0xff, 0x28, 0x28, 0x28, 0xff,
    0x20, 0x28, 0x28, 0xff, 0x28, 0x28, 0x28, 0xff, 0x28, 0x28, 0x28, 0xff,
    0x28, 0x28, 0x28, 0xff, 0x28, 0x28, 0x28, 0xff, 0x20, 0x28, 0x28, 0xff,
    0x28, 0x28, 0x30, 0xff, 0x20, 0x28, 0x28, 0xff, 0x28, 0x28, 0x28, 0xff,
    0x28, 0x28, 0x28, 0xff, 0x28, 0x28, 0x28, 0xff, 0x20, 0x28, 0x28, 0xff,
    0x28, 0x28, 0x28, 0xff, 0x28, 0x28, 0x28, 0xff, 0x28, 0x28, 0x28, 0xff,
    0x28, 0x28, 0x30, 0xff, 0x20, 0x28, 0x28, 0xff, 0x28, 0x28, 0x28, 0xff,
    0x28, 0x28, 0x28, 0xff, 0x28, 0x28, 0x28, 0xff, 0x20, 0x28, 0x28, 0xff,
    0x28, 0x28, 0x28, 0xff, 0x28, 0x28, 0x28, 0xff, 0x28, 0x28, 0x28, 0xff,
    0x28, 0x28, 0x30, 0xff, 0x28, 0x28, 0x28, 0xff, 0x20, 0x28, 0x28, 0xff,
    0x28, 0x28, 0x28, 0xff, 0x20, 0x28, 0x28, 0xff, 0x28, 0x28, 0x28, 0xff,
    0x28, 0x28, 0x28, 0xff, 0x28, 0x28, 0x28, 0xff, 0x20, 0x28, 0x28, 0xff,
    0x28, 0x28, 0x30, 0xff, 0x28, 0x28, 0x28, 0xff, 0x20, 0x28, 0x28, 0xff,
    0x28, 0x28, 0x28, 0xff, 0x28, 0x28, 0x28, 0xff, 0x28, 0x28, 0x28, 0xff,
    0x20, 0x28, 0x30, 0xff, 0x28, 0x28, 0x28, 0xff, 0x28, 0x28, 0x28, 0xff,
    0x20, 0x28, 0x28, 0xff, 0x28, 0x28, 0x28, 0xff, 0x20, 0x28, 0x28, 0xff,
    0x20, 0x28, 0x28, 0xff, 0x28, 0x28, 0x28, 0xff, 0x20, 0x28, 0x28, 0xff,
    0x28, 0x28, 0x28, 0xff, 0x20, 0x28, 0x28, 0xff, 0x28, 0x28, 0x28, 0xff,
    0x28, 0x28, 0x28, 0xff, 0x20, 0x28, 0x30, 0xff, 0x28, 0x28, 0x28, 0xff,
    0x28, 0x28, 0x28, 0xff, 0x20, 0x28, 0x28, 0xff, 0x28, 0x28, 0x30, 0xff,
    0x28, 0x28, 0x28, 0xff, 0x28, 0x28, 0x28, 0xff, 0x20, 0x28, 0x30, 0xff,
    0x28, 0x28, 0x28, 0xff, 0x20, 0x28, 0x28, 0xff, 0x28, 0x28, 0x30, 0xff,
    0x20, 0x28, 0x28, 0xff, 0x28, 0x28, 0x28, 0xff, 0x28, 0x28, 0x28, 0xff,
    0x28, 0x28, 0x28, 0xff, 0x28, 0x28, 0x28, 0xff, 0x28, 0x28, 0x28, 0xff,
    0x28, 0x28, 0x28, 0xff, 0x28, 0x28, 0x28, 0xff, 0x28, 0x28, 0x28, 0xff,
    0x28, 0x28, 0x28, 0xff, 0x28, 0x28, 0x28, 0xff, 0x28, 0x28, 0x28, 0xff,
    0x28, 0x28, 0x28, 0xff, 0x20, 0x28, 0x28, 0xff, 0x28, 0x28, 0x28, 0xff,
    0x28, 0x28, 0x28, 0xff, 0x28, 0x28, 0x28, 0xff, 0x28, 0x28, 0x28, 0xff,
    0x20, 0x28, 0x28, 0xff, 0x28, 0x28, 0x28, 0xff, 0x28, 0x28, 0x28, 0xff,
    0x20, 0x28, 0x28, 0xff, 0x28, 0x28, 0x28, 0xff, 0x28, 0x28, 0x28, 0xff,
    0x28, 0x28, 0x28, 0xff, 0x28, 0x28, 0x28, 0xff, 0x20, 0x28, 0x30, 0xff,
    0x28, 0x28, 0x28, 0xff, 0x28, 0x28, 0x28, 0xff, 0x28, 0x28, 0x28, 0xff,
    0x20, 0x28, 0x28, 0xff, 0x28, 0x28, 0x28, 0xff, 0x28, 0x28, 0x28, 0xff,
    0x28, 0x28, 0x28, 0xff, 0x20, 0x28, 0x28, 0xff, 0x28, 0x28, 0x28, 0xff,
    0x20, 0x28, 0x28, 0xff, 0x20, 0x28, 0x30, 0xff, 0x28, 0x28, 0x28, 0xff,
    0x28, 0x28, 0x28, 0xff, 0x28, 0x28, 0x30, 0xff, 0x28, 0x28, 0x28, 0xff,
    0x28, 0x28, 0x28, 0xff, 0x28, 0x28, 0x30, 0xff, 0x20, 0x28, 0x28, 0xff,
    0x28, 0x28, 0x28, 0xff, 0x28, 0x28, 0x28, 0xff, 0x20, 0x28, 0x28, 0xff,
    0x28, 0x28, 0x28, 0xff, 0x28, 0x28, 0x28, 0xff, 0x20, 0x28, 0x28, 0xff,
    0x28, 0x28, 0x28, 0xff, 0x28, 0x28, 0x28, 0xff, 0x20, 0x28, 0x28, 0xff,
    0x28, 0x28, 0x28, 0xff, 0x28, 0x28, 0x28, 0xff, 0x20, 0x28, 0x28, 0xff,
    0x28, 0x28, 0x28, 0xff, 0x28, 0x28, 0x28, 0xff, 0x20, 0x28, 0x28, 0xff,
    0x28, 0x28, 0x28, 0xff, 0x28, 0x28, 0x30, 0xff, 0x28, 0x28, 0x28, 0xff,
    0x28, 0x28, 0x28, 0xff, 0x28, 0x28, 0x28, 0xff, 0x28, 0x28, 0x28, 0xff,
    0x28, 0x28, 0x28, 0xff, 0x28, 0x28, 0x28, 0xff, 0x28, 0x28, 0x28, 0xff,
    0x20, 0x28, 0x28, 0xff, 0x28, 0x28, 0x30, 0xff, 0x28, 0x28, 0x28, 0xff,
    0x28, 0x28, 0x28, 0xff, 0x28, 0x28, 0x28, 0xff, 0x28, 0x28, 0x28, 0xff,
    0x28, 0x28, 0x28, 0xff, 0x28, 0x28, 0x28, 0xff, 0x20, 0x28, 0x28, 0xff,
    0x28, 0x28, 0x28, 0xff, 0x28, 0x28, 0x30, 0xff, 0x28, 0x28, 0x28, 0xff,
    0x28, 0x28, 0x28, 0xff, 0x28, 0x28, 0x28, 0xff, 0x28, 0x28, 0x28, 0xff,
    0x20, 0x28, 0x28, 0xff, 0x28, 0x28, 0x28, 0xff, 0x28, 0x28, 0x28, 0xff,
    0x20, 0x28, 0x28, 0xff, 0x28, 0x28, 0x30, 0xff, 0x28, 0x28, 0x28, 0xff,
    0x20, 0x28, 0x28, 0xff, 0x28, 0x28, 0x28, 0xff, 0x28, 0x28, 0x28, 0xff,
    0x20, 0x28, 0x28, 0xff, 0x28, 0x28, 0x28, 0xff, 0x28, 0x28, 0x28, 0xff,
    0x20, 0x28, 0x28, 0xff, 0x28, 0x28, 0x30, 0xff, 0x28, 0x28, 0x28, 0xff,
    0x20, 0x28, 0x28, 0xff, 0x28, 0x28, 0x28, 0xff, 0x28, 0x28, 0x28, 0xff,
    0x28, 0x28, 0x28, 0xff, 0x28, 0x28, 0x28, 0xff, 0x20, 0x28, 0x28, 0xff,
    0x28, 0x28, 0x28, 0xff, 0x28, 0x28, 0x30, 0xff, 0x20, 0x28, 0x28, 0xff,
    0x28, 0x28, 0x28, 0xff, 0x28, 0x28, 0x28, 0xff, 0x20, 0x28, 0x28, 0xff,
    0x28, 0x28, 0x28, 0xff, 0x28, 0x28, 0x28, 0xff, 0x28, 0x28, 0x28, 0xff,
    0x28, 0x28, 0x28, 0xff, 0x28, 0x28, 0x28, 0xff, 0x28, 0x28, 0x28, 0xff,
    0x28, 0x28, 0x28, 0xff, 0x28, 0x28, 0x28, 0xff, 0x28, 0x28, 0x28, 0xff,
    0x28, 0x28, 0x28, 0xff, 0x28, 0x28, 0x28, 0xff, 0x28, 0x28, 0x28, 0xff,
    0x28, 0x28, 0x28, 0xff, 0x28, 0x28, 0x28, 0xff, 0x28, 0x28, 0x28, 0xff,
    0x20, 0x28, 0x28, 0xff, 0x28, 0x28, 0x28, 0xff, 0x28, 0x28, 0x28, 0xff,
    0x28, 0x28, 0x28, 0xff, 0x28, 0x28, 0x28, 0xff, 0x20, 0x28, 0x28, 0xff,
    0x28, 0x28, 0x28, 0xff, 0x28, 0x28, 0x28, 0xff, 0x20, 0x28, 0x28, 0xff,
    0x28, 0x28, 0x28, 0xff, 0x28, 0x28, 0x28, 0xff, 0x28, 0x28, 0x28, 0xff,
    0x28, 0x28, 0x28, 0xff, 0x20, 0x28, 0x28, 0xff, 0x28, 0x28, 0x28, 0xff,
    0x28, 0x28, 0x28, 0xff, 0x20, 0x28, 0x28, 0xff, 0x28, 0x28, 0x28, 0xff,
    0x20, 0x28, 0x28, 0xff, 0x28, 0x28, 0x28, 0xff, 0x20, 0x28, 0x30, 0xff,
    0x20, 0x28, 0x28, 0xff, 0x28, 0x28, 0x28, 0xff, 0x20, 0x28, 0x28, 0xff,
    0x28, 0x28, 0x28, 0xff, 0x28, 0x28, 0x28, 0xff, 0x28, 0x28, 0x28, 0xff,
    0x28, 0x28, 0x30, 0xff, 0x20, 0x28, 0x28, 0xff, 0x28, 0x28, 0x28, 0xff,
    0x20, 0x28, 0x30, 0xff, 0x28, 0x28, 0x28, 0xff, 0x28, 0x28, 0x28, 0xff,
    0x20, 0x28, 0x30, 0xff, 0x28, 0x28, 0x28, 0xff, 0x28, 0x28, 0x28, 0xff,
    0x28, 0x28, 0x28, 0xff, 0x20, 0x28, 0x30, 0xff, 0x28, 0x28, 0x28, 0xff,
    0x28, 0x28, 0x28, 0xff, 0x28, 0x28, 0x28, 0xff, 0x20, 0x28, 0x28, 0xff,
    0x28, 0x28, 0x28, 0xff, 0x28, 0x28, 0x28, 0xff, 0x28, 0x28, 0x28, 0xff,
    0x20, 0x28, 0x30, 0xff, 0x28, 0x28, 0x28, 0xff, 0x28, 0x28, 0x28, 0xff,
    0x28, 0x28, 0x30, 0xff, 0x28, 0x28, 0x28, 0xff, 0x28, 0x28, 0x28, 0xff,
    0x28, 0x28, 0x28, 0xff, 0x20, 0x28, 0x28, 0xff, 0x28, 0x28, 0x28, 0xff,
    0x20, 0x28, 0x28, 0xff, 0x28, 0x28, 0x28, 0xff, 0x28, 0x28, 0x28, 0xff,
    0x20, 0x28, 0x28, 0xff, 0x28, 0x28, 0x28, 0xff, 0x28, 0x28, 0x28, 0xff,
    0x20, 0x28, 0x28, 0xff, 0x28, 0x28, 0x30, 0xff, 0x28, 0x28, 0x28, 0xff,
    0x20, 0x28, 0x28, 0xff, 0x28, 0x28, 0x30, 0xff, 0x28, 0x28, 0x28, 0xff,
    0x28, 0x28, 0x28, 0xff, 0x20, 0x28, 0x28, 0xff, 0x28, 0x28, 0x30, 0xff,
    0x28, 0x28, 0x28, 0xff, 0x28, 0x28, 0x28, 0xff, 0x20, 0x28, 0x28, 0xff,
    0x28, 0x28, 0x30, 0xff, 0x28, 0x28, 0x28, 0xff, 0x28, 0x28, 0x28, 0xff,
    0x20, 0x28, 0x28, 0xff, 0x20, 0x28, 0x28, 0xff, 0x28, 0x28, 0x28, 0xff,
    0x28, 0x28, 0x30, 0xff, 0x20, 0x28, 0x28, 0xff, 0x28, 0x28, 0x28, 0xff,
    0x28, 0x28, 0x30, 0xff, 0x28, 0x28, 0x28, 0xff, 0x28, 0x28, 0x28, 0xff,
    0x20, 0x28, 0x28, 0xff, 0x28, 0x28, 0x28, 0xff, 0x28, 0x28, 0x28, 0xff,
    0x20, 0x28, 0x30, 0xff, 0x28, 0x28, 0x28, 0xff, 0x28, 0x28, 0x28, 0xff,
    0x28, 0x28, 0x30, 0xff, 0x28, 0x28, 0x28, 0xff, 0x20, 0x28, 0x28, 0xff,
    0x28, 0x28, 0x28, 0xff, 0x20, 0x28, 0x28, 0xff, 0x20, 0x28, 0x28, 0xff,
    0x28, 0x28, 0x30, 0xff, 0x28, 0x28, 0x28, 0xff, 0x28, 0x28, 0x28, 0xff,
    0x28, 0x28, 0x30, 0xff, 0x20, 0x28, 0x28, 0xff, 0x28, 0x28, 0x28, 0xff,
    0x28, 0x28, 0x28, 0xff, 0x28, 0x28, 0x28, 0xff, 0x20, 0x28, 0x28, 0xff,
    0x28, 0x28, 0x30, 0xff, 0x28, 0x28, 0x28, 0xff, 0x28, 0x28, 0x28, 0xff,
    0x28, 0x28, 0x30, 0xff, 0x28, 0x28, 0x28, 0xff, 0x20, 0x28, 0x28, 0xff,
    0x28, 0x28, 0x28, 0xff, 0x28, 0x28, 0x28, 0xff, 0x20, 0x28, 0x28, 0xff,
    0x28, 0x28, 0x30, 0xff, 0x20, 0x28, 0x28, 0xff, 0x28, 0x28, 0x28, 0xff,
    0x28, 0x28, 0x30, 0xff, 0x28, 0x28, 0x28, 0xff, 0x28, 0x28, 0x28, 0xff,
    0x28, 0x28, 0x28, 0xff, 0x20, 0x28, 0x28, 0xff, 0x28, 0x28, 0x28, 0xff,
    0x28, 0x28, 0x30, 0xff, 0x28, 0x28, 0x28, 0xff, 0x28, 0x28, 0x28, 0xff,
    0x20, 0x28, 0x30, 0xff, 0x28, 0x28, 0x28, 0xff, 0x20, 0x28, 0x28, 0xff,
    0x20, 0x28, 0x30, 0xff, 0x28, 0x28, 0x28, 0xff, 0x20, 0x28, 0x28, 0xff,
    0x28, 0x28, 0x30, 0xff, 0x20, 0x28, 0x28, 0xff, 0x28, 0x28, 0x28, 0xff,
    0x28, 0x28, 0x30, 0xff, 0x20, 0x28, 0x28, 0xff, 0x28, 0x28, 0x28, 0xff,
    0x28, 0x28, 0x30, 0xff, 0x28, 0x28, 0x28, 0xff, 0x28, 0x28, 0x28, 0xff,
    0x20, 0x28, 0x30, 0xff, 0x28, 0x28, 0x28, 0xff, 0x28, 0x28, 0x28, 0xff,
    0x20, 0x28, 0x28, 0xff, 0x28, 0x28, 0x30, 0xff, 0x28, 0x28, 0x28, 0xff,
    0x28, 0x28, 0x28, 0xff, 0x28, 0x28, 0x28, 0xff, 0x20, 0x28, 0x28, 0xff,
    0x28, 0x28, 0x28, 0xff, 0x28, 0x28, 0x30, 0xff, 0x28, 0x28, 0x28, 0xff,
    0x28, 0x28, 0x28, 0xff, 0x28, 0x28, 0x28, 0xff, 0x28, 0x28, 0x28, 0xff,
    0x28, 0x28, 0x28, 0xff, 0x28, 0x28, 0x28, 0xff, 0x28, 0x28, 0x28, 0xff,
    0x28, 0x28, 0x28, 0xff, 0x28, 0x28, 0x28, 0xff, 0x28, 0x28, 0x28, 0xff,
    0x28, 0x28, 0x30, 0xff, 0x28, 0x28, 0x28, 0xff, 0x20, 0x28, 0x28, 0xff,
    0x28, 0x28, 0x30, 0xff, 0x28, 0x28, 0x28, 0xff, 0x20, 0x28, 0x28, 0xff,
    0x28, 0x28, 0x28, 0xff, 0x28, 0x28, 0x28, 0xff, 0x28, 0x28, 0x28, 0xff,
    0x28, 0x28, 0x28, 0xff, 0x28, 0x28, 0x28, 0xff, 0x28, 0x28, 0x28, 0xff,
    0x20, 0x28, 0x28, 0xff, 0x28, 0x28, 0x28, 0xff, 0x28, 0x28, 0x28, 0xff,
    0x20, 0x28, 0x28, 0xff, 0x28, 0x28, 0x28, 0xff, 0x28, 0x28, 0x28, 0xff,
    0x20, 0x28, 0x28, 0xff, 0x28, 0x28, 0x28, 0xff, 0x28, 0x28, 0x30, 0xff,
    0x20, 0x28, 0x28, 0xff, 0x28, 0x28, 0x28, 0xff, 0x28, 0x28, 0x28, 0xff,
    0x20, 0x28, 0x28, 0xff, 0x28, 0x28, 0x28, 0xff, 0x28, 0x28, 0x28, 0xff,
    0x20, 0x28, 0x28, 0xff, 0x28, 0x28, 0x28, 0xff, 0x28, 0x28, 0x28, 0xff,
    0x28, 0x28, 0x28, 0xff, 0x28, 0x28, 0x28, 0xff, 0x20, 0x28, 0x28, 0xff,
    0x28, 0x28, 0x28, 0xff, 0x28, 0x28, 0x28, 0xff, 0x28, 0x28, 0x28, 0xff,
    0x28, 0x28, 0x28, 0xff, 0x28, 0x28, 0x28, 0xff, 0x28, 0x28, 0x28, 0xff,
    0x28, 0x28, 0x28, 0xff, 0x28, 0x28, 0x28, 0xff, 0x28, 0x28, 0x28, 0xff,
    0x28, 0x28, 0x28, 0xff, 0x20, 0x28, 0x28, 0xff, 0x28, 0x28, 0x28, 0xff,
    0x28, 0x28, 0x28, 0xff, 0x28, 0x28, 0x28, 0xff, 0x28, 0x28, 0x28, 0xff,
    0x28, 0x28, 0x28, 0xff, 0x28, 0x28, 0x28, 0xff, 0x20, 0x28, 0x28, 0xff,
    0x28, 0x28, 0x28, 0xff, 0x28, 0x28, 0x28, 0xff, 0x28, 0x28, 0x28, 0xff,
    0x28, 0x28, 0x28, 0xff, 0x28, 0x28, 0x28, 0xff, 0x20, 0x28, 0x28, 0xff,
    0x28, 0x28, 0x28, 0xff, 0x28, 0x28, 0x28, 0xff, 0x20, 0x28, 0x28, 0xff,
    0x28, 0x28, 0x28, 0xff, 0x28, 0x28, 0x28, 0xff, 0x28, 0x28, 0x28, 0xff,
    0x20, 0x28, 0x28, 0xff, 0x28, 0x28, 0x28, 0xff, 0x28, 0x28, 0x28, 0xff,
    0x20, 0x28, 0x28, 0xff, 0x20, 0x28, 0x28, 0xff, 0x28, 0x28, 0x28, 0xff,
    0x28, 0x28, 0x28, 0xff, 0x28, 0x28, 0x28, 0xff, 0x28, 0x28, 0x28, 0xff,
    0x28, 0x28, 0x28, 0xff, 0x28, 0x28, 0x28, 0xff, 0x28, 0x28, 0x28, 0xff,
    0x20, 0x28, 0x28, 0xff, 0x28, 0x28, 0x28, 0xff, 0x28, 0x28, 0x28, 0xff,
    0x28, 0x28, 0x28, 0xff, 0x28, 0x28, 0x28, 0xff, 0x28, 0x28, 0x28, 0xff,
    0x28, 0x28, 0x28, 0xff, 0x28, 0x28, 0x28, 0xff, 0x28, 0x28, 0x28, 0xff,
    0x20, 0x28, 0x28, 0xff, 0x28, 0x28, 0x28, 0xff, 0x28, 0x28, 0x28, 0xff,
    0x20, 0x28, 0x28, 0xff, 0x28, 0x28, 0x28, 0xff, 0x28, 0x28, 0x28, 0xff,
    0x28, 0x28, 0x28, 0xff, 0x28, 0x28, 0x28, 0xff, 0x28, 0x28, 0x28, 0xff,
    0x28, 0x28, 0x28, 0xff, 0x20, 0x28, 0x28, 0xff, 0x28, 0x28, 0x28, 0xff,
    0x20, 0x28, 0x28, 0xff, 0x28, 0x28, 0x28, 0xff, 0x28, 0x28, 0x28, 0xff,
    0x28, 0x28, 0x28, 0xff, 0x28, 0x28, 0x28, 0xff, 0x20, 0x28, 0x28, 0xff,
    0x28, 0x28, 0x28, 0xff, 0x28, 0x28, 0x28, 0xff, 0x28, 0x28, 0x28, 0xff,
    0x28, 0x28, 0x28, 0xff, 0x28, 0x28, 0x28, 0xff, 0x28, 0x28, 0x28, 0xff,
    0x28, 0x28, 0x28, 0xff, 0x28, 0x28, 0x28, 0xff, 0x20, 0x28, 0x28, 0xff,
    0x28, 0x28, 0x28, 0xff, 0x28, 0x28, 0x28, 0xff, 0x20, 0x28, 0x28, 0xff,
    0x28, 0x28, 0x28, 0xff, 0x28, 0x28, 0x28, 0xff, 0x20, 0x28, 0x28, 0xff,
    0x28, 0x28, 0x28, 0xff, 0x28, 0x28, 0x28, 0xff, 0x28, 0x28, 0x28, 0xff,
    0x20, 0x28, 0x28, 0xff, 0x28, 0x28, 0x28, 0xff, 0x28, 0x28, 0x28, 0xff,
    0x28, 0x28, 0x28, 0xff, 0x20, 0x28, 0x28, 0xff, 0x28, 0x28, 0x28, 0xff,
    0x28, 0x28, 0x30, 0xff, 0x28, 0x28, 0x28, 0xff, 0x20, 0x28, 0x28, 0xff,
    0x28, 0x28, 0x28, 0xff, 0x20, 0x28, 0x28, 0xff, 0x28, 0x28, 0x28, 0xff,
    0x28, 0x28, 0x28, 0xff, 0x20, 0x28, 0x28, 0xff, 0x28, 0x28, 0x28, 0xef,
    0x28, 0x28, 0x28, 0xff, 0x20, 0x28, 0x28, 0xff, 0x28, 0x28, 0x28, 0xff,
    0x28, 0x28, 0x28, 0xff, 0x20, 0x28, 0x28, 0xff, 0x28, 0x28, 0x28, 0xff,
    0x28, 0x28, 0x28, 0xff, 0x28, 0x28, 0x28, 0xff, 0x20, 0x28, 0x28, 0xff,
    0x28, 0x28, 0x28, 0xff, 0x28, 0x28, 0x28, 0xff, 0x28, 0x28, 0x28, 0xff,
    0x20, 0x28, 0x28, 0xff, 0x28, 0x28, 0x28, 0xff, 0x20, 0x28, 0x28, 0xff,
    0x28, 0x28, 0x28, 0xff, 0x28, 0x28, 0x28, 0xff, 0x28, 0x28, 0x28, 0xff,
    0x28, 0x28, 0x30, 0xff, 0x28, 0x28, 0x28, 0xff, 0x28, 0x28, 0x28, 0xff,
    0x28, 0x28, 0x28, 0xff, 0x28, 0x28, 0x30, 0xff, 0x20, 0x28, 0x28, 0xff,
    0x28, 0x28, 0x28, 0xff, 0x28, 0x28, 0x28, 0xff, 0x28, 0x28, 0x28, 0xff,
    0x28, 0x28, 0x28, 0xff, 0x28, 0x28, 0x28, 0xff, 0x28, 0x28, 0x28, 0xff,
    0x20, 0x28, 0x28, 0xff, 0x28, 0x28, 0x28, 0xff, 0x28, 0x28, 0x30, 0xff,
    0x20, 0x28, 0x28, 0xff, 0x28, 0x28, 0x28, 0xff, 0x28, 0x28, 0x30, 0xff,
    0x28, 0x28, 0x28, 0xff, 0x28, 0x28, 0x28, 0xff, 0x20, 0x28, 0x30, 0xff,
    0x28, 0x28, 0x28, 0xff, 0x28, 0x28, 0x28, 0xff, 0x20, 0x28, 0x30, 0xff,
    0x20, 0x28, 0x28, 0xff, 0x28, 0x28, 0x28, 0xff, 0x20, 0x28, 0x28, 0xff,
    0x28, 0x28, 0x28, 0xff, 0x28, 0x28, 0x30, 0xff, 0x20, 0x28, 0x28, 0xff,
    0x28, 0x28, 0x28, 0xff, 0x28, 0x28, 0x30, 0xff, 0x28, 0x28, 0x28, 0xff,
    0x20, 0x28, 0x28, 0xff, 0x20, 0x28, 0x28, 0xff, 0x28, 0x28, 0x30, 0xff,
    0x28, 0x28, 0x28, 0xff, 0x28, 0x28, 0x28, 0xff, 0x20, 0x28, 0x28, 0xff,
    0x28, 0x28, 0x30, 0xff, 0x28, 0x28, 0x28, 0xff, 0x28, 0x28, 0x28, 0xff,
    0x20, 0x28, 0x30, 0xff, 0x28, 0x28, 0x28, 0xff, 0x28, 0x28, 0x28, 0xff,
    0x28, 0x28, 0x28, 0xff, 0x20, 0x28, 0x28, 0xff, 0x28, 0x28, 0x28, 0xff,
    0x28, 0x28, 0x30, 0xff, 0x28, 0x28, 0x28, 0xff, 0x28, 0x28, 0x28, 0xff,
    0x20, 0x28, 0x30, 0xff, 0x28, 0x28, 0x28, 0xff, 0x28, 0x28, 0x28, 0xff,
    0x28, 0x28, 0x28, 0xff, 0x20, 0x28, 0x28, 0xff, 0x28, 0x28, 0x28, 0xff,
    0x28, 0x28, 0x30, 0xff, 0x20, 0x28, 0x28, 0xff, 0x28, 0x28, 0x28, 0xff,
    0x28, 0x28, 0x30, 0xff, 0x28, 0x28, 0x28, 0xff, 0x20, 0x28, 0x28, 0xff,
    0x28, 0x28, 0x28, 0xff, 0x28, 0x28, 0x28, 0xff, 0x20, 0x28, 0x28, 0xff,
    0x20, 0x28, 0x30, 0xff, 0x28, 0x28, 0x28, 0xff, 0x20, 0x28, 0x28, 0xff,
    0x28, 0x28, 0x30, 0xff, 0x28, 0x28, 0x28, 0xff, 0x20, 0x28, 0x28, 0xff,
    0x28, 0x28, 0x28, 0xff, 0x28, 0x28, 0x28, 0xff, 0x28, 0x28, 0x28, 0xff,
    0x28, 0x28, 0x30, 0xff, 0x20, 0x28, 0x28, 0xff, 0x28, 0x28, 0x28, 0xff,
    0x28, 0x28, 0x30, 0xff, 0x20, 0x28, 0x28, 0xff, 0x28, 0x28, 0x28, 0xff,
    0x28, 0x28, 0x28, 0xff, 0x28, 0x28, 0x28, 0xff, 0x28, 0x28, 0x28, 0xff,
    0x20, 0x28, 0x30, 0xff, 0x28, 0x28, 0x28, 0xff, 0x28, 0x28, 0x28, 0xff,
    0x20, 0x28, 0x30, 0xff, 0x28, 0x28, 0x28, 0xff, 0x28, 0x28, 0x28, 0xff,
    0x20, 0x28, 0x28, 0xff, 0x28, 0x28, 0x28, 0xff, 0x28, 0x28, 0x28, 0xff,
    0x20, 0x28, 0x28, 0xff, 0x28, 0x28, 0x28, 0xff, 0x28, 0x28, 0x28, 0xff,
    0x28, 0x28, 0x28, 0xff, 0x28, 0x28, 0x28, 0xff, 0x28, 0x28, 0x28, 0xff,
    0x28, 0x28, 0x28, 0xff, 0x28, 0x28, 0x28, 0xff, 0x28, 0x28, 0x30, 0xff,
    0x20, 0x28, 0x28, 0xff, 0x28, 0x28, 0x28, 0xff, 0x28, 0x28, 0x28, 0xff,
    0x20, 0x28, 0x28, 0xff, 0x28, 0x28, 0x28, 0xff, 0x28, 0x28, 0x30, 0xff,
    0x28, 0x28, 0x28, 0xff, 0x28, 0x28, 0x28, 0xff, 0x20, 0x28, 0x28, 0xff,
    0x28, 0x28, 0x28, 0xff, 0x28, 0x28, 0x28, 0xff, 0x20, 0x28, 0x28, 0xff,
    0x28, 0x28, 0x28, 0xff, 0x28, 0x28, 0x28, 0xff, 0x28, 0x28, 0x28, 0xff,
    0x28, 0x28, 0x28, 0xff, 0x20, 0x28, 0x30, 0xff, 0x28, 0x28, 0x28, 0xff,
    0x28, 0x28, 0x28, 0xff, 0x28, 0x28, 0x28, 0xdf, 0x28, 0x28, 0x28, 0xff,
    0x20, 0x28, 0x30, 0xff, 0x28, 0x28, 0x28, 0xff, 0x28, 0x28, 0x28, 0xff,
    0x20, 0x28, 0x30, 0xff, 0x28, 0x28, 0x28, 0xff, 0x28, 0x28, 0x28, 0xff,
    0x28, 0x28, 0x28, 0xff, 0x28, 0x28, 0x28, 0xff, 0x20, 0x28, 0x28, 0xff,
    0x28, 0x28, 0x30, 0xff, 0x28, 0x28, 0x28, 0xff, 0x28, 0x28, 0x28, 0xff,
    0x28, 0x28, 0x30, 0xff, 0x20, 0x28, 0x28, 0xff, 0x28, 0x28, 0x28, 0xff,
    0x28, 0x28, 0x30, 0xff, 0x20, 0x28, 0x28, 0xff, 0x28, 0x28, 0x28, 0xff,
    0x20, 0x28, 0x28, 0xff, 0x28, 0x28, 0x28, 0xff, 0x28, 0x28, 0x28, 0xff,
    0x20, 0x28, 0x28, 0xff, 0x28, 0x28, 0x28, 0xff, 0x28, 0x28, 0x28, 0xff,
    0x28, 0x28, 0x28, 0xff, 0x20, 0x28, 0x28, 0xff, 0x28, 0x28, 0x30, 0xff,
    0x28, 0x28, 0x28, 0xff, 0x20, 0x28, 0x28, 0xff, 0x28, 0x28, 0x30, 0xff,
    0x28, 0x28, 0x28, 0xff, 0x28, 0x28, 0x28, 0xff, 0x28, 0x28, 0x28, 0xff,
    0x20, 0x28, 0x28, 0xff, 0x28, 0x28, 0x28, 0xff, 0x28, 0x28, 0x28, 0xff,
    0x28, 0x28, 0x28, 0xff, 0x20, 0x28, 0x28, 0xff, 0x28, 0x28, 0x28, 0xff,
    0x28, 0x28, 0x28, 0xff, 0x28, 0x28, 0x28, 0xff, 0x28, 0x28, 0x28, 0xff,
    0x28, 0x28, 0x30, 0xff, 0x20, 0x28, 0x28, 0xff, 0x28, 0x28, 0x28, 0xff,
    0x28, 0x28, 0x28, 0xff, 0x20, 0x28, 0x28, 0xff, 0x28, 0x28, 0x28, 0xff,
    0x28, 0x28, 0x28, 0xff, 0x28, 0x28, 0x28, 0xff, 0x28, 0x28, 0x28, 0xff,
    0x28, 0x28, 0x28, 0xff, 0x20, 0x28, 0x28, 0xff, 0x28, 0x28, 0x28, 0xff,
    0x28, 0x28, 0x28, 0xff, 0x28, 0x28, 0x28, 0xff, 0x20, 0x28, 0x28, 0xff,
    0x28, 0x28, 0x28, 0xff, 0x28, 0x28, 0x28, 0xff, 0x20, 0x28, 0x28, 0xff,
    0x28, 0x28, 0x28, 0xff, 0x28, 0x28, 0x28, 0xff, 0x28, 0x28, 0x30, 0xff,
    0x28, 0x28, 0x28, 0xff, 0x20, 0x28, 0x28, 0xff, 0x28, 0x28, 0x28, 0xff,
    0x20, 0x28, 0x28, 0xff, 0x28, 0x28, 0x28, 0xff, 0x28, 0x28, 0x28, 0xff,
    0x28, 0x28, 0x28, 0xff, 0x28, 0x28, 0x28, 0xff, 0x28, 0x28, 0x30, 0xff,
    0x28, 0x28, 0x28, 0xff, 0x20, 0x28, 0x28, 0xff, 0x28, 0x28, 0x28, 0xff,
    0x28, 0x28, 0x28, 0xff, 0x20, 0x28, 0x28, 0xff, 0x28, 0x28, 0x28, 0xff,
    0x28, 0x28, 0x28, 0xff, 0x28, 0x28, 0x28, 0xff, 0x28, 0x28, 0x30, 0xff,
    0x28, 0x28, 0x28, 0xff, 0x28, 0x28, 0x28, 0xff, 0x28, 0x28, 0x28, 0xff,
    0x28, 0x28, 0x28, 0xff, 0x20, 0x28, 0x28, 0xff, 0x28, 0x28, 0x28, 0xff,
    0x28, 0x28, 0x28, 0xff, 0x28, 0x28, 0x28, 0xff, 0x20, 0x28, 0x30, 0xff,
    0x28, 0x28, 0x28, 0xff, 0x28, 0x28, 0x28, 0xff, 0x20, 0x28, 0x28, 0xff,
    0x28, 0x28, 0x28, 0xff, 0x28, 0x28, 0x28, 0xff, 0x20, 0x28, 0x28, 0xff,
    0x28, 0x28, 0x28, 0xff, 0x28, 0x28, 0x28, 0xff, 0x20, 0x28, 0x30, 0xff,
    0x28, 0x28, 0x28, 0xff, 0x28, 0x28, 0x28, 0xff, 0x28, 0x28, 0x28, 0xff,
    0x20, 0x28, 0x28, 0xff, 0x28, 0x28, 0x28, 0xff, 0x28, 0x28, 0x28, 0xff,
    0x28, 0x28, 0x28, 0xff, 0x28, 0x28, 0x28, 0xff, 0x20, 0x28, 0x30, 0xff,
    0x28, 0x28, 0x28, 0xff, 0x28, 0x28, 0x28, 0xff, 0x20, 0x28, 0x30, 0xff,
    0x28, 0x28, 0x28, 0xff, 0x28, 0x28, 0x28, 0xff, 0x20, 0x28, 0x30, 0xff,
    0x28, 0x28, 0x28, 0xff, 0x20, 0x28, 0x28, 0xff, 0x28, 0x28, 0x30, 0xff,
    0x28, 0x28, 0x28, 0xff, 0x20, 0x28, 0x28, 0xff, 0x28, 0x28, 0x28, 0xff,
    0x28, 0x28, 0x28, 0xff, 0x28, 0x28, 0x30, 0xff, 0x20, 0x28, 0x28, 0xff,
    0x28, 0x28, 0x28, 0xff, 0x28, 0x28, 0x28, 0xff, 0x20, 0x28, 0x28, 0xff,
    0x28, 0x28, 0x28, 0xff, 0x28, 0x28, 0x30, 0xff, 0x28, 0x28, 0x28, 0xff,
    0x28, 0x28, 0x28, 0xff, 0x20, 0x28, 0x28, 0xff, 0x28, 0x28, 0x30, 0xff,
    0x28, 0x28, 0x28, 0xff, 0x20, 0x28, 0x28, 0xff, 0x28, 0x28, 0x28, 0xff,
    0x28, 0x28, 0x28, 0xff, 0x28, 0x28, 0x28, 0xff, 0x28, 0x28, 0x28, 0xdf,
    0x28, 0x28, 0x28, 0xdf, 0x28, 0x28, 0x28, 0xff, 0x28, 0x28, 0x28, 0xff,
    0x28, 0x28, 0x28, 0xff, 0x28, 0x28, 0x28, 0xff, 0x28, 0x28, 0x28, 0xff,
    0x20, 0x28, 0x28, 0xff, 0x28, 0x28, 0x28, 0xff, 0x28, 0x28, 0x30, 0xff,
    0x20, 0x28, 0x28, 0xff, 0x28, 0x28, 0x28, 0xff, 0x28, 0x28, 0x28, 0xff,
    0x20, 0x28, 0x28, 0xff, 0x28, 0x28, 0x28, 0xff, 0x28, 0x28, 0x28, 0xff,
    0x28, 0x28, 0x28, 0xff, 0x28, 0x28, 0x28, 0xff, 0x20, 0x28, 0x28, 0xff,
    0x28, 0x28, 0x28, 0xff, 0x28, 0x28, 0x28, 0xff, 0x20, 0x28, 0x28, 0xff,
    0x28, 0x28, 0x28, 0xff, 0x28, 0x28, 0x30, 0xff, 0x28, 0x28, 0x28, 0xff,
    0x28, 0x28, 0x28, 0xff, 0x28, 0x28, 0x28, 0xff, 0x20, 0x28, 0x28, 0xff,
    0x28, 0x28, 0x28, 0xff, 0x28, 0x28, 0x28, 0xff, 0x20, 0x28, 0x28, 0xff,
    0x28, 0x28, 0x28, 0xff, 0x28, 0x28, 0x28, 0xff, 0x20, 0x28, 0x28, 0xff,
    0x28, 0x28, 0x28, 0xff, 0x28, 0x28, 0x28, 0xff, 0x28, 0x28, 0x28, 0xff,
    0x20, 0x28, 0x28, 0xff, 0x28, 0x28, 0x28, 0xff, 0x28, 0x28, 0x30, 0xff,
    0x28, 0x28, 0x28, 0xff, 0x20, 0x28, 0x28, 0xff, 0x28, 0x28, 0x28, 0xff,
    0x28, 0x28, 0x28, 0xff, 0x28, 0x28, 0x28, 0xff, 0x28, 0x28, 0x28, 0xff,
    0x28, 0x28, 0x28, 0xff, 0x28, 0x28, 0x28, 0xff, 0x28, 0x28, 0x28, 0xff,
    0x28, 0x28, 0x28, 0xff, 0x20, 0x28, 0x28, 0xff, 0x28, 0x28, 0x28, 0xff,
    0x20, 0x28, 0x28, 0xff, 0x28, 0x28, 0x30, 0xff, 0x28, 0x28, 0x28, 0xff,
    0x28, 0x28, 0x28, 0xff, 0x20, 0x28, 0x28, 0xff, 0x28, 0x28, 0x30, 0xff,
    0x28, 0x28, 0x28, 0xff, 0x28, 0x28, 0x28, 0xff, 0x20, 0x28, 0x28, 0xff,
    0x28, 0x28, 0x28, 0xff, 0x28, 0x28, 0x28, 0xff, 0x28, 0x28, 0x28, 0xff,
    0x20, 0x28, 0x28, 0xff, 0x28, 0x28, 0x28, 0xff, 0x28, 0x28, 0x28, 0xff,
    0x28, 0x28, 0x28, 0xff, 0x28, 0x28, 0x28, 0xff, 0x28, 0x28, 0x28, 0xff,
    0x20, 0x28, 0x28, 0xff, 0x28, 0x28, 0x28, 0xff, 0x28, 0x28, 0x28, 0xff,
    0x20, 0x28, 0x28, 0xff, 0x28, 0x28, 0x28, 0xff, 0x28, 0x28, 0x28, 0xff,
    0x28, 0x28, 0x28, 0xff, 0x28, 0x28, 0x28, 0xff, 0x28, 0x28, 0x28, 0xff,
    0x20, 0x28, 0x28, 0xff, 0x28, 0x28, 0x28, 0xff, 0x28, 0x28, 0x28, 0xff,
    0x20, 0x28, 0x28, 0xff, 0x20, 0x28, 0x28, 0xff, 0x28, 0x28, 0x28, 0xff,
    0x28, 0x28, 0x28, 0xff, 0x28, 0x28, 0x28, 0xff, 0x28, 0x28, 0x28, 0xff,
    0x28, 0x28, 0x28, 0xff, 0x20, 0x28, 0x28, 0xff, 0x28, 0x28, 0x28, 0xff,
    0x28, 0x28, 0x28, 0xff, 0x28, 0x28, 0x28, 0xff, 0x20, 0x28, 0x28, 0xff,
    0x28, 0x28, 0x28, 0xff, 0x28, 0x28, 0x28, 0xff, 0x28, 0x28, 0x28, 0xff,
    0x28, 0x28, 0x28, 0xff, 0x28, 0x28, 0x28, 0xff, 0x28, 0x28, 0x28, 0xff,
    0x28, 0x28, 0x28, 0xff, 0x20, 0x28, 0x28, 0xff, 0x28, 0x28, 0x28, 0xff,
    0x28, 0x28, 0x28, 0xff, 0x20, 0x28, 0x28, 0xff, 0x28, 0x28, 0x28, 0xff,
    0x28, 0x28, 0x28, 0xff, 0x20, 0x28, 0x28, 0xff, 0x28, 0x28, 0x28, 0xff,
    0x28, 0x28, 0x28, 0xff, 0x28, 0x28, 0x28, 0xff, 0x28, 0x28, 0x28, 0xff,
    0x28, 0x28, 0x28, 0xff, 0x28, 0x28, 0x28, 0xff, 0x28, 0x28, 0x28, 0xff,
    0x20, 0x28, 0x28, 0xff, 0x28, 0x28, 0x28, 0xff, 0x28, 0x28, 0x28, 0xff,
    0x28, 0x28, 0x28, 0xff, 0x20, 0x28, 0x28, 0xff, 0x28, 0x28, 0x28, 0xff,
    0x28, 0x28, 0x28, 0xff, 0x28, 0x28, 0x28, 0xff, 0x28, 0x28, 0x28, 0xff,
    0x20, 0x28, 0x28, 0xff, 0x28, 0x28, 0x28, 0xff, 0x28, 0x28, 0x28, 0xff,
    0x28, 0x28, 0x28, 0xff, 0x20, 0x28, 0x28, 0xff, 0x28, 0x28, 0x28, 0xff,
    0x28, 0x28, 0x28, 0xff, 0x20, 0x28, 0x28, 0xff, 0x28, 0x28, 0x28, 0xff,
    0x28, 0x28, 0x28, 0xff, 0x28, 0x28, 0x28, 0xff, 0x28, 0x28, 0x28, 0xff,
    0x20, 0x28, 0x28, 0xff, 0x28, 0x28, 0x30, 0xff, 0x28, 0x28, 0x28, 0xff,
    0x20, 0x28, 0x28, 0xff, 0x28, 0x28, 0x28, 0xdf, 0x28, 0x28, 0x28, 0xcf,
    0x20, 0x28, 0x28, 0xff, 0x28, 0x28, 0x28, 0xff, 0x20, 0x28, 0x28, 0xff,
    0x28, 0x28, 0x28, 0xff, 0x28, 0x28, 0x28, 0xff, 0x28, 0x28, 0x28, 0xff,
    0x20, 0x28, 0x28, 0xff, 0x28, 0x28, 0x28, 0xff, 0x28, 0x28, 0x28, 0xff,
    0x28, 0x28, 0x28, 0xff, 0x28, 0x28, 0x28, 0xff, 0x20, 0x28, 0x28, 0xff,
    0x28, 0x28, 0x28, 0xff, 0x28, 0x28, 0x28, 0xff, 0x20, 0x28, 0x30, 0xff,
    0x28, 0x28, 0x28, 0xff, 0x28, 0x28, 0x28, 0xff, 0x28, 0x28, 0x28, 0xff,
    0x28, 0x28, 0x30, 0xff, 0x28, 0x28, 0x28, 0xff, 0x20, 0x28, 0x28, 0xff,
    0x28, 0x28, 0x28, 0xff, 0x20, 0x28, 0x28, 0xff, 0x28, 0x28, 0x28, 0xff,
    0x28, 0x28, 0x30, 0xff, 0x20, 0x28, 0x28, 0xff, 0x28, 0x28, 0x28, 0xff,
    0x28, 0x28, 0x28, 0xff, 0x28, 0x28, 0x28, 0xff, 0x28, 0x28, 0x28, 0xff,
    0x28, 0x28, 0x28, 0xff, 0x28, 0x28, 0x28, 0xff, 0x20, 0x28, 0x30, 0xff,
    0x28, 0x28, 0x28, 0xff, 0x28, 0x28, 0x28, 0xff, 0x20, 0x28, 0x30, 0xff,
    0x28, 0x28, 0x28, 0xff, 0x28, 0x28, 0x28, 0xff, 0x20, 0x28, 0x28, 0xff,
    0x28, 0x28, 0x28, 0xff, 0x28, 0x28, 0x30, 0xff, 0x20, 0x28, 0x28, 0xff,
    0x20, 0x28, 0x28, 0xff, 0x28, 0x28, 0x28, 0xff, 0x20, 0x28, 0x28, 0xff,
    0x28, 0x28, 0x30, 0xff, 0x28, 0x28, 0x28, 0xff, 0x20, 0x28, 0x28, 0xff,
    0x28, 0x28, 0x30, 0xff, 0x28, 0x28, 0x28, 0xff, 0x28, 0x28, 0x28, 0xff,
    0x20, 0x28, 0x28, 0xff, 0x28, 0x28, 0x28, 0xff, 0x28, 0x28, 0x28, 0xff,
    0x28, 0x28, 0x28, 0xff, 0x20, 0x28, 0x28, 0xff, 0x28, 0x28, 0x28, 0xff,
    0x28, 0x28, 0x28, 0xff, 0x28, 0x28, 0x30, 0xff, 0x28, 0x28, 0x28, 0xff,
    0x28, 0x28, 0x28, 0xff, 0x20, 0x28, 0x30, 0xff, 0x28, 0x28, 0x28, 0xff,
    0x28, 0x28, 0x28, 0xff, 0x20, 0x28, 0x28, 0xff, 0x28, 0x28, 0x30, 0xff,
    0x28, 0x28, 0x28, 0xff, 0x28, 0x28, 0x28, 0xff, 0x28, 0x28, 0x30, 0xff,
    0x20, 0x28, 0x28, 0xff, 0x28, 0x28, 0x28, 0xff, 0x28, 0x28, 0x28, 0xff,
    0x20, 0x28, 0x28, 0xff, 0x28, 0x28, 0x28, 0xff, 0x20, 0x28, 0x30, 0xff,
    0x28, 0x28, 0x28, 0xff, 0x28, 0x28, 0x28, 0xff, 0x28, 0x28, 0x30, 0xff,
    0x28, 0x28, 0x28, 0xff, 0x28, 0x28, 0x28, 0xff, 0x28, 0x28, 0x28, 0xff,
    0x28, 0x28, 0x28, 0xff, 0x20, 0x28, 0x28, 0xff, 0x20, 0x28, 0x30, 0xff,
    0x28, 0x28, 0x28, 0xff, 0x28, 0x28, 0x28, 0xff, 0x28, 0x28, 0x30, 0xff,
    0x28, 0x28, 0x28, 0xff, 0x20, 0x28, 0x28, 0xff, 0x28, 0x28, 0x28, 0xff,
    0x28, 0x28, 0x28, 0xff, 0x28, 0x28, 0x28, 0xff, 0x28, 0x28, 0x30, 0xff,
    0x20, 0x28, 0x28, 0xff, 0x28, 0x28, 0x28, 0xff, 0x20, 0x28, 0x30, 0xff,
    0x28, 0x28, 0x28, 0xff, 0x28, 0x28, 0x28, 0xff, 0x20, 0x28, 0x28, 0xff,
    0x28, 0x28, 0x28, 0xff, 0x28, 0x28, 0x28, 0xff, 0x28, 0x28, 0x30, 0xff,
    0x28, 0x28, 0x28, 0xff, 0x28, 0x28, 0x28, 0xff, 0x28, 0x28, 0x30, 0xff,
    0x20, 0x28, 0x28, 0xff, 0x28, 0x28, 0x28, 0xff, 0x28, 0x28, 0x30, 0xff,
    0x20, 0x28, 0x28, 0xff, 0x20, 0x28, 0x28, 0xff, 0x28, 0x28, 0x28, 0xff,
    0x28, 0x28, 0x28, 0xff, 0x20, 0x28, 0x28, 0xff, 0x28, 0x28, 0x28, 0xff,
    0x28, 0x28, 0x28, 0xff, 0x28, 0x28, 0x28, 0xff, 0x28, 0x28, 0x28, 0xff,
    0x28, 0x28, 0x28, 0xff, 0x20, 0x28, 0x28, 0xff, 0x28, 0x28, 0x30, 0xff,
    0x28, 0x28, 0x28, 0xff, 0x20, 0x28, 0x28, 0xff, 0x28, 0x28, 0x28, 0xff,
    0x28, 0x28, 0x28, 0xff, 0x28, 0x28, 0x30, 0xff, 0x28, 0x28, 0x28, 0xff,
    0x28, 0x28, 0x28, 0xff, 0x28, 0x28, 0x30, 0xff, 0x20, 0x28, 0x28, 0xff,
    0x28, 0x28, 0x28, 0xff, 0x28, 0x28, 0x30, 0xff, 0x20, 0x28, 0x28, 0xff,
    0x28, 0x28, 0x28, 0xff, 0x28, 0x28, 0x28, 0xff, 0x28, 0x28, 0x28, 0xff,
    0x28, 0x28, 0x28, 0xff, 0x20, 0x28, 0x28, 0xff, 0x28, 0x28, 0x28, 0xff,
    0x28, 0x28, 0x28, 0xcf, 0x20, 0x28, 0x28, 0xbe, 0x28, 0x28, 0x28, 0xff,
    0x28, 0x28, 0x28, 0xff, 0x28, 0x28, 0x30, 0xff, 0x20, 0x28, 0x28, 0xff,
    0x28, 0x28, 0x28, 0xff, 0x28, 0x28, 0x30, 0xff, 0x28, 0x28, 0x28, 0xff,
    0x20, 0x28, 0x28, 0xff, 0x28, 0x28, 0x28, 0xff, 0x28, 0x28, 0x30, 0xff,
    0x28, 0x28, 0x28, 0xff, 0x28, 0x28, 0x28, 0xff, 0x28, 0x28, 0x30, 0xff,
    0x20, 0x28, 0x28, 0xff, 0x28, 0x28, 0x28, 0xff, 0x28, 0x28, 0x28, 0xff,
    0x20, 0x28, 0x28, 0xff, 0x28, 0x28, 0x28, 0xff, 0x28, 0x28, 0x28, 0xff,
    0x28, 0x28, 0x28, 0xff, 0x28, 0x28, 0x28, 0xff, 0x28, 0x28, 0x28, 0xff,
    0x20, 0x28, 0x28, 0xff, 0x28, 0x28, 0x28, 0xff, 0x28, 0x28, 0x28, 0xff,
    0x28, 0x28, 0x28, 0xff, 0x28, 0x28, 0x30, 0xff, 0x20, 0x28, 0x28, 0xff,
    0x28, 0x28, 0x28, 0xff, 0x20, 0x28, 0x30, 0xff, 0x28, 0x28, 0x28, 0xff,
    0x28, 0x28, 0x28, 0xff, 0x28, 0x28, 0x28, 0xff, 0x28, 0x28, 0x28, 0xff,
    0x28, 0x28, 0x28, 0xff, 0x28, 0x28, 0x28, 0xff, 0x28, 0x28, 0x28, 0xff,
    0x20, 0x28, 0x28, 0xff, 0x28, 0x28, 0x28, 0xff, 0x28, 0x28, 0x28, 0xff,
    0x28, 0x28, 0x28, 0xff, 0x28, 0x28, 0x28, 0xff, 0x28, 0x28, 0x30, 0xff,
    0x28, 0x28, 0x28, 0xff, 0x20, 0x28, 0x28, 0xff, 0x28, 0x28, 0x28, 0xff,
    0x28, 0x28, 0x28, 0xff, 0x28, 0x28, 0x28, 0xff, 0x28, 0x28, 0x28, 0xff,
    0x28, 0x28, 0x28, 0xff, 0x28, 0x28, 0x28, 0xff, 0x28, 0x28, 0x28, 0xff,
    0x20, 0x28, 0x28, 0xff, 0x28, 0x28, 0x30, 0xff, 0x28, 0x28, 0x28, 0xff,
    0x28, 0x28, 0x28, 0xff, 0x20, 0x28, 0x28, 0xff, 0x28, 0x28, 0x28, 0xff,
    0x28, 0x28, 0x28, 0xff, 0x20, 0x28, 0x28, 0xff, 0x28, 0x28, 0x28, 0xff,
    0x28, 0x28, 0x28, 0xff, 0x28, 0x28, 0x28, 0xff, 0x28, 0x28, 0x28, 0xff,
    0x20, 0x28, 0x28, 0xff, 0x28, 0x28, 0x28, 0xff, 0x20, 0x28, 0x28, 0xff,
    0x28, 0x28, 0x28, 0xff, 0x28, 0x28, 0x28, 0xff, 0x28, 0x28, 0x28, 0xff,
    0x28, 0x28, 0x30, 0xff, 0x28, 0x28, 0x28, 0xff, 0x28, 0x28, 0x28, 0xff,
    0x28, 0x28, 0x28, 0xff, 0x20, 0x28, 0x28, 0xff, 0x28, 0x28, 0x28, 0xff,
    0x28, 0x28, 0x28, 0xff, 0x20, 0x28, 0x28, 0xff, 0x20, 0x28, 0x28, 0xff,
    0x28, 0x28, 0x30, 0xff, 0x28, 0x28, 0x28, 0xff, 0x28, 0x28, 0x28, 0xff,
    0x28, 0x28, 0x28, 0xff, 0x28, 0x28, 0x28, 0xff, 0x20, 0x28, 0x28, 0xff,
    0x20, 0x28, 0x28, 0xff, 0x28, 0x28, 0x28, 0xff, 0x28, 0x28, 0x28, 0xff,
    0x28, 0x28, 0x30, 0xff, 0x20, 0x28, 0x28, 0xff, 0x28, 0x28, 0x28, 0xff,
    0x28, 0x28, 0x28, 0xff, 0x20, 0x28, 0x28, 0xff, 0x28, 0x28, 0x28, 0xff,
    0x28, 0x28, 0x28, 0xff, 0x28, 0x28, 0x28, 0xff, 0x20, 0x28, 0x28, 0xff,
    0x28, 0x28, 0x30, 0xff, 0x28, 0x28, 0x28, 0xff, 0x28, 0x28, 0x28, 0xff,
    0x20, 0x28, 0x28, 0xff, 0x28, 0x28, 0x28, 0xff, 0x28, 0x28, 0x28, 0xff,
    0x20, 0x28, 0x28, 0xff, 0x28, 0x28, 0x28, 0xff, 0x28, 0x28, 0x28, 0xff,
    0x28, 0x28, 0x28, 0xff, 0x28, 0x28, 0x28, 0xff, 0x28, 0x28, 0x28, 0xff,
    0x28, 0x28, 0x28, 0xff, 0x20, 0x28, 0x30, 0xff, 0x28, 0x28, 0x28, 0xff,
    0x28, 0x28, 0x28, 0xff, 0x28, 0x28, 0x30, 0xff, 0x20, 0x28, 0x28, 0xff,
    0x20, 0x28, 0x28, 0xff, 0x28, 0x28, 0x30, 0xff, 0x28, 0x28, 0x28, 0xff,
    0x28, 0x28, 0x28, 0xff, 0x20, 0x28, 0x28, 0xff, 0x28, 0x28, 0x28, 0xff,
    0x28, 0x28, 0x28, 0xff, 0x28, 0x28, 0x30, 0xff, 0x20, 0x28, 0x28, 0xff,
    0x20, 0x28, 0x28, 0xff, 0x28, 0x28, 0x28, 0xff, 0x28, 0x28, 0x28, 0xff,
    0x20, 0x28, 0x28, 0xff, 0x28, 0x28, 0x28, 0xff, 0x28, 0x28, 0x28, 0xff,
    0x28, 0x28, 0x28, 0xff, 0x28, 0x28, 0x28, 0xff, 0x20, 0x28, 0x28, 0xff,
    0x28, 0x28, 0x30, 0xff, 0x28, 0x28, 0x28, 0xff, 0x20, 0x28, 0x28, 0xff,
    0x28, 0x28, 0x28, 0xff, 0x28, 0x28, 0x28, 0xff, 0x28, 0x28, 0x28, 0xbe,
    0x28, 0x28, 0x28, 0x9e, 0x28, 0x28, 0x28, 0xff, 0x28, 0x28, 0x28, 0xff,
    0x28, 0x28, 0x28, 0xff, 0x20, 0x28, 0x28, 0xff, 0x28, 0x28, 0x28, 0xff,
    0x28, 0x28, 0x28, 0xff, 0x28, 0x28, 0x28, 0xff, 0x28, 0x28, 0x28, 0xff,
    0x20, 0x28, 0x28, 0xff, 0x28, 0x28, 0x28, 0xff, 0x20, 0x28, 0x28, 0xff,
    0x28, 0x28, 0x28, 0xff, 0x28, 0x28, 0x28, 0xff, 0x28, 0x28, 0x28, 0xff,
    0x28, 0x28, 0x28, 0xff, 0x28, 0x28, 0x28, 0xff, 0x20, 0x28, 0x28, 0xff,
    0x28, 0x28, 0x28, 0xff, 0x20, 0x28, 0x28, 0xff, 0x20, 0x28, 0x28, 0xff,
    0x28, 0x28, 0x30, 0xff, 0x28, 0x28, 0x28, 0xff, 0x28, 0x28, 0x28, 0xff,
    0x28, 0x28, 0x30, 0xff, 0x20, 0x28, 0x28, 0xff, 0x28, 0x28, 0x28, 0xff,
    0x28, 0x28, 0x28, 0xff, 0x28, 0x28, 0x28, 0xff, 0x28, 0x28, 0x28, 0xff,
    0x28, 0x28, 0x28, 0xff, 0x20, 0x28, 0x28, 0xff, 0x28, 0x28, 0x28, 0xff,
    0x20, 0x28, 0x28, 0xff, 0x28, 0x28, 0x28, 0xff, 0x20, 0x28, 0x28, 0xff,
    0x28, 0x28, 0x28, 0xff, 0x28, 0x28, 0x28, 0xff, 0x28, 0x28, 0x30, 0xff,
    0x28, 0x28, 0x28, 0xff, 0x20, 0x28, 0x28, 0xff, 0x28, 0x28, 0x28, 0xff,
    0x28, 0x28, 0x28, 0xff, 0x28, 0x28, 0x28, 0xff, 0x28, 0x28, 0x28, 0xff,
    0x28, 0x28, 0x28, 0xff, 0x20, 0x28, 0x28, 0xff, 0x28, 0x28, 0x28, 0xff,
    0x28, 0x28, 0x28, 0xff, 0x20, 0x28, 0x28, 0xff, 0x20, 0x28, 0x28, 0xff,
    0x28, 0x28, 0x30, 0xff, 0x28, 0x28, 0x28, 0xff, 0x28, 0x28, 0x28, 0xff,
    0x20, 0x28, 0x28, 0xff, 0x28, 0x28, 0x28, 0xff, 0x28, 0x28, 0x28, 0xff,
    0x28, 0x28, 0x30, 0xff, 0x20, 0x28, 0x28, 0xff, 0x28, 0x28, 0x28, 0xff,
    0x28, 0x28, 0x28, 0xff, 0x20, 0x28, 0x28, 0xff, 0x28, 0x28, 0x28, 0xff,
    0x28, 0x28, 0x30, 0xff, 0x20, 0x28, 0x28, 0xff, 0x28, 0x28, 0x28, 0xff,
    0x28, 0x28, 0x28, 0xff, 0x28, 0x28, 0x28, 0xff, 0x20, 0x28, 0x28, 0xff,
    0x28, 0x28, 0x28, 0xff, 0x20, 0x28, 0x28, 0xff, 0x20, 0x28, 0x28, 0xff,
    0x28, 0x28, 0x28, 0xff, 0x28, 0x28, 0x30, 0xff, 0x28, 0x28, 0x28, 0xff,
    0x28, 0x28, 0x28, 0xff, 0x28, 0x28, 0x28, 0xff, 0x28, 0x28, 0x28, 0xff,
    0x28, 0x28, 0x28, 0xff, 0x28, 0x28, 0x28, 0xff, 0x20, 0x28, 0x28, 0xff,
    0x28, 0x28, 0x28, 0xff, 0x20, 0x28, 0x30, 0xff, 0x28, 0x28, 0x28, 0xff,
    0x28, 0x28, 0x28, 0xff, 0x28, 0x28, 0x28, 0xff, 0x28, 0x28, 0x28, 0xff,
    0x20, 0x28, 0x28, 0xff, 0x28, 0x28, 0x28, 0xff, 0x28, 0x28, 0x28, 0xff,
    0x28, 0x28, 0x28, 0xff, 0x20, 0x28, 0x30, 0xff, 0x28, 0x28, 0x28, 0xff,
    0x28, 0x28, 0x28, 0xff, 0x28, 0x28, 0x28, 0xff, 0x28, 0x28, 0x28, 0xff,
    0x28, 0x28, 0x28, 0xff, 0x28, 0x28, 0x28, 0xff, 0x20, 0x28, 0x28, 0xff,
    0x28, 0x28, 0x28, 0xff, 0x28, 0x28, 0x30, 0xff, 0x20, 0x28, 0x28, 0xff,
    0x28, 0x28, 0x28, 0xff, 0x28, 0x28, 0x28, 0xff, 0x20, 0x28, 0x28, 0xff,
    0x28, 0x28, 0x28, 0xff, 0x28, 0x28, 0x28, 0xff, 0x20, 0x28, 0x28, 0xff,
    0x28, 0x28, 0x28, 0xff, 0x28, 0x28, 0x28, 0xff, 0x28, 0x28, 0x28, 0xff,
    0x28, 0x28, 0x28, 0xff, 0x20, 0x28, 0x28, 0xff, 0x28, 0x28, 0x28, 0xff,
    0x28, 0x28, 0x28, 0xff, 0x28, 0x28, 0x28, 0xff, 0x28, 0x28, 0x28, 0xff,
    0x20, 0x28, 0x28, 0xff, 0x28, 0x28, 0x28, 0xff, 0x28, 0x28, 0x28, 0xff,
    0x28, 0x28, 0x28, 0xff, 0x20, 0x28, 0x28, 0xff, 0x28, 0x28, 0x28, 0xff,
    0x28, 0x28, 0x28, 0xff, 0x28, 0x28, 0x28, 0xff, 0x28, 0x28, 0x28, 0xff,
    0x28, 0x28, 0x28, 0xff, 0x20, 0x28, 0x28, 0xff, 0x28, 0x28, 0x28, 0xff,
    0x28, 0x28, 0x28, 0xff, 0x20, 0x28, 0x28, 0xff, 0x28, 0x28, 0x28, 0xff,
    0x28, 0x28, 0x28, 0xff, 0x28, 0x28, 0x28, 0xff, 0x20, 0x28, 0x28, 0xff,
    0x28, 0x28, 0x28, 0xff, 0x28, 0x28, 0x28, 0xff, 0x28, 0x28, 0x30, 0xff,
    0x28, 0x28, 0x28, 0xff, 0x20, 0x28, 0x28, 0xae, 0x28, 0x28, 0x28, 0x82,
    0x20, 0x28, 0x28, 0xff, 0x28, 0x28, 0x28, 0xff, 0x28, 0x28, 0x28, 0xff,
    0x28, 0x28, 0x28, 0xff, 0x20, 0x28, 0x28, 0xff, 0x28, 0x28, 0x28, 0xff,
    0x28, 0x28, 0x30, 0xff, 0x20, 0x28, 0x28, 0xff, 0x28, 0x28, 0x28, 0xff,
    0x28, 0x28, 0x28, 0xff, 0x28, 0x28, 0x28, 0xff, 0x20, 0x28, 0x28, 0xff,
    0x28, 0x28, 0x28, 0xff, 0x20, 0x28, 0x28, 0xff, 0x28, 0x28, 0x30, 0xff,
    0x28, 0x28, 0x28, 0xff, 0x28, 0x28, 0x28, 0xff, 0x28, 0x28, 0x30, 0xff,
    0x28, 0x28, 0x28, 0xff, 0x28, 0x28, 0x28, 0xff, 0x28, 0x28, 0x28, 0xff,
    0x20, 0x28, 0x28, 0xff, 0x28, 0x28, 0x28, 0xff, 0x28, 0x28, 0x28, 0xff,
    0x20, 0x28, 0x28, 0xff, 0x28, 0x28, 0x28, 0xff, 0x28, 0x28, 0x28, 0xff,
    0x20, 0x28, 0x28, 0xff, 0x28, 0x28, 0x28, 0xff, 0x28, 0x28, 0x28, 0xff,
    0x28, 0x28, 0x30, 0xff, 0x28, 0x28, 0x28, 0xff, 0x28, 0x28, 0x28, 0xff,
    0x20, 0x28, 0x30, 0xff, 0x28, 0x28, 0x28, 0xff, 0x28, 0x28, 0x28, 0xff,
    0x20, 0x28, 0x28, 0xff, 0x28, 0x28, 0x28, 0xff, 0x28, 0x28, 0x28, 0xff,
    0x20, 0x28, 0x28, 0xff, 0x28, 0x28, 0x30, 0xff, 0x20, 0x28, 0x28, 0xff,
    0x20, 0x28, 0x28, 0xff, 0x28, 0x28, 0x28, 0xff, 0x28, 0x28, 0x30, 0xff,
    0x28, 0x28, 0x28, 0xff, 0x20, 0x28, 0x28, 0xff, 0x28, 0x28, 0x30, 0xff,
    0x28, 0x28, 0x28, 0xff, 0x28, 0x28, 0x28, 0xff, 0x20, 0x28, 0x28, 0xff,
    0x28, 0x28, 0x28, 0xff, 0x28, 0x28, 0x28, 0xff, 0x28, 0x28, 0x28, 0xff,
    0x20, 0x28, 0x28, 0xff, 0x28, 0x28, 0x28, 0xff, 0x28, 0x28, 0x28, 0xff,
    0x28, 0x28, 0x28, 0xff, 0x28, 0x28, 0x28, 0xff, 0x28, 0x28, 0x30, 0xff,
    0x20, 0x28, 0x28, 0xff, 0x28, 0x28, 0x28, 0xff, 0x28, 0x28, 0x28, 0xff,
    0x28, 0x28, 0x28, 0xff, 0x28, 0x28, 0x28, 0xff, 0x28, 0x28, 0x30, 0xff,
    0x28, 0x28, 0x28, 0xff, 0x28, 0x28, 0x28, 0xff, 0x28, 0x28, 0x30, 0xff,
    0x28, 0x28, 0x28, 0xff, 0x28, 0x28, 0x28, 0xff, 0x20, 0x28, 0x28, 0xff,
    0x28, 0x28, 0x28, 0xff, 0x20, 0x28, 0x28, 0xff, 0x28, 0x28, 0x28, 0xff,
    0x20, 0x28, 0x30, 0xff, 0x20, 0x28, 0x28, 0xff, 0x28, 0x28, 0x28, 0xff,
    0x28, 0x28, 0x30, 0xff, 0x28, 0x28, 0x28, 0xff, 0x28, 0x28, 0x28, 0xff,
    0x28, 0x28, 0x28, 0xff, 0x20, 0x28, 0x28, 0xff, 0x28, 0x28, 0x28, 0xff,
    0x28, 0x28, 0x30, 0xff, 0x28, 0x28, 0x28, 0xff, 0x28, 0x28, 0x28, 0xff,
    0x20, 0x28, 0x30, 0xff, 0x28, 0x28, 0x28, 0xff, 0x28, 0x28, 0x28, 0xff,
    0x28, 0x28, 0x28, 0xff, 0x28, 0x28, 0x28, 0xff, 0x20, 0x28, 0x28, 0xff,
    0x28, 0x28, 0x30, 0xff, 0x20, 0x28, 0x28, 0xff, 0x28, 0x28, 0x28, 0xff,
    0x28, 0x28, 0x30, 0xff, 0x28, 0x28, 0x28, 0xff, 0x28, 0x28, 0x28, 0xff,
    0x28, 0x28, 0x28, 0xff, 0x28, 0x28, 0x28, 0xff, 0x28, 0x28, 0x28, 0xff,
    0x28, 0x28, 0x30, 0xff, 0x28, 0x28, 0x28, 0xff, 0x28, 0x28, 0x28, 0xff,
    0x20, 0x28, 0x30, 0xff, 0x28, 0x28, 0x28, 0xff, 0x20, 0x28, 0x28, 0xff,
    0x28, 0x28, 0x30, 0xff, 0x28, 0x28, 0x28, 0xff, 0x20, 0x28, 0x28, 0xff,
    0x28, 0x28, 0x28, 0xff, 0x28, 0x28, 0x28, 0xff, 0x20, 0x28, 0x28, 0xff,
    0x28, 0x28, 0x30, 0xff, 0x28, 0x28, 0x28, 0xff, 0x28, 0x28, 0x28, 0xff,
    0x20, 0x28, 0x28, 0xff, 0x28, 0x28, 0x30, 0xff, 0x28, 0x28, 0x28, 0xff,
    0x28, 0x28, 0x28, 0xff, 0x20, 0x28, 0x28, 0xff, 0x28, 0x28, 0x28, 0xff,
    0x28, 0x28, 0x28, 0xff, 0x28, 0x28, 0x30, 0xff, 0x28, 0x28, 0x28, 0xff,
    0x28, 0x28, 0x28, 0xff, 0x28, 0x28, 0x30, 0xff, 0x28, 0x28, 0x28, 0xff,
    0x28, 0x28, 0x28, 0xff, 0x20, 0x28, 0x30, 0xff, 0x28, 0x28, 0x28, 0xff,
    0x28, 0x28, 0x28, 0xff, 0x28, 0x28, 0x28, 0xff, 0x20, 0x28, 0x28, 0xff,
    0x28, 0x28, 0x28, 0xff, 0x28, 0x28, 0x28, 0xff, 0x20, 0x28, 0x28, 0xff,
    0x28, 0x28, 0x28, 0x82, 0x28, 0x28, 0x28, 0x61, 0x28, 0x28, 0x28, 0xff,
    0x20, 0x28, 0x28, 0xff, 0x28, 0x28, 0x30, 0xff, 0x28, 0x28, 0x28, 0xff,
    0x28, 0x28, 0x28, 0xff, 0x20, 0x28, 0x28, 0xff, 0x28, 0x28, 0x28, 0xff,
    0x28, 0x28, 0x28, 0xff, 0x28, 0x28, 0x30, 0xff, 0x28, 0x28, 0x28, 0xff,
    0x28, 0x28, 0x28, 0xff, 0x28, 0x28, 0x30, 0xff, 0x20, 0x28, 0x28, 0xff,
    0x28, 0x28, 0x28, 0xff, 0x28, 0x28, 0x28, 0xff, 0x20, 0x28, 0x28, 0xff,
    0x28, 0x28, 0x28, 0xff, 0x28, 0x28, 0x28, 0xff, 0x20, 0x28, 0x28, 0xff,
    0x28, 0x28, 0x28, 0xff, 0x28, 0x28, 0x28, 0xff, 0x20, 0x28, 0x28, 0xff,
    0x28, 0x28, 0x28, 0xff, 0x28, 0x28, 0x28, 0xff, 0x28, 0x28, 0x28, 0xff,
    0x28, 0x28, 0x30, 0xff, 0x20, 0x28, 0x28, 0xff, 0x28, 0x28, 0x28, 0xff,
    0x20, 0x28, 0x30, 0xff, 0x28, 0x28, 0x28, 0xff, 0x28, 0x28, 0x28, 0xff,
    0x20, 0x28, 0x28, 0xff, 0x28, 0x28, 0x28, 0xff, 0x28, 0x28, 0x28, 0xff,
    0x28, 0x28, 0x28, 0xff, 0x28, 0x28, 0x28, 0xff, 0x20, 0x28, 0x30, 0xff,
    0x28, 0x28, 0x28, 0xff, 0x28, 0x28, 0x28, 0xff, 0x28, 0x28, 0x28, 0xff,
    0x28, 0x28, 0x28, 0xff, 0x28, 0x28, 0x28, 0xff, 0x28, 0x28, 0x28, 0xff,
    0x28, 0x28, 0x28, 0xff, 0x20, 0x28, 0x28, 0xff, 0x28, 0x28, 0x28, 0xff,
    0x28, 0x28, 0x28, 0xff, 0x28, 0x28, 0x28, 0xff, 0x28, 0x28, 0x28, 0xff,
    0x28, 0x28, 0x28, 0xff, 0x28, 0x28, 0x28, 0xff, 0x20, 0x28, 0x28, 0xff,
    0x28, 0x28, 0x30, 0xff, 0x28, 0x28, 0x28, 0xff, 0x28, 0x28, 0x28, 0xff,
    0x20, 0x28, 0x30, 0xff, 0x28, 0x28, 0x28, 0xff, 0x20, 0x28, 0x28, 0xff,
    0x28, 0x28, 0x28, 0xff, 0x28, 0x28, 0x28, 0xff, 0x28, 0x28, 0x28, 0xff,
    0x20, 0x28, 0x28, 0xff, 0x28, 0x28, 0x28, 0xff, 0x28, 0x28, 0x28, 0xff,
    0x20, 0x28, 0x28, 0xff, 0x20, 0x28, 0x28, 0xff, 0x28, 0x28, 0x28, 0xff,
    0x20, 0x28, 0x28, 0xff, 0x28, 0x28, 0x28, 0xff, 0x28, 0x28, 0x28, 0xff,
    0x28, 0x28, 0x28, 0xff, 0x28, 0x28, 0x28, 0xff, 0x28, 0x28, 0x28, 0xff,
    0x28, 0x28, 0x28, 0xff, 0x28, 0x28, 0x28, 0xff, 0x28, 0x28, 0x28, 0xff,
    0x28, 0x28, 0x28, 0xff, 0x20, 0x28, 0x28, 0xff, 0x28, 0x28, 0x28, 0xff,
    0x28, 0x28, 0x28, 0xff, 0x20, 0x28, 0x28, 0xff, 0x28, 0x28, 0x28, 0xff,
    0x28, 0x28, 0x28, 0xff, 0x20, 0x28, 0x28, 0xff, 0x28, 0x28, 0x28, 0xff,
    0x28, 0x28, 0x28, 0xff, 0x28, 0x28, 0x28, 0xff, 0x28, 0x28, 0x28, 0xff,
    0x20, 0x28, 0x28, 0xff, 0x28, 0x28, 0x28, 0xff, 0x28, 0x28, 0x28, 0xff,
    0x20, 0x28, 0x28, 0xff, 0x28, 0x28, 0x28, 0xff, 0x28, 0x28, 0x28, 0xff,
    0x20, 0x28, 0x28, 0xff, 0x28, 0x28, 0x28, 0xff, 0x28, 0x28, 0x28, 0xff,
    0x20, 0x28, 0x28, 0xff, 0x28, 0x28, 0x28, 0xff, 0x20, 0x28, 0x28, 0xff,
    0x28, 0x28, 0x28, 0xff, 0x20, 0x28, 0x28, 0xff, 0x28, 0x28, 0x28, 0xff,
    0x28, 0x28, 0x28, 0xff, 0x20, 0x28, 0x28, 0xff, 0x28, 0x28, 0x28, 0xff,
    0x28, 0x28, 0x28, 0xff, 0x28, 0x28, 0x28, 0xff, 0x20, 0x28, 0x28, 0xff,
    0x28, 0x28, 0x28, 0xff, 0x28, 0x28, 0x30, 0xff, 0x28, 0x28, 0x28, 0xff,
    0x28, 0x28, 0x28, 0xff, 0x28, 0x28, 0x28, 0xff, 0x20, 0x28, 0x28, 0xff,
    0x28, 0x28, 0x28, 0xff, 0x28, 0x28, 0x28, 0xff, 0x28, 0x28, 0x28, 0xff,
    0x20, 0x28, 0x28, 0xff, 0x28, 0x28, 0x28, 0xff, 0x28, 0x28, 0x30, 0xff,
    0x28, 0x28, 0x28, 0xff, 0x20, 0x28, 0x28, 0xff, 0x28, 0x28, 0x28, 0xff,
    0x20, 0x28, 0x28, 0xff, 0x20, 0x28, 0x28, 0xff, 0x28, 0x28, 0x28, 0xff,
    0x20, 0x28, 0x28, 0xff, 0x28, 0x28, 0x28, 0xff, 0x28, 0x28, 0x28, 0xff,
    0x28, 0x28, 0x28, 0xff, 0x20, 0x28, 0x28, 0xff, 0x28, 0x28, 0x30, 0xff,
    0x28, 0x28, 0x28, 0xff, 0x28, 0x28, 0x28, 0xff, 0x28, 0x28, 0x30, 0xff,
    0x20, 0x28, 0x28, 0xff, 0x28, 0x28, 0x28, 0xff, 0x28, 0x28, 0x28, 0x51,
    0x28, 0x28, 0x28, 0x20, 0x28, 0x28, 0x28, 0xff, 0x28, 0x28, 0x28, 0xff,
    0x20, 0x28, 0x28, 0xff, 0x28, 0x28, 0x28, 0xff, 0x28, 0x28, 0x28, 0xff,
    0x28, 0x28, 0x30, 0xff, 0x20, 0x28, 0x28, 0xff, 0x28, 0x28, 0x28, 0xff,
    0x20, 0x28, 0x28, 0xff, 0x20, 0x28, 0x28, 0xff, 0x28, 0x28, 0x28, 0xff,
    0x28, 0x28, 0x28, 0xff, 0x28, 0x28, 0x28, 0xff, 0x28, 0x28, 0x28, 0xff,
    0x28, 0x28, 0x28, 0xff, 0x20, 0x28, 0x28, 0xff, 0x28, 0x28, 0x28, 0xff,
    0x28, 0x28, 0x28, 0xff, 0x20, 0x28, 0x30, 0xff, 0x28, 0x28, 0x28, 0xff,
    0x28, 0x28, 0x28, 0xff, 0x28, 0x28, 0x30, 0xff, 0x28, 0x28, 0x28, 0xff,
    0x20, 0x28, 0x28, 0xff, 0x28, 0x28, 0x28, 0xff, 0x28, 0x28, 0x28, 0xff,
    0x28, 0x28, 0x28, 0xff, 0x28, 0x28, 0x28, 0xff, 0x28, 0x28, 0x28, 0xff,
    0x20, 0x28, 0x28, 0xff, 0x28, 0x28, 0x28, 0xff, 0x28, 0x28, 0x28, 0xff,
    0x20, 0x28, 0x28, 0xff, 0x28, 0x28, 0x28, 0xff, 0x28, 0x28, 0x28, 0xff,
    0x20, 0x28, 0x28, 0xff, 0x28, 0x28, 0x28, 0xff, 0x28, 0x28, 0x28, 0xff,
    0x20, 0x28, 0x28, 0xff, 0x28, 0x28, 0x28, 0xff, 0x28, 0x28, 0x28, 0xff,
    0x28, 0x28, 0x28, 0xff, 0x28, 0x28, 0x30, 0xff, 0x20, 0x28, 0x28, 0xff,
    0x28, 0x28, 0x28, 0xff, 0x28, 0x28, 0x28, 0xff, 0x20, 0x28, 0x28, 0xff,
    0x28, 0x28, 0x28, 0xff, 0x20, 0x28, 0x30, 0xff, 0x28, 0x28, 0x28, 0xff,
    0x28, 0x28, 0x28, 0xff, 0x28, 0x28, 0x28, 0xff, 0x20, 0x28, 0x28, 0xff,
    0x28, 0x28, 0x28, 0xff, 0x28, 0x28, 0x28, 0xff, 0x28, 0x28, 0x28, 0xff,
    0x28, 0x28, 0x28, 0xff, 0x28, 0x28, 0x28, 0xff, 0x20, 0x28, 0x28, 0xff,
    0x28, 0x28, 0x28, 0xff, 0x28, 0x28, 0x30, 0xff, 0x28, 0x28, 0x28, 0xff,
    0x20, 0x28, 0x28, 0xff, 0x28, 0x28, 0x30, 0xff, 0x28, 0x28, 0x28, 0xff,
    0x28, 0x28, 0x28, 0xff, 0x28, 0x28, 0x28, 0xff, 0x28, 0x28, 0x28, 0xff,
    0x20, 0x28, 0x28, 0xff, 0x28, 0x28, 0x30, 0xff, 0x20, 0x28, 0x28, 0xff,
    0x28, 0x28, 0x28, 0xff, 0x20, 0x28, 0x30, 0xff, 0x28, 0x28, 0x28, 0xff,
    0x28, 0x28, 0x28, 0xff, 0x28, 0x28, 0x28, 0xff, 0x28, 0x28, 0x28, 0xff,
    0x28, 0x28, 0x28, 0xff, 0x20, 0x28, 0x28, 0xff, 0x28, 0x28, 0x28, 0xff,
    0x28, 0x28, 0x30, 0xff, 0x28, 0x28, 0x28, 0xff, 0x28, 0x28, 0x28, 0xff,
    0x28, 0x28, 0x30, 0xff, 0x20, 0x28, 0x28, 0xff, 0x28, 0x28, 0x28, 0xff,
    0x28, 0x28, 0x28, 0xff, 0x20, 0x28, 0x28, 0xff, 0x28, 0x28, 0x28, 0xff,
    0x28, 0x28, 0x28, 0xff, 0x20, 0x28, 0x30, 0xff, 0x28, 0x28, 0x28, 0xff,
    0x28, 0x28, 0x28, 0xff, 0x28, 0x28, 0x28, 0xff, 0x28, 0x28, 0x28, 0xff,
    0x28, 0x28, 0x28, 0xff, 0x20, 0x28, 0x28, 0xff, 0x28, 0x28, 0x28, 0xff,
    0x28, 0x28, 0x30, 0xff, 0x28, 0x28, 0x28, 0xff, 0x20, 0x28, 0x28, 0xff,
    0x28, 0x28, 0x30, 0xff, 0x28, 0x28, 0x28, 0xff, 0x20, 0x28, 0x28, 0xff,
    0x28, 0x28, 0x28, 0xff, 0x28, 0x28, 0x28, 0xff, 0x28, 0x28, 0x30, 0xff,
    0x28, 0x28, 0x28, 0xff, 0x28, 0x28, 0x28, 0xff, 0x20, 0x28, 0x28, 0xff,
    0x28, 0x28, 0x28, 0xff, 0x28, 0x28, 0x28, 0xff, 0x20, 0x28, 0x28, 0xff,
    0x28, 0x28, 0x30, 0xff, 0x28, 0x28, 0x28, 0xff, 0x20, 0x28, 0x28, 0xff,
    0x28, 0x28, 0x30, 0xff, 0x28, 0x28, 0x28, 0xff, 0x28, 0x28, 0x28, 0xff,
    0x20, 0x28, 0x28, 0xff, 0x28, 0x28, 0x28, 0xff, 0x28, 0x28, 0x28, 0xff,
    0x28, 0x28, 0x28, 0xff, 0x28, 0x28, 0x30, 0xff, 0x28, 0x28, 0x28, 0xff,
    0x28, 0x28, 0x28, 0xff, 0x28, 0x28, 0x28, 0xff, 0x28, 0x28, 0x28, 0xff,
    0x20, 0x28, 0x28, 0xff, 0x28, 0x28, 0x30, 0xff, 0x28, 0x28, 0x28, 0xff,
    0x28, 0x28, 0x28, 0xff, 0x20, 0x28, 0x28, 0xff, 0x28, 0x28, 0x28, 0xff,
    0x28, 0x28, 0x28, 0xff, 0x20, 0x28, 0x28, 0xff, 0x28, 0x28, 0x28, 0xff,
    0x28, 0x28, 0x28, 0xff, 0x20, 0x28, 0x28, 0x20, 0x00, 0x00, 0x00, 0x00,
    0x28, 0x28, 0x28, 0xdf, 0x28, 0x28, 0x28, 0xff, 0x28, 0x28, 0x28, 0xff,
    0x20, 0x28, 0x28, 0xff, 0x28, 0x28, 0x28, 0xff, 0x28, 0x28, 0x28, 0xff,
    0x28, 0x28, 0x28, 0xff, 0x28, 0x28, 0x28, 0xff, 0x28, 0x28, 0x28, 0xff,
    0x28, 0x28, 0x28, 0xff, 0x20, 0x28, 0x28, 0xff, 0x28, 0x28, 0x28, 0xff,
    0x28, 0x28, 0x30, 0xff, 0x20, 0x28, 0x28, 0xff, 0x28, 0x28, 0x28, 0xff,
    0x28, 0x28, 0x30, 0xff, 0x28, 0x28, 0x28, 0xff, 0x28, 0x28, 0x28, 0xff,
    0x28, 0x28, 0x28, 0xff, 0x28, 0x28, 0x28, 0xff, 0x20, 0x28, 0x28, 0xff,
    0x28, 0x28, 0x28, 0xff, 0x28, 0x28, 0x28, 0xff, 0x20, 0x28, 0x28, 0xff,
    0x28, 0x28, 0x30, 0xff, 0x28, 0x28, 0x28, 0xff, 0x20, 0x28, 0x28, 0xff,
    0x28, 0x28, 0x28, 0xff, 0x28, 0x28, 0x28, 0xff, 0x28, 0x28, 0x28, 0xff,
    0x28, 0x28, 0x30, 0xff, 0x28, 0x28, 0x28, 0xff, 0x28, 0x28, 0x28, 0xff,
    0x28, 0x28, 0x30, 0xff, 0x20, 0x28, 0x28, 0xff, 0x28, 0x28, 0x28, 0xff,
    0x28, 0x28, 0x28, 0xff, 0x28, 0x28, 0x28, 0xff, 0x28, 0x28, 0x30, 0xff,
    0x20, 0x28, 0x28, 0xff, 0x20, 0x28, 0x28, 0xff, 0x28, 0x28, 0x28, 0xff,
    0x28, 0x28, 0x28, 0xff, 0x20, 0x28, 0x28, 0xff, 0x28, 0x28, 0x28, 0xff,
    0x28, 0x28, 0x30, 0xff, 0x28, 0x28, 0x28, 0xff, 0x28, 0x28, 0x28, 0xff,
    0x20, 0x28, 0x28, 0xff, 0x28, 0x28, 0x28, 0xff, 0x28, 0x28, 0x28, 0xff,
    0x28, 0x28, 0x30, 0xff, 0x28, 0x28, 0x28, 0xff, 0x20, 0x28, 0x28, 0xff,
    0x28, 0x28, 0x28, 0xff, 0x28, 0x28, 0x28, 0xff, 0x20, 0x28, 0x28, 0xff,
    0x28, 0x28, 0x30, 0xff, 0x28, 0x28, 0x28, 0xff, 0x20, 0x28, 0x28, 0xff,
    0x28, 0x28, 0x28, 0xff, 0x28, 0x28, 0x28, 0xff, 0x28, 0x28, 0x28, 0xff,
    0x28, 0x28, 0x28, 0xff, 0x28, 0x28, 0x28, 0xff, 0x20, 0x28, 0x30, 0xff,
    0x28, 0x28, 0x28, 0xff, 0x28, 0x28, 0x28, 0xff, 0x28, 0x28, 0x28, 0xff,
    0x28, 0x28, 0x28, 0xff, 0x28, 0x28, 0x28, 0xff, 0x20, 0x28, 0x28, 0xff,
    0x28, 0x28, 0x28, 0xff, 0x20, 0x28, 0x28, 0xff, 0x20, 0x28, 0x30, 0xff,
    0x28, 0x28, 0x28, 0xff, 0x28, 0x28, 0x28, 0xff, 0x20, 0x28, 0x30, 0xff,
    0x28, 0x28, 0x28, 0xff, 0x28, 0x28, 0x28, 0xff, 0x20, 0x28, 0x28, 0xff,
    0x28, 0x28, 0x28, 0xff, 0x28, 0x28, 0x28, 0xff, 0x20, 0x28, 0x28, 0xff,
    0x28, 0x28, 0x28, 0xff, 0x28, 0x28, 0x28, 0xff, 0x20, 0x28, 0x30, 0xff,
    0x28, 0x28, 0x28, 0xff, 0x28, 0x28, 0x28, 0xff, 0x28, 0x28, 0x28, 0xff,
    0x28, 0x28, 0x28, 0xff, 0x28, 0x28, 0x28, 0xff, 0x20, 0x28, 0x30, 0xff,
    0x28, 0x28, 0x28, 0xff, 0x28, 0x28, 0x28, 0xff, 0x20, 0x28, 0x30, 0xff,
    0x28, 0x28, 0x28, 0xff, 0x28, 0x28, 0x28, 0xff, 0x28, 0x28, 0x28, 0xff,
    0x28, 0x28, 0x28, 0xff, 0x28, 0x28, 0x28, 0xff, 0x28, 0x28, 0x28, 0xff,
    0x28, 0x28, 0x28, 0xff, 0x28, 0x28, 0x28, 0xff, 0x28, 0x28, 0x30, 0xff,
    0x20, 0x28, 0x28, 0xff, 0x28, 0x28, 0x28, 0xff, 0x28, 0x28, 0x28, 0xff,
    0x28, 0x28, 0x28, 0xff, 0x28, 0x28, 0x28, 0xff, 0x20, 0x28, 0x28, 0xff,
    0x28, 0x28, 0x28, 0xff, 0x28, 0x28, 0x28, 0xff, 0x28, 0x28, 0x28, 0xff,
    0x28, 0x28, 0x28, 0xff, 0x28, 0x28, 0x28, 0xff, 0x20, 0x28, 0x28, 0xff,
    0x28, 0x28, 0x28, 0xff, 0x28, 0x28, 0x28, 0xff, 0x28, 0x28, 0x28, 0xff,
    0x20, 0x28, 0x28, 0xff, 0x28, 0x28, 0x28, 0xff, 0x28, 0x28, 0x28, 0xff,
    0x20, 0x28, 0x28, 0xff, 0x28, 0x28, 0x28, 0xff, 0x28, 0x28, 0x28, 0xff,
    0x28, 0x28, 0x30, 0xff, 0x28, 0x28, 0x28, 0xff, 0x20, 0x28, 0x28, 0xff,
    0x28, 0x28, 0x28, 0xff, 0x28, 0x28, 0x28, 0xff, 0x28, 0x28, 0x28, 0xff,
    0x20, 0x28, 0x28, 0xff, 0x28, 0x28, 0x28, 0xff, 0x28, 0x28, 0x28, 0xff,
    0x28, 0x28, 0x28, 0xff, 0x28, 0x28, 0x28, 0xff, 0x28, 0x28, 0x28, 0xdf,
    0x00, 0x00, 0x00, 0x00, 0x00, 0x00, 0x00, 0x00, 0x28, 0x28, 0x28, 0x82,
    0x28, 0x28, 0x28, 0xff, 0x28, 0x28, 0x30, 0xff, 0x28, 0x28, 0x28, 0xff,
    0x20, 0x28, 0x28, 0xff, 0x28, 0x28, 0x28, 0xff, 0x28, 0x28, 0x28, 0xff,
    0x20, 0x28, 0x30, 0xff, 0x28, 0x28, 0x28, 0xff, 0x28, 0x28, 0x28, 0xff,
    0x28, 0x28, 0x30, 0xff, 0x28, 0x28, 0x28, 0xff, 0x20, 0x28, 0x28, 0xff,
    0x28, 0x28, 0x28, 0xff, 0x28, 0x28, 0x28, 0xff, 0x20, 0x28, 0x28, 0xff,
    0x28, 0x28, 0x28, 0xff, 0x20, 0x28, 0x28, 0xff, 0x28, 0x28, 0x28, 0xff,
    0x28, 0x28, 0x28, 0xff, 0x20, 0x28, 0x28, 0xff, 0x28, 0x28, 0x28, 0xff,
    0x28, 0x28, 0x28, 0xff, 0x28, 0x28, 0x28, 0xff, 0x28, 0x28, 0x28, 0xff,
    0x20, 0x28, 0x28, 0xff, 0x28, 0x28, 0x28, 0xff, 0x28, 0x28, 0x30, 0xff,
    0x20, 0x28, 0x28, 0xff, 0x28, 0x28, 0x28, 0xff, 0x20, 0x28, 0x28, 0xff,
    0x28, 0x28, 0x28, 0xff, 0x28, 0x28, 0x28, 0xff, 0x20, 0x28, 0x28, 0xff,
    0x28, 0x28, 0x28, 0xff, 0x28, 0x28, 0x30, 0xff, 0x28, 0x28, 0x28, 0xff,
    0x20, 0x28, 0x28, 0xff, 0x28, 0x28, 0x28, 0xff, 0x28, 0x28, 0x28, 0xff,
    0x28, 0x28, 0x28, 0xff, 0x28, 0x28, 0x30, 0xff, 0x28, 0x28, 0x28, 0xff,
    0x28, 0x28, 0x28, 0xff, 0x28, 0x28, 0x28, 0xff, 0x20, 0x28, 0x28, 0xff,
    0x28, 0x28, 0x28, 0xff, 0x28, 0x28, 0x28, 0xff, 0x28, 0x28, 0x28, 0xff,
    0x20, 0x28, 0x28, 0xff, 0x28, 0x28, 0x28, 0xff, 0x28, 0x28, 0x28, 0xff,
    0x20, 0x28, 0x28, 0xff, 0x28, 0x28, 0x28, 0xff, 0x28, 0x28, 0x30, 0xff,
    0x20, 0x28, 0x28, 0xff, 0x28, 0x28, 0x28, 0xff, 0x28, 0x28, 0x28, 0xff,
    0x28, 0x28, 0x28, 0xff, 0x28, 0x28, 0x28, 0xff, 0x20, 0x28, 0x28, 0xff,
    0x28, 0x28, 0x28, 0xff, 0x20, 0x28, 0x28, 0xff, 0x28, 0x28, 0x28, 0xff,
    0x28, 0x28, 0x28, 0xff, 0x20, 0x28, 0x28, 0xff, 0x28, 0x28, 0x28, 0xff,
    0x28, 0x28, 0x28, 0xff, 0x20, 0x28, 0x30, 0xff, 0x28, 0x28, 0x28, 0xff,
    0x28, 0x28, 0x28, 0xff, 0x28, 0x28, 0x28, 0xff, 0x28, 0x28, 0x28, 0xff,
    0x28, 0x28, 0x28, 0xff, 0x28, 0x28, 0x28, 0xff, 0x28, 0x28, 0x28, 0xff,
    0x20, 0x28, 0x28, 0xff, 0x28, 0x28, 0x28, 0xff, 0x28, 0x28, 0x28, 0xff,
    0x28, 0x28, 0x28, 0xff, 0x20, 0x28, 0x28, 0xff, 0x28, 0x28, 0x28, 0xff,
    0x28, 0x28, 0x28, 0xff, 0x28, 0x28, 0x28, 0xff, 0x28, 0x28, 0x28, 0xff,
    0x28, 0x28, 0x28, 0xff, 0x28, 0x28, 0x28, 0xff, 0x28, 0x28, 0x28, 0xff,
    0x20, 0x28, 0x28, 0xff, 0x28, 0x28, 0x30, 0xff, 0x28, 0x28, 0x28, 0xff,
    0x20, 0x28, 0x28, 0xff, 0x28, 0x28, 0x28, 0xff, 0x28, 0x28, 0x28, 0xff,
    0x28, 0x28, 0x28, 0xff, 0x28, 0x28, 0x28, 0xff, 0x28, 0x28, 0x28, 0xff,
    0x20, 0x28, 0x28, 0xff, 0x20, 0x28, 0x28, 0xff, 0x28, 0x28, 0x28, 0xff,
    0x28, 0x28, 0x28, 0xff, 0x20, 0x28, 0x28, 0xff, 0x20, 0x28, 0x28, 0xff,
    0x28, 0x28, 0x28, 0xff, 0x28, 0x28, 0x28, 0xff, 0x20, 0x28, 0x28, 0xff,
    0x28, 0x28, 0x28, 0xff, 0x20, 0x28, 0x28, 0xff, 0x28, 0x28, 0x30, 0xff,
    0x28, 0x28, 0x28, 0xff, 0x28, 0x28, 0x28, 0xff, 0x20, 0x28, 0x30, 0xff,
    0x28, 0x28, 0x28, 0xff, 0x20, 0x28, 0x28, 0xff, 0x28, 0x28, 0x28, 0xff,
    0x28, 0x28, 0x28, 0xff, 0x28, 0x28, 0x28, 0xff, 0x20, 0x28, 0x28, 0xff,
    0x28, 0x28, 0x30, 0xff, 0x28, 0x28, 0x28, 0xff, 0x28, 0x28, 0x28, 0xff,
    0x20, 0x28, 0x30, 0xff, 0x28, 0x28, 0x28, 0xff, 0x28, 0x28, 0x28, 0xff,
    0x20, 0x28, 0x28, 0xff, 0x20, 0x28, 0x28, 0xff, 0x28, 0x28, 0x28, 0xff,
    0x28, 0x28, 0x28, 0xff, 0x28, 0x28, 0x28, 0xff, 0x20, 0x28, 0x28, 0xff,
    0x28, 0x28, 0x28, 0xff, 0x28, 0x28, 0x30, 0xff, 0x28, 0x28, 0x28, 0xff,
    0x20, 0x28, 0x28, 0xff, 0x28, 0x28, 0x30, 0xff, 0x28, 0x28, 0x28, 0xff,
    0x20, 0x28, 0x28, 0xff, 0x20, 0x28, 0x28, 0x61, 0x00, 0x00, 0x00, 0x00,
    0x00, 0x00, 0x00, 0x00, 0x20, 0x30, 0x30, 0x10, 0x20, 0x28, 0x28, 0xef,
    0x28, 0x28, 0x28, 0xff, 0x28, 0x28, 0x28, 0xff, 0x28, 0x28, 0x30, 0xff,
    0x20, 0x28, 0x28, 0xff, 0x28, 0x28, 0x28, 0xff, 0x28, 0x28, 0x28, 0xff,
    0x20, 0x28, 0x28, 0xff, 0x28, 0x28, 0x28, 0xff, 0x28, 0x28, 0x28, 0xff,
    0x20, 0x28, 0x28, 0xff, 0x28, 0x28, 0x28, 0xff, 0x28, 0x28, 0x28, 0xff,
    0x28, 0x28, 0x28, 0xff, 0x28, 0x28, 0x28, 0xff, 0x28, 0x28, 0x30, 0xff,
    0x20, 0x28, 0x28, 0xff, 0x28, 0x28, 0x28, 0xff, 0x28, 0x28, 0x30, 0xff,
    0x28, 0x28, 0x28, 0xff, 0x28, 0x28, 0x28, 0xff, 0x20, 0x28, 0x30, 0xff,
    0x28, 0x28, 0x28, 0xff, 0x28, 0x28, 0x28, 0xff, 0x28, 0x28, 0x28, 0xff,
    0x28, 0x28, 0x28, 0xff, 0x28, 0x28, 0x28, 0xff, 0x28, 0x28, 0x28, 0xff,
    0x20, 0x28, 0x28, 0xff, 0x28, 0x28, 0x28, 0xff, 0x28, 0x28, 0x28, 0xff,
    0x20, 0x28, 0x28, 0xff, 0x28, 0x28, 0x28, 0xff, 0x28, 0x28, 0x28, 0xff,
    0x28, 0x28, 0x28, 0xff, 0x20, 0x28, 0x28, 0xff, 0x28, 0x28, 0x28, 0xff,
    0x28, 0x28, 0x28, 0xff, 0x28, 0x28, 0x28, 0xff, 0x20, 0x28, 0x28, 0xff,
    0x28, 0x28, 0x28, 0xff, 0x20, 0x28, 0x28, 0xff, 0x28, 0x28, 0x28, 0xff,
    0x28, 0x28, 0x28, 0xff, 0x20, 0x28, 0x28, 0xff, 0x28, 0x28, 0x30, 0xff,
    0x28, 0x28, 0x28, 0xff, 0x28, 0x28, 0x28, 0xff, 0x20, 0x28, 0x30, 0xff,
    0x28, 0x28, 0x28, 0xff, 0x28, 0x28, 0x28, 0xff, 0x20, 0x28, 0x28, 0xff,
    0x28, 0x28, 0x28, 0xff, 0x28, 0x28, 0x28, 0xff, 0x28, 0x28, 0x28, 0xff,
    0x28, 0x28, 0x28, 0xff, 0x20, 0x28, 0x28, 0xff, 0x28, 0x28, 0x28, 0xff,
    0x28, 0x28, 0x30, 0xff, 0x28, 0x28, 0x28, 0xff, 0x28, 0x28, 0x28, 0xff,
    0x20, 0x28, 0x30, 0xff, 0x28, 0x28, 0x28, 0xff, 0x28, 0x28, 0x28, 0xff,
    0x28, 0x28, 0x28, 0xff, 0x28, 0x28, 0x28, 0xff, 0x20, 0x28, 0x28, 0xff,
    0x28, 0x28, 0x28, 0xff, 0x28, 0x28, 0x28, 0xff, 0x20, 0x28, 0x28, 0xff,
    0x28, 0x28, 0x30, 0xff, 0x28, 0x28, 0x28, 0xff, 0x28, 0x28, 0x28, 0xff,
    0x28, 0x28, 0x28, 0xff, 0x28, 0x28, 0x28, 0xff, 0x28, 0x28, 0x28, 0xff,
    0x28, 0x28, 0x28, 0xff, 0x28, 0x28, 0x30, 0xff, 0x28, 0x28, 0x28, 0xff,
    0x28, 0x28, 0x28, 0xff, 0x20, 0x28, 0x30, 0xff, 0x28, 0x28, 0x28, 0xff,
    0x28, 0x28, 0x28, 0xff, 0x20, 0x28, 0x30, 0xff, 0x20, 0x28, 0x28, 0xff,
    0x28, 0x28, 0x28, 0xff, 0x28, 0x28, 0x28, 0xff, 0x20, 0x28, 0x28, 0xff,
    0x28, 0x28, 0x28, 0xff, 0x28, 0x28, 0x28, 0xff, 0x28, 0x28, 0x28, 0xff,
    0x28, 0x28, 0x28, 0xff, 0x20, 0x28, 0x28, 0xff, 0x28, 0x28, 0x28, 0xff,
    0x28, 0x28, 0x28, 0xff, 0x20, 0x28, 0x30, 0xff, 0x28, 0x28, 0x28, 0xff,
    0x28, 0x28, 0x28, 0xff, 0x28, 0x28, 0x30, 0xff, 0x28, 0x28, 0x28, 0xff,
    0x28, 0x28, 0x28, 0xff, 0x28, 0x28, 0x30, 0xff, 0x28, 0x28, 0x28, 0xff,
    0x28, 0x28, 0x28, 0xff, 0x28, 0x28, 0x28, 0xff, 0x28, 0x28, 0x28, 0xff,
    0x28, 0x28, 0x28, 0xff, 0x20, 0x28, 0x28, 0xff, 0x28, 0x28, 0x28, 0xff,
    0x28, 0x28, 0x28, 0xff, 0x28, 0x28, 0x28, 0xff, 0x28, 0x28, 0x28, 0xff,
    0x28, 0x28, 0x28, 0xff, 0x20, 0x28, 0x30, 0xff, 0x28, 0x28, 0x28, 0xff,
    0x28, 0x28, 0x28, 0xff, 0x28, 0x28, 0x28, 0xff, 0x20, 0x28, 0x28, 0xff,
    0x28, 0x28, 0x28, 0xff, 0x28, 0x28, 0x28, 0xff, 0x28, 0x28, 0x28, 0xff,
    0x28, 0x28, 0x28, 0xff, 0x28, 0x28, 0x28, 0xff, 0x28, 0x28, 0x30, 0xff,
    0x28, 0x28, 0x28, 0xff, 0x20, 0x28, 0x28, 0xff, 0x28, 0x28, 0x28, 0xff,
    0x28, 0x28, 0x30, 0xff, 0x28, 0x28, 0x28, 0xff, 0x20, 0x28, 0x28, 0xff,
    0x28, 0x28, 0x28, 0xff, 0x28, 0x28, 0x28, 0xff, 0x28, 0x28, 0x28, 0xff,
    0x20, 0x28, 0x28, 0xff, 0x28, 0x28, 0x28, 0xff, 0x28, 0x28, 0x28, 0xdf,
    0x20, 0x28, 0x28, 0x20, 0x00, 0x00, 0x00, 0x00, 0x00, 0x00, 0x00, 0x00,
    0x00, 0x00, 0x00, 0x00, 0x28, 0x28, 0x28, 0x51, 0x20, 0x28, 0x28, 0xff,
    0x28, 0x28, 0x28, 0xff, 0x28, 0x28, 0x28, 0xff, 0x28, 0x28, 0x28, 0xff,
    0x28, 0x28, 0x28, 0xff, 0x28, 0x28, 0x28, 0xff, 0x28, 0x28, 0x28, 0xff,
    0x28, 0x28, 0x28, 0xff, 0x20, 0x28, 0x28, 0xff, 0x28, 0x28, 0x28, 0xff,
    0x28, 0x28, 0x28, 0xff, 0x20, 0x28, 0x30, 0xff, 0x28, 0x28, 0x28, 0xff,
    0x28, 0x28, 0x28, 0xff, 0x28, 0x28, 0x28, 0xff, 0x28, 0x28, 0x28, 0xff,
    0x28, 0x28, 0x28, 0xff, 0x20, 0x28, 0x28, 0xff, 0x28, 0x28, 0x28, 0xff,
    0x28, 0x28, 0x28, 0xff, 0x20, 0x28, 0x28, 0xff, 0x28, 0x28, 0x28, 0xff,
    0x28, 0x28, 0x28, 0xff, 0x20, 0x28, 0x30, 0xff, 0x20, 0x28, 0x28, 0xff,
    0x28, 0x28, 0x28, 0xff, 0x28, 0x28, 0x28, 0xff, 0x28, 0x28, 0x30, 0xff,
    0x28, 0x28, 0x28, 0xff, 0x28, 0x28, 0x28, 0xff, 0x28, 0x28, 0x30, 0xff,
    0x28, 0x28, 0x28, 0xff, 0x28, 0x28, 0x28, 0xff, 0x20, 0x28, 0x28, 0xff,
    0x28, 0x28, 0x28, 0xff, 0x28, 0x28, 0x30, 0xff, 0x28, 0x28, 0x28, 0xff,
    0x20, 0x28, 0x28, 0xff, 0x28, 0x28, 0x30, 0xff, 0x28, 0x28, 0x28, 0xff,
    0x28, 0x28, 0x28, 0xff, 0x20, 0x28, 0x30, 0xff, 0x28, 0x28, 0x28, 0xff,
    0x28, 0x28, 0x28, 0xff, 0x28, 0x28, 0x28, 0xff, 0x20, 0x28, 0x28, 0xff,
    0x28, 0x28, 0x28, 0xff, 0x28, 0x28, 0x28, 0xff, 0x28, 0x28, 0x28, 0xff,
    0x28, 0x28, 0x28, 0xff, 0x28, 0x28, 0x30, 0xff, 0x28, 0x28, 0x28, 0xff,
    0x20, 0x28, 0x28, 0xff, 0x28, 0x28, 0x28, 0xff, 0x28, 0x28, 0x30, 0xff,
    0x20, 0x28, 0x28, 0xff, 0x28, 0x28, 0x28, 0xff, 0x28, 0x28, 0x28, 0xff,
    0x20, 0x28, 0x28, 0xff, 0x28, 0x28, 0x28, 0xff, 0x28, 0x28, 0x28, 0xff,
    0x28, 0x28, 0x28, 0xff, 0x20, 0x28, 0x28, 0xff, 0x28, 0x28, 0x30, 0xff,
    0x28, 0x28, 0x28, 0xff, 0x28, 0x28, 0x28, 0xff, 0x28, 0x28, 0x28, 0xff,
    0x28, 0x28, 0x28, 0xff, 0x20, 0x28, 0x28, 0xff, 0x28, 0x28, 0x28, 0xff,
    0x20, 0x28, 0x28, 0xff, 0x20, 0x28, 0x30, 0xff, 0x28, 0x28, 0x28, 0xff,
    0x20, 0x28, 0x28, 0xff, 0x28, 0x28, 0x30, 0xff, 0x20, 0x28, 0x28, 0xff,
    0x20, 0x28, 0x28, 0xff, 0x28, 0x28, 0x28, 0xff, 0x28, 0x28, 0x28, 0xff,
    0x28, 0x28, 0x28, 0xff, 0x20, 0x28, 0x28, 0xff, 0x28, 0x28, 0x28, 0xff,
    0x28, 0x28, 0x28, 0xff, 0x28, 0x28, 0x28, 0xff, 0x28, 0x28, 0x28, 0xff,
    0x28, 0x28, 0x30, 0xff, 0x28, 0x28, 0x28, 0xff, 0x20, 0x28, 0x28, 0xff,
    0x28, 0x28, 0x28, 0xff, 0x28, 0x28, 0x28, 0xff, 0x20, 0x28, 0x30, 0xff,
    0x28, 0x28, 0x28, 0xff, 0x28, 0x28, 0x28, 0xff, 0x20, 0x28, 0x28, 0xff,
    0x28, 0x28, 0x28, 0xff, 0x28, 0x28, 0x28, 0xff, 0x28, 0x28, 0x28, 0xff,
    0x20, 0x28, 0x28, 0xff, 0x28, 0x28, 0x28, 0xff, 0x28, 0x28, 0x28, 0xff,
    0x20, 0x28, 0x28, 0xff, 0x28, 0x28, 0x28, 0xff, 0x20, 0x28, 0x28, 0xff,
    0x28, 0x28, 0x30, 0xff, 0x28, 0x28, 0x28, 0xff, 0x28, 0x28, 0x28, 0xff,
    0x20, 0x28, 0x28, 0xff, 0x28, 0x28, 0x28, 0xff, 0x28, 0x28, 0x28, 0xff,
    0x20, 0x28, 0x28, 0xff, 0x28, 0x28, 0x28, 0xff, 0x28, 0x28, 0x28, 0xff,
    0x28, 0x28, 0x28, 0xff, 0x20, 0x28, 0x28, 0xff, 0x28, 0x28, 0x30, 0xff,
    0x28, 0x28, 0x28, 0xff, 0x28, 0x28, 0x28, 0xff, 0x20, 0x28, 0x28, 0xff,
    0x28, 0x28, 0x28, 0xff, 0x28, 0x28, 0x28, 0xff, 0x20, 0x28, 0x28, 0xff,
    0x28, 0x28, 0x28, 0xff, 0x28, 0x28, 0x28, 0xff, 0x28, 0x28, 0x28, 0xff,
    0x28, 0x28, 0x28, 0xff, 0x20, 0x28, 0x28, 0xff, 0x28, 0x28, 0x28, 0xff,
    0x28, 0x28, 0x28, 0xff, 0x28, 0x28, 0x28, 0xff, 0x20, 0x28, 0x28, 0xff,
    0x28, 0x28, 0x28, 0xff, 0x28, 0x28, 0x28, 0xff, 0x28, 0x28, 0x28, 0xff,
    0x28, 0x28, 0x30, 0xff, 0x20, 0x28, 0x28, 0x61, 0x00, 0x00, 0x00, 0x00,
    0x00, 0x00, 0x00, 0x00, 0x00, 0x00, 0x00, 0x00, 0x00, 0x00, 0x00, 0x00,
    0x00, 0x00, 0x00, 0x00, 0x28, 0x28, 0x30, 0x82, 0x20, 0x28, 0x28, 0xff,
    0x28, 0x28, 0x28, 0xff, 0x20, 0x28, 0x28, 0xff, 0x28, 0x28, 0x30, 0xff,
    0x20, 0x28, 0x28, 0xff, 0x28, 0x28, 0x28, 0xff, 0x28, 0x28, 0x30, 0xff,
    0x28, 0x28, 0x28, 0xff, 0x28, 0x28, 0x28, 0xff, 0x28, 0x28, 0x28, 0xff,
    0x20, 0x28, 0x28, 0xff, 0x28, 0x28, 0x28, 0xff, 0x20, 0x28, 0x28, 0xff,
    0x20, 0x28, 0x28, 0xff, 0x28, 0x28, 0x28, 0xff, 0x28, 0x28, 0x28, 0xff,
    0x20, 0x28, 0x28, 0xff, 0x28, 0x28, 0x30, 0xff, 0x28, 0x28, 0x28, 0xff,
    0x28, 0x28, 0x28, 0xff, 0x28, 0x28, 0x28, 0xff, 0x28, 0x28, 0x28, 0xff,
    0x28, 0x28, 0x28, 0xff, 0x28, 0x28, 0x28, 0xff, 0x20, 0x28, 0x28, 0xff,
    0x28, 0x28, 0x28, 0xff, 0x28, 0x28, 0x28, 0xff, 0x20, 0x28, 0x28, 0xff,
    0x20, 0x28, 0x28, 0xff, 0x28, 0x28, 0x28, 0xff, 0x28, 0x28, 0x28, 0xff,
    0x20, 0x28, 0x28, 0xff, 0x28, 0x28, 0x30, 0xff, 0x28, 0x28, 0x28, 0xff,
    0x28, 0x28, 0x28, 0xff, 0x20, 0x28, 0x28, 0xff, 0x28, 0x28, 0x28, 0xff,
    0x28, 0x28, 0x28, 0xff, 0x28, 0x28, 0x28, 0xff, 0x28, 0x28, 0x28, 0xff,
    0x28, 0x28, 0x28, 0xff, 0x28, 0x28, 0x28, 0xff, 0x28, 0x28, 0x28, 0xff,
    0x20, 0x28, 0x28, 0xff, 0x28, 0x28, 0x28, 0xff, 0x28, 0x28, 0x28, 0xff,
    0x20, 0x28, 0x28, 0xff, 0x28, 0x28, 0x28, 0xff, 0x20, 0x28, 0x28, 0xff,
    0x28, 0x28, 0x28, 0xff, 0x28, 0x28, 0x28, 0xff, 0x20, 0x28, 0x28, 0xff,
    0x28, 0x28, 0x28, 0xff, 0x28, 0x28, 0x28, 0xff, 0x28, 0x28, 0x28, 0xff,
    0x28, 0x28, 0x28, 0xff, 0x20, 0x28, 0x28, 0xff, 0x28, 0x28, 0x28, 0xff,
    0x28, 0x28, 0x28, 0xff, 0x28, 0x28, 0x28, 0xff, 0x20, 0x28, 0x28, 0xff,
    0x28, 0x28, 0x28, 0xff, 0x28, 0x28, 0x28, 0xff, 0x20, 0x28, 0x28, 0xff,
    0x28, 0x28, 0x30, 0xff, 0x28, 0x28, 0x28, 0xff, 0x20, 0x28, 0x28, 0xff,
    0x28, 0x28, 0x30, 0xff, 0x28, 0x28, 0x28, 0xff, 0x28, 0x28, 0x28, 0xff,
    0x28, 0x28, 0x28, 0xff, 0x28, 0x28, 0x28, 0xff, 0x28, 0x28, 0x28, 0xff,
    0x28, 0x28, 0x28, 0xff, 0x28, 0x28, 0x28, 0xff, 0x28, 0x28, 0x28, 0xff,
    0x20, 0x28, 0x28, 0xff, 0x28, 0x28, 0x28, 0xff, 0x28, 0x28, 0x28, 0xff,
    0x28, 0x28, 0x28, 0xff, 0x28, 0x28, 0x28, 0xff, 0x28, 0x28, 0x28, 0xff,
    0x20, 0x28, 0x28, 0xff, 0x28, 0x28, 0x28, 0xff, 0x28, 0x28, 0x28, 0xff,
    0x28, 0x28, 0x28, 0xff, 0x28, 0x28, 0x28, 0xff, 0x20, 0x28, 0x30, 0xff,
    0x28, 0x28, 0x28, 0xff, 0x28, 0x28, 0x28, 0xff, 0x28, 0x28, 0x28, 0xff,
    0x28, 0x28, 0x28, 0xff, 0x28, 0x28, 0x30, 0xff, 0x28, 0x28, 0x28, 0xff,
    0x28, 0x28, 0x28, 0xff, 0x20, 0x28, 0x28, 0xff, 0x28, 0x28, 0x28, 0xff,
    0x28, 0x28, 0x28, 0xff, 0x20, 0x28, 0x28, 0xff, 0x28, 0x28, 0x28, 0xff,
    0x28, 0x28, 0x28, 0xff, 0x20, 0x28, 0x28, 0xff, 0x28, 0x28, 0x28, 0xff,
    0x28, 0x28, 0x28, 0xff, 0x20, 0x28, 0x30, 0xff, 0x28, 0x28, 0x28, 0xff,
    0x28, 0x28, 0x28, 0xff, 0x20, 0x28, 0x30, 0xff, 0x28, 0x28, 0x28, 0xff,
    0x28, 0x28, 0x28, 0xff, 0x20, 0x28, 0x30, 0xff, 0x28, 0x28, 0x28, 0xff,
    0x28, 0x28, 0x28, 0xff, 0x20, 0x28, 0x28, 0xff, 0x28, 0x28, 0x28, 0xff,
    0x28, 0x28, 0x28, 0xff, 0x28, 0x28, 0x30, 0xff, 0x20, 0x28, 0x28, 0xff,
    0x28, 0x28, 0x28, 0xff, 0x28, 0x28, 0x30, 0xff, 0x20, 0x28, 0x28, 0xff,
    0x28, 0x28, 0x28, 0xff, 0x28, 0x28, 0x28, 0xff, 0x28, 0x28, 0x30, 0xff,
    0x28, 0x28, 0x28, 0xff, 0x20, 0x28, 0x28, 0xff, 0x28, 0x28, 0x28, 0xff,
    0x28, 0x28, 0x30, 0xff, 0x28, 0x28, 0x28, 0xff, 0x20, 0x28, 0x28, 0xff,
    0x28, 0x28, 0x30, 0xff, 0x28, 0x28, 0x28, 0xff, 0x28, 0x28, 0x28, 0x82,
    0x00, 0x00, 0x00, 0x00, 0x00, 0x00, 0x00, 0x00, 0x00, 0x00, 0x00, 0x00,
    0x00, 0x00, 0x00, 0x00, 0x00, 0x00, 0x00, 0x00, 0x00, 0x00, 0x00, 0x00,
    0x00, 0x00, 0x00, 0x00, 0x28, 0x28, 0x28, 0x5d, 0x28, 0x28, 0x28, 0xdf,
    0x28, 0x28, 0x28, 0xff, 0x20, 0x28, 0x28, 0xff, 0x28, 0x28, 0x28, 0xff,
    0x28, 0x28, 0x28, 0xff, 0x20, 0x28, 0x28, 0xff, 0x28, 0x28, 0x28, 0xff,
    0x28, 0x28, 0x28, 0xff, 0x20, 0x28, 0x30, 0xff, 0x28, 0x28, 0x28, 0xff,
    0x28, 0x28, 0x28, 0xff, 0x28, 0x28, 0x30, 0xff, 0x28, 0x28, 0x28, 0xff,
    0x28, 0x28, 0x28, 0xff, 0x28, 0x28, 0x30, 0xff, 0x28, 0x28, 0x28, 0xff,
    0x28, 0x28, 0x28, 0xff, 0x20, 0x28, 0x28, 0xff, 0x28, 0x28, 0x28, 0xff,
    0x20, 0x28, 0x30, 0xff, 0x28, 0x28, 0x28, 0xff, 0x28, 0x28, 0x28, 0xff,
    0x28, 0x28, 0x28, 0xff, 0x28, 0x28, 0x30, 0xff, 0x20, 0x28, 0x28, 0xff,
    0x28, 0x28, 0x28, 0xff, 0x28, 0x28, 0x28, 0xff, 0x28, 0x28, 0x28, 0xff,
    0x28, 0x28, 0x28, 0xff, 0x20, 0x28, 0x28, 0xff, 0x28, 0x28, 0x28, 0xff,
    0x28, 0x28, 0x28, 0xff, 0x28, 0x28, 0x28, 0xff, 0x20, 0x28, 0x28, 0xff,
    0x28, 0x28, 0x28, 0xff, 0x28, 0x28, 0x28, 0xff, 0x20, 0x28, 0x28, 0xff,
    0x28, 0x28, 0x28, 0xff, 0x20, 0x28, 0x28, 0xff, 0x28, 0x28, 0x28, 0xff,
    0x28, 0x28, 0x28, 0xff, 0x20, 0x28, 0x30, 0xff, 0x28, 0x28, 0x28, 0xff,
    0x28, 0x28, 0x28, 0xff, 0x28, 0x28, 0x30, 0xff, 0x28, 0x28, 0x28, 0xff,
    0x28, 0x28, 0x28, 0xff, 0x28, 0x28, 0x30, 0xff, 0x20, 0x28, 0x28, 0xff,
    0x28, 0x28, 0x28, 0xff, 0x28, 0x28, 0x30, 0xff, 0x28, 0x28, 0x28, 0xff,
    0x20, 0x28, 0x28, 0xff, 0x28, 0x28, 0x28, 0xff, 0x28, 0x28, 0x30, 0xff,
    0x28, 0x28, 0x28, 0xff, 0x28, 0x28, 0x28, 0xff, 0x28, 0x28, 0x30, 0xff,
    0x20, 0x28, 0x28, 0xff, 0x28, 0x28, 0x28, 0xff, 0x28, 0x28, 0x30, 0xff,
    0x28, 0x28, 0x28, 0xff, 0x20, 0x28, 0x28, 0xff, 0x28, 0x28, 0x28, 0xff,
    0x28, 0x28, 0x28, 0xff, 0x28, 0x28, 0x28, 0xff, 0x28, 0x28, 0x28, 0xff,
    0x28, 0x28, 0x28, 0xff, 0x28, 0x28, 0x28, 0xff, 0x28, 0x28, 0x28, 0xff,
    0x20, 0x28, 0x28, 0xff, 0x28, 0x28, 0x28, 0xff, 0x28, 0x28, 0x28, 0xff,
    0x28, 0x28, 0x28, 0xff, 0x28, 0x28, 0x30, 0xff, 0x28, 0x28, 0x28, 0xff,
    0x20, 0x28, 0x28, 0xff, 0x28, 0x28, 0x30, 0xff, 0x28, 0x28, 0x28, 0xff,
    0x20, 0x28, 0x28, 0xff, 0x28, 0x28, 0x30, 0xff, 0x28, 0x28, 0x28, 0xff,
    0x20, 0x28, 0x28, 0xff, 0x20, 0x28, 0x28, 0xff, 0x28, 0x28, 0x28, 0xff,
    0x28, 0x28, 0x28, 0xff, 0x28, 0x28, 0x28, 0xff, 0x20, 0x28, 0x28, 0xff,
    0x28, 0x28, 0x28, 0xff, 0x20, 0x28, 0x28, 0xff, 0x28, 0x28, 0x28, 0xff,
    0x20, 0x28, 0x28, 0xff, 0x28, 0x28, 0x28, 0xff, 0x28, 0x28, 0x28, 0xff,
    0x20, 0x28, 0x30, 0xff, 0x28, 0x28, 0x28, 0xff, 0x28, 0x28, 0x28, 0xff,
    0x28, 0x28, 0x30, 0xff, 0x28, 0x28, 0x28, 0xff, 0x28, 0x28, 0x28, 0xff,
    0x28, 0x28, 0x30, 0xff, 0x28, 0x28, 0x28, 0xff, 0x20, 0x28, 0x28, 0xff,
    0x28, 0x28, 0x28, 0xff, 0x28, 0x28, 0x28, 0xff, 0x28, 0x28, 0x28, 0xff,
    0x28, 0x28, 0x28, 0xff, 0x28, 0x28, 0x28, 0xff, 0x28, 0x28, 0x28, 0xff,
    0x20, 0x28, 0x28, 0xff, 0x28, 0x28, 0x28, 0xff, 0x28, 0x28, 0x28, 0xff,
    0x28, 0x28, 0x28, 0xff, 0x20, 0x28, 0x28, 0xff, 0x28, 0x28, 0x28, 0xff,
    0x28, 0x28, 0x28, 0xff, 0x28, 0x28, 0x28, 0xff, 0x28, 0x28, 0x28, 0xff,
    0x28, 0x28, 0x28, 0xff, 0x20, 0x28, 0x28, 0xff, 0x28, 0x28, 0x28, 0xff,
    0x20, 0x28, 0x28, 0xff, 0x28, 0x28, 0x28, 0xff, 0x28, 0x28, 0x28, 0xff,
    0x20, 0x28, 0x28, 0xff, 0x28, 0x28, 0x28, 0xff, 0x28, 0x28, 0x28, 0xff,
    0x28, 0x28, 0x28, 0xff, 0x20, 0x28, 0x28, 0xff, 0x28, 0x28, 0x30, 0xef,
    0x20, 0x24, 0x28, 0x51, 0x00, 0x00, 0x00, 0x00, 0x00, 0x00, 0x00, 0x00,
    0x00, 0x00, 0x00, 0x00, 0x00, 0x00, 0x00, 0x00, 0x00, 0x00, 0x00, 0x00,
    0x00, 0x00, 0x00, 0x00, 0x00, 0x00, 0x00, 0x00, 0x00, 0x00, 0x00, 0x00,
    0x00, 0x00, 0x00, 0x00, 0x28, 0x28, 0x28, 0x20, 0x20, 0x28, 0x28, 0x61,
    0x28, 0x28, 0x28, 0xdf, 0x28, 0x28, 0x28, 0xff, 0x28, 0x28, 0x28, 0xff,
    0x20, 0x28, 0x28, 0xff, 0x28, 0x28, 0x28, 0xff, 0x28, 0x28, 0x28, 0xff,
    0x28, 0x28, 0x28, 0xff, 0x28, 0x28, 0x28, 0xff, 0x28, 0x28, 0x28, 0xff,
    0x28, 0x28, 0x28, 0xff, 0x20, 0x28, 0x28, 0xff, 0x28, 0x28, 0x28, 0xff,
    0x20, 0x28, 0x28, 0xff, 0x28, 0x28, 0x28, 0xff, 0x28, 0x28, 0x28, 0xff,
    0x28, 0x28, 0x28, 0xff, 0x20, 0x28, 0x28, 0xff, 0x28, 0x28, 0x28, 0xff,
    0x20, 0x28, 0x28, 0xff, 0x28, 0x28, 0x28, 0xff, 0x20, 0x28, 0x28, 0xff,
    0x28, 0x28, 0x28, 0xff, 0x28, 0x28, 0x28, 0xff, 0x28, 0x28, 0x28, 0xff,
    0x28, 0x28, 0x30, 0xff, 0x28, 0x28, 0x28, 0xff, 0x20, 0x28, 0x28, 0xff,
    0x28, 0x28, 0x30, 0xff, 0x28, 0x28, 0x28, 0xff, 0x28, 0x28, 0x28, 0xff,
    0x20, 0x28, 0x28, 0xff, 0x28, 0x28, 0x30, 0xff, 0x28, 0x28, 0x28, 0xff,
    0x28, 0x28, 0x28, 0xff, 0x28, 0x28, 0x30, 0xff, 0x28, 0x28, 0x28, 0xff,
    0x20, 0x28, 0x28, 0xff, 0x28, 0x28, 0x30, 0xff, 0x28, 0x28, 0x28, 0xff,
    0x28, 0x28, 0x28, 0xff, 0x28, 0x28, 0x28, 0xff, 0x20, 0x28, 0x28, 0xff,
    0x28, 0x28, 0x28, 0xff, 0x28, 0x28, 0x28, 0xff, 0x20, 0x28, 0x28, 0xff,
    0x28, 0x28, 0x28, 0xff, 0x28, 0x28, 0x28, 0xff, 0x28, 0x28, 0x28, 0xff,
    0x28, 0x28, 0x28, 0xff, 0x20, 0x28, 0x28, 0xff, 0x28, 0x28, 0x28, 0xff,
    0x28, 0x28, 0x28, 0xff, 0x20, 0x28, 0x28, 0xff, 0x28, 0x28, 0x28, 0xff,
    0x28, 0x28, 0x28, 0xff, 0x20, 0x28, 0x28, 0xff, 0x28, 0x28, 0x28, 0xff,
    0x28, 0x28, 0x28, 0xff, 0x28, 0x28, 0x28, 0xff, 0x20, 0x28, 0x28, 0xff,
    0x28, 0x28, 0x28, 0xff, 0x28, 0x28, 0x28, 0xff, 0x20, 0x28, 0x28, 0xff,
    0x28, 0x28, 0x28, 0xff, 0x20, 0x28, 0x28, 0xff, 0x20, 0x28, 0x28, 0xff,
    0x28, 0x28, 0x30, 0xff, 0x28, 0x28, 0x28, 0xff, 0x20, 0x28, 0x28, 0xff,
    0x28, 0x28, 0x30, 0xff, 0x20, 0x28, 0x28, 0xff, 0x20, 0x28, 0x28, 0xff,
    0x28, 0x28, 0x28, 0xff, 0x28, 0x28, 0x28, 0xff, 0x28, 0x28, 0x28, 0xff,
    0x20, 0x28, 0x28, 0xff, 0x28, 0x28, 0x28, 0xff, 0x28, 0x28, 0x28, 0xff,
    0x20, 0x28, 0x28, 0xff, 0x28, 0x28, 0x28, 0xff, 0x28, 0x28, 0x30, 0xff,
    0x28, 0x28, 0x28, 0xff, 0x20, 0x28, 0x28, 0xff, 0x28, 0x28, 0x30, 0xff,
    0x28, 0x28, 0x28, 0xff, 0x28, 0x28, 0x28, 0xff, 0x28, 0x28, 0x28, 0xff,
    0x28, 0x28, 0x30, 0xff, 0x20, 0x28, 0x28, 0xff, 0x28, 0x28, 0x28, 0xff,
    0x28, 0x28, 0x28, 0xff, 0x28, 0x28, 0x28, 0xff, 0x28, 0x28, 0x28, 0xff,
    0x20, 0x28, 0x28, 0xff, 0x28, 0x28, 0x28, 0xff, 0x28, 0x28, 0x28, 0xff,
    0x20, 0x28, 0x28, 0xff, 0x28, 0x28, 0x28, 0xff, 0x28, 0x28, 0x28, 0xff,
    0x20, 0x28, 0x28, 0xff, 0x28, 0x28, 0x28, 0xff, 0x28, 0x28, 0x28, 0xff,
    0x20, 0x28, 0x28, 0xff, 0x28, 0x28, 0x28, 0xff, 0x28, 0x28, 0x28, 0xff,
    0x20, 0x28, 0x30, 0xff, 0x28, 0x28, 0x28, 0xff, 0x28, 0x28, 0x28, 0xff,
    0x28, 0x28, 0x28, 0xff, 0x28, 0x28, 0x28, 0xff, 0x28, 0x28, 0x30, 0xff,
    0x28, 0x28, 0x28, 0xff, 0x20, 0x28, 0x28, 0xff, 0x28, 0x28, 0x28, 0xff,
    0x28, 0x28, 0x30, 0xff, 0x20, 0x28, 0x28, 0xff, 0x28, 0x28, 0x28, 0xff,
    0x28, 0x28, 0x28, 0xff, 0x28, 0x28, 0x30, 0xff, 0x28, 0x28, 0x28, 0xff,
    0x20, 0x28, 0x28, 0xff, 0x28, 0x28, 0x28, 0xff, 0x28, 0x28, 0x30, 0xff,
    0x20, 0x28, 0x28, 0xff, 0x28, 0x28, 0x28, 0xff, 0x28, 0x28, 0x28, 0xdf,
    0x28, 0x28, 0x28, 0x82, 0x20, 0x20, 0x20, 0x10, 0x00, 0x00, 0x00, 0x00,
    0x00, 0x00, 0x00, 0x00, 0x00, 0x00, 0x00, 0x00, 0x00, 0x00, 0x00, 0x00,
    0x00, 0x00, 0x00, 0x00, 0x00, 0x00, 0x00, 0x00, 0x00, 0x00, 0x00, 0x00,
    0x00, 0x00, 0x00, 0x00, 0x00, 0x00, 0x00, 0x00, 0x00, 0x00, 0x00, 0x00,
    0x00, 0x00, 0x00, 0x00, 0x00, 0x00, 0x00, 0x00, 0x00, 0x00, 0x00, 0x00,
    0x28, 0x28, 0x28, 0x20, 0x28, 0x28, 0x30, 0x51, 0x28, 0x28, 0x28, 0x82,
    0x28, 0x28, 0x28, 0xae, 0x28, 0x28, 0x30, 0xbe, 0x20, 0x28, 0x28, 0xcf,
    0x28, 0x28, 0x28, 0xdf, 0x28, 0x28, 0x28, 0xdf, 0x20, 0x28, 0x28, 0xff,
    0x28, 0x28, 0x28, 0xff, 0x28, 0x28, 0x28, 0xff, 0x28, 0x28, 0x28, 0xff,
    0x20, 0x28, 0x28, 0xff, 0x28, 0x28, 0x30, 0xff, 0x28, 0x28, 0x28, 0xff,
    0x28, 0x28, 0x28, 0xff, 0x28, 0x28, 0x28, 0xff, 0x28, 0x28, 0x28, 0xff,
    0x28, 0x28, 0x30, 0xff, 0x28, 0x28, 0x28, 0xff, 0x20, 0x28, 0x28, 0xff,
    0x28, 0x28, 0x28, 0xff, 0x20, 0x28, 0x28, 0xff, 0x28, 0x28, 0x28, 0xff,
    0x28, 0x28, 0x28, 0xff, 0x20, 0x28, 0x28, 0xff, 0x28, 0x28, 0x28, 0xff,
    0x28, 0x28, 0x28, 0xff, 0x20, 0x28, 0x28, 0xff, 0x28, 0x28, 0x28, 0xff,
    0x28, 0x28, 0x28, 0xff, 0x28, 0x28, 0x28, 0xff, 0x20, 0x28, 0x28, 0xff,
    0x28, 0x28, 0x28, 0xff, 0x28, 0x28, 0x28, 0xff, 0x28, 0x28, 0x28, 0xff,
    0x20, 0x28, 0x28, 0xff, 0x28, 0x28, 0x28, 0xff, 0x28, 0x28, 0x28, 0xff,
    0x20, 0x28, 0x28, 0xff, 0x28, 0x28, 0x28, 0xff, 0x28, 0x28, 0x28, 0xff,
    0x20, 0x28, 0x28, 0xff, 0x28, 0x28, 0x28, 0xff, 0x28, 0x28, 0x28, 0xff,
    0x20, 0x28, 0x28, 0xff, 0x28, 0x28, 0x28, 0xff, 0x28, 0x28, 0x28, 0xff,
    0x28, 0x28, 0x28, 0xff, 0x28, 0x28, 0x30, 0xff, 0x28, 0x28, 0x28, 0xff,
    0x20, 0x28, 0x28, 0xff, 0x28, 0x28, 0x28, 0xff, 0x28, 0x28, 0x28, 0xff,
    0x20, 0x28, 0x28, 0xff, 0x28, 0x28, 0x30, 0xff, 0x28, 0x28, 0x28, 0xff,
    0x20, 0x28, 0x28, 0xff, 0x28, 0x28, 0x28, 0xff, 0x28, 0x28, 0x30, 0xff,
    0x28, 0x28, 0x28, 0xff, 0x28, 0x28, 0x28, 0xff, 0x28, 0x28, 0x30, 0xff,
    0x28, 0x28, 0x28, 0xff, 0x28, 0x28, 0x28, 0xff, 0x28, 0x28, 0x28, 0xff,
    0x20, 0x28, 0x28, 0xff, 0x28, 0x28, 0x28, 0xff, 0x28, 0x28, 0x28, 0xff,
    0x28, 0x28, 0x28, 0xff, 0x28, 0x28, 0x28, 0xff, 0x20, 0x28, 0x28, 0xff,
    0x28, 0x28, 0x28, 0xff, 0x28, 0x28, 0x28, 0xff, 0x28, 0x28, 0x28, 0xff,
    0x28, 0x28, 0x30, 0xff, 0x28, 0x28, 0x28, 0xff, 0x28, 0x28, 0x28, 0xff,
    0x28, 0x28, 0x28, 0xff, 0x28, 0x28, 0x28, 0xff, 0x28, 0x28, 0x28, 0xff,
    0x28, 0x28, 0x28, 0xff, 0x20, 0x28, 0x28, 0xff, 0x28, 0x28, 0x28, 0xff,
    0x28, 0x28, 0x28, 0xff, 0x20, 0x28, 0x28, 0xff, 0x28, 0x28, 0x28, 0xff,
    0x28, 0x28, 0x28, 0xff, 0x28, 0x28, 0x28, 0xff, 0x20, 0x28, 0x30, 0xff,
    0x28, 0x28, 0x28, 0xff, 0x28, 0x28, 0x28, 0xff, 0x28, 0x28, 0x28, 0xff,
    0x20, 0x28, 0x28, 0xff, 0x28, 0x28, 0x28, 0xff, 0x28, 0x28, 0x30, 0xff,
    0x20, 0x28, 0x28, 0xff, 0x28, 0x28, 0x28, 0xff, 0x28, 0x28, 0x28, 0xff,
    0x28, 0x28, 0x28, 0xff, 0x28, 0x28, 0x30, 0xff, 0x20, 0x28, 0x28, 0xff,
    0x28, 0x28, 0x28, 0xff, 0x28, 0x28, 0x28, 0xff, 0x20, 0x28, 0x28, 0xff,
    0x28, 0x28, 0x28, 0xff, 0x28, 0x28, 0x28, 0xff, 0x20, 0x28, 0x28, 0xff,
    0x20, 0x28, 0x28, 0xff, 0x28, 0x28, 0x28, 0xff, 0x28, 0x28, 0x28, 0xff,
    0x28, 0x28, 0x28, 0xff, 0x20, 0x28, 0x28, 0xff, 0x28, 0x28, 0x28, 0xff,
    0x28, 0x28, 0x28, 0xff, 0x20, 0x28, 0x30, 0xef, 0x28, 0x28, 0x28, 0xdf,
    0x28, 0x28, 0x28, 0xdf, 0x28, 0x28, 0x30, 0xcf, 0x28, 0x28, 0x28, 0xbe,
    0x28, 0x28, 0x28, 0x9e, 0x28, 0x28, 0x28, 0x82, 0x28, 0x28, 0x28, 0x61,
    0x28, 0x28, 0x28, 0x20, 0x00, 0x00, 0x00, 0x00, 0x00, 0x00, 0x00, 0x00,
    0x00, 0x00, 0x00, 0x00, 0x00, 0x00, 0x00, 0x00, 0x00, 0x00, 0x00, 0x00,
    0x00, 0x00, 0x00, 0x00, 0x00, 0x00, 0x00, 0x00, 0x00, 0x00, 0x00, 0x00
};
