// 4.26.0 0xe842e053 D2 AY R0 FARGB8888 U565 N0 SExtFlashSection
// Generated by imageconverter. Please, do not edit!

#include <touchgfx/hal/Config.hpp>

LOCATION_PRAGMA_32("ExtFlashSection")
KEEP extern const unsigned char image_slider[] LOCATION_ATTRIBUTE_32("ExtFlashSection") = { // 235x30 ARGB8888 pixels.
    0x00, 0x00, 0x00, 0x00, 0x00, 0x00, 0x00, 0x00, 0x00, 0x00, 0x00, 0x00,
    0x00, 0x00, 0x00, 0x00, 0x00, 0x00, 0x00, 0x00, 0x00, 0x00, 0x00, 0x00,
    0x00, 0x00, 0x00, 0x00, 0x00, 0x00, 0x00, 0x00, 0x00, 0x00, 0x00, 0x00,
    0x70, 0xa0, 0x40, 0x10, 0x68, 0x98, 0x38, 0x41, 0x70, 0x98, 0x40, 0x8e,
    0x70, 0x98, 0x40, 0xcf, 0x70, 0x98, 0x40, 0xef, 0x70, 0x98, 0x40, 0xff,
    0x70, 0x98, 0x40, 0xff, 0x70, 0x98, 0x40, 0xff, 0x70, 0x98, 0x40, 0xff,
    0x70, 0x98, 0x40, 0xff, 0x70, 0x98, 0x40, 0xff, 0x70, 0x98, 0x40, 0xff,
    0x70, 0x98, 0x40, 0xff, 0x70, 0x98, 0x40, 0xff, 0x70, 0x98, 0x40, 0xff,
    0x70, 0x98, 0x40, 0xff, 0x70, 0x98, 0x40, 0xff, 0x70, 0x98, 0x40, 0xff,
    0x70, 0x98, 0x40, 0xff, 0x70, 0x98, 0x40, 0xff, 0x70, 0x98, 0x40, 0xff,
    0x70, 0x98, 0x40, 0xff, 0x70, 0x98, 0x40, 0xff, 0x70, 0x98, 0x40, 0xff,
    0x70, 0x98, 0x40, 0xff, 0x70, 0x98, 0x40, 0xff, 0x70, 0x98, 0x40, 0xff,
    0x70, 0x98, 0x40, 0xff, 0x70, 0x98, 0x40, 0xff, 0x70, 0x98, 0x40, 0xff,
    0x70, 0x98, 0x40, 0xff, 0x70, 0x98, 0x40, 0xff, 0x70, 0x98, 0x40, 0xff,
    0x70, 0x98, 0x40, 0xff, 0x70, 0x98, 0x40, 0xff, 0x70, 0x98, 0x40, 0xff,
    0x70, 0x98, 0x40, 0xff, 0x70, 0x98, 0x40, 0xff, 0x70, 0x98, 0x40, 0xff,
    0x70, 0x98, 0x40, 0xff, 0x70, 0x98, 0x40, 0xff, 0x70, 0x98, 0x40, 0xff,
    0x70, 0x98, 0x40, 0xff, 0x70, 0x98, 0x40, 0xff, 0x70, 0x98, 0x40, 0xff,
    0x70, 0x98, 0x40, 0xff, 0x70, 0x98, 0x40, 0xff, 0x70, 0x98, 0x40, 0xff,
    0x70, 0x98, 0x40, 0xff, 0x70, 0x98, 0x40, 0xff, 0x70, 0x98, 0x40, 0xff,
    0x70, 0x98, 0x40, 0xff, 0x70, 0x98, 0x40, 0xff, 0x70, 0x98, 0x40, 0xff,
    0x70, 0x98, 0x40, 0xff, 0x70, 0x98, 0x40, 0xff, 0x70, 0x98, 0x40, 0xff,
    0x70, 0x98, 0x40, 0xff, 0x70, 0x98, 0x40, 0xff, 0x70, 0x98, 0x40, 0xff,
    0x70, 0x98, 0x40, 0xff, 0x70, 0x98, 0x40, 0xff, 0x70, 0x98, 0x40, 0xff,
    0x70, 0x98, 0x40, 0xff, 0x70, 0x98, 0x40, 0xff, 0x70, 0x98, 0x40, 0xff,
    0x70, 0x98, 0x40, 0xff, 0x70, 0x98, 0x40, 0xff, 0x70, 0x98, 0x40, 0xff,
    0x70, 0x98, 0x40, 0xff, 0x70, 0x98, 0x40, 0xff, 0x70, 0x98, 0x40, 0xff,
    0x70, 0x98, 0x40, 0xff, 0x70, 0x98, 0x40, 0xff, 0x70, 0x98, 0x40, 0xff,
    0x70, 0x98, 0x40, 0xff, 0x70, 0x98, 0x40, 0xff, 0x70, 0x98, 0x40, 0xff,
    0x70, 0x98, 0x40, 0xff, 0x70, 0x98, 0x40, 0xff, 0x70, 0x98, 0x40, 0xff,
    0x70, 0x98, 0x40, 0xff, 0x70, 0x98, 0x40, 0xff, 0x70, 0x98, 0x40, 0xff,
    0x70, 0x98, 0x40, 0xff, 0x70, 0x98, 0x40, 0xff, 0x70, 0x98, 0x40, 0xff,
    0x70, 0x98, 0x40, 0xff, 0x70, 0x98, 0x40, 0xff, 0x70, 0x98, 0x40, 0xff,
    0x70, 0x98, 0x40, 0xff, 0x70, 0x98, 0x40, 0xff, 0x70, 0x98, 0x40, 0xff,
    0x70, 0x98, 0x40, 0xff, 0x70, 0x98, 0x40, 0xff, 0x70, 0x98, 0x40, 0xff,
    0x70, 0x98, 0x40, 0xff, 0x70, 0x98, 0x40, 0xff, 0x70, 0x98, 0x40, 0xff,
    0x70, 0x98, 0x40, 0xff, 0x70, 0x98, 0x40, 0xff, 0x70, 0x98, 0x40, 0xff,
    0x70, 0x98, 0x40, 0xff, 0x70, 0x98, 0x40, 0xff, 0x70, 0x98, 0x40, 0xff,
    0x70, 0x98, 0x40, 0xff, 0x70, 0x98, 0x40, 0xff, 0x70, 0x98, 0x40, 0xff,
    0x70, 0x98, 0x40, 0xff, 0x70, 0x98, 0x40, 0xff, 0x70, 0x98, 0x40, 0xff,
    0x70, 0x98, 0x40, 0xff, 0x70, 0x98, 0x40, 0xff, 0x70, 0x98, 0x40, 0xff,
    0x70, 0x98, 0x40, 0xff, 0x70, 0x98, 0x40, 0xff, 0x70, 0x98, 0x40, 0xff,
    0x70, 0x98, 0x40, 0xff, 0x68, 0x94, 0x40, 0xff, 0x60, 0x80, 0x38, 0xff,
    0x58, 0x70, 0x40, 0xff, 0x48, 0x58, 0x40, 0xff, 0x38, 0x3c, 0x38, 0xff,
    0x38, 0x3c, 0x40, 0xff, 0x38, 0x3c, 0x40, 0xff, 0x38, 0x3c, 0x38, 0xff,
    0x38, 0x3c, 0x40, 0xff, 0x38, 0x3c, 0x40, 0xff, 0x38, 0x3c, 0x38, 0xff,
    0x38, 0x3c, 0x40, 0xff, 0x38, 0x3c, 0x40, 0xff, 0x38, 0x3c, 0x38, 0xff,
    0x38, 0x3c, 0x40, 0xff, 0x38, 0x3c, 0x40, 0xff, 0x38, 0x3c, 0x38, 0xff,
    0x38, 0x3c, 0x40, 0xff, 0x38, 0x3c, 0x40, 0xff, 0x38, 0x3c, 0x38, 0xff,
    0x38, 0x3c, 0x40, 0xff, 0x38, 0x3c, 0x40, 0xff, 0x38, 0x3c, 0x38, 0xff,
    0x38, 0x3c, 0x40, 0xff, 0x38, 0x3c, 0x40, 0xff, 0x38, 0x3c, 0x38, 0xff,
    0x38, 0x3c, 0x40, 0xff, 0x38, 0x3c, 0x40, 0xff, 0x38, 0x3c, 0x38, 0xff,
    0x38, 0x3c, 0x40, 0xff, 0x38, 0x3c, 0x40, 0xff, 0x38, 0x3c, 0x38, 0xff,
    0x38, 0x3c, 0x40, 0xff, 0x38, 0x3c, 0x40, 0xff, 0x38, 0x3c, 0x38, 0xff,
    0x38, 0x3c, 0x40, 0xff, 0x38, 0x3c, 0x40, 0xff, 0x38, 0x3c, 0x38, 0xff,
    0x38, 0x3c, 0x40, 0xff, 0x38, 0x3c, 0x40, 0xff, 0x38, 0x3c, 0x38, 0xff,
    0x38, 0x3c, 0x40, 0xff, 0x38, 0x3c, 0x40, 0xff, 0x38, 0x3c, 0x38, 0xff,
    0x38, 0x3c, 0x40, 0xff, 0x38, 0x3c, 0x40, 0xff, 0x38, 0x3c, 0x38, 0xff,
    0x38, 0x3c, 0x40, 0xff, 0x38, 0x3c, 0x40, 0xff, 0x38, 0x3c, 0x38, 0xff,
    0x38, 0x3c, 0x40, 0xff, 0x38, 0x3c, 0x40, 0xff, 0x38, 0x3c, 0x38, 0xff,
    0x38, 0x3c, 0x40, 0xff, 0x38, 0x3c, 0x40, 0xff, 0x38, 0x3c, 0x38, 0xff,
    0x38, 0x3c, 0x40, 0xff, 0x38, 0x3c, 0x40, 0xff, 0x38, 0x3c, 0x38, 0xff,
    0x38, 0x3c, 0x40, 0xff, 0x38, 0x3c, 0x40, 0xff, 0x38, 0x3c, 0x38, 0xff,
    0x38, 0x3c, 0x40, 0xff, 0x38, 0x3c, 0x40, 0xff, 0x38, 0x3c, 0x38, 0xff,
    0x38, 0x3c, 0x40, 0xff, 0x38, 0x3c, 0x40, 0xff, 0x38, 0x3c, 0x38, 0xff,
    0x38, 0x3c, 0x40, 0xff, 0x38, 0x3c, 0x40, 0xff, 0x38, 0x3c, 0x38, 0xff,
    0x38, 0x3c, 0x40, 0xff, 0x38, 0x3c, 0x40, 0xff, 0x38, 0x3c, 0x38, 0xff,
    0x38, 0x3c, 0x40, 0xff, 0x38, 0x3c, 0x40, 0xff, 0x38, 0x3c, 0x38, 0xff,
    0x38, 0x3c, 0x40, 0xff, 0x38, 0x3c, 0x40, 0xff, 0x38, 0x3c, 0x38, 0xff,
    0x38, 0x3c, 0x40, 0xff, 0x38, 0x3c, 0x40, 0xff, 0x38, 0x3c, 0x38, 0xff,
    0x38, 0x3c, 0x40, 0xff, 0x38, 0x3c, 0x40, 0xff, 0x38, 0x3c, 0x38, 0xff,
    0x38, 0x3c, 0x40, 0xff, 0x38, 0x3c, 0x40, 0xff, 0x38, 0x3c, 0x38, 0xff,
    0x38, 0x3c, 0x40, 0xff, 0x38, 0x3c, 0x40, 0xff, 0x38, 0x3c, 0x38, 0xff,
    0x38, 0x3c, 0x40, 0xff, 0x38, 0x3c, 0x40, 0xff, 0x38, 0x3c, 0x38, 0xef,
    0x38, 0x3c, 0x38, 0xbe, 0x38, 0x3c, 0x40, 0x8e, 0x38, 0x3c, 0x40, 0x51,
    0x00, 0x00, 0x00, 0x00, 0x00, 0x00, 0x00, 0x00, 0x00, 0x00, 0x00, 0x00,
    0x00, 0x00, 0x00, 0x00, 0x00, 0x00, 0x00, 0x00, 0x00, 0x00, 0x00, 0x00,
    0x00, 0x00, 0x00, 0x00, 0x00, 0x00, 0x00, 0x00, 0x00, 0x00, 0x00, 0x00,
    0x00, 0x00, 0x00, 0x00, 0x00, 0x00, 0x00, 0x00, 0x00, 0x00, 0x00, 0x00,
    0x00, 0x00, 0x00, 0x00, 0x00, 0x00, 0x00, 0x00, 0x00, 0x00, 0x00, 0x00,
    0x00, 0x00, 0x00, 0x00, 0x00, 0x00, 0x00, 0x00, 0x70, 0xa0, 0x40, 0x10,
    0x68, 0x98, 0x38, 0x7d, 0x70, 0x98, 0x40, 0xef, 0x70, 0x98, 0x40, 0xff,
    0x70, 0x98, 0x40, 0xff, 0x70, 0x98, 0x40, 0xff, 0x68, 0x98, 0x38, 0xff,
    0x70, 0x98, 0x40, 0xff, 0x70, 0x98, 0x40, 0xff, 0x68, 0x98, 0x38, 0xff,
    0x70, 0x98, 0x40, 0xff, 0x70, 0x98, 0x40, 0xff, 0x68, 0x98, 0x38, 0xff,
    0x70, 0x98, 0x40, 0xff, 0x70, 0x98, 0x40, 0xff, 0x68, 0x98, 0x38, 0xff,
    0x70, 0x98, 0x40, 0xff, 0x70, 0x98, 0x40, 0xff, 0x68, 0x98, 0x38, 0xff,
    0x70, 0x98, 0x40, 0xff, 0x70, 0x98, 0x40, 0xff, 0x68, 0x98, 0x38, 0xff,
    0x70, 0x98, 0x40, 0xff, 0x70, 0x98, 0x40, 0xff, 0x68, 0x98, 0x38, 0xff,
    0x70, 0x98, 0x40, 0xff, 0x70, 0x98, 0x40, 0xff, 0x68, 0x98, 0x38, 0xff,
    0x70, 0x98, 0x40, 0xff, 0x70, 0x98, 0x40, 0xff, 0x68, 0x98, 0x38, 0xff,
    0x70, 0x98, 0x40, 0xff, 0x70, 0x98, 0x40, 0xff, 0x68, 0x98, 0x38, 0xff,
    0x70, 0x98, 0x40, 0xff, 0x70, 0x98, 0x40, 0xff, 0x68, 0x98, 0x38, 0xff,
    0x70, 0x98, 0x40, 0xff, 0x70, 0x98, 0x40, 0xff, 0x68, 0x98, 0x38, 0xff,
    0x70, 0x98, 0x40, 0xff, 0x70, 0x98, 0x40, 0xff, 0x68, 0x98, 0x38, 0xff,
    0x70, 0x98, 0x40, 0xff, 0x70, 0x98, 0x40, 0xff, 0x68, 0x98, 0x38, 0xff,
    0x70, 0x98, 0x40, 0xff, 0x70, 0x98, 0x40, 0xff, 0x68, 0x98, 0x38, 0xff,
    0x70, 0x98, 0x40, 0xff, 0x70, 0x98, 0x40, 0xff, 0x68, 0x98, 0x38, 0xff,
    0x70, 0x98, 0x40, 0xff, 0x70, 0x98, 0x40, 0xff, 0x68, 0x98, 0x38, 0xff,
    0x70, 0x98, 0x40, 0xff, 0x70, 0x98, 0x40, 0xff, 0x68, 0x98, 0x38, 0xff,
    0x70, 0x98, 0x40, 0xff, 0x70, 0x98, 0x40, 0xff, 0x68, 0x98, 0x38, 0xff,
    0x70, 0x98, 0x40, 0xff, 0x70, 0x98, 0x40, 0xff, 0x68, 0x98, 0x38, 0xff,
    0x70, 0x98, 0x40, 0xff, 0x70, 0x98, 0x40, 0xff, 0x68, 0x98, 0x38, 0xff,
    0x70, 0x98, 0x40, 0xff, 0x70, 0x98, 0x40, 0xff, 0x68, 0x98, 0x38, 0xff,
    0x70, 0x98, 0x40, 0xff, 0x70, 0x98, 0x40, 0xff, 0x68, 0x98, 0x38, 0xff,
    0x70, 0x98, 0x40, 0xff, 0x70, 0x98, 0x40, 0xff, 0x68, 0x98, 0x38, 0xff,
    0x70, 0x98, 0x40, 0xff, 0x70, 0x98, 0x40, 0xff, 0x68, 0x98, 0x38, 0xff,
    0x70, 0x98, 0x40, 0xff, 0x70, 0x98, 0x40, 0xff, 0x68, 0x98, 0x38, 0xff,
    0x70, 0x98, 0x40, 0xff, 0x70, 0x98, 0x40, 0xff, 0x68, 0x98, 0x38, 0xff,
    0x70, 0x98, 0x40, 0xff, 0x70, 0x98, 0x40, 0xff, 0x68, 0x98, 0x38, 0xff,
    0x70, 0x98, 0x40, 0xff, 0x70, 0x98, 0x40, 0xff, 0x68, 0x98, 0x38, 0xff,
    0x70, 0x98, 0x40, 0xff, 0x70, 0x98, 0x40, 0xff, 0x68, 0x98, 0x38, 0xff,
    0x70, 0x98, 0x40, 0xff, 0x70, 0x98, 0x40, 0xff, 0x68, 0x98, 0x38, 0xff,
    0x70, 0x98, 0x40, 0xff, 0x70, 0x98, 0x40, 0xff, 0x68, 0x98, 0x38, 0xff,
    0x70, 0x98, 0x40, 0xff, 0x70, 0x98, 0x40, 0xff, 0x68, 0x98, 0x38, 0xff,
    0x70, 0x98, 0x40, 0xff, 0x70, 0x98, 0x40, 0xff, 0x68, 0x98, 0x38, 0xff,
    0x70, 0x98, 0x40, 0xff, 0x70, 0x98, 0x40, 0xff, 0x68, 0x98, 0x38, 0xff,
    0x70, 0x98, 0x40, 0xff, 0x70, 0x98, 0x40, 0xff, 0x68, 0x98, 0x38, 0xff,
    0x70, 0x98, 0x40, 0xff, 0x70, 0x98, 0x40, 0xff, 0x68, 0x98, 0x38, 0xff,
    0x70, 0x98, 0x40, 0xff, 0x70, 0x98, 0x40, 0xff, 0x68, 0x98, 0x38, 0xff,
    0x70, 0x98, 0x40, 0xff, 0x70, 0x98, 0x40, 0xff, 0x70, 0x98, 0x40, 0xff,
    0x70, 0x98, 0x40, 0xff, 0x70, 0x98, 0x40, 0xff, 0x70, 0x98, 0x40, 0xff,
    0x68, 0x8c, 0x40, 0xff, 0x50, 0x6c, 0x38, 0xff, 0x40, 0x48, 0x40, 0xff,
    0x38, 0x3c, 0x40, 0xff, 0x38, 0x3c, 0x38, 0xff, 0x38, 0x3c, 0x40, 0xff,
    0x38, 0x3c, 0x40, 0xff, 0x38, 0x3c, 0x38, 0xff, 0x38, 0x3c, 0x40, 0xff,
    0x38, 0x3c, 0x40, 0xff, 0x38, 0x3c, 0x38, 0xff, 0x38, 0x3c, 0x40, 0xff,
    0x38, 0x3c, 0x40, 0xff, 0x38, 0x3c, 0x38, 0xff, 0x38, 0x3c, 0x40, 0xff,
    0x38, 0x3c, 0x40, 0xff, 0x38, 0x3c, 0x38, 0xff, 0x38, 0x3c, 0x40, 0xff,
    0x38, 0x3c, 0x40, 0xff, 0x38, 0x3c, 0x38, 0xff, 0x38, 0x3c, 0x40, 0xff,
    0x38, 0x3c, 0x40, 0xff, 0x38, 0x3c, 0x38, 0xff, 0x38, 0x3c, 0x40, 0xff,
    0x38, 0x3c, 0x40, 0xff, 0x38, 0x3c, 0x38, 0xff, 0x38, 0x3c, 0x40, 0xff,
    0x38, 0x3c, 0x40, 0xff, 0x38, 0x3c, 0x38, 0xff, 0x38, 0x3c, 0x40, 0xff,
    0x38, 0x3c, 0x40, 0xff, 0x38, 0x3c, 0x38, 0xff, 0x38, 0x3c, 0x40, 0xff,
    0x38, 0x3c, 0x40, 0xff, 0x38, 0x3c, 0x38, 0xff, 0x38, 0x3c, 0x40, 0xff,
    0x38, 0x3c, 0x40, 0xff, 0x38, 0x3c, 0x38, 0xff, 0x38, 0x3c, 0x40, 0xff,
    0x38, 0x3c, 0x40, 0xff, 0x38, 0x3c, 0x38, 0xff, 0x38, 0x3c, 0x40, 0xff,
    0x38, 0x3c, 0x40, 0xff, 0x38, 0x3c, 0x38, 0xff, 0x38, 0x3c, 0x40, 0xff,
    0x38, 0x3c, 0x40, 0xff, 0x38, 0x3c, 0x38, 0xff, 0x38, 0x3c, 0x40, 0xff,
    0x38, 0x3c, 0x40, 0xff, 0x38, 0x3c, 0x38, 0xff, 0x38, 0x3c, 0x40, 0xff,
    0x38, 0x3c, 0x40, 0xff, 0x38, 0x3c, 0x38, 0xff, 0x38, 0x3c, 0x40, 0xff,
    0x38, 0x3c, 0x40, 0xff, 0x38, 0x3c, 0x38, 0xff, 0x38, 0x3c, 0x40, 0xff,
    0x38, 0x3c, 0x40, 0xff, 0x38, 0x3c, 0x38, 0xff, 0x38, 0x3c, 0x40, 0xff,
    0x38, 0x3c, 0x40, 0xff, 0x38, 0x3c, 0x38, 0xff, 0x38, 0x3c, 0x40, 0xff,
    0x38, 0x3c, 0x40, 0xff, 0x38, 0x3c, 0x38, 0xff, 0x38, 0x3c, 0x40, 0xff,
    0x38, 0x3c, 0x40, 0xff, 0x38, 0x3c, 0x38, 0xff, 0x38, 0x3c, 0x40, 0xff,
    0x38, 0x3c, 0x40, 0xff, 0x38, 0x3c, 0x38, 0xff, 0x38, 0x3c, 0x40, 0xff,
    0x38, 0x3c, 0x40, 0xff, 0x38, 0x3c, 0x38, 0xff, 0x38, 0x3c, 0x40, 0xff,
    0x38, 0x3c, 0x40, 0xff, 0x38, 0x3c, 0x38, 0xff, 0x38, 0x3c, 0x40, 0xff,
    0x38, 0x3c, 0x40, 0xff, 0x38, 0x3c, 0x38, 0xff, 0x38, 0x3c, 0x40, 0xff,
    0x38, 0x3c, 0x40, 0xff, 0x38, 0x3c, 0x38, 0xff, 0x38, 0x3c, 0x40, 0xff,
    0x38, 0x3c, 0x40, 0xff, 0x38, 0x3c, 0x38, 0xff, 0x38, 0x3c, 0x40, 0xff,
    0x38, 0x3c, 0x40, 0xff, 0x38, 0x3c, 0x38, 0xff, 0x38, 0x3c, 0x40, 0xff,
    0x38, 0x3c, 0x40, 0xff, 0x38, 0x3c, 0x40, 0xff, 0x38, 0x3c, 0x38, 0xff,
    0x38, 0x3c, 0x40, 0xff, 0x38, 0x3c, 0x38, 0xdf, 0x38, 0x3c, 0x38, 0x7d,
    0x38, 0x38, 0x38, 0x20, 0x00, 0x00, 0x00, 0x00, 0x00, 0x00, 0x00, 0x00,
    0x00, 0x00, 0x00, 0x00, 0x00, 0x00, 0x00, 0x00, 0x00, 0x00, 0x00, 0x00,
    0x00, 0x00, 0x00, 0x00, 0x00, 0x00, 0x00, 0x00, 0x00, 0x00, 0x00, 0x00,
    0x00, 0x00, 0x00, 0x00, 0x00, 0x00, 0x00, 0x00, 0x00, 0x00, 0x00, 0x00,
    0x00, 0x00, 0x00, 0x00, 0x00, 0x00, 0x00, 0x00, 0x70, 0x94, 0x40, 0x71,
    0x70, 0x98, 0x40, 0xef, 0x70, 0x98, 0x40, 0xff, 0x70, 0x98, 0x40, 0xff,
    0x70, 0x98, 0x40, 0xff, 0x70, 0x98, 0x40, 0xff, 0x68, 0x98, 0x38, 0xff,
    0x70, 0x9c, 0x40, 0xff, 0x70, 0x98, 0x40, 0xff, 0x68, 0x9c, 0x38, 0xff,
    0x70, 0x98, 0x40, 0xff, 0x70, 0x9c, 0x40, 0xff, 0x68, 0x98, 0x38, 0xff,
    0x70, 0x9c, 0x40, 0xff, 0x70, 0x98, 0x40, 0xff, 0x68, 0x9c, 0x38, 0xff,
    0x70, 0x98, 0x40, 0xff, 0x70, 0x9c, 0x40, 0xff, 0x68, 0x98, 0x38, 0xff,
    0x70, 0x9c, 0x40, 0xff, 0x70, 0x98, 0x40, 0xff, 0x68, 0x9c, 0x38, 0xff,
    0x70, 0x98, 0x40, 0xff, 0x70, 0x9c, 0x40, 0xff, 0x68, 0x98, 0x38, 0xff,
    0x70, 0x9c, 0x40, 0xff, 0x70, 0x98, 0x40, 0xff, 0x68, 0x9c, 0x38, 0xff,
    0x70, 0x98, 0x40, 0xff, 0x70, 0x9c, 0x40, 0xff, 0x68, 0x98, 0x38, 0xff,
    0x70, 0x9c, 0x40, 0xff, 0x70, 0x98, 0x40, 0xff, 0x68, 0x9c, 0x38, 0xff,
    0x70, 0x98, 0x40, 0xff, 0x70, 0x9c, 0x40, 0xff, 0x68, 0x98, 0x38, 0xff,
    0x70, 0x9c, 0x40, 0xff, 0x70, 0x98, 0x40, 0xff, 0x68, 0x9c, 0x38, 0xff,
    0x70, 0x98, 0x40, 0xff, 0x70, 0x9c, 0x40, 0xff, 0x68, 0x98, 0x38, 0xff,
    0x70, 0x9c, 0x40, 0xff, 0x70, 0x98, 0x40, 0xff, 0x68, 0x9c, 0x38, 0xff,
    0x70, 0x98, 0x40, 0xff, 0x70, 0x9c, 0x40, 0xff, 0x68, 0x98, 0x38, 0xff,
    0x70, 0x9c, 0x40, 0xff, 0x70, 0x98, 0x40, 0xff, 0x68, 0x9c, 0x38, 0xff,
    0x70, 0x98, 0x40, 0xff, 0x70, 0x9c, 0x40, 0xff, 0x68, 0x98, 0x38, 0xff,
    0x70, 0x9c, 0x40, 0xff, 0x70, 0x98, 0x40, 0xff, 0x68, 0x9c, 0x38, 0xff,
    0x70, 0x98, 0x40, 0xff, 0x70, 0x9c, 0x40, 0xff, 0x68, 0x98, 0x38, 0xff,
    0x70, 0x9c, 0x40, 0xff, 0x70, 0x98, 0x40, 0xff, 0x68, 0x9c, 0x38, 0xff,
    0x70, 0x98, 0x40, 0xff, 0x70, 0x9c, 0x40, 0xff, 0x68, 0x98, 0x38, 0xff,
    0x70, 0x9c, 0x40, 0xff, 0x70, 0x98, 0x40, 0xff, 0x68, 0x9c, 0x38, 0xff,
    0x70, 0x98, 0x40, 0xff, 0x70, 0x9c, 0x40, 0xff, 0x68, 0x98, 0x38, 0xff,
    0x70, 0x9c, 0x40, 0xff, 0x70, 0x98, 0x40, 0xff, 0x68, 0x9c, 0x38, 0xff,
    0x70, 0x98, 0x40, 0xff, 0x70, 0x9c, 0x40, 0xff, 0x68, 0x98, 0x38, 0xff,
    0x70, 0x9c, 0x40, 0xff, 0x70, 0x98, 0x40, 0xff, 0x68, 0x9c, 0x38, 0xff,
    0x70, 0x98, 0x40, 0xff, 0x70, 0x9c, 0x40, 0xff, 0x68, 0x98, 0x38, 0xff,
    0x70, 0x9c, 0x40, 0xff, 0x70, 0x98, 0x40, 0xff, 0x68, 0x9c, 0x38, 0xff,
    0x70, 0x98, 0x40, 0xff, 0x70, 0x9c, 0x40, 0xff, 0x68, 0x98, 0x38, 0xff,
    0x70, 0x9c, 0x40, 0xff, 0x70, 0x98, 0x40, 0xff, 0x68, 0x9c, 0x38, 0xff,
    0x70, 0x98, 0x40, 0xff, 0x70, 0x9c, 0x40, 0xff, 0x68, 0x98, 0x38, 0xff,
    0x70, 0x9c, 0x40, 0xff, 0x70, 0x98, 0x40, 0xff, 0x68, 0x9c, 0x38, 0xff,
    0x70, 0x98, 0x40, 0xff, 0x70, 0x9c, 0x40, 0xff, 0x68, 0x98, 0x38, 0xff,
    0x70, 0x9c, 0x40, 0xff, 0x70, 0x98, 0x40, 0xff, 0x68, 0x9c, 0x38, 0xff,
    0x70, 0x98, 0x40, 0xff, 0x70, 0x9c, 0x40, 0xff, 0x68, 0x98, 0x38, 0xff,
    0x70, 0x9c, 0x40, 0xff, 0x70, 0x98, 0x40, 0xff, 0x68, 0x9c, 0x38, 0xff,
    0x70, 0x98, 0x40, 0xff, 0x70, 0x9c, 0x40, 0xff, 0x68, 0x98, 0x38, 0xff,
    0x70, 0x9c, 0x40, 0xff, 0x70, 0x98, 0x40, 0xff, 0x68, 0x9c, 0x38, 0xff,
    0x70, 0x98, 0x40, 0xff, 0x70, 0x9c, 0x40, 0xff, 0x68, 0x98, 0x38, 0xff,
    0x70, 0x98, 0x38, 0xff, 0x68, 0x98, 0x40, 0xff, 0x70, 0x9c, 0x40, 0xff,
    0x70, 0x98, 0x38, 0xff, 0x70, 0x98, 0x40, 0xff, 0x70, 0x98, 0x40, 0xff,
    0x68, 0x8c, 0x40, 0xff, 0x48, 0x5c, 0x38, 0xff, 0x38, 0x3c, 0x40, 0xff,
    0x38, 0x3c, 0x38, 0xff, 0x38, 0x3c, 0x40, 0xff, 0x38, 0x3c, 0x38, 0xff,
    0x38, 0x3c, 0x40, 0xff, 0x38, 0x3c, 0x40, 0xff, 0x38, 0x3c, 0x38, 0xff,
    0x38, 0x3c, 0x40, 0xff, 0x38, 0x3c, 0x40, 0xff, 0x38, 0x3c, 0x38, 0xff,
    0x38, 0x3c, 0x40, 0xff, 0x38, 0x3c, 0x40, 0xff, 0x38, 0x3c, 0x38, 0xff,
    0x38, 0x3c, 0x40, 0xff, 0x38, 0x3c, 0x40, 0xff, 0x38, 0x3c, 0x38, 0xff,
    0x38, 0x3c, 0x40, 0xff, 0x38, 0x3c, 0x40, 0xff, 0x38, 0x3c, 0x38, 0xff,
    0x38, 0x3c, 0x40, 0xff, 0x38, 0x3c, 0x40, 0xff, 0x38, 0x3c, 0x38, 0xff,
    0x38, 0x3c, 0x40, 0xff, 0x38, 0x3c, 0x40, 0xff, 0x38, 0x3c, 0x38, 0xff,
    0x38, 0x3c, 0x40, 0xff, 0x38, 0x3c, 0x40, 0xff, 0x38, 0x3c, 0x38, 0xff,
    0x38, 0x3c, 0x40, 0xff, 0x38, 0x3c, 0x40, 0xff, 0x38, 0x3c, 0x38, 0xff,
    0x38, 0x3c, 0x40, 0xff, 0x38, 0x3c, 0x40, 0xff, 0x38, 0x3c, 0x38, 0xff,
    0x38, 0x3c, 0x40, 0xff, 0x38, 0x3c, 0x40, 0xff, 0x38, 0x3c, 0x38, 0xff,
    0x38, 0x3c, 0x40, 0xff, 0x38, 0x3c, 0x40, 0xff, 0x38, 0x3c, 0x38, 0xff,
    0x38, 0x3c, 0x40, 0xff, 0x38, 0x3c, 0x40, 0xff, 0x38, 0x3c, 0x38, 0xff,
    0x38, 0x3c, 0x40, 0xff, 0x38, 0x3c, 0x40, 0xff, 0x38, 0x3c, 0x38, 0xff,
    0x38, 0x3c, 0x40, 0xff, 0x38, 0x3c, 0x40, 0xff, 0x38, 0x3c, 0x38, 0xff,
    0x38, 0x3c, 0x40, 0xff, 0x38, 0x3c, 0x40, 0xff, 0x38, 0x3c, 0x38, 0xff,
    0x38, 0x3c, 0x40, 0xff, 0x38, 0x3c, 0x40, 0xff, 0x38, 0x3c, 0x38, 0xff,
    0x38, 0x3c, 0x40, 0xff, 0x38, 0x3c, 0x40, 0xff, 0x38, 0x3c, 0x38, 0xff,
    0x38, 0x3c, 0x40, 0xff, 0x38, 0x3c, 0x40, 0xff, 0x38, 0x3c, 0x38, 0xff,
    0x38, 0x3c, 0x40, 0xff, 0x38, 0x3c, 0x40, 0xff, 0x38, 0x3c, 0x38, 0xff,
    0x38, 0x3c, 0x40, 0xff, 0x38, 0x3c, 0x40, 0xff, 0x38, 0x3c, 0x38, 0xff,
    0x38, 0x3c, 0x40, 0xff, 0x38, 0x3c, 0x40, 0xff, 0x38, 0x3c, 0x38, 0xff,
    0x38, 0x3c, 0x40, 0xff, 0x38, 0x3c, 0x40, 0xff, 0x38, 0x3c, 0x38, 0xff,
    0x38, 0x3c, 0x40, 0xff, 0x38, 0x3c, 0x40, 0xff, 0x38, 0x3c, 0x38, 0xff,
    0x38, 0x3c, 0x40, 0xff, 0x38, 0x3c, 0x40, 0xff, 0x38, 0x3c, 0x38, 0xff,
    0x38, 0x3c, 0x40, 0xff, 0x38, 0x3c, 0x40, 0xff, 0x38, 0x3c, 0x38, 0xff,
    0x38, 0x3c, 0x40, 0xff, 0x38, 0x3c, 0x40, 0xff, 0x38, 0x3c, 0x38, 0xff,
    0x38, 0x3c, 0x40, 0xff, 0x38, 0x3c, 0x40, 0xff, 0x38, 0x3c, 0x38, 0xff,
    0x38, 0x3c, 0x40, 0xff, 0x38, 0x3c, 0x40, 0xff, 0x38, 0x3c, 0x40, 0xff,
    0x38, 0x3c, 0x40, 0xff, 0x38, 0x3c, 0x40, 0xdf, 0x38, 0x38, 0x38, 0x61,
    0x00, 0x00, 0x00, 0x00, 0x00, 0x00, 0x00, 0x00, 0x00, 0x00, 0x00, 0x00,
    0x00, 0x00, 0x00, 0x00, 0x00, 0x00, 0x00, 0x00, 0x00, 0x00, 0x00, 0x00,
    0x00, 0x00, 0x00, 0x00, 0x00, 0x00, 0x00, 0x00, 0x00, 0x00, 0x00, 0x00,
    0x00, 0x00, 0x00, 0x00, 0x00, 0x00, 0x00, 0x00, 0x70, 0x98, 0x40, 0x8e,
    0x70, 0x98, 0x40, 0xff, 0x68, 0x98, 0x38, 0xff, 0x70, 0x98, 0x40, 0xff,
    0x70, 0x98, 0x40, 0xff, 0x68, 0x9c, 0x38, 0xff, 0x70, 0x98, 0x40, 0xff,
    0x70, 0x98, 0x40, 0xff, 0x70, 0x98, 0x40, 0xff, 0x70, 0x98, 0x40, 0xff,
    0x70, 0x98, 0x40, 0xff, 0x70, 0x98, 0x40, 0xff, 0x70, 0x98, 0x40, 0xff,
    0x70, 0x9c, 0x40, 0xff, 0x70, 0x98, 0x40, 0xff, 0x70, 0x98, 0x40, 0xff,
    0x70, 0x98, 0x40, 0xff, 0x70, 0x9c, 0x40, 0xff, 0x70, 0x98, 0x40, 0xff,
    0x70, 0x98, 0x40, 0xff, 0x70, 0x98, 0x40, 0xff, 0x70, 0x9c, 0x40, 0xff,
    0x70, 0x98, 0x40, 0xff, 0x70, 0x98, 0x40, 0xff, 0x70, 0x98, 0x40, 0xff,
    0x70, 0x9c, 0x40, 0xff, 0x70, 0x98, 0x40, 0xff, 0x70, 0x98, 0x40, 0xff,
    0x70, 0x98, 0x40, 0xff, 0x70, 0x9c, 0x40, 0xff, 0x70, 0x98, 0x40, 0xff,
    0x70, 0x98, 0x40, 0xff, 0x70, 0x98, 0x40, 0xff, 0x70, 0x9c, 0x40, 0xff,
    0x70, 0x98, 0x40, 0xff, 0x70, 0x98, 0x40, 0xff, 0x70, 0x98, 0x40, 0xff,
    0x70, 0x9c, 0x40, 0xff, 0x70, 0x98, 0x40, 0xff, 0x70, 0x98, 0x40, 0xff,
    0x70, 0x98, 0x40, 0xff, 0x70, 0x9c, 0x40, 0xff, 0x70, 0x98, 0x40, 0xff,
    0x70, 0x98, 0x40, 0xff, 0x70, 0x98, 0x40, 0xff, 0x70, 0x9c, 0x40, 0xff,
    0x70, 0x98, 0x40, 0xff, 0x70, 0x98, 0x40, 0xff, 0x70, 0x98, 0x40, 0xff,
    0x70, 0x9c, 0x40, 0xff, 0x70, 0x98, 0x40, 0xff, 0x70, 0x98, 0x40, 0xff,
    0x70, 0x98, 0x40, 0xff, 0x70, 0x9c, 0x40, 0xff, 0x70, 0x98, 0x40, 0xff,
    0x70, 0x98, 0x40, 0xff, 0x70, 0x98, 0x40, 0xff, 0x70, 0x9c, 0x40, 0xff,
    0x70, 0x98, 0x40, 0xff, 0x70, 0x98, 0x40, 0xff, 0x70, 0x98, 0x40, 0xff,
    0x70, 0x9c, 0x40, 0xff, 0x70, 0x98, 0x40, 0xff, 0x70, 0x98, 0x40, 0xff,
    0x70, 0x98, 0x40, 0xff, 0x70, 0x9c, 0x40, 0xff, 0x70, 0x98, 0x40, 0xff,
    0x70, 0x98, 0x40, 0xff, 0x70, 0x98, 0x40, 0xff, 0x70, 0x9c, 0x40, 0xff,
    0x70, 0x98, 0x40, 0xff, 0x70, 0x98, 0x40, 0xff, 0x70, 0x98, 0x40, 0xff,
    0x70, 0x9c, 0x40, 0xff, 0x70, 0x98, 0x40, 0xff, 0x70, 0x98, 0x40, 0xff,
    0x70, 0x98, 0x40, 0xff, 0x70, 0x9c, 0x40, 0xff, 0x70, 0x98, 0x40, 0xff,
    0x70, 0x98, 0x40, 0xff, 0x70, 0x98, 0x40, 0xff, 0x70, 0x9c, 0x40, 0xff,
    0x70, 0x98, 0x40, 0xff, 0x70, 0x98, 0x40, 0xff, 0x70, 0x98, 0x40, 0xff,
    0x70, 0x9c, 0x40, 0xff, 0x70, 0x98, 0x40, 0xff, 0x70, 0x98, 0x40, 0xff,
    0x70, 0x98, 0x40, 0xff, 0x70, 0x9c, 0x40, 0xff, 0x70, 0x98, 0x40, 0xff,
    0x70, 0x98, 0x40, 0xff, 0x70, 0x98, 0x40, 0xff, 0x70, 0x9c, 0x40, 0xff,
    0x70, 0x98, 0x40, 0xff, 0x70, 0x98, 0x40, 0xff, 0x70, 0x98, 0x40, 0xff,
    0x70, 0x9c, 0x40, 0xff, 0x70, 0x98, 0x40, 0xff, 0x70, 0x98, 0x40, 0xff,
    0x70, 0x98, 0x40, 0xff, 0x70, 0x9c, 0x40, 0xff, 0x70, 0x98, 0x40, 0xff,
    0x70, 0x98, 0x40, 0xff, 0x70, 0x98, 0x40, 0xff, 0x70, 0x9c, 0x40, 0xff,
    0x70, 0x98, 0x40, 0xff, 0x70, 0x98, 0x40, 0xff, 0x70, 0x98, 0x40, 0xff,
    0x70, 0x9c, 0x40, 0xff, 0x70, 0x98, 0x40, 0xff, 0x70, 0x98, 0x40, 0xff,
    0x70, 0x98, 0x40, 0xff, 0x70, 0x9c, 0x40, 0xff, 0x70, 0x98, 0x40, 0xff,
    0x70, 0x98, 0x40, 0xff, 0x70, 0x98, 0x40, 0xff, 0x70, 0x9c, 0x40, 0xff,
    0x70, 0x98, 0x40, 0xff, 0x70, 0x98, 0x40, 0xff, 0x70, 0x98, 0x40, 0xff,
    0x70, 0x9c, 0x40, 0xff, 0x68, 0x98, 0x40, 0xff, 0x70, 0x98, 0x40, 0xff,
    0x70, 0x98, 0x38, 0xff, 0x68, 0x98, 0x40, 0xff, 0x68, 0x98, 0x40, 0xff,
    0x70, 0x98, 0x40, 0xff, 0x70, 0x98, 0x38, 0xff, 0x70, 0x98, 0x40, 0xff,
    0x58, 0x70, 0x40, 0xff, 0x38, 0x3c, 0x40, 0xff, 0x38, 0x3c, 0x38, 0xff,
    0x38, 0x3c, 0x40, 0xff, 0x38, 0x3c, 0x38, 0xff, 0x38, 0x3c, 0x40, 0xff,
    0x38, 0x3c, 0x38, 0xff, 0x38, 0x3c, 0x40, 0xff, 0x38, 0x3c, 0x38, 0xff,
    0x38, 0x3c, 0x40, 0xff, 0x38, 0x3c, 0x38, 0xff, 0x38, 0x3c, 0x40, 0xff,
    0x38, 0x3c, 0x38, 0xff, 0x38, 0x3c, 0x40, 0xff, 0x38, 0x3c, 0x38, 0xff,
    0x38, 0x3c, 0x40, 0xff, 0x38, 0x3c, 0x38, 0xff, 0x38, 0x3c, 0x40, 0xff,
    0x38, 0x3c, 0x38, 0xff, 0x38, 0x3c, 0x40, 0xff, 0x38, 0x3c, 0x38, 0xff,
    0x38, 0x3c, 0x40, 0xff, 0x38, 0x3c, 0x38, 0xff, 0x38, 0x3c, 0x40, 0xff,
    0x38, 0x3c, 0x38, 0xff, 0x38, 0x3c, 0x40, 0xff, 0x38, 0x3c, 0x38, 0xff,
    0x38, 0x3c, 0x40, 0xff, 0x38, 0x3c, 0x38, 0xff, 0x38, 0x3c, 0x40, 0xff,
    0x38, 0x3c, 0x38, 0xff, 0x38, 0x3c, 0x40, 0xff, 0x38, 0x3c, 0x38, 0xff,
    0x38, 0x3c, 0x40, 0xff, 0x38, 0x3c, 0x38, 0xff, 0x38, 0x3c, 0x40, 0xff,
    0x38, 0x3c, 0x38, 0xff, 0x38, 0x3c, 0x40, 0xff, 0x38, 0x3c, 0x38, 0xff,
    0x38, 0x3c, 0x40, 0xff, 0x38, 0x3c, 0x38, 0xff, 0x38, 0x3c, 0x40, 0xff,
    0x38, 0x3c, 0x38, 0xff, 0x38, 0x3c, 0x40, 0xff, 0x38, 0x3c, 0x38, 0xff,
    0x38, 0x3c, 0x40, 0xff, 0x38, 0x3c, 0x38, 0xff, 0x38, 0x3c, 0x40, 0xff,
    0x38, 0x3c, 0x38, 0xff, 0x38, 0x3c, 0x40, 0xff, 0x38, 0x3c, 0x38, 0xff,
    0x38, 0x3c, 0x40, 0xff, 0x38, 0x3c, 0x38, 0xff, 0x38, 0x3c, 0x40, 0xff,
    0x38, 0x3c, 0x38, 0xff, 0x38, 0x3c, 0x40, 0xff, 0x38, 0x3c, 0x38, 0xff,
    0x38, 0x3c, 0x40, 0xff, 0x38, 0x3c, 0x38, 0xff, 0x38, 0x3c, 0x40, 0xff,
    0x38, 0x3c, 0x38, 0xff, 0x38, 0x3c, 0x40, 0xff, 0x38, 0x3c, 0x38, 0xff,
    0x38, 0x3c, 0x40, 0xff, 0x38, 0x3c, 0x38, 0xff, 0x38, 0x3c, 0x40, 0xff,
    0x38, 0x3c, 0x38, 0xff, 0x38, 0x3c, 0x40, 0xff, 0x38, 0x3c, 0x38, 0xff,
    0x38, 0x3c, 0x40, 0xff, 0x38, 0x3c, 0x38, 0xff, 0x38, 0x3c, 0x40, 0xff,
    0x38, 0x3c, 0x38, 0xff, 0x38, 0x3c, 0x40, 0xff, 0x38, 0x3c, 0x38, 0xff,
    0x38, 0x3c, 0x40, 0xff, 0x38, 0x3c, 0x38, 0xff, 0x38, 0x3c, 0x40, 0xff,
    0x38, 0x3c, 0x38, 0xff, 0x38, 0x3c, 0x40, 0xff, 0x38, 0x3c, 0x38, 0xff,
    0x38, 0x3c, 0x40, 0xff, 0x38, 0x3c, 0x38, 0xff, 0x38, 0x3c, 0x40, 0xff,
    0x38, 0x3c, 0x38, 0xff, 0x38, 0x3c, 0x40, 0xff, 0x38, 0x3c, 0x38, 0xff,
    0x38, 0x3c, 0x38, 0xff, 0x38, 0x3c, 0x40, 0xff, 0x38, 0x3c, 0x38, 0xff,
    0x38, 0x3c, 0x40, 0xff, 0x38, 0x3c, 0x38, 0xff, 0x38, 0x3c, 0x40, 0xff,
    0x38, 0x3c, 0x40, 0xff, 0x38, 0x3c, 0x38, 0x8e, 0x00, 0x00, 0x00, 0x00,
    0x00, 0x00, 0x00, 0x00, 0x00, 0x00, 0x00, 0x00, 0x00, 0x00, 0x00, 0x00,
    0x00, 0x00, 0x00, 0x00, 0x00, 0x00, 0x00, 0x00, 0x00, 0x00, 0x00, 0x00,
    0x00, 0x00, 0x00, 0x00, 0x00, 0x00, 0x00, 0x00, 0x68, 0x98, 0x38, 0x9e,
    0x70, 0x98, 0x40, 0xff, 0x70, 0x9c, 0x40, 0xff, 0x68, 0x98, 0x38, 0xff,
    0x70, 0x98, 0x40, 0xff, 0x70, 0x9c, 0x40, 0xff, 0x68, 0x98, 0x38, 0xff,
    0x70, 0x98, 0x40, 0xff, 0x70, 0x9c, 0x40, 0xff, 0x68, 0x98, 0x38, 0xff,
    0x70, 0x98, 0x40, 0xff, 0x68, 0x9c, 0x38, 0xff, 0x70, 0x98, 0x40, 0xff,
    0x68, 0x98, 0x38, 0xff, 0x70, 0x98, 0x40, 0xff, 0x68, 0x98, 0x38, 0xff,
    0x68, 0x98, 0x38, 0xff, 0x70, 0x98, 0x40, 0xff, 0x68, 0x98, 0x38, 0xff,
    0x70, 0x98, 0x40, 0xff, 0x68, 0x98, 0x38, 0xff, 0x68, 0x98, 0x38, 0xff,
    0x70, 0x98, 0x40, 0xff, 0x68, 0x98, 0x38, 0xff, 0x70, 0x98, 0x40, 0xff,
    0x68, 0x98, 0x38, 0xff, 0x70, 0x98, 0x40, 0xff, 0x68, 0x98, 0x38, 0xff,
    0x68, 0x98, 0x38, 0xff, 0x70, 0x98, 0x40, 0xff, 0x68, 0x98, 0x38, 0xff,
    0x70, 0x98, 0x40, 0xff, 0x68, 0x98, 0x38, 0xff, 0x68, 0x98, 0x38, 0xff,
    0x70, 0x98, 0x40, 0xff, 0x68, 0x98, 0x38, 0xff, 0x70, 0x98, 0x40, 0xff,
    0x68, 0x98, 0x38, 0xff, 0x70, 0x98, 0x40, 0xff, 0x68, 0x98, 0x38, 0xff,
    0x68, 0x98, 0x38, 0xff, 0x70, 0x98, 0x40, 0xff, 0x68, 0x98, 0x38, 0xff,
    0x70, 0x98, 0x40, 0xff, 0x68, 0x98, 0x38, 0xff, 0x68, 0x98, 0x38, 0xff,
    0x70, 0x98, 0x40, 0xff, 0x68, 0x98, 0x38, 0xff, 0x70, 0x98, 0x40, 0xff,
    0x68, 0x98, 0x38, 0xff, 0x70, 0x98, 0x40, 0xff, 0x68, 0x98, 0x38, 0xff,
    0x68, 0x98, 0x38, 0xff, 0x70, 0x98, 0x40, 0xff, 0x68, 0x98, 0x38, 0xff,
    0x70, 0x98, 0x40, 0xff, 0x68, 0x98, 0x38, 0xff, 0x68, 0x98, 0x38, 0xff,
    0x70, 0x98, 0x40, 0xff, 0x68, 0x98, 0x38, 0xff, 0x70, 0x98, 0x40, 0xff,
    0x68, 0x98, 0x38, 0xff, 0x70, 0x98, 0x40, 0xff, 0x68, 0x98, 0x38, 0xff,
    0x68, 0x98, 0x38, 0xff, 0x70, 0x98, 0x40, 0xff, 0x68, 0x98, 0x38, 0xff,
    0x70, 0x98, 0x40, 0xff, 0x68, 0x98, 0x38, 0xff, 0x68, 0x98, 0x38, 0xff,
    0x70, 0x98, 0x40, 0xff, 0x68, 0x98, 0x38, 0xff, 0x70, 0x98, 0x40, 0xff,
    0x68, 0x98, 0x38, 0xff, 0x70, 0x98, 0x40, 0xff, 0x68, 0x98, 0x38, 0xff,
    0x68, 0x98, 0x38, 0xff, 0x70, 0x98, 0x40, 0xff, 0x68, 0x98, 0x38, 0xff,
    0x70, 0x98, 0x40, 0xff, 0x68, 0x98, 0x38, 0xff, 0x68, 0x98, 0x38, 0xff,
    0x70, 0x98, 0x40, 0xff, 0x68, 0x98, 0x38, 0xff, 0x70, 0x98, 0x40, 0xff,
    0x68, 0x98, 0x38, 0xff, 0x70, 0x98, 0x40, 0xff, 0x68, 0x98, 0x38, 0xff,
    0x68, 0x98, 0x38, 0xff, 0x70, 0x98, 0x40, 0xff, 0x68, 0x98, 0x38, 0xff,
    0x70, 0x98, 0x40, 0xff, 0x68, 0x98, 0x38, 0xff, 0x68, 0x98, 0x38, 0xff,
    0x70, 0x98, 0x40, 0xff, 0x68, 0x98, 0x38, 0xff, 0x70, 0x98, 0x40, 0xff,
    0x68, 0x98, 0x38, 0xff, 0x70, 0x98, 0x40, 0xff, 0x68, 0x98, 0x38, 0xff,
    0x68, 0x98, 0x38, 0xff, 0x70, 0x98, 0x40, 0xff, 0x68, 0x98, 0x38, 0xff,
    0x70, 0x98, 0x40, 0xff, 0x68, 0x98, 0x38, 0xff, 0x68, 0x98, 0x38, 0xff,
    0x70, 0x98, 0x40, 0xff, 0x68, 0x98, 0x38, 0xff, 0x70, 0x98, 0x40, 0xff,
    0x68, 0x98, 0x38, 0xff, 0x70, 0x98, 0x40, 0xff, 0x68, 0x98, 0x38, 0xff,
    0x68, 0x98, 0x38, 0xff, 0x70, 0x98, 0x40, 0xff, 0x68, 0x98, 0x38, 0xff,
    0x70, 0x98, 0x40, 0xff, 0x68, 0x98, 0x38, 0xff, 0x68, 0x98, 0x38, 0xff,
    0x70, 0x98, 0x40, 0xff, 0x68, 0x98, 0x38, 0xff, 0x70, 0x98, 0x40, 0xff,
    0x70, 0x98, 0x38, 0xff, 0x68, 0x9c, 0x40, 0xff, 0x70, 0x98, 0x40, 0xff,
    0x70, 0x98, 0x38, 0xff, 0x70, 0x9c, 0x40, 0xff, 0x70, 0x9c, 0x40, 0xff,
    0x70, 0x98, 0x40, 0xff, 0x68, 0x9c, 0x38, 0xff, 0x70, 0x98, 0x40, 0xff,
    0x70, 0x98, 0x40, 0xff, 0x68, 0x98, 0x40, 0xff, 0x58, 0x78, 0x40, 0xff,
    0x38, 0x3c, 0x38, 0xff, 0x38, 0x3c, 0x40, 0xff, 0x38, 0x3c, 0x40, 0xff,
    0x38, 0x3c, 0x38, 0xff, 0x38, 0x3c, 0x40, 0xff, 0x38, 0x3c, 0x40, 0xff,
    0x38, 0x3c, 0x38, 0xff, 0x38, 0x3c, 0x40, 0xff, 0x38, 0x3c, 0x40, 0xff,
    0x38, 0x3c, 0x38, 0xff, 0x38, 0x3c, 0x40, 0xff, 0x38, 0x3c, 0x40, 0xff,
    0x38, 0x3c, 0x38, 0xff, 0x38, 0x3c, 0x40, 0xff, 0x38, 0x3c, 0x40, 0xff,
    0x38, 0x3c, 0x38, 0xff, 0x38, 0x3c, 0x40, 0xff, 0x38, 0x3c, 0x40, 0xff,
    0x38, 0x3c, 0x38, 0xff, 0x38, 0x3c, 0x40, 0xff, 0x38, 0x3c, 0x40, 0xff,
    0x38, 0x3c, 0x38, 0xff, 0x38, 0x3c, 0x40, 0xff, 0x38, 0x3c, 0x40, 0xff,
    0x38, 0x3c, 0x38, 0xff, 0x38, 0x3c, 0x40, 0xff, 0x38, 0x3c, 0x40, 0xff,
    0x38, 0x3c, 0x38, 0xff, 0x38, 0x3c, 0x40, 0xff, 0x38, 0x3c, 0x40, 0xff,
    0x38, 0x3c, 0x38, 0xff, 0x38, 0x3c, 0x40, 0xff, 0x38, 0x3c, 0x40, 0xff,
    0x38, 0x3c, 0x38, 0xff, 0x38, 0x3c, 0x40, 0xff, 0x38, 0x3c, 0x40, 0xff,
    0x38, 0x3c, 0x38, 0xff, 0x38, 0x3c, 0x40, 0xff, 0x38, 0x3c, 0x40, 0xff,
    0x38, 0x3c, 0x38, 0xff, 0x38, 0x3c, 0x40, 0xff, 0x38, 0x3c, 0x40, 0xff,
    0x38, 0x3c, 0x38, 0xff, 0x38, 0x3c, 0x40, 0xff, 0x38, 0x3c, 0x40, 0xff,
    0x38, 0x3c, 0x38, 0xff, 0x38, 0x3c, 0x40, 0xff, 0x38, 0x3c, 0x40, 0xff,
    0x38, 0x3c, 0x38, 0xff, 0x38, 0x3c, 0x40, 0xff, 0x38, 0x3c, 0x40, 0xff,
    0x38, 0x3c, 0x38, 0xff, 0x38, 0x3c, 0x40, 0xff, 0x38, 0x3c, 0x40, 0xff,
    0x38, 0x3c, 0x38, 0xff, 0x38, 0x3c, 0x40, 0xff, 0x38, 0x3c, 0x40, 0xff,
    0x38, 0x3c, 0x38, 0xff, 0x38, 0x3c, 0x40, 0xff, 0x38, 0x3c, 0x40, 0xff,
    0x38, 0x3c, 0x38, 0xff, 0x38, 0x3c, 0x40, 0xff, 0x38, 0x3c, 0x40, 0xff,
    0x38, 0x3c, 0x38, 0xff, 0x38, 0x3c, 0x40, 0xff, 0x38, 0x3c, 0x40, 0xff,
    0x38, 0x3c, 0x38, 0xff, 0x38, 0x3c, 0x40, 0xff, 0x38, 0x3c, 0x40, 0xff,
    0x38, 0x3c, 0x38, 0xff, 0x38, 0x3c, 0x40, 0xff, 0x38, 0x3c, 0x40, 0xff,
    0x38, 0x3c, 0x38, 0xff, 0x38, 0x3c, 0x40, 0xff, 0x38, 0x3c, 0x40, 0xff,
    0x38, 0x3c, 0x38, 0xff, 0x38, 0x3c, 0x40, 0xff, 0x38, 0x3c, 0x40, 0xff,
    0x38, 0x3c, 0x38, 0xff, 0x38, 0x3c, 0x40, 0xff, 0x38, 0x3c, 0x40, 0xff,
    0x38, 0x3c, 0x38, 0xff, 0x38, 0x3c, 0x40, 0xff, 0x38, 0x3c, 0x40, 0xff,
    0x38, 0x3c, 0x40, 0xff, 0x38, 0x3c, 0x40, 0xff, 0x38, 0x3c, 0x38, 0xff,
    0x38, 0x3c, 0x40, 0xff, 0x38, 0x3c, 0x38, 0xff, 0x38, 0x3c, 0x40, 0xff,
    0x38, 0x3c, 0x38, 0xff, 0x38, 0x3c, 0x40, 0xff, 0x38, 0x3c, 0x40, 0xff,
    0x38, 0x3c, 0x40, 0x9e, 0x00, 0x00, 0x00, 0x00, 0x00, 0x00, 0x00, 0x00,
    0x00, 0x00, 0x00, 0x00, 0x00, 0x00, 0x00, 0x00, 0x00, 0x00, 0x00, 0x00,
    0x00, 0x00, 0x00, 0x00, 0x00, 0x00, 0x00, 0x00, 0x70, 0x98, 0x40, 0x8e,
    0x70, 0x98, 0x40, 0xff, 0x70, 0x98, 0x40, 0xff, 0x70, 0x98, 0x40, 0xff,
    0x70, 0x9c, 0x40, 0xff, 0x70, 0x98, 0x40, 0xff, 0x70, 0x98, 0x40, 0xff,
    0x70, 0x98, 0x40, 0xff, 0x70, 0x98, 0x40, 0xff, 0x68, 0x9c, 0x38, 0xff,
    0x70, 0x98, 0x40, 0xff, 0x70, 0x98, 0x40, 0xff, 0x70, 0x9c, 0x40, 0xff,
    0x68, 0x98, 0x38, 0xff, 0x70, 0x98, 0x40, 0xff, 0x70, 0x9c, 0x40, 0xff,
    0x70, 0x98, 0x40, 0xff, 0x70, 0x9c, 0x40, 0xff, 0x70, 0x98, 0x40, 0xff,
    0x70, 0x98, 0x40, 0xff, 0x70, 0x9c, 0x40, 0xff, 0x70, 0x9c, 0x40, 0xff,
    0x70, 0x98, 0x40, 0xff, 0x70, 0x98, 0x40, 0xff, 0x70, 0x9c, 0x40, 0xff,
    0x68, 0x9c, 0x38, 0xff, 0x70, 0x98, 0x40, 0xff, 0x70, 0x98, 0x40, 0xff,
    0x70, 0x9c, 0x40, 0xff, 0x70, 0x9c, 0x40, 0xff, 0x70, 0x98, 0x40, 0xff,
    0x70, 0x98, 0x40, 0xff, 0x70, 0x9c, 0x40, 0xff, 0x70, 0x9c, 0x40, 0xff,
    0x70, 0x98, 0x40, 0xff, 0x70, 0x98, 0x40, 0xff, 0x70, 0x9c, 0x40, 0xff,
    0x68, 0x9c, 0x38, 0xff, 0x70, 0x98, 0x40, 0xff, 0x70, 0x98, 0x40, 0xff,
    0x70, 0x9c, 0x40, 0xff, 0x70, 0x9c, 0x40, 0xff, 0x70, 0x98, 0x40, 0xff,
    0x70, 0x98, 0x40, 0xff, 0x70, 0x9c, 0x40, 0xff, 0x70, 0x9c, 0x40, 0xff,
    0x70, 0x98, 0x40, 0xff, 0x70, 0x98, 0x40, 0xff, 0x70, 0x9c, 0x40, 0xff,
    0x68, 0x9c, 0x38, 0xff, 0x70, 0x98, 0x40, 0xff, 0x70, 0x98, 0x40, 0xff,
    0x70, 0x9c, 0x40, 0xff, 0x70, 0x9c, 0x40, 0xff, 0x70, 0x98, 0x40, 0xff,
    0x70, 0x98, 0x40, 0xff, 0x70, 0x9c, 0x40, 0xff, 0x70, 0x9c, 0x40, 0xff,
    0x70, 0x98, 0x40, 0xff, 0x70, 0x98, 0x40, 0xff, 0x70, 0x9c, 0x40, 0xff,
    0x68, 0x9c, 0x38, 0xff, 0x70, 0x98, 0x40, 0xff, 0x70, 0x98, 0x40, 0xff,
    0x70, 0x9c, 0x40, 0xff, 0x70, 0x9c, 0x40, 0xff, 0x70, 0x98, 0x40, 0xff,
    0x70, 0x98, 0x40, 0xff, 0x70, 0x9c, 0x40, 0xff, 0x70, 0x9c, 0x40, 0xff,
    0x70, 0x98, 0x40, 0xff, 0x70, 0x98, 0x40, 0xff, 0x70, 0x9c, 0x40, 0xff,
    0x68, 0x9c, 0x38, 0xff, 0x70, 0x98, 0x40, 0xff, 0x70, 0x98, 0x40, 0xff,
    0x70, 0x9c, 0x40, 0xff, 0x70, 0x9c, 0x40, 0xff, 0x70, 0x98, 0x40, 0xff,
    0x70, 0x98, 0x40, 0xff, 0x70, 0x9c, 0x40, 0xff, 0x70, 0x9c, 0x40, 0xff,
    0x70, 0x98, 0x40, 0xff, 0x70, 0x98, 0x40, 0xff, 0x70, 0x9c, 0x40, 0xff,
    0x68, 0x9c, 0x38, 0xff, 0x70, 0x98, 0x40, 0xff, 0x70, 0x98, 0x40, 0xff,
    0x70, 0x9c, 0x40, 0xff, 0x70, 0x9c, 0x40, 0xff, 0x70, 0x98, 0x40, 0xff,
    0x70, 0x98, 0x40, 0xff, 0x70, 0x9c, 0x40, 0xff, 0x70, 0x9c, 0x40, 0xff,
    0x70, 0x98, 0x40, 0xff, 0x70, 0x98, 0x40, 0xff, 0x70, 0x9c, 0x40, 0xff,
    0x68, 0x9c, 0x38, 0xff, 0x70, 0x98, 0x40, 0xff, 0x70, 0x98, 0x40, 0xff,
    0x70, 0x9c, 0x40, 0xff, 0x70, 0x9c, 0x40, 0xff, 0x70, 0x98, 0x40, 0xff,
    0x70, 0x98, 0x40, 0xff, 0x70, 0x9c, 0x40, 0xff, 0x70, 0x9c, 0x40, 0xff,
    0x70, 0x98, 0x40, 0xff, 0x70, 0x98, 0x40, 0xff, 0x70, 0x9c, 0x40, 0xff,
    0x68, 0x9c, 0x38, 0xff, 0x70, 0x98, 0x40, 0xff, 0x70, 0x98, 0x40, 0xff,
    0x70, 0x9c, 0x40, 0xff, 0x70, 0x9c, 0x40, 0xff, 0x70, 0x98, 0x40, 0xff,
    0x78, 0xa0, 0x48, 0xff, 0xa8, 0xc8, 0x90, 0xff, 0xd0, 0xe0, 0xc0, 0xff,
    0xf0, 0xf4, 0xe8, 0xff, 0xf8, 0xfc, 0xf8, 0xff, 0xf8, 0xfc, 0xf8, 0xff,
    0xe0, 0xec, 0xd8, 0xff, 0xd0, 0xe0, 0xc0, 0xff, 0xa0, 0xc0, 0x88, 0xff,
    0x70, 0x98, 0x40, 0xff, 0x70, 0x98, 0x40, 0xff, 0x68, 0x98, 0x40, 0xff,
    0x70, 0x98, 0x38, 0xff, 0x70, 0x98, 0x40, 0xff, 0x70, 0x98, 0x40, 0xff,
    0x70, 0x9c, 0x40, 0xff, 0x70, 0x98, 0x38, 0xff, 0x70, 0x98, 0x40, 0xff,
    0x70, 0x98, 0x40, 0xff, 0x58, 0x70, 0x38, 0xff, 0x38, 0x3c, 0x40, 0xff,
    0x38, 0x3c, 0x40, 0xff, 0x38, 0x3c, 0x38, 0xff, 0x38, 0x3c, 0x40, 0xff,
    0x38, 0x3c, 0x40, 0xff, 0x38, 0x3c, 0x38, 0xff, 0x38, 0x3c, 0x40, 0xff,
    0x38, 0x3c, 0x40, 0xff, 0x38, 0x3c, 0x38, 0xff, 0x38, 0x3c, 0x40, 0xff,
    0x38, 0x3c, 0x40, 0xff, 0x38, 0x3c, 0x38, 0xff, 0x38, 0x3c, 0x40, 0xff,
    0x38, 0x3c, 0x40, 0xff, 0x38, 0x3c, 0x38, 0xff, 0x38, 0x3c, 0x40, 0xff,
    0x38, 0x3c, 0x40, 0xff, 0x38, 0x3c, 0x38, 0xff, 0x38, 0x3c, 0x40, 0xff,
    0x38, 0x3c, 0x40, 0xff, 0x38, 0x3c, 0x38, 0xff, 0x38, 0x3c, 0x40, 0xff,
    0x38, 0x3c, 0x40, 0xff, 0x38, 0x3c, 0x38, 0xff, 0x38, 0x3c, 0x40, 0xff,
    0x38, 0x3c, 0x40, 0xff, 0x38, 0x3c, 0x38, 0xff, 0x38, 0x3c, 0x40, 0xff,
    0x38, 0x3c, 0x40, 0xff, 0x38, 0x3c, 0x38, 0xff, 0x38, 0x3c, 0x40, 0xff,
    0x38, 0x3c, 0x40, 0xff, 0x38, 0x3c, 0x38, 0xff, 0x38, 0x3c, 0x40, 0xff,
    0x38, 0x3c, 0x40, 0xff, 0x38, 0x3c, 0x38, 0xff, 0x38, 0x3c, 0x40, 0xff,
    0x38, 0x3c, 0x40, 0xff, 0x38, 0x3c, 0x38, 0xff, 0x38, 0x3c, 0x40, 0xff,
    0x38, 0x3c, 0x40, 0xff, 0x38, 0x3c, 0x38, 0xff, 0x38, 0x3c, 0x40, 0xff,
    0x38, 0x3c, 0x40, 0xff, 0x38, 0x3c, 0x38, 0xff, 0x38, 0x3c, 0x40, 0xff,
    0x38, 0x3c, 0x40, 0xff, 0x38, 0x3c, 0x38, 0xff, 0x38, 0x3c, 0x40, 0xff,
    0x38, 0x3c, 0x40, 0xff, 0x38, 0x3c, 0x38, 0xff, 0x38, 0x3c, 0x40, 0xff,
    0x38, 0x3c, 0x40, 0xff, 0x38, 0x3c, 0x38, 0xff, 0x38, 0x3c, 0x40, 0xff,
    0x38, 0x3c, 0x40, 0xff, 0x38, 0x3c, 0x38, 0xff, 0x38, 0x3c, 0x40, 0xff,
    0x38, 0x3c, 0x40, 0xff, 0x38, 0x3c, 0x38, 0xff, 0x38, 0x3c, 0x40, 0xff,
    0x38, 0x3c, 0x40, 0xff, 0x38, 0x3c, 0x38, 0xff, 0x38, 0x3c, 0x40, 0xff,
    0x38, 0x3c, 0x40, 0xff, 0x38, 0x3c, 0x38, 0xff, 0x38, 0x3c, 0x40, 0xff,
    0x38, 0x3c, 0x40, 0xff, 0x38, 0x3c, 0x38, 0xff, 0x38, 0x3c, 0x40, 0xff,
    0x38, 0x3c, 0x40, 0xff, 0x38, 0x3c, 0x38, 0xff, 0x38, 0x3c, 0x40, 0xff,
    0x38, 0x3c, 0x40, 0xff, 0x38, 0x3c, 0x38, 0xff, 0x38, 0x3c, 0x40, 0xff,
    0x38, 0x3c, 0x40, 0xff, 0x38, 0x3c, 0x38, 0xff, 0x38, 0x3c, 0x40, 0xff,
    0x38, 0x3c, 0x40, 0xff, 0x38, 0x3c, 0x38, 0xff, 0x38, 0x3c, 0x40, 0xff,
    0x38, 0x3c, 0x38, 0xff, 0x38, 0x3c, 0x40, 0xff, 0x38, 0x3c, 0x40, 0xff,
    0x38, 0x3c, 0x40, 0xff, 0x38, 0x3c, 0x40, 0xff, 0x38, 0x3c, 0x40, 0xff,
    0x38, 0x3c, 0x38, 0xff, 0x38, 0x3c, 0x40, 0xff, 0x38, 0x3c, 0x38, 0xff,
    0x38, 0x3c, 0x40, 0xff, 0x38, 0x3c, 0x38, 0xff, 0x38, 0x3c, 0x40, 0x8e,
    0x00, 0x00, 0x00, 0x00, 0x00, 0x00, 0x00, 0x00, 0x00, 0x00, 0x00, 0x00,
    0x00, 0x00, 0x00, 0x00, 0x00, 0x00, 0x00, 0x00, 0x70, 0x98, 0x40, 0x61,
    0x70, 0x98, 0x40, 0xff, 0x68, 0x98, 0x38, 0xff, 0x70, 0x9c, 0x40, 0xff,
    0x68, 0x98, 0x38, 0xff, 0x70, 0x98, 0x40, 0xff, 0x68, 0x98, 0x38, 0xff,
    0x70, 0x9c, 0x40, 0xff, 0x70, 0x98, 0x40, 0xff, 0x68, 0x98, 0x38, 0xff,
    0x70, 0x98, 0x40, 0xff, 0x70, 0x98, 0x40, 0xff, 0x70, 0x98, 0x40, 0xff,
    0x70, 0x98, 0x40, 0xff, 0x70, 0x9c, 0x40, 0xff, 0x70, 0x98, 0x40, 0xff,
    0x70, 0x98, 0x40, 0xff, 0x70, 0x9c, 0x40, 0xff, 0x68, 0x98, 0x38, 0xff,
    0x70, 0x98, 0x40, 0xff, 0x70, 0x9c, 0x40, 0xff, 0x68, 0x98, 0x38, 0xff,
    0x70, 0x98, 0x40, 0xff, 0x70, 0x98, 0x40, 0xff, 0x70, 0x98, 0x40, 0xff,
    0x70, 0x98, 0x40, 0xff, 0x70, 0x98, 0x40, 0xff, 0x70, 0x9c, 0x40, 0xff,
    0x70, 0x98, 0x40, 0xff, 0x68, 0x98, 0x38, 0xff, 0x70, 0x98, 0x40, 0xff,
    0x70, 0x98, 0x40, 0xff, 0x68, 0x98, 0x38, 0xff, 0x70, 0x98, 0x40, 0xff,
    0x70, 0x98, 0x40, 0xff, 0x68, 0x9c, 0x38, 0xff, 0x70, 0x98, 0x40, 0xff,
    0x70, 0x98, 0x40, 0xff, 0x70, 0x98, 0x40, 0xff, 0x70, 0x98, 0x40, 0xff,
    0x70, 0x98, 0x40, 0xff, 0x70, 0x98, 0x40, 0xff, 0x68, 0x98, 0x38, 0xff,
    0x70, 0x9c, 0x40, 0xff, 0x70, 0x98, 0x40, 0xff, 0x68, 0x98, 0x38, 0xff,
    0x70, 0x98, 0x40, 0xff, 0x70, 0x98, 0x40, 0xff, 0x70, 0x98, 0x40, 0xff,
    0x70, 0x98, 0x40, 0xff, 0x70, 0x98, 0x40, 0xff, 0x70, 0x9c, 0x40, 0xff,
    0x70, 0x98, 0x40, 0xff, 0x68, 0x98, 0x38, 0xff, 0x70, 0x98, 0x40, 0xff,
    0x70, 0x98, 0x40, 0xff, 0x68, 0x98, 0x38, 0xff, 0x70, 0x98, 0x40, 0xff,
    0x70, 0x98, 0x40, 0xff, 0x68, 0x9c, 0x38, 0xff, 0x70, 0x98, 0x40, 0xff,
    0x70, 0x98, 0x40, 0xff, 0x70, 0x98, 0x40, 0xff, 0x70, 0x98, 0x40, 0xff,
    0x70, 0x98, 0x40, 0xff, 0x70, 0x98, 0x40, 0xff, 0x68, 0x98, 0x38, 0xff,
    0x70, 0x9c, 0x40, 0xff, 0x70, 0x98, 0x40, 0xff, 0x68, 0x98, 0x38, 0xff,
    0x70, 0x98, 0x40, 0xff, 0x70, 0x98, 0x40, 0xff, 0x70, 0x98, 0x40, 0xff,
    0x70, 0x98, 0x40, 0xff, 0x70, 0x98, 0x40, 0xff, 0x70, 0x9c, 0x40, 0xff,
    0x70, 0x98, 0x40, 0xff, 0x68, 0x98, 0x38, 0xff, 0x70, 0x98, 0x40, 0xff,
    0x70, 0x98, 0x40, 0xff, 0x68, 0x98, 0x38, 0xff, 0x70, 0x98, 0x40, 0xff,
    0x70, 0x98, 0x40, 0xff, 0x68, 0x9c, 0x38, 0xff, 0x70, 0x98, 0x40, 0xff,
    0x70, 0x98, 0x40, 0xff, 0x70, 0x98, 0x40, 0xff, 0x70, 0x98, 0x40, 0xff,
    0x70, 0x98, 0x40, 0xff, 0x70, 0x98, 0x40, 0xff, 0x68, 0x98, 0x38, 0xff,
    0x70, 0x9c, 0x40, 0xff, 0x70, 0x98, 0x40, 0xff, 0x68, 0x98, 0x38, 0xff,
    0x70, 0x98, 0x40, 0xff, 0x70, 0x98, 0x40, 0xff, 0x70, 0x98, 0x40, 0xff,
    0x70, 0x98, 0x40, 0xff, 0x70, 0x98, 0x40, 0xff, 0x70, 0x9c, 0x40, 0xff,
    0x70, 0x98, 0x40, 0xff, 0x68, 0x98, 0x38, 0xff, 0x70, 0x98, 0x40, 0xff,
    0x70, 0x98, 0x40, 0xff, 0x68, 0x98, 0x38, 0xff, 0x70, 0x98, 0x40, 0xff,
    0x70, 0x98, 0x40, 0xff, 0x68, 0x9c, 0x38, 0xff, 0x70, 0x98, 0x40, 0xff,
    0x70, 0x98, 0x40, 0xff, 0x70, 0x98, 0x40, 0xff, 0x70, 0x98, 0x40, 0xff,
    0x70, 0x98, 0x40, 0xff, 0x70, 0x98, 0x40, 0xff, 0x68, 0x98, 0x40, 0xff,
    0x98, 0xb8, 0x78, 0xff, 0xf8, 0xf8, 0xf0, 0xff, 0xf8, 0xfc, 0xf8, 0xff,
    0xf8, 0xfc, 0xf8, 0xff, 0xf8, 0xfc, 0xf8, 0xff, 0xf8, 0xfc, 0xf8, 0xff,
    0xf8, 0xfc, 0xf8, 0xff, 0xf8, 0xfc, 0xf8, 0xff, 0xf8, 0xfc, 0xf8, 0xff,
    0xf8, 0xfc, 0xf8, 0xff, 0xf0, 0xf4, 0xe8, 0xff, 0xa0, 0xc0, 0x80, 0xff,
    0x70, 0x98, 0x40, 0xff, 0x70, 0x98, 0x40, 0xff, 0x68, 0x9c, 0x38, 0xff,
    0x70, 0x98, 0x40, 0xff, 0x68, 0x98, 0x40, 0xff, 0x70, 0x9c, 0x38, 0xff,
    0x70, 0x98, 0x40, 0xff, 0x68, 0x98, 0x40, 0xff, 0x70, 0x98, 0x40, 0xff,
    0x50, 0x64, 0x38, 0xff, 0x38, 0x3c, 0x40, 0xff, 0x38, 0x3c, 0x40, 0xff,
    0x38, 0x3c, 0x38, 0xff, 0x38, 0x3c, 0x40, 0xff, 0x38, 0x3c, 0x40, 0xff,
    0x38, 0x3c, 0x38, 0xff, 0x38, 0x3c, 0x40, 0xff, 0x38, 0x3c, 0x38, 0xff,
    0x38, 0x3c, 0x40, 0xff, 0x38, 0x3c, 0x40, 0xff, 0x38, 0x3c, 0x38, 0xff,
    0x38, 0x3c, 0x40, 0xff, 0x38, 0x3c, 0x38, 0xff, 0x38, 0x3c, 0x40, 0xff,
    0x38, 0x3c, 0x40, 0xff, 0x38, 0x3c, 0x38, 0xff, 0x38, 0x3c, 0x40, 0xff,
    0x38, 0x3c, 0x38, 0xff, 0x38, 0x3c, 0x40, 0xff, 0x38, 0x3c, 0x40, 0xff,
    0x38, 0x3c, 0x38, 0xff, 0x38, 0x3c, 0x40, 0xff, 0x38, 0x3c, 0x38, 0xff,
    0x38, 0x3c, 0x40, 0xff, 0x38, 0x3c, 0x40, 0xff, 0x38, 0x3c, 0x38, 0xff,
    0x38, 0x3c, 0x40, 0xff, 0x38, 0x3c, 0x38, 0xff, 0x38, 0x3c, 0x40, 0xff,
    0x38, 0x3c, 0x40, 0xff, 0x38, 0x3c, 0x38, 0xff, 0x38, 0x3c, 0x40, 0xff,
    0x38, 0x3c, 0x38, 0xff, 0x38, 0x3c, 0x40, 0xff, 0x38, 0x3c, 0x40, 0xff,
    0x38, 0x3c, 0x38, 0xff, 0x38, 0x3c, 0x40, 0xff, 0x38, 0x3c, 0x38, 0xff,
    0x38, 0x3c, 0x40, 0xff, 0x38, 0x3c, 0x40, 0xff, 0x38, 0x3c, 0x38, 0xff,
    0x38, 0x3c, 0x40, 0xff, 0x38, 0x3c, 0x38, 0xff, 0x38, 0x3c, 0x40, 0xff,
    0x38, 0x3c, 0x40, 0xff, 0x38, 0x3c, 0x38, 0xff, 0x38, 0x3c, 0x40, 0xff,
    0x38, 0x3c, 0x38, 0xff, 0x38, 0x3c, 0x40, 0xff, 0x38, 0x3c, 0x40, 0xff,
    0x38, 0x3c, 0x38, 0xff, 0x38, 0x3c, 0x40, 0xff, 0x38, 0x3c, 0x38, 0xff,
    0x38, 0x3c, 0x40, 0xff, 0x38, 0x3c, 0x40, 0xff, 0x38, 0x3c, 0x38, 0xff,
    0x38, 0x3c, 0x40, 0xff, 0x38, 0x3c, 0x38, 0xff, 0x38, 0x3c, 0x40, 0xff,
    0x38, 0x3c, 0x40, 0xff, 0x38, 0x3c, 0x38, 0xff, 0x38, 0x3c, 0x40, 0xff,
    0x38, 0x3c, 0x38, 0xff, 0x38, 0x3c, 0x40, 0xff, 0x38, 0x3c, 0x40, 0xff,
    0x38, 0x3c, 0x38, 0xff, 0x38, 0x3c, 0x40, 0xff, 0x38, 0x3c, 0x38, 0xff,
    0x38, 0x3c, 0x40, 0xff, 0x38, 0x3c, 0x40, 0xff, 0x38, 0x3c, 0x38, 0xff,
    0x38, 0x3c, 0x40, 0xff, 0x38, 0x3c, 0x38, 0xff, 0x38, 0x3c, 0x40, 0xff,
    0x38, 0x3c, 0x40, 0xff, 0x38, 0x3c, 0x38, 0xff, 0x38, 0x3c, 0x40, 0xff,
    0x38, 0x3c, 0x38, 0xff, 0x38, 0x3c, 0x40, 0xff, 0x38, 0x3c, 0x40, 0xff,
    0x38, 0x3c, 0x38, 0xff, 0x38, 0x3c, 0x40, 0xff, 0x38, 0x3c, 0x38, 0xff,
    0x38, 0x3c, 0x38, 0xff, 0x38, 0x3c, 0x38, 0xff, 0x38, 0x3c, 0x40, 0xff,
    0x38, 0x3c, 0x40, 0xff, 0x38, 0x3c, 0x38, 0xff, 0x38, 0x3c, 0x40, 0xff,
    0x38, 0x3c, 0x40, 0xff, 0x38, 0x3c, 0x38, 0xff, 0x38, 0x3c, 0x40, 0xff,
    0x38, 0x3c, 0x38, 0xff, 0x38, 0x3c, 0x38, 0x71, 0x00, 0x00, 0x00, 0x00,
    0x00, 0x00, 0x00, 0x00, 0x00, 0x00, 0x00, 0x00, 0x70, 0x98, 0x40, 0x20,
    0x70, 0x98, 0x40, 0xdf, 0x68, 0x98, 0x38, 0xff, 0x70, 0x98, 0x40, 0xff,
    0x70, 0x98, 0x40, 0xff, 0x70, 0x9c, 0x40, 0xff, 0x70, 0x98, 0x40, 0xff,
    0x68, 0x98, 0x38, 0xff, 0x70, 0x9c, 0x40, 0xff, 0x70, 0x98, 0x40, 0xff,
    0x70, 0x98, 0x40, 0xff, 0x70, 0x9c, 0x40, 0xff, 0x68, 0x9c, 0x38, 0xff,
    0x68, 0x98, 0x38, 0xff, 0x70, 0x98, 0x40, 0xff, 0x70, 0x98, 0x40, 0xff,
    0x68, 0x98, 0x38, 0xff, 0x70, 0x98, 0x40, 0xff, 0x68, 0x98, 0x38, 0xff,
    0x70, 0x98, 0x40, 0xff, 0x70, 0x98, 0x40, 0xff, 0x68, 0x98, 0x38, 0xff,
    0x70, 0x98, 0x40, 0xff, 0x70, 0x98, 0x40, 0xff, 0x68, 0x9c, 0x38, 0xff,
    0x68, 0x98, 0x38, 0xff, 0x70, 0x98, 0x40, 0xff, 0x70, 0x98, 0x40, 0xff,
    0x68, 0x98, 0x38, 0xff, 0x70, 0x98, 0x40, 0xff, 0x70, 0x98, 0x40, 0xff,
    0x68, 0x9c, 0x38, 0xff, 0x70, 0x98, 0x40, 0xff, 0x70, 0x9c, 0x40, 0xff,
    0x68, 0x98, 0x38, 0xff, 0x70, 0x98, 0x40, 0xff, 0x70, 0x98, 0x40, 0xff,
    0x68, 0x98, 0x38, 0xff, 0x70, 0x98, 0x40, 0xff, 0x70, 0x9c, 0x40, 0xff,
    0x68, 0x98, 0x38, 0xff, 0x70, 0x9c, 0x40, 0xff, 0x68, 0x98, 0x38, 0xff,
    0x70, 0x98, 0x40, 0xff, 0x70, 0x98, 0x40, 0xff, 0x68, 0x98, 0x38, 0xff,
    0x70, 0x98, 0x40, 0xff, 0x70, 0x9c, 0x40, 0xff, 0x68, 0x98, 0x38, 0xff,
    0x68, 0x9c, 0x38, 0xff, 0x70, 0x98, 0x40, 0xff, 0x70, 0x98, 0x40, 0xff,
    0x68, 0x98, 0x38, 0xff, 0x70, 0x98, 0x40, 0xff, 0x70, 0x98, 0x40, 0xff,
    0x68, 0x9c, 0x38, 0xff, 0x70, 0x98, 0x40, 0xff, 0x70, 0x9c, 0x40, 0xff,
    0x68, 0x98, 0x38, 0xff, 0x70, 0x98, 0x40, 0xff, 0x70, 0x98, 0x40, 0xff,
    0x68, 0x98, 0x38, 0xff, 0x70, 0x98, 0x40, 0xff, 0x70, 0x9c, 0x40, 0xff,
    0x68, 0x98, 0x38, 0xff, 0x70, 0x9c, 0x40, 0xff, 0x68, 0x98, 0x38, 0xff,
    0x70, 0x98, 0x40, 0xff, 0x70, 0x98, 0x40, 0xff, 0x68, 0x98, 0x38, 0xff,
    0x70, 0x98, 0x40, 0xff, 0x70, 0x9c, 0x40, 0xff, 0x68, 0x98, 0x38, 0xff,
    0x68, 0x9c, 0x38, 0xff, 0x70, 0x98, 0x40, 0xff, 0x70, 0x98, 0x40, 0xff,
    0x68, 0x98, 0x38, 0xff, 0x70, 0x98, 0x40, 0xff, 0x70, 0x98, 0x40, 0xff,
    0x68, 0x9c, 0x38, 0xff, 0x70, 0x98, 0x40, 0xff, 0x70, 0x9c, 0x40, 0xff,
    0x68, 0x98, 0x38, 0xff, 0x70, 0x98, 0x40, 0xff, 0x70, 0x98, 0x40, 0xff,
    0x68, 0x98, 0x38, 0xff, 0x70, 0x98, 0x40, 0xff, 0x70, 0x9c, 0x40, 0xff,
    0x68, 0x98, 0x38, 0xff, 0x70, 0x9c, 0x40, 0xff, 0x68, 0x98, 0x38, 0xff,
    0x70, 0x98, 0x40, 0xff, 0x70, 0x98, 0x40, 0xff, 0x68, 0x98, 0x38, 0xff,
    0x70, 0x98, 0x40, 0xff, 0x70, 0x9c, 0x40, 0xff, 0x68, 0x98, 0x38, 0xff,
    0x68, 0x9c, 0x38, 0xff, 0x70, 0x98, 0x40, 0xff, 0x70, 0x98, 0x40, 0xff,
    0x68, 0x98, 0x38, 0xff, 0x70, 0x98, 0x40, 0xff, 0x70, 0x98, 0x40, 0xff,
    0x68, 0x9c, 0x38, 0xff, 0x70, 0x98, 0x40, 0xff, 0x70, 0x9c, 0x40, 0xff,
    0x68, 0x98, 0x38, 0xff, 0x70, 0x98, 0x40, 0xff, 0x70, 0x98, 0x40, 0xff,
    0x68, 0x98, 0x38, 0xff, 0x70, 0x98, 0x40, 0xff, 0x70, 0x9c, 0x40, 0xff,
    0x68, 0x98, 0x38, 0xff, 0x70, 0x9c, 0x38, 0xff, 0x70, 0x98, 0x40, 0xff,
    0xc0, 0xd4, 0xa8, 0xff, 0xf8, 0xfc, 0xf8, 0xff, 0xf8, 0xfc, 0xf8, 0xff,
    0xf8, 0xfc, 0xf8, 0xff, 0xf8, 0xfc, 0xf8, 0xff, 0xf8, 0xfc, 0xf8, 0xff,
    0xf8, 0xfc, 0xf8, 0xff, 0xf8, 0xfc, 0xf8, 0xff, 0xf8, 0xfc, 0xf8, 0xff,
    0xf8, 0xfc, 0xf8, 0xff, 0xf8, 0xfc, 0xf8, 0xff, 0xf8, 0xfc, 0xf8, 0xff,
    0xf8, 0xfc, 0xf8, 0xff, 0xb8, 0xcc, 0xa0, 0xff, 0x70, 0x98, 0x40, 0xff,
    0x70, 0x98, 0x40, 0xff, 0x68, 0x98, 0x40, 0xff, 0x70, 0x98, 0x40, 0xff,
    0x70, 0x98, 0x40, 0xff, 0x68, 0x9c, 0x38, 0xff, 0x70, 0x98, 0x40, 0xff,
    0x70, 0x98, 0x40, 0xff, 0x68, 0x94, 0x40, 0xff, 0x38, 0x44, 0x38, 0xff,
    0x38, 0x3c, 0x40, 0xff, 0x38, 0x3c, 0x38, 0xff, 0x38, 0x3c, 0x40, 0xff,
    0x38, 0x3c, 0x38, 0xff, 0x38, 0x3c, 0x40, 0xff, 0x38, 0x3c, 0x40, 0xff,
    0x38, 0x3c, 0x38, 0xff, 0x38, 0x3c, 0x40, 0xff, 0x38, 0x3c, 0x38, 0xff,
    0x38, 0x3c, 0x40, 0xff, 0x38, 0x3c, 0x40, 0xff, 0x38, 0x3c, 0x38, 0xff,
    0x38, 0x3c, 0x40, 0xff, 0x38, 0x3c, 0x38, 0xff, 0x38, 0x3c, 0x40, 0xff,
    0x38, 0x3c, 0x40, 0xff, 0x38, 0x3c, 0x38, 0xff, 0x38, 0x3c, 0x40, 0xff,
    0x38, 0x3c, 0x38, 0xff, 0x38, 0x3c, 0x40, 0xff, 0x38, 0x3c, 0x40, 0xff,
    0x38, 0x3c, 0x38, 0xff, 0x38, 0x3c, 0x40, 0xff, 0x38, 0x3c, 0x38, 0xff,
    0x38, 0x3c, 0x40, 0xff, 0x38, 0x3c, 0x40, 0xff, 0x38, 0x3c, 0x38, 0xff,
    0x38, 0x3c, 0x40, 0xff, 0x38, 0x3c, 0x38, 0xff, 0x38, 0x3c, 0x40, 0xff,
    0x38, 0x3c, 0x40, 0xff, 0x38, 0x3c, 0x38, 0xff, 0x38, 0x3c, 0x40, 0xff,
    0x38, 0x3c, 0x38, 0xff, 0x38, 0x3c, 0x40, 0xff, 0x38, 0x3c, 0x40, 0xff,
    0x38, 0x3c, 0x38, 0xff, 0x38, 0x3c, 0x40, 0xff, 0x38, 0x3c, 0x38, 0xff,
    0x38, 0x3c, 0x40, 0xff, 0x38, 0x3c, 0x40, 0xff, 0x38, 0x3c, 0x38, 0xff,
    0x38, 0x3c, 0x40, 0xff, 0x38, 0x3c, 0x38, 0xff, 0x38, 0x3c, 0x40, 0xff,
    0x38, 0x3c, 0x40, 0xff, 0x38, 0x3c, 0x38, 0xff, 0x38, 0x3c, 0x40, 0xff,
    0x38, 0x3c, 0x38, 0xff, 0x38, 0x3c, 0x40, 0xff, 0x38, 0x3c, 0x40, 0xff,
    0x38, 0x3c, 0x38, 0xff, 0x38, 0x3c, 0x40, 0xff, 0x38, 0x3c, 0x38, 0xff,
    0x38, 0x3c, 0x40, 0xff, 0x38, 0x3c, 0x40, 0xff, 0x38, 0x3c, 0x38, 0xff,
    0x38, 0x3c, 0x40, 0xff, 0x38, 0x3c, 0x38, 0xff, 0x38, 0x3c, 0x40, 0xff,
    0x38, 0x3c, 0x40, 0xff, 0x38, 0x3c, 0x38, 0xff, 0x38, 0x3c, 0x40, 0xff,
    0x38, 0x3c, 0x38, 0xff, 0x38, 0x3c, 0x40, 0xff, 0x38, 0x3c, 0x40, 0xff,
    0x38, 0x3c, 0x38, 0xff, 0x38, 0x3c, 0x40, 0xff, 0x38, 0x3c, 0x38, 0xff,
    0x38, 0x3c, 0x40, 0xff, 0x38, 0x3c, 0x40, 0xff, 0x38, 0x3c, 0x38, 0xff,
    0x38, 0x3c, 0x40, 0xff, 0x38, 0x3c, 0x38, 0xff, 0x38, 0x3c, 0x40, 0xff,
    0x38, 0x3c, 0x40, 0xff, 0x38, 0x3c, 0x38, 0xff, 0x38, 0x3c, 0x40, 0xff,
    0x38, 0x3c, 0x40, 0xff, 0x38, 0x3c, 0x38, 0xff, 0x38, 0x3c, 0x40, 0xff,
    0x38, 0x3c, 0x40, 0xff, 0x38, 0x3c, 0x40, 0xff, 0x38, 0x3c, 0x38, 0xff,
    0x38, 0x3c, 0x40, 0xff, 0x38, 0x3c, 0x38, 0xff, 0x38, 0x3c, 0x40, 0xff,
    0x38, 0x3c, 0x40, 0xff, 0x38, 0x3c, 0x38, 0xff, 0x38, 0x3c, 0x40, 0xff,
    0x38, 0x3c, 0x40, 0xff, 0x38, 0x3c, 0x40, 0xff, 0x38, 0x3c, 0x40, 0xef,
    0x40, 0x40, 0x40, 0x10, 0x00, 0x00, 0x00, 0x00, 0x00, 0x00, 0x00, 0x00,
    0x68, 0x98, 0x38, 0x7d, 0x70, 0x98, 0x40, 0xff, 0x70, 0x98, 0x40, 0xff,
    0x70, 0x9c, 0x40, 0xff, 0x70, 0x98, 0x40, 0xff, 0x70, 0x98, 0x40, 0xff,
    0x70, 0x98, 0x40, 0xff, 0x70, 0x98, 0x40, 0xff, 0x68, 0x98, 0x38, 0xff,
    0x70, 0x98, 0x40, 0xff, 0x70, 0x98, 0x40, 0xff, 0x70, 0x98, 0x40, 0xff,
    0x70, 0x98, 0x40, 0xff, 0x70, 0x9c, 0x40, 0xff, 0x70, 0x98, 0x40, 0xff,
    0x68, 0x98, 0x38, 0xff, 0x70, 0x9c, 0x40, 0xff, 0x70, 0x98, 0x40, 0xff,
    0x70, 0x9c, 0x40, 0xff, 0x70, 0x98, 0x40, 0xff, 0x70, 0x9c, 0x40, 0xff,
    0x70, 0x98, 0x40, 0xff, 0x70, 0x98, 0x40, 0xff, 0x70, 0x9c, 0x40, 0xff,
    0x70, 0x98, 0x40, 0xff, 0x70, 0x9c, 0x40, 0xff, 0x68, 0x9c, 0x38, 0xff,
    0x70, 0x98, 0x40, 0xff, 0x70, 0x98, 0x40, 0xff, 0x70, 0x9c, 0x40, 0xff,
    0x70, 0x98, 0x40, 0xff, 0x70, 0x98, 0x40, 0xff, 0x70, 0x9c, 0x40, 0xff,
    0x70, 0x98, 0x40, 0xff, 0x70, 0x98, 0x40, 0xff, 0x70, 0x9c, 0x40, 0xff,
    0x70, 0x98, 0x40, 0xff, 0x70, 0x98, 0x40, 0xff, 0x68, 0x9c, 0x38, 0xff,
    0x70, 0x98, 0x40, 0xff, 0x70, 0x98, 0x40, 0xff, 0x70, 0x9c, 0x40, 0xff,
    0x70, 0x98, 0x40, 0xff, 0x70, 0x98, 0x40, 0xff, 0x70, 0x9c, 0x40, 0xff,
    0x70, 0x98, 0x40, 0xff, 0x70, 0x98, 0x40, 0xff, 0x70, 0x9c, 0x40, 0xff,
    0x70, 0x98, 0x40, 0xff, 0x70, 0x98, 0x40, 0xff, 0x68, 0x9c, 0x38, 0xff,
    0x70, 0x98, 0x40, 0xff, 0x70, 0x98, 0x40, 0xff, 0x70, 0x9c, 0x40, 0xff,
    0x70, 0x98, 0x40, 0xff, 0x70, 0x98, 0x40, 0xff, 0x70, 0x9c, 0x40, 0xff,
    0x70, 0x98, 0x40, 0xff, 0x70, 0x98, 0x40, 0xff, 0x70, 0x9c, 0x40, 0xff,
    0x70, 0x98, 0x40, 0xff, 0x70, 0x98, 0x40, 0xff, 0x68, 0x9c, 0x38, 0xff,
    0x70, 0x98, 0x40, 0xff, 0x70, 0x98, 0x40, 0xff, 0x70, 0x9c, 0x40, 0xff,
    0x70, 0x98, 0x40, 0xff, 0x70, 0x98, 0x40, 0xff, 0x70, 0x9c, 0x40, 0xff,
    0x70, 0x98, 0x40, 0xff, 0x70, 0x98, 0x40, 0xff, 0x70, 0x9c, 0x40, 0xff,
    0x70, 0x98, 0x40, 0xff, 0x70, 0x98, 0x40, 0xff, 0x68, 0x9c, 0x38, 0xff,
    0x70, 0x98, 0x40, 0xff, 0x70, 0x98, 0x40, 0xff, 0x70, 0x9c, 0x40, 0xff,
    0x70, 0x98, 0x40, 0xff, 0x70, 0x98, 0x40, 0xff, 0x70, 0x9c, 0x40, 0xff,
    0x70, 0x98, 0x40, 0xff, 0x70, 0x98, 0x40, 0xff, 0x70, 0x9c, 0x40, 0xff,
    0x70, 0x98, 0x40, 0xff, 0x70, 0x98, 0x40, 0xff, 0x68, 0x9c, 0x38, 0xff,
    0x70, 0x98, 0x40, 0xff, 0x70, 0x98, 0x40, 0xff, 0x70, 0x9c, 0x40, 0xff,
    0x70, 0x98, 0x40, 0xff, 0x70, 0x98, 0x40, 0xff, 0x70, 0x9c, 0x40, 0xff,
    0x70, 0x98, 0x40, 0xff, 0x70, 0x98, 0x40, 0xff, 0x70, 0x9c, 0x40, 0xff,
    0x70, 0x98, 0x40, 0xff, 0x70, 0x98, 0x40, 0xff, 0x68, 0x9c, 0x38, 0xff,
    0x70, 0x98, 0x40, 0xff, 0x70, 0x98, 0x40, 0xff, 0x70, 0x9c, 0x40, 0xff,
    0x70, 0x98, 0x40, 0xff, 0x70, 0x98, 0x40, 0xff, 0x70, 0x9c, 0x40, 0xff,
    0x70, 0x98, 0x40, 0xff, 0x70, 0x98, 0x40, 0xff, 0x70, 0x9c, 0x40, 0xff,
    0x70, 0x98, 0x40, 0xff, 0x70, 0x98, 0x40, 0xff, 0x68, 0x9c, 0x38, 0xff,
    0x70, 0x98, 0x40, 0xff, 0x70, 0x98, 0x40, 0xff, 0x68, 0x98, 0x40, 0xff,
    0xb8, 0xcc, 0xa0, 0xff, 0xf8, 0xfc, 0xf8, 0xff, 0xf8, 0xfc, 0xf8, 0xff,
    0xf8, 0xfc, 0xf8, 0xff, 0xf8, 0xfc, 0xf8, 0xff, 0xf8, 0xfc, 0xf8, 0xff,
    0xf8, 0xfc, 0xf8, 0xff, 0xf8, 0xfc, 0xf8, 0xff, 0xf8, 0xfc, 0xf8, 0xff,
    0xf8, 0xfc, 0xf8, 0xff, 0xf8, 0xfc, 0xf8, 0xff, 0xf8, 0xfc, 0xf8, 0xff,
    0xf8, 0xfc, 0xf8, 0xff, 0xf8, 0xfc, 0xf8, 0xff, 0xf8, 0xfc, 0xf8, 0xff,
    0xc0, 0xd0, 0xa8, 0xff, 0x70, 0x9c, 0x38, 0xff, 0x70, 0x98, 0x40, 0xff,
    0x70, 0x98, 0x40, 0xff, 0x70, 0x9c, 0x40, 0xff, 0x70, 0x98, 0x40, 0xff,
    0x70, 0x98, 0x38, 0xff, 0x70, 0x98, 0x40, 0xff, 0x70, 0x98, 0x40, 0xff,
    0x50, 0x6c, 0x38, 0xff, 0x38, 0x3c, 0x40, 0xff, 0x38, 0x3c, 0x40, 0xff,
    0x38, 0x3c, 0x38, 0xff, 0x38, 0x3c, 0x40, 0xff, 0x38, 0x3c, 0x40, 0xff,
    0x38, 0x3c, 0x38, 0xff, 0x38, 0x3c, 0x40, 0xff, 0x38, 0x3c, 0x40, 0xff,
    0x38, 0x3c, 0x38, 0xff, 0x38, 0x3c, 0x40, 0xff, 0x38, 0x3c, 0x40, 0xff,
    0x38, 0x3c, 0x38, 0xff, 0x38, 0x3c, 0x40, 0xff, 0x38, 0x3c, 0x40, 0xff,
    0x38, 0x3c, 0x38, 0xff, 0x38, 0x3c, 0x40, 0xff, 0x38, 0x3c, 0x40, 0xff,
    0x38, 0x3c, 0x38, 0xff, 0x38, 0x3c, 0x40, 0xff, 0x38, 0x3c, 0x40, 0xff,
    0x38, 0x3c, 0x38, 0xff, 0x38, 0x3c, 0x40, 0xff, 0x38, 0x3c, 0x40, 0xff,
    0x38, 0x3c, 0x38, 0xff, 0x38, 0x3c, 0x40, 0xff, 0x38, 0x3c, 0x40, 0xff,
    0x38, 0x3c, 0x38, 0xff, 0x38, 0x3c, 0x40, 0xff, 0x38, 0x3c, 0x40, 0xff,
    0x38, 0x3c, 0x38, 0xff, 0x38, 0x3c, 0x40, 0xff, 0x38, 0x3c, 0x40, 0xff,
    0x38, 0x3c, 0x38, 0xff, 0x38, 0x3c, 0x40, 0xff, 0x38, 0x3c, 0x40, 0xff,
    0x38, 0x3c, 0x38, 0xff, 0x38, 0x3c, 0x40, 0xff, 0x38, 0x3c, 0x40, 0xff,
    0x38, 0x3c, 0x38, 0xff, 0x38, 0x3c, 0x40, 0xff, 0x38, 0x3c, 0x40, 0xff,
    0x38, 0x3c, 0x38, 0xff, 0x38, 0x3c, 0x40, 0xff, 0x38, 0x3c, 0x40, 0xff,
    0x38, 0x3c, 0x38, 0xff, 0x38, 0x3c, 0x40, 0xff, 0x38, 0x3c, 0x40, 0xff,
    0x38, 0x3c, 0x38, 0xff, 0x38, 0x3c, 0x40, 0xff, 0x38, 0x3c, 0x40, 0xff,
    0x38, 0x3c, 0x38, 0xff, 0x38, 0x3c, 0x40, 0xff, 0x38, 0x3c, 0x40, 0xff,
    0x38, 0x3c, 0x38, 0xff, 0x38, 0x3c, 0x40, 0xff, 0x38, 0x3c, 0x40, 0xff,
    0x38, 0x3c, 0x38, 0xff, 0x38, 0x3c, 0x40, 0xff, 0x38, 0x3c, 0x40, 0xff,
    0x38, 0x3c, 0x38, 0xff, 0x38, 0x3c, 0x40, 0xff, 0x38, 0x3c, 0x40, 0xff,
    0x38, 0x3c, 0x38, 0xff, 0x38, 0x3c, 0x40, 0xff, 0x38, 0x3c, 0x40, 0xff,
    0x38, 0x3c, 0x38, 0xff, 0x38, 0x3c, 0x40, 0xff, 0x38, 0x3c, 0x40, 0xff,
    0x38, 0x3c, 0x38, 0xff, 0x38, 0x3c, 0x40, 0xff, 0x38, 0x3c, 0x40, 0xff,
    0x38, 0x3c, 0x38, 0xff, 0x38, 0x3c, 0x40, 0xff, 0x38, 0x3c, 0x40, 0xff,
    0x38, 0x3c, 0x38, 0xff, 0x38, 0x3c, 0x40, 0xff, 0x38, 0x3c, 0x40, 0xff,
    0x38, 0x3c, 0x38, 0xff, 0x38, 0x3c, 0x40, 0xff, 0x38, 0x3c, 0x40, 0xff,
    0x38, 0x3c, 0x38, 0xff, 0x38, 0x3c, 0x40, 0xff, 0x38, 0x3c, 0x40, 0xff,
    0x38, 0x3c, 0x40, 0xff, 0x38, 0x3c, 0x38, 0xff, 0x38, 0x3c, 0x40, 0xff,
    0x38, 0x3c, 0x40, 0xff, 0x38, 0x3c, 0x38, 0xff, 0x38, 0x3c, 0x40, 0xff,
    0x38, 0x3c, 0x38, 0xff, 0x38, 0x3c, 0x40, 0xff, 0x38, 0x3c, 0x38, 0xff,
    0x38, 0x3c, 0x40, 0xff, 0x38, 0x3c, 0x38, 0x82, 0x00, 0x00, 0x00, 0x00,
    0x00, 0x00, 0x00, 0x00, 0x70, 0x98, 0x40, 0xdf, 0x70, 0x98, 0x40, 0xff,
    0x70, 0x98, 0x40, 0xff, 0x68, 0x9c, 0x38, 0xff, 0x68, 0x98, 0x38, 0xff,
    0x70, 0x98, 0x40, 0xff, 0x68, 0x9c, 0x38, 0xff, 0x70, 0x98, 0x40, 0xff,
    0x70, 0x9c, 0x40, 0xff, 0x68, 0x9c, 0x38, 0xff, 0x70, 0x98, 0x40, 0xff,
    0x68, 0x98, 0x38, 0xff, 0x70, 0x98, 0x40, 0xff, 0x70, 0x98, 0x40, 0xff,
    0x70, 0x9c, 0x40, 0xff, 0x70, 0x98, 0x40, 0xff, 0x68, 0x98, 0x38, 0xff,
    0x70, 0x9c, 0x40, 0xff, 0x70, 0x98, 0x40, 0xff, 0x68, 0x98, 0x38, 0xff,
    0x68, 0x98, 0x38, 0xff, 0x70, 0x9c, 0x40, 0xff, 0x68, 0x98, 0x38, 0xff,
    0x70, 0x98, 0x40, 0xff, 0x70, 0x98, 0x40, 0xff, 0x70, 0x98, 0x40, 0xff,
    0x70, 0x98, 0x40, 0xff, 0x68, 0x98, 0x38, 0xff, 0x70, 0x9c, 0x40, 0xff,
    0x68, 0x98, 0x38, 0xff, 0x70, 0x98, 0x40, 0xff, 0x68, 0x98, 0x38, 0xff,
    0x70, 0x98, 0x40, 0xff, 0x68, 0x98, 0x38, 0xff, 0x70, 0x98, 0x40, 0xff,
    0x68, 0x9c, 0x38, 0xff, 0x70, 0x98, 0x40, 0xff, 0x70, 0x98, 0x40, 0xff,
    0x70, 0x9c, 0x40, 0xff, 0x68, 0x98, 0x38, 0xff, 0x70, 0x98, 0x40, 0xff,
    0x70, 0x98, 0x40, 0xff, 0x68, 0x98, 0x38, 0xff, 0x68, 0x9c, 0x38, 0xff,
    0x70, 0x98, 0x40, 0xff, 0x68, 0x98, 0x38, 0xff, 0x70, 0x98, 0x40, 0xff,
    0x68, 0x98, 0x38, 0xff, 0x70, 0x98, 0x40, 0xff, 0x70, 0x98, 0x40, 0xff,
    0x70, 0x98, 0x40, 0xff, 0x68, 0x9c, 0x38, 0xff, 0x70, 0x98, 0x40, 0xff,
    0x68, 0x98, 0x38, 0xff, 0x70, 0x98, 0x40, 0xff, 0x68, 0x98, 0x38, 0xff,
    0x70, 0x98, 0x40, 0xff, 0x68, 0x98, 0x38, 0xff, 0x70, 0x98, 0x40, 0xff,
    0x68, 0x9c, 0x38, 0xff, 0x70, 0x98, 0x40, 0xff, 0x70, 0x98, 0x40, 0xff,
    0x70, 0x9c, 0x40, 0xff, 0x68, 0x98, 0x38, 0xff, 0x70, 0x98, 0x40, 0xff,
    0x70, 0x98, 0x40, 0xff, 0x68, 0x98, 0x38, 0xff, 0x68, 0x9c, 0x38, 0xff,
    0x70, 0x98, 0x40, 0xff, 0x68, 0x98, 0x38, 0xff, 0x70, 0x98, 0x40, 0xff,
    0x68, 0x98, 0x38, 0xff, 0x70, 0x98, 0x40, 0xff, 0x70, 0x98, 0x40, 0xff,
    0x70, 0x98, 0x40, 0xff, 0x68, 0x9c, 0x38, 0xff, 0x70, 0x98, 0x40, 0xff,
    0x68, 0x98, 0x38, 0xff, 0x70, 0x98, 0x40, 0xff, 0x68, 0x98, 0x38, 0xff,
    0x70, 0x98, 0x40, 0xff, 0x68, 0x98, 0x38, 0xff, 0x70, 0x98, 0x40, 0xff,
    0x68, 0x9c, 0x38, 0xff, 0x70, 0x98, 0x40, 0xff, 0x70, 0x98, 0x40, 0xff,
    0x70, 0x9c, 0x40, 0xff, 0x68, 0x98, 0x38, 0xff, 0x70, 0x98, 0x40, 0xff,
    0x70, 0x98, 0x40, 0xff, 0x68, 0x98, 0x38, 0xff, 0x68, 0x9c, 0x38, 0xff,
    0x70, 0x98, 0x40, 0xff, 0x68, 0x98, 0x38, 0xff, 0x70, 0x98, 0x40, 0xff,
    0x68, 0x98, 0x38, 0xff, 0x70, 0x98, 0x40, 0xff, 0x70, 0x98, 0x40, 0xff,
    0x70, 0x98, 0x40, 0xff, 0x68, 0x9c, 0x38, 0xff, 0x70, 0x98, 0x40, 0xff,
    0x68, 0x98, 0x38, 0xff, 0x70, 0x98, 0x40, 0xff, 0x68, 0x98, 0x38, 0xff,
    0x70, 0x98, 0x40, 0xff, 0x68, 0x98, 0x38, 0xff, 0x70, 0x98, 0x40, 0xff,
    0x68, 0x9c, 0x38, 0xff, 0x70, 0x98, 0x40, 0xff, 0x70, 0x98, 0x40, 0xff,
    0x70, 0x9c, 0x40, 0xff, 0x70, 0x98, 0x40, 0xff, 0x70, 0x98, 0x40, 0xff,
    0xa0, 0xc0, 0x80, 0xff, 0xf8, 0xfc, 0xf8, 0xff, 0xf8, 0xfc, 0xf8, 0xff,
    0xf8, 0xfc, 0xf8, 0xff, 0xf8, 0xfc, 0xf8, 0xff, 0xf8, 0xfc, 0xf8, 0xff,
    0xf8, 0xfc, 0xf8, 0xff, 0xf8, 0xfc, 0xf8, 0xff, 0xf8, 0xfc, 0xf8, 0xff,
    0xf8, 0xfc, 0xf8, 0xff, 0xf8, 0xfc, 0xf8, 0xff, 0xf8, 0xfc, 0xf8, 0xff,
    0xf8, 0xfc, 0xf8, 0xff, 0xf8, 0xfc, 0xf8, 0xff, 0xf8, 0xfc, 0xf8, 0xff,
    0xf8, 0xfc, 0xf8, 0xff, 0xf8, 0xfc, 0xf8, 0xff, 0x98, 0xb8, 0x78, 0xff,
    0x70, 0x9c, 0x40, 0xff, 0x68, 0x98, 0x38, 0xff, 0x70, 0x98, 0x40, 0xff,
    0x68, 0x98, 0x40, 0xff, 0x68, 0x9c, 0x40, 0xff, 0x70, 0x98, 0x40, 0xff,
    0x70, 0x98, 0x40, 0xff, 0x68, 0x94, 0x40, 0xff, 0x38, 0x40, 0x38, 0xff,
    0x38, 0x3c, 0x40, 0xff, 0x38, 0x3c, 0x40, 0xff, 0x38, 0x3c, 0x38, 0xff,
    0x38, 0x3c, 0x40, 0xff, 0x38, 0x3c, 0x38, 0xff, 0x38, 0x3c, 0x40, 0xff,
    0x38, 0x3c, 0x40, 0xff, 0x38, 0x3c, 0x38, 0xff, 0x38, 0x3c, 0x40, 0xff,
    0x38, 0x3c, 0x38, 0xff, 0x38, 0x3c, 0x40, 0xff, 0x38, 0x3c, 0x40, 0xff,
    0x38, 0x3c, 0x38, 0xff, 0x38, 0x3c, 0x40, 0xff, 0x38, 0x3c, 0x38, 0xff,
    0x38, 0x3c, 0x40, 0xff, 0x38, 0x3c, 0x40, 0xff, 0x38, 0x3c, 0x38, 0xff,
    0x38, 0x3c, 0x40, 0xff, 0x38, 0x3c, 0x38, 0xff, 0x38, 0x3c, 0x40, 0xff,
    0x38, 0x3c, 0x40, 0xff, 0x38, 0x3c, 0x38, 0xff, 0x38, 0x3c, 0x40, 0xff,
    0x38, 0x3c, 0x38, 0xff, 0x38, 0x3c, 0x40, 0xff, 0x38, 0x3c, 0x40, 0xff,
    0x38, 0x3c, 0x38, 0xff, 0x38, 0x3c, 0x40, 0xff, 0x38, 0x3c, 0x38, 0xff,
    0x38, 0x3c, 0x40, 0xff, 0x38, 0x3c, 0x40, 0xff, 0x38, 0x3c, 0x38, 0xff,
    0x38, 0x3c, 0x40, 0xff, 0x38, 0x3c, 0x38, 0xff, 0x38, 0x3c, 0x40, 0xff,
    0x38, 0x3c, 0x40, 0xff, 0x38, 0x3c, 0x38, 0xff, 0x38, 0x3c, 0x40, 0xff,
    0x38, 0x3c, 0x38, 0xff, 0x38, 0x3c, 0x40, 0xff, 0x38, 0x3c, 0x40, 0xff,
    0x38, 0x3c, 0x38, 0xff, 0x38, 0x3c, 0x40, 0xff, 0x38, 0x3c, 0x38, 0xff,
    0x38, 0x3c, 0x40, 0xff, 0x38, 0x3c, 0x40, 0xff, 0x38, 0x3c, 0x38, 0xff,
    0x38, 0x3c, 0x40, 0xff, 0x38, 0x3c, 0x38, 0xff, 0x38, 0x3c, 0x40, 0xff,
    0x38, 0x3c, 0x40, 0xff, 0x38, 0x3c, 0x38, 0xff, 0x38, 0x3c, 0x40, 0xff,
    0x38, 0x3c, 0x38, 0xff, 0x38, 0x3c, 0x40, 0xff, 0x38, 0x3c, 0x40, 0xff,
    0x38, 0x3c, 0x38, 0xff, 0x38, 0x3c, 0x40, 0xff, 0x38, 0x3c, 0x38, 0xff,
    0x38, 0x3c, 0x40, 0xff, 0x38, 0x3c, 0x40, 0xff, 0x38, 0x3c, 0x38, 0xff,
    0x38, 0x3c, 0x40, 0xff, 0x38, 0x3c, 0x38, 0xff, 0x38, 0x3c, 0x40, 0xff,
    0x38, 0x3c, 0x40, 0xff, 0x38, 0x3c, 0x38, 0xff, 0x38, 0x3c, 0x40, 0xff,
    0x38, 0x3c, 0x38, 0xff, 0x38, 0x3c, 0x40, 0xff, 0x38, 0x3c, 0x40, 0xff,
    0x38, 0x3c, 0x38, 0xff, 0x38, 0x3c, 0x40, 0xff, 0x38, 0x3c, 0x38, 0xff,
    0x38, 0x3c, 0x40, 0xff, 0x38, 0x3c, 0x38, 0xff, 0x38, 0x3c, 0x40, 0xff,
    0x38, 0x3c, 0x38, 0xff, 0x38, 0x3c, 0x40, 0xff, 0x38, 0x3c, 0x38, 0xff,
    0x38, 0x3c, 0x38, 0xff, 0x38, 0x3c, 0x40, 0xff, 0x38, 0x3c, 0x40, 0xff,
    0x38, 0x3c, 0x38, 0xff, 0x38, 0x3c, 0x40, 0xff, 0x38, 0x3c, 0x40, 0xff,
    0x38, 0x3c, 0x38, 0xff, 0x38, 0x3c, 0x40, 0xff, 0x38, 0x3c, 0x40, 0xff,
    0x38, 0x3c, 0x38, 0xff, 0x38, 0x3c, 0x40, 0xff, 0x38, 0x3c, 0x40, 0xef,
    0x40, 0x40, 0x40, 0x10, 0x68, 0x98, 0x40, 0x51, 0x70, 0x98, 0x40, 0xff,
    0x70, 0x98, 0x38, 0xff, 0x68, 0x9c, 0x40, 0xff, 0x70, 0x98, 0x40, 0xff,
    0x70, 0x98, 0x40, 0xff, 0x70, 0x98, 0x40, 0xff, 0x70, 0x98, 0x40, 0xff,
    0x70, 0x98, 0x40, 0xff, 0x70, 0x98, 0x40, 0xff, 0x70, 0x98, 0x40, 0xff,
    0x70, 0x9c, 0x40, 0xff, 0x68, 0x98, 0x38, 0xff, 0x70, 0x98, 0x40, 0xff,
    0x68, 0x9c, 0x38, 0xff, 0x70, 0x98, 0x40, 0xff, 0x70, 0x98, 0x40, 0xff,
    0x70, 0x98, 0x40, 0xff, 0x68, 0x98, 0x38, 0xff, 0x70, 0x98, 0x40, 0xff,
    0x70, 0x98, 0x40, 0xff, 0x70, 0x98, 0x40, 0xff, 0x70, 0x98, 0x40, 0xff,
    0x70, 0x9c, 0x40, 0xff, 0x68, 0x98, 0x38, 0xff, 0x68, 0x98, 0x38, 0xff,
    0x70, 0x98, 0x40, 0xff, 0x70, 0x98, 0x40, 0xff, 0x70, 0x9c, 0x40, 0xff,
    0x70, 0x98, 0x40, 0xff, 0x70, 0x98, 0x40, 0xff, 0x68, 0x9c, 0x38, 0xff,
    0x70, 0x98, 0x40, 0xff, 0x70, 0x98, 0x40, 0xff, 0x70, 0x9c, 0x40, 0xff,
    0x68, 0x98, 0x38, 0xff, 0x70, 0x98, 0x40, 0xff, 0x70, 0x98, 0x40, 0xff,
    0x68, 0x98, 0x38, 0xff, 0x70, 0x98, 0x40, 0xff, 0x70, 0x98, 0x40, 0xff,
    0x68, 0x9c, 0x38, 0xff, 0x70, 0x98, 0x40, 0xff, 0x70, 0x98, 0x40, 0xff,
    0x70, 0x98, 0x40, 0xff, 0x70, 0x9c, 0x40, 0xff, 0x70, 0x98, 0x40, 0xff,
    0x68, 0x9c, 0x38, 0xff, 0x70, 0x98, 0x40, 0xff, 0x70, 0x9c, 0x40, 0xff,
    0x68, 0x98, 0x38, 0xff, 0x70, 0x98, 0x40, 0xff, 0x70, 0x98, 0x40, 0xff,
    0x70, 0x9c, 0x40, 0xff, 0x70, 0x98, 0x40, 0xff, 0x68, 0x9c, 0x38, 0xff,
    0x70, 0x98, 0x40, 0xff, 0x70, 0x9c, 0x40, 0xff, 0x70, 0x98, 0x40, 0xff,
    0x68, 0x98, 0x38, 0xff, 0x70, 0x98, 0x40, 0xff, 0x70, 0x98, 0x40, 0xff,
    0x68, 0x98, 0x38, 0xff, 0x70, 0x98, 0x40, 0xff, 0x70, 0x98, 0x40, 0xff,
    0x68, 0x9c, 0x38, 0xff, 0x70, 0x98, 0x40, 0xff, 0x70, 0x98, 0x40, 0xff,
    0x70, 0x98, 0x40, 0xff, 0x70, 0x9c, 0x40, 0xff, 0x70, 0x98, 0x40, 0xff,
    0x68, 0x9c, 0x38, 0xff, 0x70, 0x98, 0x40, 0xff, 0x70, 0x9c, 0x40, 0xff,
    0x68, 0x98, 0x38, 0xff, 0x70, 0x98, 0x40, 0xff, 0x70, 0x98, 0x40, 0xff,
    0x70, 0x9c, 0x40, 0xff, 0x70, 0x98, 0x40, 0xff, 0x68, 0x9c, 0x38, 0xff,
    0x70, 0x98, 0x40, 0xff, 0x70, 0x9c, 0x40, 0xff, 0x70, 0x98, 0x40, 0xff,
    0x68, 0x98, 0x38, 0xff, 0x70, 0x98, 0x40, 0xff, 0x70, 0x98, 0x40, 0xff,
    0x68, 0x98, 0x38, 0xff, 0x70, 0x98, 0x40, 0xff, 0x70, 0x98, 0x40, 0xff,
    0x68, 0x9c, 0x38, 0xff, 0x70, 0x98, 0x40, 0xff, 0x70, 0x98, 0x40, 0xff,
    0x70, 0x98, 0x40, 0xff, 0x70, 0x9c, 0x40, 0xff, 0x70, 0x98, 0x40, 0xff,
    0x68, 0x9c, 0x38, 0xff, 0x70, 0x98, 0x40, 0xff, 0x70, 0x9c, 0x40, 0xff,
    0x68, 0x98, 0x38, 0xff, 0x70, 0x98, 0x40, 0xff, 0x70, 0x98, 0x40, 0xff,
    0x70, 0x9c, 0x40, 0xff, 0x70, 0x98, 0x40, 0xff, 0x68, 0x9c, 0x38, 0xff,
    0x70, 0x98, 0x40, 0xff, 0x70, 0x9c, 0x40, 0xff, 0x70, 0x98, 0x40, 0xff,
    0x68, 0x98, 0x38, 0xff, 0x70, 0x98, 0x40, 0xff, 0x70, 0x98, 0x40, 0xff,
    0x68, 0x98, 0x38, 0xff, 0x70, 0x98, 0x40, 0xff, 0x70, 0x98, 0x40, 0xff,
    0x68, 0x9c, 0x38, 0xff, 0xf0, 0xf4, 0xe8, 0xff, 0xf8, 0xfc, 0xf8, 0xff,
    0xf8, 0xfc, 0xf8, 0xff, 0xf8, 0xfc, 0xf8, 0xff, 0xf8, 0xfc, 0xf8, 0xff,
    0xf8, 0xfc, 0xf8, 0xff, 0xf8, 0xfc, 0xf8, 0xff, 0xf8, 0xfc, 0xf8, 0xff,
    0xf8, 0xfc, 0xf8, 0xff, 0xf8, 0xfc, 0xf8, 0xff, 0xf8, 0xfc, 0xf8, 0xff,
    0xf8, 0xfc, 0xf8, 0xff, 0xf8, 0xfc, 0xf8, 0xff, 0xf8, 0xfc, 0xf8, 0xff,
    0xf8, 0xfc, 0xf8, 0xff, 0xf8, 0xfc, 0xf8, 0xff, 0xf8, 0xfc, 0xf8, 0xff,
    0xf8, 0xf8, 0xf0, 0xff, 0x78, 0xa0, 0x48, 0xff, 0x70, 0x98, 0x40, 0xff,
    0x70, 0x98, 0x38, 0xff, 0x70, 0x9c, 0x40, 0xff, 0x70, 0x98, 0x38, 0xff,
    0x70, 0x98, 0x40, 0xff, 0x68, 0x98, 0x40, 0xff, 0x70, 0x98, 0x38, 0xff,
    0x48, 0x54, 0x40, 0xff, 0x38, 0x3c, 0x38, 0xff, 0x38, 0x3c, 0x40, 0xff,
    0x38, 0x3c, 0x40, 0xff, 0x38, 0x3c, 0x38, 0xff, 0x38, 0x3c, 0x40, 0xff,
    0x38, 0x3c, 0x38, 0xff, 0x38, 0x3c, 0x40, 0xff, 0x38, 0x3c, 0x40, 0xff,
    0x38, 0x3c, 0x38, 0xff, 0x38, 0x3c, 0x40, 0xff, 0x38, 0x3c, 0x40, 0xff,
    0x38, 0x3c, 0x38, 0xff, 0x38, 0x3c, 0x40, 0xff, 0x38, 0x3c, 0x40, 0xff,
    0x38, 0x3c, 0x38, 0xff, 0x38, 0x3c, 0x40, 0xff, 0x38, 0x3c, 0x40, 0xff,
    0x38, 0x3c, 0x38, 0xff, 0x38, 0x3c, 0x40, 0xff, 0x38, 0x3c, 0x40, 0xff,
    0x38, 0x3c, 0x38, 0xff, 0x38, 0x3c, 0x40, 0xff, 0x38, 0x3c, 0x40, 0xff,
    0x38, 0x3c, 0x38, 0xff, 0x38, 0x3c, 0x40, 0xff, 0x38, 0x3c, 0x40, 0xff,
    0x38, 0x3c, 0x38, 0xff, 0x38, 0x3c, 0x40, 0xff, 0x38, 0x3c, 0x40, 0xff,
    0x38, 0x3c, 0x38, 0xff, 0x38, 0x3c, 0x40, 0xff, 0x38, 0x3c, 0x40, 0xff,
    0x38, 0x3c, 0x38, 0xff, 0x38, 0x3c, 0x40, 0xff, 0x38, 0x3c, 0x40, 0xff,
    0x38, 0x3c, 0x38, 0xff, 0x38, 0x3c, 0x40, 0xff, 0x38, 0x3c, 0x40, 0xff,
    0x38, 0x3c, 0x38, 0xff, 0x38, 0x3c, 0x40, 0xff, 0x38, 0x3c, 0x40, 0xff,
    0x38, 0x3c, 0x38, 0xff, 0x38, 0x3c, 0x40, 0xff, 0x38, 0x3c, 0x40, 0xff,
    0x38, 0x3c, 0x38, 0xff, 0x38, 0x3c, 0x40, 0xff, 0x38, 0x3c, 0x40, 0xff,
    0x38, 0x3c, 0x38, 0xff, 0x38, 0x3c, 0x40, 0xff, 0x38, 0x3c, 0x40, 0xff,
    0x38, 0x3c, 0x38, 0xff, 0x38, 0x3c, 0x40, 0xff, 0x38, 0x3c, 0x40, 0xff,
    0x38, 0x3c, 0x38, 0xff, 0x38, 0x3c, 0x40, 0xff, 0x38, 0x3c, 0x40, 0xff,
    0x38, 0x3c, 0x38, 0xff, 0x38, 0x3c, 0x40, 0xff, 0x38, 0x3c, 0x40, 0xff,
    0x38, 0x3c, 0x38, 0xff, 0x38, 0x3c, 0x40, 0xff, 0x38, 0x3c, 0x40, 0xff,
    0x38, 0x3c, 0x38, 0xff, 0x38, 0x3c, 0x40, 0xff, 0x38, 0x3c, 0x40, 0xff,
    0x38, 0x3c, 0x38, 0xff, 0x38, 0x3c, 0x40, 0xff, 0x38, 0x3c, 0x40, 0xff,
    0x38, 0x3c, 0x38, 0xff, 0x38, 0x3c, 0x40, 0xff, 0x38, 0x3c, 0x40, 0xff,
    0x38, 0x3c, 0x38, 0xff, 0x38, 0x3c, 0x40, 0xff, 0x38, 0x3c, 0x40, 0xff,
    0x38, 0x3c, 0x38, 0xff, 0x38, 0x3c, 0x40, 0xff, 0x38, 0x3c, 0x40, 0xff,
    0x38, 0x3c, 0x38, 0xff, 0x38, 0x3c, 0x40, 0xff, 0x38, 0x3c, 0x40, 0xff,
    0x38, 0x3c, 0x40, 0xff, 0x38, 0x3c, 0x38, 0xff, 0x38, 0x3c, 0x40, 0xff,
    0x38, 0x3c, 0x40, 0xff, 0x38, 0x3c, 0x38, 0xff, 0x38, 0x3c, 0x40, 0xff,
    0x38, 0x3c, 0x40, 0xff, 0x38, 0x3c, 0x38, 0xff, 0x38, 0x3c, 0x40, 0xff,
    0x38, 0x3c, 0x40, 0xff, 0x38, 0x3c, 0x38, 0xff, 0x38, 0x3c, 0x40, 0xff,
    0x38, 0x3c, 0x40, 0xff, 0x38, 0x3c, 0x38, 0x41, 0x70, 0x98, 0x40, 0x8e,
    0x70, 0x98, 0x40, 0xff, 0x70, 0x98, 0x38, 0xff, 0x70, 0x98, 0x40, 0xff,
    0x70, 0x98, 0x40, 0xff, 0x70, 0x9c, 0x38, 0xff, 0x68, 0x98, 0x40, 0xff,
    0x70, 0x9c, 0x40, 0xff, 0x68, 0x98, 0x38, 0xff, 0x70, 0x98, 0x38, 0xff,
    0x70, 0x98, 0x40, 0xff, 0x70, 0x98, 0x40, 0xff, 0x70, 0x9c, 0x40, 0xff,
    0x70, 0x98, 0x40, 0xff, 0x70, 0x98, 0x40, 0xff, 0x68, 0x98, 0x38, 0xff,
    0x70, 0x9c, 0x40, 0xff, 0x70, 0x98, 0x40, 0xff, 0x70, 0x98, 0x40, 0xff,
    0x70, 0x9c, 0x40, 0xff, 0x70, 0x9c, 0x40, 0xff, 0x68, 0x98, 0x38, 0xff,
    0x70, 0x98, 0x40, 0xff, 0x70, 0x98, 0x40, 0xff, 0x70, 0x9c, 0x40, 0xff,
    0x70, 0x98, 0x40, 0xff, 0x68, 0x9c, 0x38, 0xff, 0x70, 0x98, 0x40, 0xff,
    0x70, 0x98, 0x40, 0xff, 0x68, 0x98, 0x38, 0xff, 0x70, 0x98, 0x40, 0xff,
    0x70, 0x9c, 0x40, 0xff, 0x70, 0x98, 0x40, 0xff, 0x70, 0x98, 0x40, 0xff,
    0x70, 0x9c, 0x40, 0xff, 0x70, 0x98, 0x40, 0xff, 0x70, 0x98, 0x40, 0xff,
    0x70, 0x9c, 0x40, 0xff, 0x68, 0x98, 0x38, 0xff, 0x70, 0x98, 0x40, 0xff,
    0x70, 0x9c, 0x40, 0xff, 0x70, 0x98, 0x40, 0xff, 0x70, 0x98, 0x40, 0xff,
    0x70, 0x98, 0x40, 0xff, 0x68, 0x9c, 0x38, 0xff, 0x70, 0x98, 0x40, 0xff,
    0x70, 0x98, 0x40, 0xff, 0x70, 0x98, 0x40, 0xff, 0x70, 0x98, 0x40, 0xff,
    0x70, 0x9c, 0x40, 0xff, 0x70, 0x98, 0x40, 0xff, 0x68, 0x98, 0x38, 0xff,
    0x70, 0x98, 0x40, 0xff, 0x70, 0x98, 0x40, 0xff, 0x70, 0x98, 0x40, 0xff,
    0x70, 0x98, 0x40, 0xff, 0x70, 0x9c, 0x40, 0xff, 0x70, 0x98, 0x40, 0xff,
    0x70, 0x98, 0x40, 0xff, 0x70, 0x9c, 0x40, 0xff, 0x70, 0x98, 0x40, 0xff,
    0x70, 0x9c, 0x40, 0xff, 0x68, 0x98, 0x38, 0xff, 0x70, 0x98, 0x40, 0xff,
    0x70, 0x9c, 0x40, 0xff, 0x70, 0x98, 0x40, 0xff, 0x70, 0x98, 0x40, 0xff,
    0x70, 0x98, 0x40, 0xff, 0x68, 0x9c, 0x38, 0xff, 0x70, 0x98, 0x40, 0xff,
    0x70, 0x98, 0x40, 0xff, 0x70, 0x98, 0x40, 0xff, 0x70, 0x98, 0x40, 0xff,
    0x70, 0x9c, 0x40, 0xff, 0x70, 0x98, 0x40, 0xff, 0x68, 0x98, 0x38, 0xff,
    0x70, 0x98, 0x40, 0xff, 0x70, 0x98, 0x40, 0xff, 0x70, 0x98, 0x40, 0xff,
    0x70, 0x98, 0x40, 0xff, 0x70, 0x9c, 0x40, 0xff, 0x70, 0x98, 0x40, 0xff,
    0x70, 0x98, 0x40, 0xff, 0x70, 0x9c, 0x40, 0xff, 0x70, 0x98, 0x40, 0xff,
    0x70, 0x9c, 0x40, 0xff, 0x68, 0x98, 0x38, 0xff, 0x70, 0x98, 0x40, 0xff,
    0x70, 0x9c, 0x40, 0xff, 0x70, 0x98, 0x40, 0xff, 0x70, 0x98, 0x40, 0xff,
    0x70, 0x98, 0x40, 0xff, 0x68, 0x9c, 0x38, 0xff, 0x70, 0x98, 0x40, 0xff,
    0x70, 0x98, 0x40, 0xff, 0x70, 0x98, 0x40, 0xff, 0x70, 0x98, 0x40, 0xff,
    0x70, 0x9c, 0x40, 0xff, 0x70, 0x98, 0x40, 0xff, 0x68, 0x98, 0x38, 0xff,
    0x70, 0x98, 0x40, 0xff, 0x70, 0x98, 0x40, 0xff, 0x70, 0x98, 0x40, 0xff,
    0x70, 0x98, 0x40, 0xff, 0x70, 0x9c, 0x40, 0xff, 0x70, 0x98, 0x40, 0xff,
    0x70, 0x98, 0x40, 0xff, 0x70, 0x9c, 0x40, 0xff, 0x70, 0x98, 0x40, 0xff,
    0x70, 0x9c, 0x40, 0xff, 0x68, 0x98, 0x38, 0xff, 0x70, 0x98, 0x40, 0xff,
    0x70, 0x98, 0x40, 0xff, 0xa0, 0xc0, 0x88, 0xff, 0xf8, 0xfc, 0xf8, 0xff,
    0xf8, 0xfc, 0xf8, 0xff, 0xf8, 0xfc, 0xf8, 0xff, 0xf8, 0xfc, 0xf8, 0xff,
    0xf8, 0xfc, 0xf8, 0xff, 0xf8, 0xfc, 0xf8, 0xff, 0xf8, 0xfc, 0xf8, 0xff,
    0xf8, 0xfc, 0xf8, 0xff, 0xf8, 0xfc, 0xf8, 0xff, 0xf8, 0xfc, 0xf8, 0xff,
    0xf8, 0xfc, 0xf8, 0xff, 0xf8, 0xfc, 0xf8, 0xff, 0xf8, 0xfc, 0xf8, 0xff,
    0xf8, 0xfc, 0xf8, 0xff, 0xf8, 0xfc, 0xf8, 0xff, 0xf8, 0xfc, 0xf8, 0xff,
    0xf8, 0xfc, 0xf8, 0xff, 0xf8, 0xfc, 0xf8, 0xff, 0xa8, 0xc4, 0x90, 0xff,
    0x70, 0x98, 0x40, 0xff, 0x70, 0x9c, 0x40, 0xff, 0x68, 0x98, 0x40, 0xff,
    0x70, 0x98, 0x40, 0xff, 0x70, 0x9c, 0x38, 0xff, 0x70, 0x98, 0x40, 0xff,
    0x70, 0x98, 0x40, 0xff, 0x58, 0x70, 0x38, 0xff, 0x38, 0x3c, 0x40, 0xff,
    0x38, 0x3c, 0x38, 0xff, 0x38, 0x3c, 0x40, 0xff, 0x38, 0x3c, 0x40, 0xff,
    0x38, 0x3c, 0x38, 0xff, 0x38, 0x3c, 0x40, 0xff, 0x38, 0x3c, 0x40, 0xff,
    0x38, 0x3c, 0x38, 0xff, 0x38, 0x3c, 0x40, 0xff, 0x38, 0x3c, 0x40, 0xff,
    0x38, 0x3c, 0x38, 0xff, 0x38, 0x3c, 0x38, 0xff, 0x38, 0x3c, 0x40, 0xff,
    0x38, 0x3c, 0x40, 0xff, 0x38, 0x3c, 0x38, 0xff, 0x38, 0x3c, 0x40, 0xff,
    0x38, 0x3c, 0x38, 0xff, 0x38, 0x3c, 0x40, 0xff, 0x38, 0x3c, 0x40, 0xff,
    0x38, 0x3c, 0x38, 0xff, 0x38, 0x3c, 0x38, 0xff, 0x38, 0x3c, 0x40, 0xff,
    0x38, 0x3c, 0x40, 0xff, 0x38, 0x3c, 0x38, 0xff, 0x38, 0x3c, 0x40, 0xff,
    0x38, 0x3c, 0x38, 0xff, 0x38, 0x3c, 0x40, 0xff, 0x38, 0x3c, 0x40, 0xff,
    0x38, 0x3c, 0x38, 0xff, 0x38, 0x3c, 0x40, 0xff, 0x38, 0x3c, 0x38, 0xff,
    0x38, 0x3c, 0x40, 0xff, 0x38, 0x3c, 0x38, 0xff, 0x38, 0x3c, 0x40, 0xff,
    0x38, 0x3c, 0x40, 0xff, 0x38, 0x3c, 0x38, 0xff, 0x38, 0x3c, 0x40, 0xff,
    0x38, 0x3c, 0x40, 0xff, 0x38, 0x3c, 0x38, 0xff, 0x38, 0x3c, 0x40, 0xff,
    0x38, 0x3c, 0x38, 0xff, 0x38, 0x3c, 0x40, 0xff, 0x38, 0x3c, 0x40, 0xff,
    0x38, 0x3c, 0x38, 0xff, 0x38, 0x3c, 0x40, 0xff, 0x38, 0x3c, 0x38, 0xff,
    0x38, 0x3c, 0x40, 0xff, 0x38, 0x3c, 0x38, 0xff, 0x38, 0x3c, 0x40, 0xff,
    0x38, 0x3c, 0x40, 0xff, 0x38, 0x3c, 0x38, 0xff, 0x38, 0x3c, 0x40, 0xff,
    0x38, 0x3c, 0x40, 0xff, 0x38, 0x3c, 0x38, 0xff, 0x38, 0x3c, 0x40, 0xff,
    0x38, 0x3c, 0x38, 0xff, 0x38, 0x3c, 0x40, 0xff, 0x38, 0x3c, 0x40, 0xff,
    0x38, 0x3c, 0x38, 0xff, 0x38, 0x3c, 0x40, 0xff, 0x38, 0x3c, 0x38, 0xff,
    0x38, 0x3c, 0x40, 0xff, 0x38, 0x3c, 0x38, 0xff, 0x38, 0x3c, 0x40, 0xff,
    0x38, 0x3c, 0x40, 0xff, 0x38, 0x3c, 0x38, 0xff, 0x38, 0x3c, 0x40, 0xff,
    0x38, 0x3c, 0x40, 0xff, 0x38, 0x3c, 0x38, 0xff, 0x38, 0x3c, 0x40, 0xff,
    0x38, 0x3c, 0x38, 0xff, 0x38, 0x3c, 0x40, 0xff, 0x38, 0x3c, 0x40, 0xff,
    0x38, 0x3c, 0x38, 0xff, 0x38, 0x3c, 0x40, 0xff, 0x38, 0x3c, 0x40, 0xff,
    0x38, 0x3c, 0x38, 0xff, 0x38, 0x3c, 0x40, 0xff, 0x38, 0x3c, 0x40, 0xff,
    0x38, 0x3c, 0x38, 0xff, 0x38, 0x3c, 0x40, 0xff, 0x38, 0x3c, 0x40, 0xff,
    0x38, 0x3c, 0x38, 0xff, 0x38, 0x3c, 0x40, 0xff, 0x38, 0x3c, 0x38, 0xff,
    0x38, 0x3c, 0x40, 0xff, 0x38, 0x3c, 0x38, 0xff, 0x38, 0x3c, 0x40, 0xff,
    0x38, 0x3c, 0x38, 0xff, 0x38, 0x3c, 0x40, 0xff, 0x38, 0x3c, 0x38, 0xff,
    0x38, 0x3c, 0x40, 0xff, 0x38, 0x3c, 0x38, 0xff, 0x38, 0x3c, 0x38, 0x8e,
    0x68, 0x98, 0x38, 0xbe, 0x70, 0x98, 0x40, 0xff, 0x70, 0x9c, 0x40, 0xff,
    0x68, 0x98, 0x40, 0xff, 0x70, 0x98, 0x40, 0xff, 0x70, 0x98, 0x38, 0xff,
    0x70, 0x9c, 0x40, 0xff, 0x68, 0x98, 0x40, 0xff, 0x70, 0x98, 0x40, 0xff,
    0x68, 0x9c, 0x40, 0xff, 0x70, 0x98, 0x40, 0xff, 0x68, 0x98, 0x38, 0xff,
    0x70, 0x98, 0x40, 0xff, 0x70, 0x9c, 0x40, 0xff, 0x70, 0x98, 0x40, 0xff,
    0x68, 0x98, 0x38, 0xff, 0x70, 0x9c, 0x40, 0xff, 0x70, 0x98, 0x40, 0xff,
    0x68, 0x98, 0x38, 0xff, 0x70, 0x98, 0x40, 0xff, 0x70, 0x98, 0x40, 0xff,
    0x68, 0x9c, 0x38, 0xff, 0x70, 0x98, 0x40, 0xff, 0x70, 0x98, 0x40, 0xff,
    0x70, 0x98, 0x40, 0xff, 0x70, 0x98, 0x40, 0xff, 0x70, 0x98, 0x40, 0xff,
    0x68, 0x9c, 0x38, 0xff, 0x70, 0x98, 0x40, 0xff, 0x70, 0x98, 0x40, 0xff,
    0x68, 0x9c, 0x38, 0xff, 0x70, 0x98, 0x40, 0xff, 0x70, 0x98, 0x40, 0xff,
    0x68, 0x98, 0x38, 0xff, 0x68, 0x98, 0x38, 0xff, 0x70, 0x98, 0x40, 0xff,
    0x70, 0x9c, 0x40, 0xff, 0x70, 0x98, 0x40, 0xff, 0x70, 0x98, 0x40, 0xff,
    0x70, 0x9c, 0x40, 0xff, 0x68, 0x98, 0x38, 0xff, 0x70, 0x98, 0x40, 0xff,
    0x70, 0x98, 0x40, 0xff, 0x68, 0x9c, 0x38, 0xff, 0x70, 0x98, 0x40, 0xff,
    0x70, 0x98, 0x40, 0xff, 0x68, 0x98, 0x38, 0xff, 0x70, 0x98, 0x40, 0xff,
    0x70, 0x98, 0x40, 0xff, 0x68, 0x98, 0x38, 0xff, 0x70, 0x9c, 0x40, 0xff,
    0x70, 0x98, 0x40, 0xff, 0x68, 0x9c, 0x38, 0xff, 0x70, 0x98, 0x40, 0xff,
    0x68, 0x98, 0x38, 0xff, 0x70, 0x98, 0x40, 0xff, 0x68, 0x98, 0x38, 0xff,
    0x68, 0x98, 0x38, 0xff, 0x70, 0x98, 0x40, 0xff, 0x70, 0x98, 0x40, 0xff,
    0x68, 0x9c, 0x38, 0xff, 0x70, 0x98, 0x40, 0xff, 0x70, 0x98, 0x40, 0xff,
    0x70, 0x9c, 0x40, 0xff, 0x68, 0x98, 0x38, 0xff, 0x70, 0x98, 0x40, 0xff,
    0x70, 0x98, 0x40, 0xff, 0x68, 0x9c, 0x38, 0xff, 0x70, 0x98, 0x40, 0xff,
    0x70, 0x98, 0x40, 0xff, 0x68, 0x98, 0x38, 0xff, 0x70, 0x98, 0x40, 0xff,
    0x70, 0x98, 0x40, 0xff, 0x68, 0x98, 0x38, 0xff, 0x70, 0x9c, 0x40, 0xff,
    0x70, 0x98, 0x40, 0xff, 0x68, 0x9c, 0x38, 0xff, 0x70, 0x98, 0x40, 0xff,
    0x68, 0x98, 0x38, 0xff, 0x70, 0x98, 0x40, 0xff, 0x68, 0x98, 0x38, 0xff,
    0x68, 0x98, 0x38, 0xff, 0x70, 0x98, 0x40, 0xff, 0x70, 0x98, 0x40, 0xff,
    0x68, 0x9c, 0x38, 0xff, 0x70, 0x98, 0x40, 0xff, 0x70, 0x98, 0x40, 0xff,
    0x70, 0x9c, 0x40, 0xff, 0x68, 0x98, 0x38, 0xff, 0x70, 0x98, 0x40, 0xff,
    0x70, 0x98, 0x40, 0xff, 0x68, 0x9c, 0x38, 0xff, 0x70, 0x98, 0x40, 0xff,
    0x70, 0x98, 0x40, 0xff, 0x68, 0x98, 0x38, 0xff, 0x70, 0x98, 0x40, 0xff,
    0x70, 0x98, 0x40, 0xff, 0x68, 0x98, 0x38, 0xff, 0x70, 0x9c, 0x40, 0xff,
    0x70, 0x98, 0x40, 0xff, 0x68, 0x9c, 0x38, 0xff, 0x70, 0x98, 0x40, 0xff,
    0x68, 0x98, 0x38, 0xff, 0x70, 0x98, 0x40, 0xff, 0x68, 0x98, 0x38, 0xff,
    0x68, 0x98, 0x38, 0xff, 0x70, 0x98, 0x40, 0xff, 0x70, 0x98, 0x40, 0xff,
    0x68, 0x9c, 0x38, 0xff, 0x70, 0x98, 0x40, 0xff, 0x70, 0x9c, 0x40, 0xff,
    0x70, 0x98, 0x38, 0xff, 0x70, 0x98, 0x40, 0xff, 0xd0, 0xe0, 0xc0, 0xff,
    0xf8, 0xfc, 0xf8, 0xff, 0xf8, 0xfc, 0xf8, 0xff, 0xf8, 0xfc, 0xf8, 0xff,
    0xf8, 0xfc, 0xf8, 0xff, 0xf8, 0xfc, 0xf8, 0xff, 0xf8, 0xfc, 0xf8, 0xff,
    0xf8, 0xfc, 0xf8, 0xff, 0xf8, 0xfc, 0xf8, 0xff, 0xf8, 0xfc, 0xf8, 0xff,
    0xf8, 0xfc, 0xf8, 0xff, 0xf8, 0xfc, 0xf8, 0xff, 0xf8, 0xfc, 0xf8, 0xff,
    0xf8, 0xfc, 0xf8, 0xff, 0xf8, 0xfc, 0xf8, 0xff, 0xf8, 0xfc, 0xf8, 0xff,
    0xf8, 0xfc, 0xf8, 0xff, 0xf8, 0xfc, 0xf8, 0xff, 0xf8, 0xfc, 0xf8, 0xff,
    0xd0, 0xe0, 0xc0, 0xff, 0x70, 0x98, 0x40, 0xff, 0x68, 0x98, 0x40, 0xff,
    0x70, 0x98, 0x40, 0xff, 0x70, 0x98, 0x40, 0xff, 0x68, 0x9c, 0x38, 0xff,
    0x70, 0x98, 0x40, 0xff, 0x70, 0x98, 0x40, 0xff, 0x60, 0x88, 0x40, 0xff,
    0x38, 0x3c, 0x40, 0xff, 0x38, 0x3c, 0x38, 0xff, 0x38, 0x3c, 0x40, 0xff,
    0x38, 0x3c, 0x40, 0xff, 0x38, 0x3c, 0x38, 0xff, 0x38, 0x3c, 0x40, 0xff,
    0x38, 0x3c, 0x38, 0xff, 0x38, 0x3c, 0x40, 0xff, 0x38, 0x3c, 0x38, 0xff,
    0x38, 0x3c, 0x40, 0xff, 0x38, 0x3c, 0x40, 0xff, 0x38, 0x3c, 0x38, 0xff,
    0x38, 0x3c, 0x40, 0xff, 0x38, 0x3c, 0x40, 0xff, 0x38, 0x3c, 0x38, 0xff,
    0x38, 0x3c, 0x40, 0xff, 0x38, 0x3c, 0x40, 0xff, 0x38, 0x3c, 0x38, 0xff,
    0x38, 0x3c, 0x40, 0xff, 0x38, 0x3c, 0x40, 0xff, 0x38, 0x3c, 0x38, 0xff,
    0x38, 0x3c, 0x40, 0xff, 0x38, 0x3c, 0x40, 0xff, 0x38, 0x3c, 0x38, 0xff,
    0x38, 0x3c, 0x40, 0xff, 0x38, 0x3c, 0x40, 0xff, 0x38, 0x3c, 0x38, 0xff,
    0x38, 0x3c, 0x40, 0xff, 0x38, 0x3c, 0x40, 0xff, 0x38, 0x3c, 0x38, 0xff,
    0x38, 0x3c, 0x40, 0xff, 0x38, 0x3c, 0x40, 0xff, 0x38, 0x3c, 0x38, 0xff,
    0x38, 0x3c, 0x40, 0xff, 0x38, 0x3c, 0x38, 0xff, 0x38, 0x3c, 0x40, 0xff,
    0x38, 0x3c, 0x38, 0xff, 0x38, 0x3c, 0x38, 0xff, 0x38, 0x3c, 0x40, 0xff,
    0x38, 0x3c, 0x40, 0xff, 0x38, 0x3c, 0x38, 0xff, 0x38, 0x3c, 0x40, 0xff,
    0x38, 0x3c, 0x38, 0xff, 0x38, 0x3c, 0x40, 0xff, 0x38, 0x3c, 0x40, 0xff,
    0x38, 0x3c, 0x38, 0xff, 0x38, 0x3c, 0x40, 0xff, 0x38, 0x3c, 0x40, 0xff,
    0x38, 0x3c, 0x38, 0xff, 0x38, 0x3c, 0x40, 0xff, 0x38, 0x3c, 0x38, 0xff,
    0x38, 0x3c, 0x38, 0xff, 0x38, 0x3c, 0x40, 0xff, 0x38, 0x3c, 0x40, 0xff,
    0x38, 0x3c, 0x38, 0xff, 0x38, 0x3c, 0x40, 0xff, 0x38, 0x3c, 0x38, 0xff,
    0x38, 0x3c, 0x40, 0xff, 0x38, 0x3c, 0x40, 0xff, 0x38, 0x3c, 0x38, 0xff,
    0x38, 0x3c, 0x40, 0xff, 0x38, 0x3c, 0x40, 0xff, 0x38, 0x3c, 0x38, 0xff,
    0x38, 0x3c, 0x40, 0xff, 0x38, 0x3c, 0x38, 0xff, 0x38, 0x3c, 0x40, 0xff,
    0x38, 0x3c, 0x38, 0xff, 0x38, 0x3c, 0x38, 0xff, 0x38, 0x3c, 0x40, 0xff,
    0x38, 0x3c, 0x40, 0xff, 0x38, 0x3c, 0x38, 0xff, 0x38, 0x3c, 0x40, 0xff,
    0x38, 0x3c, 0x38, 0xff, 0x38, 0x3c, 0x40, 0xff, 0x38, 0x3c, 0x40, 0xff,
    0x38, 0x3c, 0x38, 0xff, 0x38, 0x3c, 0x40, 0xff, 0x38, 0x3c, 0x40, 0xff,
    0x38, 0x3c, 0x38, 0xff, 0x38, 0x3c, 0x38, 0xff, 0x38, 0x3c, 0x40, 0xff,
    0x38, 0x3c, 0x40, 0xff, 0x38, 0x3c, 0x38, 0xff, 0x38, 0x3c, 0x40, 0xff,
    0x38, 0x3c, 0x40, 0xff, 0x38, 0x3c, 0x38, 0xff, 0x38, 0x3c, 0x40, 0xff,
    0x38, 0x3c, 0x40, 0xff, 0x38, 0x3c, 0x40, 0xff, 0x38, 0x3c, 0x38, 0xff,
    0x38, 0x3c, 0x40, 0xff, 0x38, 0x3c, 0x40, 0xff, 0x38, 0x3c, 0x40, 0xff,
    0x38, 0x3c, 0x38, 0xcf, 0x70, 0x98, 0x40, 0xef, 0x70, 0x98, 0x40, 0xff,
    0x68, 0x9c, 0x40, 0xff, 0x70, 0x98, 0x38, 0xff, 0x70, 0x98, 0x40, 0xff,
    0x68, 0x98, 0x40, 0xff, 0x70, 0x98, 0x40, 0xff, 0x70, 0x98, 0x38, 0xff,
    0x70, 0x98, 0x40, 0xff, 0x70, 0x9c, 0x40, 0xff, 0x70, 0x98, 0x38, 0xff,
    0x68, 0x98, 0x40, 0xff, 0x70, 0x9c, 0x40, 0xff, 0x70, 0x98, 0x38, 0xff,
    0x68, 0x98, 0x40, 0xff, 0x70, 0x98, 0x40, 0xff, 0x70, 0x98, 0x40, 0xff,
    0x68, 0x9c, 0x38, 0xff, 0x70, 0x98, 0x40, 0xff, 0x70, 0x98, 0x40, 0xff,
    0x70, 0x98, 0x40, 0xff, 0x70, 0x98, 0x40, 0xff, 0x68, 0x9c, 0x38, 0xff,
    0x70, 0x98, 0x40, 0xff, 0x68, 0x98, 0x38, 0xff, 0x70, 0x9c, 0x40, 0xff,
    0x70, 0x98, 0x40, 0xff, 0x70, 0x98, 0x40, 0xff, 0x70, 0x9c, 0x40, 0xff,
    0x70, 0x98, 0x40, 0xff, 0x70, 0x98, 0x40, 0xff, 0x70, 0x98, 0x40, 0xff,
    0x70, 0x9c, 0x40, 0xff, 0x70, 0x98, 0x40, 0xff, 0x70, 0x98, 0x40, 0xff,
    0x68, 0x9c, 0x38, 0xff, 0x70, 0x98, 0x40, 0xff, 0x68, 0x98, 0x38, 0xff,
    0x70, 0x98, 0x40, 0xff, 0x70, 0x98, 0x40, 0xff, 0x68, 0x98, 0x38, 0xff,
    0x70, 0x9c, 0x40, 0xff, 0x70, 0x98, 0x40, 0xff, 0x70, 0x98, 0x40, 0xff,
    0x70, 0x98, 0x40, 0xff, 0x70, 0x9c, 0x40, 0xff, 0x68, 0x9c, 0x38, 0xff,
    0x70, 0x98, 0x40, 0xff, 0x70, 0x9c, 0x40, 0xff, 0x68, 0x98, 0x38, 0xff,
    0x70, 0x98, 0x40, 0xff, 0x70, 0x98, 0x40, 0xff, 0x70, 0x9c, 0x40, 0xff,
    0x70, 0x98, 0x40, 0xff, 0x70, 0x9c, 0x40, 0xff, 0x70, 0x9c, 0x40, 0xff,
    0x70, 0x98, 0x40, 0xff, 0x70, 0x9c, 0x40, 0xff, 0x70, 0x98, 0x40, 0xff,
    0x68, 0x98, 0x38, 0xff, 0x70, 0x98, 0x40, 0xff, 0x70, 0x98, 0x40, 0xff,
    0x70, 0x98, 0x40, 0xff, 0x70, 0x98, 0x40, 0xff, 0x68, 0x98, 0x38, 0xff,
    0x70, 0x9c, 0x40, 0xff, 0x70, 0x98, 0x40, 0xff, 0x70, 0x98, 0x40, 0xff,
    0x70, 0x98, 0x40, 0xff, 0x70, 0x9c, 0x40, 0xff, 0x68, 0x9c, 0x38, 0xff,
    0x70, 0x98, 0x40, 0xff, 0x70, 0x9c, 0x40, 0xff, 0x68, 0x98, 0x38, 0xff,
    0x70, 0x98, 0x40, 0xff, 0x70, 0x98, 0x40, 0xff, 0x70, 0x9c, 0x40, 0xff,
    0x70, 0x98, 0x40, 0xff, 0x70, 0x9c, 0x40, 0xff, 0x70, 0x9c, 0x40, 0xff,
    0x70, 0x98, 0x40, 0xff, 0x70, 0x9c, 0x40, 0xff, 0x70, 0x98, 0x40, 0xff,
    0x68, 0x98, 0x38, 0xff, 0x70, 0x98, 0x40, 0xff, 0x70, 0x98, 0x40, 0xff,
    0x70, 0x98, 0x40, 0xff, 0x70, 0x98, 0x40, 0xff, 0x68, 0x98, 0x38, 0xff,
    0x70, 0x9c, 0x40, 0xff, 0x70, 0x98, 0x40, 0xff, 0x70, 0x98, 0x40, 0xff,
    0x70, 0x98, 0x40, 0xff, 0x70, 0x9c, 0x40, 0xff, 0x68, 0x9c, 0x38, 0xff,
    0x70, 0x98, 0x40, 0xff, 0x70, 0x9c, 0x40, 0xff, 0x68, 0x98, 0x38, 0xff,
    0x70, 0x98, 0x40, 0xff, 0x70, 0x98, 0x40, 0xff, 0x70, 0x9c, 0x40, 0xff,
    0x70, 0x98, 0x40, 0xff, 0x70, 0x9c, 0x40, 0xff, 0x70, 0x9c, 0x40, 0xff,
    0x70, 0x98, 0x40, 0xff, 0x70, 0x9c, 0x40, 0xff, 0x70, 0x98, 0x40, 0xff,
    0x68, 0x98, 0x38, 0xff, 0x70, 0x98, 0x40, 0xff, 0x70, 0x98, 0x40, 0xff,
    0x68, 0x98, 0x40, 0xff, 0x70, 0x9c, 0x40, 0xff, 0x70, 0x98, 0x40, 0xff,
    0xe0, 0xec, 0xd8, 0xff, 0xf8, 0xfc, 0xf8, 0xff, 0xf8, 0xfc, 0xf8, 0xff,
    0xf8, 0xfc, 0xf8, 0xff, 0xf8, 0xfc, 0xf8, 0xff, 0xf8, 0xfc, 0xf8, 0xff,
    0xf8, 0xfc, 0xf8, 0xff, 0xf8, 0xfc, 0xf8, 0xff, 0xf8, 0xfc, 0xf8, 0xff,
    0xf8, 0xfc, 0xf8, 0xff, 0xf8, 0xfc, 0xf8, 0xff, 0xf8, 0xfc, 0xf8, 0xff,
    0xf8, 0xfc, 0xf8, 0xff, 0xf8, 0xfc, 0xf8, 0xff, 0xf8, 0xfc, 0xf8, 0xff,
    0xf8, 0xfc, 0xf8, 0xff, 0xf8, 0xfc, 0xf8, 0xff, 0xf8, 0xfc, 0xf8, 0xff,
    0xf8, 0xfc, 0xf8, 0xff, 0xe8, 0xf4, 0xe8, 0xff, 0x70, 0x98, 0x40, 0xff,
    0x70, 0x98, 0x38, 0xff, 0x70, 0x9c, 0x40, 0xff, 0x70, 0x98, 0x40, 0xff,
    0x68, 0x98, 0x40, 0xff, 0x70, 0x98, 0x40, 0xff, 0x70, 0x9c, 0x38, 0xff,
    0x68, 0x94, 0x40, 0xff, 0x38, 0x3c, 0x40, 0xff, 0x38, 0x3c, 0x38, 0xff,
    0x38, 0x3c, 0x40, 0xff, 0x38, 0x3c, 0x40, 0xff, 0x38, 0x3c, 0x38, 0xff,
    0x38, 0x3c, 0x40, 0xff, 0x38, 0x3c, 0x40, 0xff, 0x38, 0x3c, 0x38, 0xff,
    0x38, 0x3c, 0x40, 0xff, 0x38, 0x3c, 0x40, 0xff, 0x38, 0x3c, 0x38, 0xff,
    0x38, 0x3c, 0x40, 0xff, 0x38, 0x3c, 0x40, 0xff, 0x38, 0x3c, 0x38, 0xff,
    0x38, 0x3c, 0x40, 0xff, 0x38, 0x3c, 0x40, 0xff, 0x38, 0x3c, 0x38, 0xff,
    0x38, 0x3c, 0x38, 0xff, 0x38, 0x3c, 0x40, 0xff, 0x38, 0x3c, 0x40, 0xff,
    0x38, 0x3c, 0x38, 0xff, 0x38, 0x3c, 0x40, 0xff, 0x38, 0x3c, 0x40, 0xff,
    0x38, 0x3c, 0x38, 0xff, 0x38, 0x3c, 0x40, 0xff, 0x38, 0x3c, 0x40, 0xff,
    0x38, 0x3c, 0x38, 0xff, 0x38, 0x3c, 0x38, 0xff, 0x38, 0x3c, 0x40, 0xff,
    0x38, 0x3c, 0x40, 0xff, 0x38, 0x3c, 0x38, 0xff, 0x38, 0x3c, 0x40, 0xff,
    0x38, 0x3c, 0x40, 0xff, 0x38, 0x3c, 0x38, 0xff, 0x38, 0x3c, 0x40, 0xff,
    0x38, 0x3c, 0x40, 0xff, 0x38, 0x3c, 0x40, 0xff, 0x38, 0x3c, 0x38, 0xff,
    0x38, 0x3c, 0x40, 0xff, 0x38, 0x3c, 0x40, 0xff, 0x38, 0x3c, 0x38, 0xff,
    0x38, 0x3c, 0x40, 0xff, 0x38, 0x3c, 0x40, 0xff, 0x38, 0x3c, 0x38, 0xff,
    0x38, 0x3c, 0x40, 0xff, 0x38, 0x3c, 0x40, 0xff, 0x38, 0x3c, 0x38, 0xff,
    0x38, 0x3c, 0x40, 0xff, 0x38, 0x3c, 0x40, 0xff, 0x38, 0x3c, 0x38, 0xff,
    0x38, 0x3c, 0x40, 0xff, 0x38, 0x3c, 0x40, 0xff, 0x38, 0x3c, 0x38, 0xff,
    0x38, 0x3c, 0x40, 0xff, 0x38, 0x3c, 0x40, 0xff, 0x38, 0x3c, 0x38, 0xff,
    0x38, 0x3c, 0x40, 0xff, 0x38, 0x3c, 0x38, 0xff, 0x38, 0x3c, 0x40, 0xff,
    0x38, 0x3c, 0x40, 0xff, 0x38, 0x3c, 0x38, 0xff, 0x38, 0x3c, 0x40, 0xff,
    0x38, 0x3c, 0x40, 0xff, 0x38, 0x3c, 0x38, 0xff, 0x38, 0x3c, 0x40, 0xff,
    0x38, 0x3c, 0x40, 0xff, 0x38, 0x3c, 0x40, 0xff, 0x38, 0x3c, 0x38, 0xff,
    0x38, 0x3c, 0x40, 0xff, 0x38, 0x3c, 0x40, 0xff, 0x38, 0x3c, 0x38, 0xff,
    0x38, 0x3c, 0x40, 0xff, 0x38, 0x3c, 0x40, 0xff, 0x38, 0x3c, 0x38, 0xff,
    0x38, 0x3c, 0x38, 0xff, 0x38, 0x3c, 0x40, 0xff, 0x38, 0x3c, 0x38, 0xff,
    0x38, 0x3c, 0x40, 0xff, 0x38, 0x3c, 0x40, 0xff, 0x38, 0x3c, 0x38, 0xff,
    0x38, 0x3c, 0x40, 0xff, 0x38, 0x3c, 0x40, 0xff, 0x38, 0x3c, 0x38, 0xff,
    0x38, 0x3c, 0x40, 0xff, 0x38, 0x3c, 0x40, 0xff, 0x38, 0x3c, 0x38, 0xff,
    0x38, 0x3c, 0x40, 0xff, 0x38, 0x3c, 0x38, 0xff, 0x38, 0x3c, 0x40, 0xff,
    0x38, 0x3c, 0x40, 0xff, 0x38, 0x3c, 0x38, 0xff, 0x38, 0x3c, 0x40, 0xff,
    0x38, 0x3c, 0x40, 0xff, 0x38, 0x3c, 0x40, 0xef, 0x70, 0x98, 0x40, 0xff,
    0x70, 0x98, 0x40, 0xff, 0x70, 0x98, 0x38, 0xff, 0x70, 0x9c, 0x40, 0xff,
    0x68, 0x98, 0x40, 0xff, 0x70, 0x9c, 0x40, 0xff, 0x70, 0x98, 0x38, 0xff,
    0x70, 0x98, 0x40, 0xff, 0x68, 0x9c, 0x40, 0xff, 0x70, 0x98, 0x38, 0xff,
    0x70, 0x98, 0x40, 0xff, 0x70, 0x98, 0x40, 0xff, 0x70, 0x98, 0x40, 0xff,
    0x68, 0x98, 0x38, 0xff, 0x70, 0x9c, 0x40, 0xff, 0x70, 0x98, 0x40, 0xff,
    0x70, 0x98, 0x38, 0xff, 0x70, 0x98, 0x40, 0xff, 0x68, 0x9c, 0x40, 0xff,
    0x70, 0x98, 0x38, 0xff, 0x70, 0x98, 0x40, 0xff, 0x68, 0x9c, 0x40, 0xff,
    0x70, 0x98, 0x40, 0xff, 0x70, 0x98, 0x40, 0xff, 0x70, 0x9c, 0x38, 0xff,
    0x68, 0x98, 0x40, 0xff, 0x70, 0x98, 0x40, 0xff, 0x68, 0x98, 0x38, 0xff,
    0x70, 0x98, 0x40, 0xff, 0x68, 0x98, 0x38, 0xff, 0x70, 0x98, 0x40, 0xff,
    0x68, 0x9c, 0x38, 0xff, 0x70, 0x98, 0x40, 0xff, 0x70, 0x98, 0x40, 0xff,
    0x70, 0x9c, 0x40, 0xff, 0x70, 0x98, 0x40, 0xff, 0x70, 0x98, 0x40, 0xff,
    0x68, 0x9c, 0x38, 0xff, 0x70, 0x98, 0x40, 0xff, 0x70, 0x98, 0x40, 0xff,
    0x70, 0x9c, 0x40, 0xff, 0x68, 0x98, 0x38, 0xff, 0x70, 0x98, 0x40, 0xff,
    0x70, 0x98, 0x40, 0xff, 0x68, 0x98, 0x38, 0xff, 0x70, 0x98, 0x40, 0xff,
    0x70, 0x98, 0x40, 0xff, 0x70, 0x98, 0x40, 0xff, 0x70, 0x98, 0x40, 0xff,
    0x70, 0x9c, 0x40, 0xff, 0x70, 0x98, 0x40, 0xff, 0x68, 0x98, 0x38, 0xff,
    0x70, 0x98, 0x40, 0xff, 0x70, 0x98, 0x40, 0xff, 0x68, 0x98, 0x38, 0xff,
    0x70, 0x98, 0x40, 0xff, 0x70, 0x98, 0x40, 0xff, 0x70, 0x98, 0x40, 0xff,
    0x68, 0x9c, 0x38, 0xff, 0x70, 0x98, 0x40, 0xff, 0x70, 0x9c, 0x40, 0xff,
    0x68, 0x98, 0x38, 0xff, 0x70, 0x9c, 0x40, 0xff, 0x70, 0x98, 0x40, 0xff,
    0x70, 0x98, 0x40, 0xff, 0x68, 0x9c, 0x38, 0xff, 0x70, 0x98, 0x40, 0xff,
    0x68, 0x98, 0x38, 0xff, 0x70, 0x98, 0x40, 0xff, 0x70, 0x98, 0x40, 0xff,
    0x70, 0x98, 0x40, 0xff, 0x70, 0x98, 0x40, 0xff, 0x70, 0x98, 0x40, 0xff,
    0x70, 0x9c, 0x40, 0xff, 0x70, 0x98, 0x40, 0xff, 0x68, 0x98, 0x38, 0xff,
    0x70, 0x98, 0x40, 0xff, 0x70, 0x98, 0x40, 0xff, 0x68, 0x98, 0x38, 0xff,
    0x70, 0x98, 0x40, 0xff, 0x70, 0x98, 0x40, 0xff, 0x70, 0x98, 0x40, 0xff,
    0x68, 0x9c, 0x38, 0xff, 0x70, 0x98, 0x40, 0xff, 0x70, 0x9c, 0x40, 0xff,
    0x68, 0x98, 0x38, 0xff, 0x70, 0x9c, 0x40, 0xff, 0x70, 0x98, 0x40, 0xff,
    0x70, 0x98, 0x40, 0xff, 0x68, 0x9c, 0x38, 0xff, 0x70, 0x98, 0x40, 0xff,
    0x68, 0x98, 0x38, 0xff, 0x70, 0x98, 0x40, 0xff, 0x70, 0x98, 0x40, 0xff,
    0x70, 0x98, 0x40, 0xff, 0x70, 0x98, 0x40, 0xff, 0x70, 0x98, 0x40, 0xff,
    0x70, 0x9c, 0x40, 0xff, 0x70, 0x98, 0x40, 0xff, 0x68, 0x98, 0x38, 0xff,
    0x70, 0x98, 0x40, 0xff, 0x70, 0x98, 0x40, 0xff, 0x68, 0x98, 0x38, 0xff,
    0x70, 0x98, 0x40, 0xff, 0x70, 0x98, 0x40, 0xff, 0x70, 0x98, 0x40, 0xff,
    0x68, 0x9c, 0x38, 0xff, 0x70, 0x98, 0x40, 0xff, 0x70, 0x98, 0x40, 0xff,
    0x70, 0x9c, 0x38, 0xff, 0x68, 0x98, 0x40, 0xff, 0x70, 0x98, 0x40, 0xff,
    0x70, 0x98, 0x38, 0xff, 0xf8, 0xfc, 0xf8, 0xff, 0xf8, 0xfc, 0xf8, 0xff,
    0xf8, 0xfc, 0xf8, 0xff, 0xf8, 0xfc, 0xf8, 0xff, 0xf8, 0xfc, 0xf8, 0xff,
    0xf8, 0xfc, 0xf8, 0xff, 0xf8, 0xfc, 0xf8, 0xff, 0xf8, 0xfc, 0xf8, 0xff,
    0xf8, 0xfc, 0xf8, 0xff, 0xf8, 0xfc, 0xf8, 0xff, 0xf8, 0xfc, 0xf8, 0xff,
    0xf8, 0xfc, 0xf8, 0xff, 0xf8, 0xfc, 0xf8, 0xff, 0xf8, 0xfc, 0xf8, 0xff,
    0xf8, 0xfc, 0xf8, 0xff, 0xf8, 0xfc, 0xf8, 0xff, 0xf8, 0xfc, 0xf8, 0xff,
    0xf8, 0xfc, 0xf8, 0xff, 0xf8, 0xfc, 0xf8, 0xff, 0xf8, 0xfc, 0xf8, 0xff,
    0x70, 0x98, 0x40, 0xff, 0x70, 0x98, 0x40, 0xff, 0x68, 0x9c, 0x38, 0xff,
    0x70, 0x98, 0x40, 0xff, 0x70, 0x98, 0x40, 0xff, 0x68, 0x98, 0x38, 0xff,
    0x70, 0x98, 0x40, 0xff, 0x70, 0x98, 0x40, 0xff, 0x38, 0x3c, 0x38, 0xff,
    0x38, 0x3c, 0x40, 0xff, 0x38, 0x3c, 0x38, 0xff, 0x38, 0x3c, 0x40, 0xff,
    0x38, 0x3c, 0x40, 0xff, 0x38, 0x3c, 0x38, 0xff, 0x38, 0x3c, 0x40, 0xff,
    0x38, 0x3c, 0x40, 0xff, 0x38, 0x3c, 0x38, 0xff, 0x38, 0x3c, 0x40, 0xff,
    0x38, 0x3c, 0x38, 0xff, 0x38, 0x3c, 0x40, 0xff, 0x38, 0x3c, 0x40, 0xff,
    0x38, 0x3c, 0x38, 0xff, 0x38, 0x3c, 0x40, 0xff, 0x38, 0x3c, 0x40, 0xff,
    0x38, 0x3c, 0x38, 0xff, 0x38, 0x3c, 0x40, 0xff, 0x38, 0x3c, 0x40, 0xff,
    0x38, 0x3c, 0x38, 0xff, 0x38, 0x3c, 0x40, 0xff, 0x38, 0x3c, 0x40, 0xff,
    0x38, 0x3c, 0x38, 0xff, 0x38, 0x3c, 0x40, 0xff, 0x38, 0x3c, 0x38, 0xff,
    0x38, 0x3c, 0x40, 0xff, 0x38, 0x3c, 0x40, 0xff, 0x38, 0x3c, 0x38, 0xff,
    0x38, 0x3c, 0x40, 0xff, 0x38, 0x3c, 0x40, 0xff, 0x38, 0x3c, 0x38, 0xff,
    0x38, 0x3c, 0x40, 0xff, 0x38, 0x3c, 0x40, 0xff, 0x38, 0x3c, 0x38, 0xff,
    0x38, 0x3c, 0x40, 0xff, 0x38, 0x3c, 0x40, 0xff, 0x38, 0x3c, 0x38, 0xff,
    0x38, 0x3c, 0x40, 0xff, 0x38, 0x3c, 0x40, 0xff, 0x38, 0x3c, 0x38, 0xff,
    0x38, 0x3c, 0x40, 0xff, 0x38, 0x3c, 0x40, 0xff, 0x38, 0x3c, 0x38, 0xff,
    0x38, 0x3c, 0x40, 0xff, 0x38, 0x3c, 0x38, 0xff, 0x38, 0x3c, 0x40, 0xff,
    0x38, 0x3c, 0x38, 0xff, 0x38, 0x3c, 0x40, 0xff, 0x38, 0x3c, 0x40, 0xff,
    0x38, 0x3c, 0x38, 0xff, 0x38, 0x3c, 0x40, 0xff, 0x38, 0x3c, 0x40, 0xff,
    0x38, 0x3c, 0x38, 0xff, 0x38, 0x3c, 0x40, 0xff, 0x38, 0x3c, 0x40, 0xff,
    0x38, 0x3c, 0x38, 0xff, 0x38, 0x3c, 0x40, 0xff, 0x38, 0x3c, 0x40, 0xff,
    0x38, 0x3c, 0x38, 0xff, 0x38, 0x3c, 0x40, 0xff, 0x38, 0x3c, 0x38, 0xff,
    0x38, 0x3c, 0x40, 0xff, 0x38, 0x3c, 0x40, 0xff, 0x38, 0x3c, 0x38, 0xff,
    0x38, 0x3c, 0x40, 0xff, 0x38, 0x3c, 0x40, 0xff, 0x38, 0x3c, 0x38, 0xff,
    0x38, 0x3c, 0x40, 0xff, 0x38, 0x3c, 0x40, 0xff, 0x38, 0x3c, 0x38, 0xff,
    0x38, 0x3c, 0x40, 0xff, 0x38, 0x3c, 0x40, 0xff, 0x38, 0x3c, 0x38, 0xff,
    0x38, 0x3c, 0x40, 0xff, 0x38, 0x3c, 0x40, 0xff, 0x38, 0x3c, 0x40, 0xff,
    0x38, 0x3c, 0x38, 0xff, 0x38, 0x3c, 0x40, 0xff, 0x38, 0x3c, 0x40, 0xff,
    0x38, 0x3c, 0x38, 0xff, 0x38, 0x3c, 0x40, 0xff, 0x38, 0x3c, 0x38, 0xff,
    0x38, 0x3c, 0x40, 0xff, 0x38, 0x3c, 0x38, 0xff, 0x38, 0x3c, 0x40, 0xff,
    0x38, 0x3c, 0x40, 0xff, 0x38, 0x3c, 0x38, 0xff, 0x38, 0x3c, 0x40, 0xff,
    0x38, 0x3c, 0x38, 0xff, 0x38, 0x3c, 0x40, 0xff, 0x38, 0x3c, 0x38, 0xff,
    0x38, 0x3c, 0x38, 0xff, 0x38, 0x3c, 0x40, 0xff, 0x38, 0x3c, 0x38, 0xff,
    0x70, 0x98, 0x40, 0xff, 0x68, 0x98, 0x38, 0xff, 0x70, 0x98, 0x40, 0xff,
    0x70, 0x98, 0x40, 0xff, 0x70, 0x98, 0x40, 0xff, 0x70, 0x9c, 0x38, 0xff,
    0x68, 0x98, 0x40, 0xff, 0x70, 0x98, 0x40, 0xff, 0x70, 0x98, 0x40, 0xff,
    0x68, 0x9c, 0x40, 0xff, 0x70, 0x98, 0x40, 0xff, 0x70, 0x9c, 0x40, 0xff,
    0x68, 0x98, 0x38, 0xff, 0x70, 0x98, 0x40, 0xff, 0x70, 0x9c, 0x40, 0xff,
    0x68, 0x98, 0x40, 0xff, 0x70, 0x98, 0x40, 0xff, 0x70, 0x98, 0x40, 0xff,
    0x70, 0x9c, 0x40, 0xff, 0x68, 0x98, 0x38, 0xff, 0x70, 0x98, 0x40, 0xff,
    0x70, 0x98, 0x40, 0xff, 0x70, 0x98, 0x38, 0xff, 0x70, 0x98, 0x40, 0xff,
    0x70, 0x98, 0x40, 0xff, 0x70, 0x98, 0x40, 0xff, 0x70, 0x9c, 0x38, 0xff,
    0x70, 0x98, 0x40, 0xff, 0x68, 0x98, 0x40, 0xff, 0x70, 0x9c, 0x40, 0xff,
    0x70, 0x98, 0x38, 0xff, 0x68, 0x98, 0x40, 0xff, 0x70, 0x98, 0x38, 0xff,
    0x68, 0x98, 0x40, 0xff, 0x68, 0x98, 0x38, 0xff, 0x70, 0x98, 0x40, 0xff,
    0x70, 0x98, 0x40, 0xff, 0x70, 0x9c, 0x40, 0xff, 0x70, 0x98, 0x40, 0xff,
    0x70, 0x98, 0x40, 0xff, 0x70, 0x98, 0x40, 0xff, 0x70, 0x98, 0x38, 0xff,
    0x68, 0x9c, 0x40, 0xff, 0x70, 0x9c, 0x40, 0xff, 0x70, 0x98, 0x38, 0xff,
    0x68, 0x98, 0x40, 0xff, 0x70, 0x9c, 0x40, 0xff, 0x68, 0x98, 0x38, 0xff,
    0x70, 0x98, 0x40, 0xff, 0x70, 0x98, 0x40, 0xff, 0x68, 0x9c, 0x38, 0xff,
    0x70, 0x98, 0x40, 0xff, 0x70, 0x98, 0x40, 0xff, 0x68, 0x9c, 0x38, 0xff,
    0x70, 0x98, 0x40, 0xff, 0x70, 0x98, 0x40, 0xff, 0x68, 0x98, 0x38, 0xff,
    0x70, 0x98, 0x40, 0xff, 0x70, 0x98, 0x40, 0xff, 0x70, 0x98, 0x40, 0xff,
    0x70, 0x98, 0x40, 0xff, 0x68, 0x9c, 0x38, 0xff, 0x70, 0x98, 0x40, 0xff,
    0x70, 0x98, 0x40, 0xff, 0x70, 0x98, 0x40, 0xff, 0x70, 0x98, 0x40, 0xff,
    0x70, 0x9c, 0x40, 0xff, 0x70, 0x98, 0x40, 0xff, 0x68, 0x9c, 0x38, 0xff,
    0x70, 0x98, 0x40, 0xff, 0x68, 0x98, 0x38, 0xff, 0x70, 0x98, 0x40, 0xff,
    0x68, 0x98, 0x38, 0xff, 0x70, 0x98, 0x40, 0xff, 0x70, 0x9c, 0x40, 0xff,
    0x68, 0x98, 0x38, 0xff, 0x70, 0x98, 0x40, 0xff, 0x70, 0x9c, 0x40, 0xff,
    0x68, 0x98, 0x38, 0xff, 0x70, 0x98, 0x40, 0xff, 0x70, 0x98, 0x40, 0xff,
    0x68, 0x98, 0x38, 0xff, 0x70, 0x98, 0x40, 0xff, 0x70, 0x98, 0x40, 0xff,
    0x70, 0x98, 0x40, 0xff, 0x68, 0x9c, 0x38, 0xff, 0x70, 0x98, 0x40, 0xff,
    0x70, 0x98, 0x40, 0xff, 0x70, 0x98, 0x40, 0xff, 0x70, 0x98, 0x40, 0xff,
    0x70, 0x9c, 0x40, 0xff, 0x70, 0x98, 0x40, 0xff, 0x68, 0x9c, 0x38, 0xff,
    0x70, 0x98, 0x40, 0xff, 0x68, 0x98, 0x38, 0xff, 0x70, 0x98, 0x40, 0xff,
    0x68, 0x98, 0x38, 0xff, 0x70, 0x98, 0x40, 0xff, 0x70, 0x9c, 0x40, 0xff,
    0x68, 0x98, 0x38, 0xff, 0x70, 0x98, 0x40, 0xff, 0x70, 0x9c, 0x40, 0xff,
    0x68, 0x98, 0x38, 0xff, 0x70, 0x98, 0x40, 0xff, 0x70, 0x98, 0x40, 0xff,
    0x68, 0x98, 0x38, 0xff, 0x70, 0x9c, 0x40, 0xff, 0x70, 0x98, 0x40, 0xff,
    0x70, 0x98, 0x40, 0xff, 0x68, 0x9c, 0x38, 0xff, 0x70, 0x98, 0x40, 0xff,
    0x70, 0x98, 0x40, 0xff, 0x68, 0x9c, 0x40, 0xff, 0xf8, 0xfc, 0xf8, 0xff,
    0xf8, 0xfc, 0xf8, 0xff, 0xf8, 0xfc, 0xf8, 0xff, 0xf8, 0xfc, 0xf8, 0xff,
    0xf8, 0xfc, 0xf8, 0xff, 0xf8, 0xfc, 0xf8, 0xff, 0xf8, 0xfc, 0xf8, 0xff,
    0xf8, 0xfc, 0xf8, 0xff, 0xf8, 0xfc, 0xf8, 0xff, 0xf8, 0xfc, 0xf8, 0xff,
    0xf8, 0xfc, 0xf8, 0xff, 0xf8, 0xfc, 0xf8, 0xff, 0xf8, 0xfc, 0xf8, 0xff,
    0xf8, 0xfc, 0xf8, 0xff, 0xf8, 0xfc, 0xf8, 0xff, 0xf8, 0xfc, 0xf8, 0xff,
    0xf8, 0xfc, 0xf8, 0xff, 0xf8, 0xfc, 0xf8, 0xff, 0xf8, 0xfc, 0xf8, 0xff,
    0xf8, 0xfc, 0xf8, 0xff, 0x70, 0x98, 0x40, 0xff, 0x70, 0x98, 0x40, 0xff,
    0x68, 0x98, 0x40, 0xff, 0x70, 0x9c, 0x38, 0xff, 0x70, 0x98, 0x40, 0xff,
    0x70, 0x9c, 0x40, 0xff, 0x68, 0x98, 0x40, 0xff, 0x70, 0x98, 0x40, 0xff,
    0x38, 0x3c, 0x38, 0xff, 0x38, 0x3c, 0x40, 0xff, 0x38, 0x3c, 0x40, 0xff,
    0x38, 0x3c, 0x38, 0xff, 0x38, 0x3c, 0x40, 0xff, 0x38, 0x3c, 0x38, 0xff,
    0x38, 0x3c, 0x40, 0xff, 0x38, 0x3c, 0x40, 0xff, 0x38, 0x3c, 0x38, 0xff,
    0x38, 0x3c, 0x40, 0xff, 0x38, 0x3c, 0x40, 0xff, 0x38, 0x3c, 0x38, 0xff,
    0x38, 0x3c, 0x40, 0xff, 0x38, 0x3c, 0x38, 0xff, 0x38, 0x3c, 0x40, 0xff,
    0x38, 0x3c, 0x38, 0xff, 0x38, 0x3c, 0x40, 0xff, 0x38, 0x3c, 0x40, 0xff,
    0x38, 0x3c, 0x38, 0xff, 0x38, 0x3c, 0x40, 0xff, 0x38, 0x3c, 0x40, 0xff,
    0x38, 0x3c, 0x38, 0xff, 0x38, 0x3c, 0x40, 0xff, 0x38, 0x3c, 0x40, 0xff,
    0x38, 0x3c, 0x38, 0xff, 0x38, 0x3c, 0x40, 0xff, 0x38, 0x3c, 0x40, 0xff,
    0x38, 0x3c, 0x38, 0xff, 0x38, 0x3c, 0x40, 0xff, 0x38, 0x3c, 0x38, 0xff,
    0x38, 0x3c, 0x40, 0xff, 0x38, 0x3c, 0x38, 0xff, 0x38, 0x3c, 0x40, 0xff,
    0x38, 0x3c, 0x38, 0xff, 0x38, 0x3c, 0x40, 0xff, 0x38, 0x3c, 0x38, 0xff,
    0x38, 0x3c, 0x40, 0xff, 0x38, 0x3c, 0x40, 0xff, 0x38, 0x3c, 0x38, 0xff,
    0x38, 0x3c, 0x40, 0xff, 0x38, 0x3c, 0x40, 0xff, 0x38, 0x3c, 0x38, 0xff,
    0x38, 0x3c, 0x40, 0xff, 0x38, 0x3c, 0x40, 0xff, 0x38, 0x3c, 0x38, 0xff,
    0x38, 0x3c, 0x40, 0xff, 0x38, 0x3c, 0x40, 0xff, 0x38, 0x3c, 0x38, 0xff,
    0x38, 0x3c, 0x40, 0xff, 0x38, 0x3c, 0x40, 0xff, 0x38, 0x3c, 0x38, 0xff,
    0x38, 0x3c, 0x40, 0xff, 0x38, 0x3c, 0x40, 0xff, 0x38, 0x3c, 0x38, 0xff,
    0x38, 0x3c, 0x40, 0xff, 0x38, 0x3c, 0x40, 0xff, 0x38, 0x3c, 0x38, 0xff,
    0x38, 0x3c, 0x40, 0xff, 0x38, 0x3c, 0x40, 0xff, 0x38, 0x3c, 0x38, 0xff,
    0x38, 0x3c, 0x40, 0xff, 0x38, 0x3c, 0x38, 0xff, 0x38, 0x3c, 0x40, 0xff,
    0x38, 0x3c, 0x38, 0xff, 0x38, 0x3c, 0x40, 0xff, 0x38, 0x3c, 0x38, 0xff,
    0x38, 0x3c, 0x40, 0xff, 0x38, 0x3c, 0x40, 0xff, 0x38, 0x3c, 0x38, 0xff,
    0x38, 0x3c, 0x40, 0xff, 0x38, 0x3c, 0x40, 0xff, 0x38, 0x3c, 0x38, 0xff,
    0x38, 0x3c, 0x40, 0xff, 0x38, 0x3c, 0x40, 0xff, 0x38, 0x3c, 0x38, 0xff,
    0x38, 0x3c, 0x40, 0xff, 0x38, 0x3c, 0x40, 0xff, 0x38, 0x3c, 0x38, 0xff,
    0x38, 0x3c, 0x40, 0xff, 0x38, 0x3c, 0x40, 0xff, 0x38, 0x3c, 0x38, 0xff,
    0x38, 0x3c, 0x40, 0xff, 0x38, 0x3c, 0x40, 0xff, 0x38, 0x3c, 0x38, 0xff,
    0x38, 0x3c, 0x40, 0xff, 0x38, 0x3c, 0x40, 0xff, 0x38, 0x3c, 0x38, 0xff,
    0x38, 0x3c, 0x40, 0xff, 0x38, 0x3c, 0x40, 0xff, 0x38, 0x3c, 0x38, 0xff,
    0x38, 0x3c, 0x40, 0xff, 0x38, 0x3c, 0x40, 0xff, 0x38, 0x3c, 0x40, 0xff,
    0x38, 0x3c, 0x38, 0xff, 0x70, 0x98, 0x40, 0xef, 0x70, 0x9c, 0x40, 0xff,
    0x68, 0x98, 0x40, 0xff, 0x70, 0x98, 0x38, 0xff, 0x70, 0x98, 0x40, 0xff,
    0x68, 0x98, 0x40, 0xff, 0x70, 0x9c, 0x40, 0xff, 0x70, 0x98, 0x38, 0xff,
    0x70, 0x98, 0x40, 0xff, 0x70, 0x98, 0x40, 0xff, 0x70, 0x98, 0x38, 0xff,
    0x68, 0x98, 0x40, 0xff, 0x70, 0x9c, 0x40, 0xff, 0x70, 0x98, 0x40, 0xff,
    0x70, 0x98, 0x38, 0xff, 0x70, 0x9c, 0x40, 0xff, 0x68, 0x98, 0x40, 0xff,
    0x70, 0x98, 0x38, 0xff, 0x70, 0x98, 0x40, 0xff, 0x70, 0x9c, 0x40, 0xff,
    0x68, 0x98, 0x40, 0xff, 0x70, 0x9c, 0x38, 0xff, 0x68, 0x98, 0x40, 0xff,
    0x68, 0x9c, 0x40, 0xff, 0x70, 0x98, 0x40, 0xff, 0x68, 0x98, 0x38, 0xff,
    0x70, 0x9c, 0x40, 0xff, 0x70, 0x98, 0x40, 0xff, 0x70, 0x98, 0x40, 0xff,
    0x70, 0x9c, 0x40, 0xff, 0x70, 0x98, 0x40, 0xff, 0x70, 0x98, 0x40, 0xff,
    0x70, 0x9c, 0x40, 0xff, 0x70, 0x98, 0x40, 0xff, 0x70, 0x9c, 0x38, 0xff,
    0x70, 0x98, 0x40, 0xff, 0x68, 0x98, 0x40, 0xff, 0x70, 0x98, 0x38, 0xff,
    0x68, 0x9c, 0x38, 0xff, 0x68, 0x98, 0x40, 0xff, 0x70, 0x98, 0x40, 0xff,
    0x70, 0x98, 0x40, 0xff, 0x70, 0x98, 0x40, 0xff, 0x70, 0x98, 0x40, 0xff,
    0x70, 0x98, 0x40, 0xff, 0x70, 0x9c, 0x40, 0xff, 0x70, 0x98, 0x38, 0xff,
    0x70, 0x98, 0x40, 0xff, 0x68, 0x98, 0x40, 0xff, 0x70, 0x98, 0x38, 0xff,
    0x70, 0x98, 0x40, 0xff, 0x70, 0x9c, 0x40, 0xff, 0x70, 0x98, 0x40, 0xff,
    0x70, 0x98, 0x40, 0xff, 0x70, 0x9c, 0x40, 0xff, 0x70, 0x98, 0x40, 0xff,
    0x68, 0x9c, 0x38, 0xff, 0x70, 0x9c, 0x40, 0xff, 0x70, 0x98, 0x40, 0xff,
    0x68, 0x98, 0x38, 0xff, 0x70, 0x98, 0x40, 0xff, 0x70, 0x98, 0x40, 0xff,
    0x68, 0x98, 0x38, 0xff, 0x70, 0x9c, 0x40, 0xff, 0x68, 0x98, 0x38, 0xff,
    0x70, 0x98, 0x40, 0xff, 0x70, 0x98, 0x40, 0xff, 0x70, 0x98, 0x40, 0xff,
    0x70, 0x98, 0x40, 0xff, 0x68, 0x9c, 0x38, 0xff, 0x70, 0x9c, 0x40, 0xff,
    0x70, 0x98, 0x40, 0xff, 0x70, 0x98, 0x40, 0xff, 0x68, 0x9c, 0x38, 0xff,
    0x70, 0x98, 0x40, 0xff, 0x70, 0x98, 0x40, 0xff, 0x70, 0x98, 0x40, 0xff,
    0x70, 0x9c, 0x40, 0xff, 0x70, 0x98, 0x40, 0xff, 0x70, 0x9c, 0x40, 0xff,
    0x68, 0x9c, 0x38, 0xff, 0x70, 0x98, 0x40, 0xff, 0x70, 0x98, 0x40, 0xff,
    0x70, 0x9c, 0x40, 0xff, 0x70, 0x98, 0x40, 0xff, 0x70, 0x98, 0x40, 0xff,
    0x68, 0x98, 0x38, 0xff, 0x70, 0x9c, 0x40, 0xff, 0x68, 0x98, 0x38, 0xff,
    0x70, 0x98, 0x40, 0xff, 0x70, 0x98, 0x40, 0xff, 0x70, 0x98, 0x40, 0xff,
    0x70, 0x98, 0x40, 0xff, 0x68, 0x9c, 0x38, 0xff, 0x70, 0x9c, 0x40, 0xff,
    0x70, 0x98, 0x40, 0xff, 0x70, 0x98, 0x40, 0xff, 0x68, 0x9c, 0x38, 0xff,
    0x70, 0x98, 0x40, 0xff, 0x70, 0x98, 0x40, 0xff, 0x70, 0x98, 0x40, 0xff,
    0x70, 0x9c, 0x40, 0xff, 0x70, 0x98, 0x40, 0xff, 0x70, 0x9c, 0x40, 0xff,
    0x68, 0x98, 0x38, 0xff, 0x70, 0x98, 0x40, 0xff, 0x70, 0x98, 0x40, 0xff,
    0x70, 0x98, 0x40, 0xff, 0x68, 0x98, 0x40, 0xff, 0x70, 0x98, 0x40, 0xff,
    0x70, 0x98, 0x38, 0xff, 0x70, 0x98, 0x40, 0xff, 0x70, 0x98, 0x40, 0xff,
    0xe8, 0xf4, 0xe8, 0xff, 0xf8, 0xfc, 0xf8, 0xff, 0xf8, 0xfc, 0xf8, 0xff,
    0xf8, 0xfc, 0xf8, 0xff, 0xf8, 0xfc, 0xf8, 0xff, 0xf8, 0xfc, 0xf8, 0xff,
    0xf8, 0xfc, 0xf8, 0xff, 0xf8, 0xfc, 0xf8, 0xff, 0xf8, 0xfc, 0xf8, 0xff,
    0xf8, 0xfc, 0xf8, 0xff, 0xf8, 0xfc, 0xf8, 0xff, 0xf8, 0xfc, 0xf8, 0xff,
    0xf8, 0xfc, 0xf8, 0xff, 0xf8, 0xfc, 0xf8, 0xff, 0xf8, 0xfc, 0xf8, 0xff,
    0xf8, 0xfc, 0xf8, 0xff, 0xf8, 0xfc, 0xf8, 0xff, 0xf8, 0xfc, 0xf8, 0xff,
    0xf8, 0xfc, 0xf8, 0xff, 0xe0, 0xec, 0xd8, 0xff, 0x70, 0x98, 0x40, 0xff,
    0x70, 0x9c, 0x40, 0xff, 0x70, 0x98, 0x38, 0xff, 0x70, 0x98, 0x40, 0xff,
    0x70, 0x98, 0x40, 0xff, 0x70, 0x98, 0x38, 0xff, 0x70, 0x9c, 0x40, 0xff,
    0x68, 0x94, 0x40, 0xff, 0x38, 0x3c, 0x38, 0xff, 0x38, 0x3c, 0x40, 0xff,
    0x38, 0x3c, 0x40, 0xff, 0x38, 0x3c, 0x38, 0xff, 0x38, 0x3c, 0x40, 0xff,
    0x38, 0x3c, 0x40, 0xff, 0x38, 0x3c, 0x38, 0xff, 0x38, 0x3c, 0x40, 0xff,
    0x38, 0x3c, 0x40, 0xff, 0x38, 0x3c, 0x38, 0xff, 0x38, 0x3c, 0x40, 0xff,
    0x38, 0x3c, 0x40, 0xff, 0x38, 0x3c, 0x38, 0xff, 0x38, 0x3c, 0x40, 0xff,
    0x38, 0x3c, 0x40, 0xff, 0x38, 0x3c, 0x38, 0xff, 0x38, 0x3c, 0x40, 0xff,
    0x38, 0x3c, 0x40, 0xff, 0x38, 0x3c, 0x38, 0xff, 0x38, 0x3c, 0x40, 0xff,
    0x38, 0x3c, 0x38, 0xff, 0x38, 0x3c, 0x38, 0xff, 0x38, 0x3c, 0x40, 0xff,
    0x38, 0x3c, 0x40, 0xff, 0x38, 0x3c, 0x38, 0xff, 0x38, 0x3c, 0x40, 0xff,
    0x38, 0x3c, 0x38, 0xff, 0x38, 0x3c, 0x40, 0xff, 0x38, 0x3c, 0x40, 0xff,
    0x38, 0x3c, 0x40, 0xff, 0x38, 0x3c, 0x38, 0xff, 0x38, 0x3c, 0x40, 0xff,
    0x38, 0x3c, 0x40, 0xff, 0x38, 0x3c, 0x40, 0xff, 0x38, 0x3c, 0x38, 0xff,
    0x38, 0x3c, 0x40, 0xff, 0x38, 0x3c, 0x38, 0xff, 0x38, 0x3c, 0x40, 0xff,
    0x38, 0x3c, 0x38, 0xff, 0x38, 0x3c, 0x40, 0xff, 0x38, 0x3c, 0x38, 0xff,
    0x38, 0x3c, 0x38, 0xff, 0x38, 0x3c, 0x40, 0xff, 0x38, 0x3c, 0x40, 0xff,
    0x38, 0x3c, 0x38, 0xff, 0x38, 0x3c, 0x40, 0xff, 0x38, 0x3c, 0x40, 0xff,
    0x38, 0x3c, 0x38, 0xff, 0x38, 0x3c, 0x40, 0xff, 0x38, 0x3c, 0x38, 0xff,
    0x38, 0x3c, 0x40, 0xff, 0x38, 0x3c, 0x38, 0xff, 0x38, 0x3c, 0x40, 0xff,
    0x38, 0x3c, 0x38, 0xff, 0x38, 0x3c, 0x40, 0xff, 0x38, 0x3c, 0x40, 0xff,
    0x38, 0x3c, 0x38, 0xff, 0x38, 0x3c, 0x40, 0xff, 0x38, 0x3c, 0x40, 0xff,
    0x38, 0x3c, 0x38, 0xff, 0x38, 0x3c, 0x40, 0xff, 0x38, 0x3c, 0x40, 0xff,
    0x38, 0x3c, 0x38, 0xff, 0x38, 0x3c, 0x40, 0xff, 0x38, 0x3c, 0x40, 0xff,
    0x38, 0x3c, 0x38, 0xff, 0x38, 0x3c, 0x40, 0xff, 0x38, 0x3c, 0x38, 0xff,
    0x38, 0x3c, 0x40, 0xff, 0x38, 0x3c, 0x38, 0xff, 0x38, 0x3c, 0x40, 0xff,
    0x38, 0x3c, 0x38, 0xff, 0x38, 0x3c, 0x40, 0xff, 0x38, 0x3c, 0x38, 0xff,
    0x38, 0x3c, 0x38, 0xff, 0x38, 0x3c, 0x40, 0xff, 0x38, 0x3c, 0x40, 0xff,
    0x38, 0x3c, 0x38, 0xff, 0x38, 0x3c, 0x40, 0xff, 0x38, 0x3c, 0x40, 0xff,
    0x38, 0x3c, 0x38, 0xff, 0x38, 0x3c, 0x40, 0xff, 0x38, 0x3c, 0x40, 0xff,
    0x38, 0x3c, 0x38, 0xff, 0x38, 0x3c, 0x40, 0xff, 0x38, 0x3c, 0x38, 0xff,
    0x38, 0x3c, 0x40, 0xff, 0x38, 0x3c, 0x40, 0xff, 0x38, 0x3c, 0x38, 0xff,
    0x38, 0x3c, 0x40, 0xff, 0x38, 0x3c, 0x40, 0xff, 0x38, 0x3c, 0x38, 0xff,
    0x38, 0x3c, 0x40, 0xff, 0x38, 0x3c, 0x40, 0xef, 0x70, 0x9c, 0x40, 0xcf,
    0x70, 0x98, 0x40, 0xff, 0x68, 0x98, 0x38, 0xff, 0x70, 0x9c, 0x40, 0xff,
    0x70, 0x98, 0x40, 0xff, 0x70, 0x98, 0x40, 0xff, 0x70, 0x98, 0x38, 0xff,
    0x68, 0x9c, 0x40, 0xff, 0x70, 0x98, 0x40, 0xff, 0x70, 0x98, 0x38, 0xff,
    0x68, 0x9c, 0x40, 0xff, 0x70, 0x98, 0x40, 0xff, 0x70, 0x98, 0x40, 0xff,
    0x70, 0x98, 0x38, 0xff, 0x68, 0x98, 0x40, 0xff, 0x70, 0x98, 0x40, 0xff,
    0x70, 0x9c, 0x38, 0xff, 0x68, 0x98, 0x40, 0xff, 0x70, 0x98, 0x40, 0xff,
    0x70, 0x98, 0x40, 0xff, 0x70, 0x98, 0x38, 0xff, 0x70, 0x98, 0x40, 0xff,
    0x70, 0x9c, 0x40, 0xff, 0x70, 0x98, 0x40, 0xff, 0x70, 0x98, 0x38, 0xff,
    0x70, 0x98, 0x40, 0xff, 0x68, 0x98, 0x40, 0xff, 0x70, 0x98, 0x38, 0xff,
    0x70, 0x98, 0x40, 0xff, 0x68, 0x98, 0x38, 0xff, 0x70, 0x9c, 0x40, 0xff,
    0x70, 0x98, 0x40, 0xff, 0x68, 0x98, 0x40, 0xff, 0x70, 0x9c, 0x40, 0xff,
    0x70, 0x98, 0x40, 0xff, 0x70, 0x98, 0x40, 0xff, 0x70, 0x9c, 0x40, 0xff,
    0x70, 0x98, 0x40, 0xff, 0x70, 0x98, 0x40, 0xff, 0x70, 0x9c, 0x38, 0xff,
    0x68, 0x98, 0x40, 0xff, 0x70, 0x9c, 0x38, 0xff, 0x68, 0x98, 0x40, 0xff,
    0x70, 0x98, 0x38, 0xff, 0x68, 0x9c, 0x40, 0xff, 0x70, 0x98, 0x40, 0xff,
    0x70, 0x98, 0x40, 0xff, 0x70, 0x9c, 0x40, 0xff, 0x70, 0x9c, 0x40, 0xff,
    0x68, 0x98, 0x40, 0xff, 0x70, 0x98, 0x40, 0xff, 0x70, 0x98, 0x38, 0xff,
    0x68, 0x98, 0x40, 0xff, 0x70, 0x98, 0x38, 0xff, 0x70, 0x98, 0x40, 0xff,
    0x68, 0x98, 0x40, 0xff, 0x70, 0x98, 0x40, 0xff, 0x70, 0x98, 0x40, 0xff,
    0x70, 0x9c, 0x38, 0xff, 0x68, 0x98, 0x40, 0xff, 0x70, 0x9c, 0x40, 0xff,
    0x70, 0x98, 0x40, 0xff, 0x70, 0x98, 0x40, 0xff, 0x70, 0x9c, 0x40, 0xff,
    0x68, 0x98, 0x38, 0xff, 0x70, 0x98, 0x40, 0xff, 0x68, 0x9c, 0x38, 0xff,
    0x70, 0x98, 0x40, 0xff, 0x70, 0x98, 0x40, 0xff, 0x70, 0x98, 0x40, 0xff,
    0x70, 0x98, 0x40, 0xff, 0x70, 0x98, 0x40, 0xff, 0x70, 0x9c, 0x40, 0xff,
    0x70, 0x98, 0x40, 0xff, 0x70, 0x98, 0x40, 0xff, 0x68, 0x98, 0x38, 0xff,
    0x70, 0x9c, 0x40, 0xff, 0x68, 0x98, 0x38, 0xff, 0x70, 0x98, 0x40, 0xff,
    0x70, 0x98, 0x40, 0xff, 0x70, 0x98, 0x40, 0xff, 0x70, 0x98, 0x40, 0xff,
    0x68, 0x9c, 0x38, 0xff, 0x68, 0x98, 0x38, 0xff, 0x70, 0x98, 0x40, 0xff,
    0x70, 0x98, 0x40, 0xff, 0x70, 0x9c, 0x40, 0xff, 0x70, 0x98, 0x40, 0xff,
    0x68, 0x98, 0x38, 0xff, 0x70, 0x9c, 0x40, 0xff, 0x68, 0x98, 0x38, 0xff,
    0x70, 0x98, 0x40, 0xff, 0x70, 0x98, 0x40, 0xff, 0x70, 0x98, 0x40, 0xff,
    0x70, 0x98, 0x40, 0xff, 0x70, 0x98, 0x40, 0xff, 0x70, 0x9c, 0x40, 0xff,
    0x70, 0x98, 0x40, 0xff, 0x70, 0x98, 0x40, 0xff, 0x68, 0x98, 0x38, 0xff,
    0x70, 0x9c, 0x40, 0xff, 0x68, 0x98, 0x38, 0xff, 0x70, 0x98, 0x40, 0xff,
    0x70, 0x98, 0x40, 0xff, 0x70, 0x9c, 0x40, 0xff, 0x70, 0x98, 0x40, 0xff,
    0x68, 0x9c, 0x38, 0xff, 0x70, 0x98, 0x38, 0xff, 0x70, 0x9c, 0x40, 0xff,
    0x70, 0x98, 0x40, 0xff, 0x68, 0x9c, 0x40, 0xff, 0x70, 0x98, 0x38, 0xff,
    0x70, 0x98, 0x40, 0xff, 0xd0, 0xe0, 0xc0, 0xff, 0xf8, 0xfc, 0xf8, 0xff,
    0xf8, 0xfc, 0xf8, 0xff, 0xf8, 0xfc, 0xf8, 0xff, 0xf8, 0xfc, 0xf8, 0xff,
    0xf8, 0xfc, 0xf8, 0xff, 0xf8, 0xfc, 0xf8, 0xff, 0xf8, 0xfc, 0xf8, 0xff,
    0xf8, 0xfc, 0xf8, 0xff, 0xf8, 0xfc, 0xf8, 0xff, 0xf8, 0xfc, 0xf8, 0xff,
    0xf8, 0xfc, 0xf8, 0xff, 0xf8, 0xfc, 0xf8, 0xff, 0xf8, 0xfc, 0xf8, 0xff,
    0xf8, 0xfc, 0xf8, 0xff, 0xf8, 0xfc, 0xf8, 0xff, 0xf8, 0xfc, 0xf8, 0xff,
    0xf8, 0xfc, 0xf8, 0xff, 0xf8, 0xfc, 0xf8, 0xff, 0xd0, 0xe0, 0xc0, 0xff,
    0x70, 0x98, 0x40, 0xff, 0x68, 0x98, 0x40, 0xff, 0x70, 0x9c, 0x40, 0xff,
    0x68, 0x98, 0x40, 0xff, 0x68, 0x98, 0x40, 0xff, 0x70, 0x98, 0x38, 0xff,
    0x70, 0x98, 0x40, 0xff, 0x60, 0x84, 0x40, 0xff, 0x38, 0x3c, 0x38, 0xff,
    0x38, 0x3c, 0x40, 0xff, 0x38, 0x3c, 0x38, 0xff, 0x38, 0x3c, 0x40, 0xff,
    0x38, 0x3c, 0x40, 0xff, 0x38, 0x3c, 0x38, 0xff, 0x38, 0x3c, 0x38, 0xff,
    0x38, 0x3c, 0x40, 0xff, 0x38, 0x3c, 0x40, 0xff, 0x38, 0x3c, 0x38, 0xff,
    0x38, 0x3c, 0x40, 0xff, 0x38, 0x3c, 0x40, 0xff, 0x38, 0x3c, 0x38, 0xff,
    0x38, 0x3c, 0x40, 0xff, 0x38, 0x3c, 0x40, 0xff, 0x38, 0x3c, 0x38, 0xff,
    0x38, 0x3c, 0x40, 0xff, 0x38, 0x3c, 0x38, 0xff, 0x38, 0x3c, 0x40, 0xff,
    0x38, 0x3c, 0x40, 0xff, 0x38, 0x3c, 0x40, 0xff, 0x38, 0x3c, 0x38, 0xff,
    0x38, 0x3c, 0x40, 0xff, 0x38, 0x3c, 0x38, 0xff, 0x38, 0x3c, 0x40, 0xff,
    0x38, 0x3c, 0x40, 0xff, 0x38, 0x3c, 0x38, 0xff, 0x38, 0x3c, 0x40, 0xff,
    0x38, 0x3c, 0x38, 0xff, 0x38, 0x3c, 0x40, 0xff, 0x38, 0x3c, 0x40, 0xff,
    0x38, 0x3c, 0x38, 0xff, 0x38, 0x3c, 0x40, 0xff, 0x38, 0x3c, 0x38, 0xff,
    0x38, 0x3c, 0x40, 0xff, 0x38, 0x3c, 0x40, 0xff, 0x38, 0x3c, 0x38, 0xff,
    0x38, 0x3c, 0x40, 0xff, 0x38, 0x3c, 0x40, 0xff, 0x38, 0x3c, 0x38, 0xff,
    0x38, 0x3c, 0x40, 0xff, 0x38, 0x3c, 0x40, 0xff, 0x38, 0x3c, 0x38, 0xff,
    0x38, 0x3c, 0x40, 0xff, 0x38, 0x3c, 0x40, 0xff, 0x38, 0x3c, 0x38, 0xff,
    0x38, 0x3c, 0x40, 0xff, 0x38, 0x3c, 0x40, 0xff, 0x38, 0x3c, 0x38, 0xff,
    0x38, 0x3c, 0x40, 0xff, 0x38, 0x3c, 0x40, 0xff, 0x38, 0x3c, 0x38, 0xff,
    0x38, 0x3c, 0x40, 0xff, 0x38, 0x3c, 0x40, 0xff, 0x38, 0x3c, 0x38, 0xff,
    0x38, 0x3c, 0x40, 0xff, 0x38, 0x3c, 0x38, 0xff, 0x38, 0x3c, 0x40, 0xff,
    0x38, 0x3c, 0x38, 0xff, 0x38, 0x3c, 0x40, 0xff, 0x38, 0x3c, 0x40, 0xff,
    0x38, 0x3c, 0x38, 0xff, 0x38, 0x3c, 0x40, 0xff, 0x38, 0x3c, 0x40, 0xff,
    0x38, 0x3c, 0x38, 0xff, 0x38, 0x3c, 0x40, 0xff, 0x38, 0x3c, 0x40, 0xff,
    0x38, 0x3c, 0x38, 0xff, 0x38, 0x3c, 0x40, 0xff, 0x38, 0x3c, 0x40, 0xff,
    0x38, 0x3c, 0x38, 0xff, 0x38, 0x3c, 0x40, 0xff, 0x38, 0x3c, 0x40, 0xff,
    0x38, 0x3c, 0x40, 0xff, 0x38, 0x3c, 0x40, 0xff, 0x38, 0x3c, 0x38, 0xff,
    0x38, 0x3c, 0x40, 0xff, 0x38, 0x3c, 0x38, 0xff, 0x38, 0x3c, 0x40, 0xff,
    0x38, 0x3c, 0x38, 0xff, 0x38, 0x3c, 0x40, 0xff, 0x38, 0x3c, 0x40, 0xff,
    0x38, 0x3c, 0x38, 0xff, 0x38, 0x3c, 0x40, 0xff, 0x38, 0x3c, 0x40, 0xff,
    0x38, 0x3c, 0x38, 0xff, 0x38, 0x3c, 0x40, 0xff, 0x38, 0x3c, 0x40, 0xff,
    0x38, 0x3c, 0x38, 0xff, 0x38, 0x3c, 0x40, 0xff, 0x38, 0x3c, 0x40, 0xff,
    0x38, 0x3c, 0x38, 0xff, 0x38, 0x3c, 0x38, 0xff, 0x38, 0x3c, 0x40, 0xbe,
    0x70, 0x98, 0x40, 0x8e, 0x70, 0x98, 0x40, 0xff, 0x70, 0x98, 0x40, 0xff,
    0x68, 0x9c, 0x38, 0xff, 0x70, 0x98, 0x40, 0xff, 0x70, 0x98, 0x40, 0xff,
    0x68, 0x9c, 0x40, 0xff, 0x70, 0x98, 0x40, 0xff, 0x70, 0x98, 0x40, 0xff,
    0x68, 0x9c, 0x40, 0xff, 0x70, 0x98, 0x38, 0xff, 0x70, 0x98, 0x40, 0xff,
    0x70, 0x9c, 0x40, 0xff, 0x68, 0x98, 0x40, 0xff, 0x70, 0x98, 0x40, 0xff,
    0x70, 0x98, 0x40, 0xff, 0x70, 0x98, 0x40, 0xff, 0x70, 0x9c, 0x38, 0xff,
    0x68, 0x98, 0x40, 0xff, 0x70, 0x98, 0x40, 0xff, 0x70, 0x9c, 0x40, 0xff,
    0x68, 0x98, 0x40, 0xff, 0x70, 0x98, 0x38, 0xff, 0x70, 0x98, 0x40, 0xff,
    0x70, 0x9c, 0x40, 0xff, 0x70, 0x98, 0x40, 0xff, 0x68, 0x9c, 0x40, 0xff,
    0x70, 0x9c, 0x40, 0xff, 0x70, 0x98, 0x38, 0xff, 0x68, 0x98, 0x40, 0xff,
    0x70, 0x98, 0x40, 0xff, 0x70, 0x98, 0x38, 0xff, 0x68, 0x98, 0x38, 0xff,
    0x70, 0x98, 0x40, 0xff, 0x68, 0x98, 0x38, 0xff, 0x68, 0x98, 0x38, 0xff,
    0x70, 0x98, 0x40, 0xff, 0x70, 0x98, 0x40, 0xff, 0x70, 0x98, 0x40, 0xff,
    0x70, 0x98, 0x40, 0xff, 0x70, 0x98, 0x40, 0xff, 0x70, 0x9c, 0x40, 0xff,
    0x70, 0x98, 0x38, 0xff, 0x68, 0x98, 0x40, 0xff, 0x70, 0x98, 0x40, 0xff,
    0x68, 0x98, 0x38, 0xff, 0x70, 0x98, 0x40, 0xff, 0x68, 0x98, 0x38, 0xff,
    0x70, 0x98, 0x38, 0xff, 0x70, 0x9c, 0x40, 0xff, 0x68, 0x98, 0x40, 0xff,
    0x70, 0x98, 0x40, 0xff, 0x70, 0x9c, 0x40, 0xff, 0x68, 0x98, 0x38, 0xff,
    0x70, 0x98, 0x40, 0xff, 0x70, 0x9c, 0x40, 0xff, 0x70, 0x98, 0x38, 0xff,
    0x70, 0x98, 0x40, 0xff, 0x68, 0x98, 0x40, 0xff, 0x70, 0x98, 0x40, 0xff,
    0x70, 0x9c, 0x38, 0xff, 0x70, 0x98, 0x40, 0xff, 0x70, 0x98, 0x40, 0xff,
    0x70, 0x98, 0x40, 0xff, 0x70, 0x98, 0x40, 0xff, 0x70, 0x9c, 0x40, 0xff,
    0x70, 0x98, 0x40, 0xff, 0x68, 0x98, 0x38, 0xff, 0x70, 0x9c, 0x40, 0xff,
    0x70, 0x98, 0x40, 0xff, 0x68, 0x98, 0x38, 0xff, 0x68, 0x98, 0x38, 0xff,
    0x70, 0x98, 0x40, 0xff, 0x70, 0x98, 0x40, 0xff, 0x68, 0x9c, 0x38, 0xff,
    0x70, 0x98, 0x40, 0xff, 0x70, 0x98, 0x40, 0xff, 0x70, 0x98, 0x40, 0xff,
    0x68, 0x98, 0x38, 0xff, 0x70, 0x98, 0x40, 0xff, 0x70, 0x98, 0x40, 0xff,
    0x70, 0x9c, 0x40, 0xff, 0x70, 0x98, 0x40, 0xff, 0x70, 0x98, 0x40, 0xff,
    0x68, 0x98, 0x38, 0xff, 0x70, 0x9c, 0x40, 0xff, 0x70, 0x98, 0x40, 0xff,
    0x70, 0x98, 0x40, 0xff, 0x70, 0x98, 0x40, 0xff, 0x70, 0x9c, 0x40, 0xff,
    0x70, 0x98, 0x40, 0xff, 0x68, 0x9c, 0x38, 0xff, 0x70, 0x98, 0x40, 0xff,
    0x70, 0x98, 0x40, 0xff, 0x68, 0x98, 0x38, 0xff, 0x68, 0x9c, 0x38, 0xff,
    0x70, 0x98, 0x40, 0xff, 0x70, 0x98, 0x40, 0xff, 0x68, 0x98, 0x38, 0xff,
    0x70, 0x9c, 0x40, 0xff, 0x70, 0x98, 0x40, 0xff, 0x70, 0x98, 0x40, 0xff,
    0x68, 0x98, 0x38, 0xff, 0x70, 0x98, 0x40, 0xff, 0x70, 0x98, 0x40, 0xff,
    0x68, 0x98, 0x40, 0xff, 0x70, 0x98, 0x40, 0xff, 0x70, 0x9c, 0x40, 0xff,
    0x70, 0x98, 0x38, 0xff, 0x68, 0x98, 0x40, 0xff, 0x70, 0x98, 0x40, 0xff,
    0x70, 0x9c, 0x40, 0xff, 0x70, 0x98, 0x40, 0xff, 0xa8, 0xc4, 0x90, 0xff,
    0xf8, 0xfc, 0xf8, 0xff, 0xf8, 0xfc, 0xf8, 0xff, 0xf8, 0xfc, 0xf8, 0xff,
    0xf8, 0xfc, 0xf8, 0xff, 0xf8, 0xfc, 0xf8, 0xff, 0xf8, 0xfc, 0xf8, 0xff,
    0xf8, 0xfc, 0xf8, 0xff, 0xf8, 0xfc, 0xf8, 0xff, 0xf8, 0xfc, 0xf8, 0xff,
    0xf8, 0xfc, 0xf8, 0xff, 0xf8, 0xfc, 0xf8, 0xff, 0xf8, 0xfc, 0xf8, 0xff,
    0xf8, 0xfc, 0xf8, 0xff, 0xf8, 0xfc, 0xf8, 0xff, 0xf8, 0xfc, 0xf8, 0xff,
    0xf8, 0xfc, 0xf8, 0xff, 0xf8, 0xfc, 0xf8, 0xff, 0xf8, 0xfc, 0xf8, 0xff,
    0xa0, 0xc0, 0x88, 0xff, 0x70, 0x98, 0x40, 0xff, 0x70, 0x98, 0x38, 0xff,
    0x70, 0x98, 0x40, 0xff, 0x70, 0x9c, 0x40, 0xff, 0x70, 0x98, 0x38, 0xff,
    0x68, 0x98, 0x40, 0xff, 0x70, 0x98, 0x40, 0xff, 0x58, 0x70, 0x38, 0xff,
    0x38, 0x3c, 0x40, 0xff, 0x38, 0x3c, 0x40, 0xff, 0x38, 0x3c, 0x38, 0xff,
    0x38, 0x3c, 0x40, 0xff, 0x38, 0x3c, 0x40, 0xff, 0x38, 0x3c, 0x38, 0xff,
    0x38, 0x3c, 0x40, 0xff, 0x38, 0x3c, 0x40, 0xff, 0x38, 0x3c, 0x38, 0xff,
    0x38, 0x3c, 0x38, 0xff, 0x38, 0x3c, 0x40, 0xff, 0x38, 0x3c, 0x38, 0xff,
    0x38, 0x3c, 0x40, 0xff, 0x38, 0x3c, 0x38, 0xff, 0x38, 0x3c, 0x40, 0xff,
    0x38, 0x3c, 0x40, 0xff, 0x38, 0x3c, 0x38, 0xff, 0x38, 0x3c, 0x40, 0xff,
    0x38, 0x3c, 0x38, 0xff, 0x38, 0x3c, 0x40, 0xff, 0x38, 0x3c, 0x40, 0xff,
    0x38, 0x3c, 0x40, 0xff, 0x38, 0x3c, 0x38, 0xff, 0x38, 0x3c, 0x40, 0xff,
    0x38, 0x3c, 0x40, 0xff, 0x38, 0x3c, 0x38, 0xff, 0x38, 0x3c, 0x40, 0xff,
    0x38, 0x3c, 0x40, 0xff, 0x38, 0x3c, 0x38, 0xff, 0x38, 0x3c, 0x38, 0xff,
    0x38, 0x3c, 0x40, 0xff, 0x38, 0x3c, 0x40, 0xff, 0x38, 0x3c, 0x38, 0xff,
    0x38, 0x3c, 0x40, 0xff, 0x38, 0x3c, 0x40, 0xff, 0x38, 0x3c, 0x38, 0xff,
    0x38, 0x3c, 0x40, 0xff, 0x38, 0x3c, 0x40, 0xff, 0x38, 0x3c, 0x38, 0xff,
    0x38, 0x3c, 0x40, 0xff, 0x38, 0x3c, 0x40, 0xff, 0x38, 0x3c, 0x40, 0xff,
    0x38, 0x3c, 0x38, 0xff, 0x38, 0x3c, 0x40, 0xff, 0x38, 0x3c, 0x40, 0xff,
    0x38, 0x3c, 0x38, 0xff, 0x38, 0x3c, 0x38, 0xff, 0x38, 0x3c, 0x40, 0xff,
    0x38, 0x3c, 0x40, 0xff, 0x38, 0x3c, 0x38, 0xff, 0x38, 0x3c, 0x40, 0xff,
    0x38, 0x3c, 0x40, 0xff, 0x38, 0x3c, 0x38, 0xff, 0x38, 0x3c, 0x40, 0xff,
    0x38, 0x3c, 0x40, 0xff, 0x38, 0x3c, 0x38, 0xff, 0x38, 0x3c, 0x40, 0xff,
    0x38, 0x3c, 0x40, 0xff, 0x38, 0x3c, 0x38, 0xff, 0x38, 0x3c, 0x40, 0xff,
    0x38, 0x3c, 0x40, 0xff, 0x38, 0x3c, 0x38, 0xff, 0x38, 0x3c, 0x40, 0xff,
    0x38, 0x3c, 0x40, 0xff, 0x38, 0x3c, 0x38, 0xff, 0x38, 0x3c, 0x40, 0xff,
    0x38, 0x3c, 0x40, 0xff, 0x38, 0x3c, 0x38, 0xff, 0x38, 0x3c, 0x40, 0xff,
    0x38, 0x3c, 0x40, 0xff, 0x38, 0x3c, 0x38, 0xff, 0x38, 0x3c, 0x40, 0xff,
    0x38, 0x3c, 0x38, 0xff, 0x38, 0x3c, 0x40, 0xff, 0x38, 0x3c, 0x40, 0xff,
    0x38, 0x3c, 0x38, 0xff, 0x38, 0x3c, 0x40, 0xff, 0x38, 0x3c, 0x40, 0xff,
    0x38, 0x3c, 0x38, 0xff, 0x38, 0x3c, 0x40, 0xff, 0x38, 0x3c, 0x38, 0xff,
    0x38, 0x3c, 0x40, 0xff, 0x38, 0x3c, 0x38, 0xff, 0x38, 0x3c, 0x40, 0xff,
    0x38, 0x3c, 0x40, 0xff, 0x38, 0x3c, 0x38, 0xff, 0x38, 0x3c, 0x40, 0xff,
    0x38, 0x3c, 0x38, 0xff, 0x38, 0x3c, 0x40, 0xff, 0x38, 0x3c, 0x38, 0xff,
    0x38, 0x3c, 0x40, 0xff, 0x38, 0x3c, 0x40, 0xff, 0x38, 0x3c, 0x40, 0xff,
    0x38, 0x3c, 0x38, 0x8e, 0x68, 0x98, 0x38, 0x41, 0x70, 0x98, 0x40, 0xff,
    0x70, 0x98, 0x40, 0xff, 0x70, 0x98, 0x40, 0xff, 0x68, 0x98, 0x38, 0xff,
    0x70, 0x9c, 0x40, 0xff, 0x70, 0x98, 0x38, 0xff, 0x70, 0x98, 0x40, 0xff,
    0x70, 0x98, 0x40, 0xff, 0x70, 0x98, 0x38, 0xff, 0x70, 0x98, 0x40, 0xff,
    0x70, 0x98, 0x40, 0xff, 0x68, 0x9c, 0x38, 0xff, 0x70, 0x98, 0x40, 0xff,
    0x70, 0x9c, 0x38, 0xff, 0x68, 0x98, 0x40, 0xff, 0x70, 0x98, 0x40, 0xff,
    0x70, 0x9c, 0x40, 0xff, 0x70, 0x98, 0x38, 0xff, 0x68, 0x98, 0x40, 0xff,
    0x70, 0x9c, 0x40, 0xff, 0x70, 0x98, 0x38, 0xff, 0x68, 0x98, 0x40, 0xff,
    0x70, 0x98, 0x40, 0xff, 0x68, 0x98, 0x38, 0xff, 0x70, 0x98, 0x40, 0xff,
    0x70, 0x98, 0x40, 0xff, 0x70, 0x98, 0x40, 0xff, 0x70, 0x9c, 0x40, 0xff,
    0x70, 0x98, 0x40, 0xff, 0x70, 0x98, 0x40, 0xff, 0x70, 0x9c, 0x40, 0xff,
    0x70, 0x98, 0x40, 0xff, 0x70, 0x9c, 0x40, 0xff, 0x70, 0x98, 0x40, 0xff,
    0x70, 0x9c, 0x40, 0xff, 0x68, 0x98, 0x38, 0xff, 0x70, 0x9c, 0x40, 0xff,
    0x68, 0x98, 0x38, 0xff, 0x68, 0x98, 0x40, 0xff, 0x70, 0x9c, 0x40, 0xff,
    0x70, 0x98, 0x40, 0xff, 0x70, 0x98, 0x40, 0xff, 0x70, 0x9c, 0x40, 0xff,
    0x70, 0x98, 0x40, 0xff, 0x70, 0x9c, 0x40, 0xff, 0x70, 0x98, 0x40, 0xff,
    0x70, 0x98, 0x40, 0xff, 0x70, 0x98, 0x40, 0xff, 0x70, 0x98, 0x38, 0xff,
    0x70, 0x9c, 0x40, 0xff, 0x70, 0x98, 0x40, 0xff, 0x70, 0x98, 0x40, 0xff,
    0x68, 0x9c, 0x40, 0xff, 0x70, 0x98, 0x40, 0xff, 0x70, 0x98, 0x38, 0xff,
    0x68, 0x9c, 0x40, 0xff, 0x70, 0x98, 0x40, 0xff, 0x70, 0x98, 0x40, 0xff,
    0x70, 0x98, 0x38, 0xff, 0x68, 0x98, 0x40, 0xff, 0x68, 0x9c, 0x40, 0xff,
    0x70, 0x98, 0x38, 0xff, 0x68, 0x98, 0x38, 0xff, 0x70, 0x9c, 0x40, 0xff,
    0x70, 0x98, 0x40, 0xff, 0x68, 0x98, 0x40, 0xff, 0x70, 0x98, 0x38, 0xff,
    0x70, 0x9c, 0x40, 0xff, 0x70, 0x98, 0x40, 0xff, 0x70, 0x9c, 0x40, 0xff,
    0x70, 0x9c, 0x40, 0xff, 0x68, 0x98, 0x38, 0xff, 0x70, 0x98, 0x40, 0xff,
    0x70, 0x98, 0x40, 0xff, 0x70, 0x9c, 0x40, 0xff, 0x70, 0x98, 0x40, 0xff,
    0x70, 0x98, 0x40, 0xff, 0x68, 0x9c, 0x38, 0xff, 0x70, 0x98, 0x40, 0xff,
    0x68, 0x98, 0x38, 0xff, 0x68, 0x9c, 0x38, 0xff, 0x70, 0x98, 0x40, 0xff,
    0x70, 0x98, 0x40, 0xff, 0x70, 0x9c, 0x40, 0xff, 0x68, 0x98, 0x38, 0xff,
    0x70, 0x98, 0x40, 0xff, 0x68, 0x98, 0x38, 0xff, 0x70, 0x9c, 0x40, 0xff,
    0x70, 0x98, 0x40, 0xff, 0x68, 0x98, 0x38, 0xff, 0x70, 0x98, 0x40, 0xff,
    0x70, 0x9c, 0x40, 0xff, 0x68, 0x98, 0x38, 0xff, 0x70, 0x9c, 0x40, 0xff,
    0x70, 0x98, 0x40, 0xff, 0x70, 0x98, 0x40, 0xff, 0x68, 0x98, 0x38, 0xff,
    0x70, 0x9c, 0x40, 0xff, 0x70, 0x98, 0x40, 0xff, 0x70, 0x98, 0x40, 0xff,
    0x70, 0x98, 0x40, 0xff, 0x68, 0x9c, 0x38, 0xff, 0x70, 0x9c, 0x40, 0xff,
    0x70, 0x98, 0x38, 0xff, 0x68, 0x98, 0x38, 0xff, 0x70, 0x98, 0x40, 0xff,
    0x70, 0x98, 0x40, 0xff, 0x68, 0x98, 0x40, 0xff, 0x70, 0x98, 0x38, 0xff,
    0x70, 0x98, 0x40, 0xff, 0x70, 0x98, 0x40, 0xff, 0x70, 0x98, 0x38, 0xff,
    0x78, 0xa0, 0x48, 0xff, 0xf8, 0xf8, 0xf0, 0xff, 0xf8, 0xfc, 0xf8, 0xff,
    0xf8, 0xfc, 0xf8, 0xff, 0xf8, 0xfc, 0xf8, 0xff, 0xf8, 0xfc, 0xf8, 0xff,
    0xf8, 0xfc, 0xf8, 0xff, 0xf8, 0xfc, 0xf8, 0xff, 0xf8, 0xfc, 0xf8, 0xff,
    0xf8, 0xfc, 0xf8, 0xff, 0xf8, 0xfc, 0xf8, 0xff, 0xf8, 0xfc, 0xf8, 0xff,
    0xf8, 0xfc, 0xf8, 0xff, 0xf8, 0xfc, 0xf8, 0xff, 0xf8, 0xfc, 0xf8, 0xff,
    0xf8, 0xfc, 0xf8, 0xff, 0xf8, 0xfc, 0xf8, 0xff, 0xf8, 0xfc, 0xf8, 0xff,
    0xf0, 0xf4, 0xe8, 0xff, 0x70, 0x98, 0x40, 0xff, 0x70, 0x98, 0x40, 0xff,
    0x70, 0x98, 0x38, 0xff, 0x68, 0x98, 0x40, 0xff, 0x70, 0x98, 0x40, 0xff,
    0x70, 0x9c, 0x40, 0xff, 0x70, 0x98, 0x40, 0xff, 0x68, 0x98, 0x40, 0xff,
    0x48, 0x58, 0x38, 0xff, 0x38, 0x3c, 0x40, 0xff, 0x38, 0x3c, 0x40, 0xff,
    0x38, 0x3c, 0x38, 0xff, 0x38, 0x3c, 0x40, 0xff, 0x38, 0x3c, 0x40, 0xff,
    0x38, 0x3c, 0x38, 0xff, 0x38, 0x3c, 0x40, 0xff, 0x38, 0x3c, 0x40, 0xff,
    0x38, 0x3c, 0x38, 0xff, 0x38, 0x3c, 0x40, 0xff, 0x38, 0x3c, 0x40, 0xff,
    0x38, 0x3c, 0x40, 0xff, 0x38, 0x3c, 0x38, 0xff, 0x38, 0x3c, 0x40, 0xff,
    0x38, 0x3c, 0x38, 0xff, 0x38, 0x3c, 0x40, 0xff, 0x38, 0x3c, 0x40, 0xff,
    0x38, 0x3c, 0x38, 0xff, 0x38, 0x3c, 0x40, 0xff, 0x38, 0x3c, 0x38, 0xff,
    0x38, 0x3c, 0x38, 0xff, 0x38, 0x3c, 0x40, 0xff, 0x38, 0x3c, 0x40, 0xff,
    0x38, 0x3c, 0x38, 0xff, 0x38, 0x3c, 0x40, 0xff, 0x38, 0x3c, 0x38, 0xff,
    0x38, 0x3c, 0x40, 0xff, 0x38, 0x3c, 0x40, 0xff, 0x38, 0x3c, 0x40, 0xff,
    0x38, 0x3c, 0x38, 0xff, 0x38, 0x3c, 0x40, 0xff, 0x38, 0x3c, 0x40, 0xff,
    0x38, 0x3c, 0x38, 0xff, 0x38, 0x3c, 0x40, 0xff, 0x38, 0x3c, 0x38, 0xff,
    0x38, 0x3c, 0x40, 0xff, 0x38, 0x3c, 0x40, 0xff, 0x38, 0x3c, 0x38, 0xff,
    0x38, 0x3c, 0x40, 0xff, 0x38, 0x3c, 0x38, 0xff, 0x38, 0x3c, 0x40, 0xff,
    0x38, 0x3c, 0x38, 0xff, 0x38, 0x3c, 0x40, 0xff, 0x38, 0x3c, 0x38, 0xff,
    0x38, 0x3c, 0x40, 0xff, 0x38, 0x3c, 0x40, 0xff, 0x38, 0x3c, 0x38, 0xff,
    0x38, 0x3c, 0x40, 0xff, 0x38, 0x3c, 0x40, 0xff, 0x38, 0x3c, 0x38, 0xff,
    0x38, 0x3c, 0x40, 0xff, 0x38, 0x3c, 0x40, 0xff, 0x38, 0x3c, 0x38, 0xff,
    0x38, 0x3c, 0x40, 0xff, 0x38, 0x3c, 0x40, 0xff, 0x38, 0x3c, 0x38, 0xff,
    0x38, 0x3c, 0x40, 0xff, 0x38, 0x3c, 0x40, 0xff, 0x38, 0x3c, 0x38, 0xff,
    0x38, 0x3c, 0x40, 0xff, 0x38, 0x3c, 0x38, 0xff, 0x38, 0x3c, 0x40, 0xff,
    0x38, 0x3c, 0x38, 0xff, 0x38, 0x3c, 0x40, 0xff, 0x38, 0x3c, 0x38, 0xff,
    0x38, 0x3c, 0x40, 0xff, 0x38, 0x3c, 0x38, 0xff, 0x38, 0x3c, 0x40, 0xff,
    0x38, 0x3c, 0x40, 0xff, 0x38, 0x3c, 0x38, 0xff, 0x38, 0x3c, 0x40, 0xff,
    0x38, 0x3c, 0x40, 0xff, 0x38, 0x3c, 0x38, 0xff, 0x38, 0x3c, 0x38, 0xff,
    0x38, 0x3c, 0x40, 0xff, 0x38, 0x3c, 0x40, 0xff, 0x38, 0x3c, 0x38, 0xff,
    0x38, 0x3c, 0x40, 0xff, 0x38, 0x3c, 0x40, 0xff, 0x38, 0x3c, 0x38, 0xff,
    0x38, 0x3c, 0x40, 0xff, 0x38, 0x3c, 0x40, 0xff, 0x38, 0x3c, 0x38, 0xff,
    0x38, 0x3c, 0x40, 0xff, 0x38, 0x3c, 0x38, 0xff, 0x38, 0x3c, 0x40, 0xff,
    0x38, 0x3c, 0x40, 0xff, 0x38, 0x3c, 0x38, 0xff, 0x38, 0x3c, 0x40, 0xff,
    0x38, 0x3c, 0x40, 0xff, 0x38, 0x3c, 0x38, 0xff, 0x38, 0x3c, 0x40, 0xff,
    0x38, 0x3c, 0x40, 0xff, 0x38, 0x3c, 0x38, 0x51, 0x70, 0xa0, 0x40, 0x10,
    0x70, 0x98, 0x40, 0xef, 0x68, 0x98, 0x38, 0xff, 0x70, 0x9c, 0x40, 0xff,
    0x70, 0x98, 0x40, 0xff, 0x70, 0x98, 0x40, 0xff, 0x68, 0x98, 0x38, 0xff,
    0x70, 0x9c, 0x40, 0xff, 0x68, 0x98, 0x40, 0xff, 0x70, 0x98, 0x38, 0xff,
    0x70, 0x9c, 0x40, 0xff, 0x68, 0x98, 0x40, 0xff, 0x70, 0x98, 0x40, 0xff,
    0x70, 0x98, 0x38, 0xff, 0x70, 0x98, 0x40, 0xff, 0x70, 0x9c, 0x40, 0xff,
    0x68, 0x98, 0x38, 0xff, 0x70, 0x98, 0x40, 0xff, 0x70, 0x98, 0x40, 0xff,
    0x70, 0x98, 0x38, 0xff, 0x70, 0x98, 0x40, 0xff, 0x70, 0x9c, 0x40, 0xff,
    0x70, 0x98, 0x40, 0xff, 0x70, 0x9c, 0x40, 0xff, 0x70, 0x98, 0x38, 0xff,
    0x68, 0x98, 0x40, 0xff, 0x70, 0x98, 0x38, 0xff, 0x68, 0x98, 0x38, 0xff,
    0x70, 0x98, 0x40, 0xff, 0x68, 0x9c, 0x38, 0xff, 0x70, 0x98, 0x40, 0xff,
    0x68, 0x98, 0x40, 0xff, 0x70, 0x9c, 0x38, 0xff, 0x70, 0x98, 0x40, 0xff,
    0x70, 0x98, 0x40, 0xff, 0x70, 0x98, 0x40, 0xff, 0x70, 0x9c, 0x40, 0xff,
    0x70, 0x98, 0x40, 0xff, 0x70, 0x98, 0x38, 0xff, 0x70, 0x9c, 0x40, 0xff,
    0x68, 0x98, 0x38, 0xff, 0x70, 0x98, 0x38, 0xff, 0x68, 0x98, 0x40, 0xff,
    0x70, 0x98, 0x38, 0xff, 0x70, 0x9c, 0x40, 0xff, 0x68, 0x98, 0x38, 0xff,
    0x70, 0x98, 0x40, 0xff, 0x70, 0x9c, 0x40, 0xff, 0x68, 0x98, 0x40, 0xff,
    0x70, 0x98, 0x40, 0xff, 0x68, 0x98, 0x38, 0xff, 0x70, 0x98, 0x40, 0xff,
    0x70, 0x98, 0x38, 0xff, 0x70, 0x9c, 0x40, 0xff, 0x70, 0x98, 0x40, 0xff,
    0x68, 0x98, 0x40, 0xff, 0x70, 0x98, 0x38, 0xff, 0x70, 0x9c, 0x40, 0xff,
    0x70, 0x98, 0x40, 0xff, 0x70, 0x98, 0x40, 0xff, 0x70, 0x9c, 0x40, 0xff,
    0x70, 0x98, 0x40, 0xff, 0x70, 0x98, 0x40, 0xff, 0x68, 0x98, 0x40, 0xff,
    0x70, 0x98, 0x38, 0xff, 0x70, 0x98, 0x40, 0xff, 0x70, 0x98, 0x40, 0xff,
    0x68, 0x9c, 0x40, 0xff, 0x70, 0x98, 0x38, 0xff, 0x68, 0x98, 0x40, 0xff,
    0x70, 0x98, 0x40, 0xff, 0x70, 0x98, 0x40, 0xff, 0x70, 0x98, 0x40, 0xff,
    0x70, 0x9c, 0x38, 0xff, 0x68, 0x98, 0x40, 0xff, 0x70, 0x98, 0x38, 0xff,
    0x68, 0x98, 0x40, 0xff, 0x70, 0x9c, 0x40, 0xff, 0x70, 0x98, 0x40, 0xff,
    0x70, 0x98, 0x40, 0xff, 0x70, 0x98, 0x40, 0xff, 0x70, 0x98, 0x40, 0xff,
    0x70, 0x98, 0x40, 0xff, 0x70, 0x98, 0x40, 0xff, 0x70, 0x98, 0x40, 0xff,
    0x70, 0x98, 0x40, 0xff, 0x68, 0x98, 0x38, 0xff, 0x70, 0x9c, 0x40, 0xff,
    0x70, 0x98, 0x40, 0xff, 0x68, 0x98, 0x38, 0xff, 0x70, 0x98, 0x40, 0xff,
    0x70, 0x98, 0x40, 0xff, 0x70, 0x98, 0x40, 0xff, 0x70, 0x98, 0x40, 0xff,
    0x70, 0x98, 0x40, 0xff, 0x70, 0x98, 0x40, 0xff, 0x70, 0x9c, 0x40, 0xff,
    0x70, 0x98, 0x40, 0xff, 0x70, 0x98, 0x40, 0xff, 0x68, 0x98, 0x38, 0xff,
    0x70, 0x98, 0x40, 0xff, 0x70, 0x9c, 0x40, 0xff, 0x70, 0x98, 0x40, 0xff,
    0x70, 0x98, 0x40, 0xff, 0x70, 0x9c, 0x40, 0xff, 0x70, 0x98, 0x40, 0xff,
    0x70, 0x9c, 0x40, 0xff, 0x70, 0x98, 0x40, 0xff, 0x70, 0x9c, 0x40, 0xff,
    0x70, 0x9c, 0x40, 0xff, 0x68, 0x98, 0x38, 0xff, 0x70, 0x98, 0x40, 0xff,
    0x68, 0x9c, 0x40, 0xff, 0x70, 0x98, 0x40, 0xff, 0x98, 0xb8, 0x78, 0xff,
    0xf8, 0xfc, 0xf8, 0xff, 0xf8, 0xfc, 0xf8, 0xff, 0xf8, 0xfc, 0xf8, 0xff,
    0xf8, 0xfc, 0xf8, 0xff, 0xf8, 0xfc, 0xf8, 0xff, 0xf8, 0xfc, 0xf8, 0xff,
    0xf8, 0xfc, 0xf8, 0xff, 0xf8, 0xfc, 0xf8, 0xff, 0xf8, 0xfc, 0xf8, 0xff,
    0xf8, 0xfc, 0xf8, 0xff, 0xf8, 0xfc, 0xf8, 0xff, 0xf8, 0xfc, 0xf8, 0xff,
    0xf8, 0xfc, 0xf8, 0xff, 0xf8, 0xfc, 0xf8, 0xff, 0xf8, 0xfc, 0xf8, 0xff,
    0xf8, 0xfc, 0xf8, 0xff, 0xa0, 0xc0, 0x88, 0xff, 0x70, 0x98, 0x40, 0xff,
    0x70, 0x98, 0x38, 0xff, 0x68, 0x9c, 0x40, 0xff, 0x70, 0x98, 0x40, 0xff,
    0x70, 0x98, 0x38, 0xff, 0x70, 0x9c, 0x40, 0xff, 0x70, 0x98, 0x40, 0xff,
    0x68, 0x90, 0x40, 0xff, 0x38, 0x3c, 0x38, 0xff, 0x38, 0x3c, 0x40, 0xff,
    0x38, 0x3c, 0x38, 0xff, 0x38, 0x3c, 0x40, 0xff, 0x38, 0x3c, 0x38, 0xff,
    0x38, 0x3c, 0x40, 0xff, 0x38, 0x3c, 0x40, 0xff, 0x38, 0x3c, 0x38, 0xff,
    0x38, 0x3c, 0x40, 0xff, 0x38, 0x3c, 0x40, 0xff, 0x38, 0x3c, 0x38, 0xff,
    0x38, 0x3c, 0x40, 0xff, 0x38, 0x3c, 0x40, 0xff, 0x38, 0x3c, 0x38, 0xff,
    0x38, 0x3c, 0x40, 0xff, 0x38, 0x3c, 0x40, 0xff, 0x38, 0x3c, 0x38, 0xff,
    0x38, 0x3c, 0x40, 0xff, 0x38, 0x3c, 0x40, 0xff, 0x38, 0x3c, 0x40, 0xff,
    0x38, 0x3c, 0x40, 0xff, 0x38, 0x3c, 0x38, 0xff, 0x38, 0x3c, 0x40, 0xff,
    0x38, 0x3c, 0x40, 0xff, 0x38, 0x3c, 0x38, 0xff, 0x38, 0x3c, 0x40, 0xff,
    0x38, 0x3c, 0x40, 0xff, 0x38, 0x3c, 0x38, 0xff, 0x38, 0x3c, 0x40, 0xff,
    0x38, 0x3c, 0x40, 0xff, 0x38, 0x3c, 0x38, 0xff, 0x38, 0x3c, 0x40, 0xff,
    0x38, 0x3c, 0x38, 0xff, 0x38, 0x3c, 0x40, 0xff, 0x38, 0x3c, 0x40, 0xff,
    0x38, 0x3c, 0x38, 0xff, 0x38, 0x3c, 0x40, 0xff, 0x38, 0x3c, 0x38, 0xff,
    0x38, 0x3c, 0x40, 0xff, 0x38, 0x3c, 0x40, 0xff, 0x38, 0x3c, 0x38, 0xff,
    0x38, 0x3c, 0x40, 0xff, 0x38, 0x3c, 0x40, 0xff, 0x38, 0x3c, 0x38, 0xff,
    0x38, 0x3c, 0x40, 0xff, 0x38, 0x3c, 0x40, 0xff, 0x38, 0x3c, 0x38, 0xff,
    0x38, 0x3c, 0x40, 0xff, 0x38, 0x3c, 0x40, 0xff, 0x38, 0x3c, 0x38, 0xff,
    0x38, 0x3c, 0x40, 0xff, 0x38, 0x3c, 0x38, 0xff, 0x38, 0x3c, 0x40, 0xff,
    0x38, 0x3c, 0x38, 0xff, 0x38, 0x3c, 0x40, 0xff, 0x38, 0x3c, 0x38, 0xff,
    0x38, 0x3c, 0x40, 0xff, 0x38, 0x3c, 0x38, 0xff, 0x38, 0x3c, 0x40, 0xff,
    0x38, 0x3c, 0x40, 0xff, 0x38, 0x3c, 0x38, 0xff, 0x38, 0x3c, 0x40, 0xff,
    0x38, 0x3c, 0x40, 0xff, 0x38, 0x3c, 0x40, 0xff, 0x38, 0x3c, 0x38, 0xff,
    0x38, 0x3c, 0x40, 0xff, 0x38, 0x3c, 0x40, 0xff, 0x38, 0x3c, 0x38, 0xff,
    0x38, 0x3c, 0x40, 0xff, 0x38, 0x3c, 0x38, 0xff, 0x38, 0x3c, 0x40, 0xff,
    0x38, 0x3c, 0x40, 0xff, 0x38, 0x3c, 0x38, 0xff, 0x38, 0x3c, 0x40, 0xff,
    0x38, 0x3c, 0x40, 0xff, 0x38, 0x3c, 0x38, 0xff, 0x38, 0x3c, 0x40, 0xff,
    0x38, 0x3c, 0x38, 0xff, 0x38, 0x3c, 0x40, 0xff, 0x38, 0x3c, 0x40, 0xff,
    0x38, 0x3c, 0x38, 0xff, 0x38, 0x3c, 0x40, 0xff, 0x38, 0x3c, 0x40, 0xff,
    0x38, 0x3c, 0x38, 0xff, 0x38, 0x3c, 0x40, 0xff, 0x38, 0x3c, 0x40, 0xff,
    0x38, 0x3c, 0x38, 0xff, 0x38, 0x3c, 0x40, 0xff, 0x38, 0x3c, 0x40, 0xff,
    0x38, 0x3c, 0x38, 0xff, 0x38, 0x3c, 0x40, 0xff, 0x38, 0x3c, 0x38, 0xff,
    0x38, 0x3c, 0x38, 0xff, 0x38, 0x3c, 0x40, 0xdf, 0x00, 0x00, 0x00, 0x00,
    0x00, 0x00, 0x00, 0x00, 0x70, 0x98, 0x40, 0x82, 0x70, 0x98, 0x40, 0xff,
    0x68, 0x98, 0x38, 0xff, 0x70, 0x9c, 0x40, 0xff, 0x70, 0x98, 0x40, 0xff,
    0x70, 0x98, 0x40, 0xff, 0x68, 0x9c, 0x40, 0xff, 0x70, 0x98, 0x40, 0xff,
    0x70, 0x98, 0x40, 0xff, 0x68, 0x9c, 0x40, 0xff, 0x70, 0x98, 0x40, 0xff,
    0x70, 0x98, 0x40, 0xff, 0x68, 0x98, 0x40, 0xff, 0x70, 0x98, 0x40, 0xff,
    0x70, 0x98, 0x40, 0xff, 0x70, 0x9c, 0x38, 0xff, 0x68, 0x98, 0x40, 0xff,
    0x70, 0x98, 0x40, 0xff, 0x70, 0x9c, 0x40, 0xff, 0x68, 0x98, 0x40, 0xff,
    0x70, 0x98, 0x38, 0xff, 0x68, 0x98, 0x40, 0xff, 0x70, 0x98, 0x40, 0xff,
    0x70, 0x9c, 0x40, 0xff, 0x70, 0x9c, 0x40, 0xff, 0x70, 0x98, 0x40, 0xff,
    0x70, 0x98, 0x40, 0xff, 0x68, 0x9c, 0x40, 0xff, 0x70, 0x98, 0x40, 0xff,
    0x70, 0x98, 0x38, 0xff, 0x70, 0x98, 0x40, 0xff, 0x68, 0x98, 0x40, 0xff,
    0x70, 0x98, 0x38, 0xff, 0x68, 0x98, 0x40, 0xff, 0x70, 0x98, 0x38, 0xff,
    0x70, 0x98, 0x40, 0xff, 0x68, 0x98, 0x40, 0xff, 0x70, 0x98, 0x40, 0xff,
    0x70, 0x98, 0x40, 0xff, 0x70, 0x98, 0x40, 0xff, 0x70, 0x9c, 0x40, 0xff,
    0x70, 0x98, 0x40, 0xff, 0x68, 0x98, 0x40, 0xff, 0x70, 0x98, 0x38, 0xff,
    0x70, 0x98, 0x40, 0xff, 0x68, 0x98, 0x40, 0xff, 0x70, 0x9c, 0x38, 0xff,
    0x70, 0x98, 0x40, 0xff, 0x68, 0x98, 0x40, 0xff, 0x70, 0x9c, 0x40, 0xff,
    0x70, 0x98, 0x38, 0xff, 0x68, 0x98, 0x40, 0xff, 0x70, 0x98, 0x40, 0xff,
    0x70, 0x9c, 0x38, 0xff, 0x70, 0x98, 0x40, 0xff, 0x68, 0x98, 0x40, 0xff,
    0x70, 0x98, 0x38, 0xff, 0x68, 0x9c, 0x40, 0xff, 0x70, 0x98, 0x38, 0xff,
    0x70, 0x98, 0x40, 0xff, 0x70, 0x98, 0x38, 0xff, 0x70, 0x9c, 0x40, 0xff,
    0x70, 0x98, 0x40, 0xff, 0x68, 0x9c, 0x40, 0xff, 0x70, 0x98, 0x38, 0xff,
    0x70, 0x98, 0x40, 0xff, 0x70, 0x98, 0x40, 0xff, 0x70, 0x98, 0x40, 0xff,
    0x68, 0x98, 0x38, 0xff, 0x70, 0x98, 0x40, 0xff, 0x70, 0x98, 0x40, 0xff,
    0x68, 0x9c, 0x38, 0xff, 0x70, 0x98, 0x40, 0xff, 0x70, 0x98, 0x40, 0xff,
    0x70, 0x98, 0x40, 0xff, 0x70, 0x9c, 0x38, 0xff, 0x68, 0x98, 0x40, 0xff,
    0x70, 0x98, 0x40, 0xff, 0x70, 0x9c, 0x38, 0xff, 0x70, 0x9c, 0x40, 0xff,
    0x68, 0x98, 0x40, 0xff, 0x70, 0x9c, 0x38, 0xff, 0x68, 0x98, 0x38, 0xff,
    0x70, 0x9c, 0x40, 0xff, 0x70, 0x98, 0x40, 0xff, 0x70, 0x98, 0x40, 0xff,
    0x70, 0x98, 0x40, 0xff, 0x70, 0x98, 0x40, 0xff, 0x70, 0x9c, 0x40, 0xff,
    0x70, 0x98, 0x40, 0xff, 0x68, 0x9c, 0x38, 0xff, 0x70, 0x98, 0x40, 0xff,
    0x70, 0x9c, 0x40, 0xff, 0x68, 0x98, 0x38, 0xff, 0x68, 0x98, 0x38, 0xff,
    0x70, 0x98, 0x40, 0xff, 0x70, 0x9c, 0x40, 0xff, 0x68, 0x98, 0x38, 0xff,
    0x70, 0x98, 0x40, 0xff, 0x70, 0x9c, 0x40, 0xff, 0x68, 0x98, 0x38, 0xff,
    0x70, 0x98, 0x40, 0xff, 0x68, 0x98, 0x40, 0xff, 0x70, 0x98, 0x38, 0xff,
    0x68, 0x98, 0x40, 0xff, 0x70, 0x98, 0x40, 0xff, 0x68, 0x98, 0x38, 0xff,
    0x70, 0x98, 0x40, 0xff, 0x70, 0x98, 0x40, 0xff, 0x70, 0x98, 0x40, 0xff,
    0x68, 0x9c, 0x40, 0xff, 0x70, 0x98, 0x40, 0xff, 0x70, 0x98, 0x40, 0xff,
    0x70, 0x98, 0x40, 0xff, 0xc0, 0xd4, 0xa8, 0xff, 0xf8, 0xfc, 0xf8, 0xff,
    0xf8, 0xfc, 0xf8, 0xff, 0xf8, 0xfc, 0xf8, 0xff, 0xf8, 0xfc, 0xf8, 0xff,
    0xf8, 0xfc, 0xf8, 0xff, 0xf8, 0xfc, 0xf8, 0xff, 0xf8, 0xfc, 0xf8, 0xff,
    0xf8, 0xfc, 0xf8, 0xff, 0xf8, 0xfc, 0xf8, 0xff, 0xf8, 0xfc, 0xf8, 0xff,
    0xf8, 0xfc, 0xf8, 0xff, 0xf8, 0xfc, 0xf8, 0xff, 0xf8, 0xfc, 0xf8, 0xff,
    0xf8, 0xfc, 0xf8, 0xff, 0xb8, 0xcc, 0xa0, 0xff, 0x70, 0x98, 0x40, 0xff,
    0x70, 0x98, 0x38, 0xff, 0x68, 0x9c, 0x40, 0xff, 0x70, 0x98, 0x40, 0xff,
    0x70, 0x98, 0x40, 0xff, 0x68, 0x9c, 0x38, 0xff, 0x70, 0x98, 0x40, 0xff,
    0x68, 0x98, 0x40, 0xff, 0x50, 0x6c, 0x38, 0xff, 0x38, 0x3c, 0x40, 0xff,
    0x38, 0x3c, 0x40, 0xff, 0x38, 0x3c, 0x38, 0xff, 0x38, 0x3c, 0x40, 0xff,
    0x38, 0x3c, 0x40, 0xff, 0x38, 0x3c, 0x38, 0xff, 0x38, 0x3c, 0x40, 0xff,
    0x38, 0x3c, 0x38, 0xff, 0x38, 0x3c, 0x40, 0xff, 0x38, 0x3c, 0x40, 0xff,
    0x38, 0x3c, 0x38, 0xff, 0x38, 0x3c, 0x40, 0xff, 0x38, 0x3c, 0x38, 0xff,
    0x38, 0x3c, 0x40, 0xff, 0x38, 0x3c, 0x40, 0xff, 0x38, 0x3c, 0x38, 0xff,
    0x38, 0x3c, 0x40, 0xff, 0x38, 0x3c, 0x38, 0xff, 0x38, 0x3c, 0x38, 0xff,
    0x38, 0x3c, 0x40, 0xff, 0x38, 0x3c, 0x40, 0xff, 0x38, 0x3c, 0x38, 0xff,
    0x38, 0x3c, 0x40, 0xff, 0x38, 0x3c, 0x40, 0xff, 0x38, 0x3c, 0x38, 0xff,
    0x38, 0x3c, 0x40, 0xff, 0x38, 0x3c, 0x40, 0xff, 0x38, 0x3c, 0x38, 0xff,
    0x38, 0x3c, 0x38, 0xff, 0x38, 0x3c, 0x40, 0xff, 0x38, 0x3c, 0x40, 0xff,
    0x38, 0x3c, 0x38, 0xff, 0x38, 0x3c, 0x40, 0xff, 0x38, 0x3c, 0x40, 0xff,
    0x38, 0x3c, 0x38, 0xff, 0x38, 0x3c, 0x40, 0xff, 0x38, 0x3c, 0x40, 0xff,
    0x38, 0x3c, 0x38, 0xff, 0x38, 0x3c, 0x40, 0xff, 0x38, 0x3c, 0x40, 0xff,
    0x38, 0x3c, 0x38, 0xff, 0x38, 0x3c, 0x40, 0xff, 0x38, 0x3c, 0x40, 0xff,
    0x38, 0x3c, 0x38, 0xff, 0x38, 0x3c, 0x40, 0xff, 0x38, 0x3c, 0x40, 0xff,
    0x38, 0x3c, 0x38, 0xff, 0x38, 0x3c, 0x40, 0xff, 0x38, 0x3c, 0x38, 0xff,
    0x38, 0x3c, 0x40, 0xff, 0x38, 0x3c, 0x40, 0xff, 0x38, 0x3c, 0x38, 0xff,
    0x38, 0x3c, 0x40, 0xff, 0x38, 0x3c, 0x40, 0xff, 0x38, 0x3c, 0x38, 0xff,
    0x38, 0x3c, 0x40, 0xff, 0x38, 0x3c, 0x40, 0xff, 0x38, 0x3c, 0x38, 0xff,
    0x38, 0x3c, 0x40, 0xff, 0x38, 0x3c, 0x40, 0xff, 0x38, 0x3c, 0x38, 0xff,
    0x38, 0x3c, 0x40, 0xff, 0x38, 0x3c, 0x38, 0xff, 0x38, 0x3c, 0x40, 0xff,
    0x38, 0x3c, 0x40, 0xff, 0x38, 0x3c, 0x38, 0xff, 0x38, 0x3c, 0x40, 0xff,
    0x38, 0x3c, 0x40, 0xff, 0x38, 0x3c, 0x38, 0xff, 0x38, 0x3c, 0x40, 0xff,
    0x38, 0x3c, 0x40, 0xff, 0x38, 0x3c, 0x38, 0xff, 0x38, 0x3c, 0x40, 0xff,
    0x38, 0x3c, 0x40, 0xff, 0x38, 0x3c, 0x38, 0xff, 0x38, 0x3c, 0x40, 0xff,
    0x38, 0x3c, 0x40, 0xff, 0x38, 0x3c, 0x38, 0xff, 0x38, 0x3c, 0x40, 0xff,
    0x38, 0x3c, 0x40, 0xff, 0x38, 0x3c, 0x38, 0xff, 0x38, 0x3c, 0x40, 0xff,
    0x38, 0x3c, 0x40, 0xff, 0x38, 0x3c, 0x38, 0xff, 0x38, 0x3c, 0x40, 0xff,
    0x38, 0x3c, 0x40, 0xff, 0x38, 0x3c, 0x38, 0xff, 0x38, 0x3c, 0x40, 0xff,
    0x38, 0x3c, 0x40, 0xff, 0x38, 0x3c, 0x38, 0xff, 0x38, 0x3c, 0x40, 0xff,
    0x38, 0x3c, 0x40, 0xff, 0x38, 0x3c, 0x40, 0xff, 0x38, 0x3c, 0x40, 0x82,
    0x00, 0x00, 0x00, 0x00, 0x00, 0x00, 0x00, 0x00, 0x70, 0xa0, 0x40, 0x10,
    0x70, 0x98, 0x40, 0xef, 0x70, 0x98, 0x40, 0xff, 0x68, 0x98, 0x38, 0xff,
    0x70, 0x98, 0x40, 0xff, 0x70, 0x98, 0x40, 0xff, 0x70, 0x98, 0x38, 0xff,
    0x70, 0x98, 0x40, 0xff, 0x70, 0x98, 0x38, 0xff, 0x70, 0x98, 0x40, 0xff,
    0x70, 0x9c, 0x38, 0xff, 0x70, 0x98, 0x38, 0xff, 0x70, 0x9c, 0x40, 0xff,
    0x68, 0x98, 0x40, 0xff, 0x70, 0x98, 0x38, 0xff, 0x70, 0x98, 0x40, 0xff,
    0x70, 0x9c, 0x40, 0xff, 0x68, 0x98, 0x38, 0xff, 0x70, 0x98, 0x40, 0xff,
    0x70, 0x9c, 0x40, 0xff, 0x68, 0x98, 0x38, 0xff, 0x70, 0x98, 0x40, 0xff,
    0x70, 0x98, 0x40, 0xff, 0x68, 0x98, 0x38, 0xff, 0x70, 0x98, 0x40, 0xff,
    0x70, 0x9c, 0x40, 0xff, 0x70, 0x98, 0x40, 0xff, 0x70, 0x98, 0x40, 0xff,
    0x70, 0x98, 0x40, 0xff, 0x70, 0x9c, 0x40, 0xff, 0x70, 0x98, 0x40, 0xff,
    0x70, 0x98, 0x40, 0xff, 0x68, 0x9c, 0x40, 0xff, 0x70, 0x9c, 0x40, 0xff,
    0x70, 0x98, 0x40, 0xff, 0x68, 0x98, 0x38, 0xff, 0x70, 0x9c, 0x40, 0xff,
    0x70, 0x98, 0x40, 0xff, 0x68, 0x98, 0x38, 0xff, 0x70, 0x9c, 0x40, 0xff,
    0x70, 0x98, 0x40, 0xff, 0x70, 0x98, 0x40, 0xff, 0x70, 0x9c, 0x40, 0xff,
    0x70, 0x98, 0x40, 0xff, 0x70, 0x98, 0x40, 0xff, 0x70, 0x9c, 0x40, 0xff,
    0x70, 0x98, 0x38, 0xff, 0x70, 0x98, 0x40, 0xff, 0x70, 0x9c, 0x40, 0xff,
    0x70, 0x98, 0x40, 0xff, 0x70, 0x9c, 0x40, 0xff, 0x68, 0x98, 0x40, 0xff,
    0x70, 0x98, 0x40, 0xff, 0x70, 0x98, 0x38, 0xff, 0x68, 0x9c, 0x40, 0xff,
    0x70, 0x98, 0x40, 0xff, 0x70, 0x98, 0x40, 0xff, 0x70, 0x98, 0x40, 0xff,
    0x68, 0x9c, 0x40, 0xff, 0x68, 0x98, 0x38, 0xff, 0x70, 0x98, 0x40, 0xff,
    0x70, 0x98, 0x40, 0xff, 0x68, 0x9c, 0x40, 0xff, 0x70, 0x98, 0x38, 0xff,
    0x70, 0x98, 0x40, 0xff, 0x68, 0x9c, 0x40, 0xff, 0x70, 0x98, 0x38, 0xff,
    0x70, 0x9c, 0x40, 0xff, 0x70, 0x9c, 0x40, 0xff, 0x70, 0x98, 0x38, 0xff,
    0x68, 0x98, 0x40, 0xff, 0x70, 0x98, 0x40, 0xff, 0x70, 0x98, 0x40, 0xff,
    0x68, 0x9c, 0x40, 0xff, 0x70, 0x98, 0x40, 0xff, 0x70, 0x98, 0x38, 0xff,
    0x70, 0x98, 0x40, 0xff, 0x68, 0x98, 0x40, 0xff, 0x70, 0x98, 0x38, 0xff,
    0x70, 0x98, 0x40, 0xff, 0x68, 0x98, 0x40, 0xff, 0x70, 0x98, 0x40, 0xff,
    0x70, 0x9c, 0x40, 0xff, 0x68, 0x98, 0x38, 0xff, 0x70, 0x98, 0x40, 0xff,
    0x70, 0x9c, 0x40, 0xff, 0x68, 0x98, 0x38, 0xff, 0x70, 0x98, 0x40, 0xff,
    0x70, 0x98, 0x40, 0xff, 0x68, 0x9c, 0x38, 0xff, 0x70, 0x98, 0x40, 0xff,
    0x70, 0x98, 0x40, 0xff, 0x70, 0x98, 0x40, 0xff, 0x70, 0x9c, 0x40, 0xff,
    0x70, 0x98, 0x40, 0xff, 0x68, 0x98, 0x38, 0xff, 0x70, 0x98, 0x40, 0xff,
    0x70, 0x9c, 0x40, 0xff, 0x70, 0x98, 0x40, 0xff, 0x70, 0x98, 0x40, 0xff,
    0x68, 0x98, 0x38, 0xff, 0x70, 0x98, 0x40, 0xff, 0x70, 0x9c, 0x40, 0xff,
    0x70, 0x98, 0x38, 0xff, 0x70, 0x98, 0x40, 0xff, 0x68, 0x9c, 0x40, 0xff,
    0x70, 0x98, 0x38, 0xff, 0x70, 0x98, 0x40, 0xff, 0x68, 0x98, 0x38, 0xff,
    0x70, 0x9c, 0x40, 0xff, 0x70, 0x98, 0x38, 0xff, 0x70, 0x98, 0x40, 0xff,
    0x70, 0x98, 0x40, 0xff, 0x70, 0x9c, 0x40, 0xff, 0x70, 0x98, 0x40, 0xff,
    0xb8, 0xcc, 0xa0, 0xff, 0xf8, 0xfc, 0xf8, 0xff, 0xf8, 0xfc, 0xf8, 0xff,
    0xf8, 0xfc, 0xf8, 0xff, 0xf8, 0xfc, 0xf8, 0xff, 0xf8, 0xfc, 0xf8, 0xff,
    0xf8, 0xfc, 0xf8, 0xff, 0xf8, 0xfc, 0xf8, 0xff, 0xf8, 0xfc, 0xf8, 0xff,
    0xf8, 0xfc, 0xf8, 0xff, 0xf8, 0xfc, 0xf8, 0xff, 0xf8, 0xfc, 0xf8, 0xff,
    0xf8, 0xfc, 0xf8, 0xff, 0xc0, 0xd4, 0xa8, 0xff, 0x70, 0x98, 0x40, 0xff,
    0x70, 0x98, 0x40, 0xff, 0x70, 0x98, 0x40, 0xff, 0x70, 0x98, 0x40, 0xff,
    0x70, 0x98, 0x40, 0xff, 0x70, 0x98, 0x40, 0xff, 0x70, 0x98, 0x40, 0xff,
    0x70, 0x98, 0x40, 0xff, 0x68, 0x90, 0x38, 0xff, 0x40, 0x48, 0x38, 0xff,
    0x38, 0x3c, 0x40, 0xff, 0x38, 0x3c, 0x40, 0xff, 0x38, 0x3c, 0x38, 0xff,
    0x38, 0x3c, 0x40, 0xff, 0x38, 0x3c, 0x40, 0xff, 0x38, 0x3c, 0x38, 0xff,
    0x38, 0x3c, 0x40, 0xff, 0x38, 0x3c, 0x40, 0xff, 0x38, 0x3c, 0x38, 0xff,
    0x38, 0x3c, 0x40, 0xff, 0x38, 0x3c, 0x40, 0xff, 0x38, 0x3c, 0x38, 0xff,
    0x38, 0x3c, 0x40, 0xff, 0x38, 0x3c, 0x40, 0xff, 0x38, 0x3c, 0x38, 0xff,
    0x38, 0x3c, 0x40, 0xff, 0x38, 0x3c, 0x40, 0xff, 0x38, 0x3c, 0x40, 0xff,
    0x38, 0x3c, 0x38, 0xff, 0x38, 0x3c, 0x40, 0xff, 0x38, 0x3c, 0x38, 0xff,
    0x38, 0x3c, 0x40, 0xff, 0x38, 0x3c, 0x38, 0xff, 0x38, 0x3c, 0x40, 0xff,
    0x38, 0x3c, 0x38, 0xff, 0x38, 0x3c, 0x40, 0xff, 0x38, 0x3c, 0x40, 0xff,
    0x38, 0x3c, 0x38, 0xff, 0x38, 0x3c, 0x40, 0xff, 0x38, 0x3c, 0x40, 0xff,
    0x38, 0x3c, 0x38, 0xff, 0x38, 0x3c, 0x40, 0xff, 0x38, 0x3c, 0x40, 0xff,
    0x38, 0x3c, 0x38, 0xff, 0x38, 0x3c, 0x40, 0xff, 0x38, 0x3c, 0x40, 0xff,
    0x38, 0x3c, 0x38, 0xff, 0x38, 0x3c, 0x40, 0xff, 0x38, 0x3c, 0x40, 0xff,
    0x38, 0x3c, 0x38, 0xff, 0x38, 0x3c, 0x40, 0xff, 0x38, 0x3c, 0x38, 0xff,
    0x38, 0x3c, 0x40, 0xff, 0x38, 0x3c, 0x40, 0xff, 0x38, 0x3c, 0x38, 0xff,
    0x38, 0x3c, 0x40, 0xff, 0x38, 0x3c, 0x40, 0xff, 0x38, 0x3c, 0x38, 0xff,
    0x38, 0x3c, 0x40, 0xff, 0x38, 0x3c, 0x40, 0xff, 0x38, 0x3c, 0x38, 0xff,
    0x38, 0x3c, 0x40, 0xff, 0x38, 0x3c, 0x40, 0xff, 0x38, 0x3c, 0x38, 0xff,
    0x38, 0x3c, 0x40, 0xff, 0x38, 0x3c, 0x40, 0xff, 0x38, 0x3c, 0x38, 0xff,
    0x38, 0x3c, 0x40, 0xff, 0x38, 0x3c, 0x38, 0xff, 0x38, 0x3c, 0x40, 0xff,
    0x38, 0x3c, 0x40, 0xff, 0x38, 0x3c, 0x38, 0xff, 0x38, 0x3c, 0x40, 0xff,
    0x38, 0x3c, 0x38, 0xff, 0x38, 0x3c, 0x40, 0xff, 0x38, 0x3c, 0x38, 0xff,
    0x38, 0x3c, 0x40, 0xff, 0x38, 0x3c, 0x40, 0xff, 0x38, 0x3c, 0x38, 0xff,
    0x38, 0x3c, 0x40, 0xff, 0x38, 0x3c, 0x38, 0xff, 0x38, 0x3c, 0x40, 0xff,
    0x38, 0x3c, 0x40, 0xff, 0x38, 0x3c, 0x38, 0xff, 0x38, 0x3c, 0x40, 0xff,
    0x38, 0x3c, 0x40, 0xff, 0x38, 0x3c, 0x38, 0xff, 0x38, 0x3c, 0x40, 0xff,
    0x38, 0x3c, 0x38, 0xff, 0x38, 0x3c, 0x40, 0xff, 0x38, 0x3c, 0x38, 0xff,
    0x38, 0x3c, 0x40, 0xff, 0x38, 0x3c, 0x38, 0xff, 0x38, 0x3c, 0x40, 0xff,
    0x38, 0x3c, 0x38, 0xff, 0x38, 0x3c, 0x40, 0xff, 0x38, 0x3c, 0x38, 0xff,
    0x38, 0x3c, 0x40, 0xff, 0x38, 0x3c, 0x38, 0xff, 0x38, 0x3c, 0x40, 0xff,
    0x38, 0x3c, 0x40, 0xff, 0x38, 0x3c, 0x38, 0xff, 0x38, 0x3c, 0x40, 0xdf,
    0x38, 0x38, 0x38, 0x20, 0x00, 0x00, 0x00, 0x00, 0x00, 0x00, 0x00, 0x00,
    0x00, 0x00, 0x00, 0x00, 0x68, 0x98, 0x38, 0x71, 0x70, 0x98, 0x40, 0xff,
    0x70, 0x9c, 0x40, 0xff, 0x68, 0x98, 0x40, 0xff, 0x70, 0x9c, 0x38, 0xff,
    0x70, 0x98, 0x40, 0xff, 0x68, 0x9c, 0x40, 0xff, 0x70, 0x98, 0x40, 0xff,
    0x68, 0x98, 0x40, 0xff, 0x70, 0x98, 0x40, 0xff, 0x70, 0x98, 0x40, 0xff,
    0x68, 0x9c, 0x40, 0xff, 0x70, 0x98, 0x38, 0xff, 0x70, 0x98, 0x40, 0xff,
    0x68, 0x98, 0x40, 0xff, 0x70, 0x98, 0x40, 0xff, 0x70, 0x98, 0x40, 0xff,
    0x70, 0x98, 0x40, 0xff, 0x70, 0x98, 0x40, 0xff, 0x70, 0x9c, 0x40, 0xff,
    0x70, 0x98, 0x40, 0xff, 0x70, 0x9c, 0x38, 0xff, 0x68, 0x98, 0x40, 0xff,
    0x70, 0x98, 0x40, 0xff, 0x68, 0x98, 0x38, 0xff, 0x70, 0x9c, 0x38, 0xff,
    0x70, 0x98, 0x40, 0xff, 0x68, 0x98, 0x38, 0xff, 0x68, 0x9c, 0x40, 0xff,
    0x70, 0x98, 0x38, 0xff, 0x70, 0x98, 0x38, 0xff, 0x70, 0x98, 0x40, 0xff,
    0x70, 0x98, 0x40, 0xff, 0x70, 0x98, 0x40, 0xff, 0x70, 0x9c, 0x38, 0xff,
    0x70, 0x98, 0x40, 0xff, 0x70, 0x98, 0x40, 0xff, 0x68, 0x9c, 0x38, 0xff,
    0x70, 0x98, 0x40, 0xff, 0x68, 0x98, 0x38, 0xff, 0x68, 0x98, 0x38, 0xff,
    0x70, 0x9c, 0x40, 0xff, 0x68, 0x98, 0x40, 0xff, 0x70, 0x98, 0x38, 0xff,
    0x68, 0x98, 0x40, 0xff, 0x68, 0x98, 0x40, 0xff, 0x70, 0x98, 0x38, 0xff,
    0x70, 0x98, 0x40, 0xff, 0x68, 0x98, 0x38, 0xff, 0x70, 0x98, 0x40, 0xff,
    0x70, 0x9c, 0x40, 0xff, 0x70, 0x98, 0x38, 0xff, 0x70, 0x98, 0x40, 0xff,
    0x70, 0x98, 0x40, 0xff, 0x70, 0x9c, 0x38, 0xff, 0x70, 0x98, 0x40, 0xff,
    0x70, 0x98, 0x40, 0xff, 0x70, 0x98, 0x40, 0xff, 0x70, 0x9c, 0x40, 0xff,
    0x68, 0x98, 0x40, 0xff, 0x70, 0x98, 0x38, 0xff, 0x70, 0x98, 0x40, 0xff,
    0x70, 0x98, 0x40, 0xff, 0x70, 0x98, 0x40, 0xff, 0x68, 0x9c, 0x40, 0xff,
    0x70, 0x98, 0x38, 0xff, 0x70, 0x98, 0x40, 0xff, 0x68, 0x98, 0x40, 0xff,
    0x70, 0x98, 0x40, 0xff, 0x70, 0x9c, 0x40, 0xff, 0x70, 0x98, 0x38, 0xff,
    0x70, 0x98, 0x40, 0xff, 0x68, 0x9c, 0x40, 0xff, 0x70, 0x98, 0x38, 0xff,
    0x70, 0x98, 0x40, 0xff, 0x70, 0x9c, 0x40, 0xff, 0x68, 0x98, 0x40, 0xff,
    0x70, 0x98, 0x40, 0xff, 0x70, 0x9c, 0x38, 0xff, 0x70, 0x98, 0x40, 0xff,
    0x70, 0x98, 0x40, 0xff, 0x70, 0x98, 0x40, 0xff, 0x70, 0x98, 0x40, 0xff,
    0x68, 0x98, 0x38, 0xff, 0x70, 0x9c, 0x40, 0xff, 0x70, 0x98, 0x40, 0xff,
    0x68, 0x98, 0x38, 0xff, 0x70, 0x98, 0x40, 0xff, 0x70, 0x98, 0x40, 0xff,
    0x68, 0x98, 0x38, 0xff, 0x70, 0x98, 0x40, 0xff, 0x68, 0x98, 0x38, 0xff,
    0x70, 0x9c, 0x40, 0xff, 0x70, 0x98, 0x40, 0xff, 0x70, 0x98, 0x40, 0xff,
    0x70, 0x98, 0x40, 0xff, 0x68, 0x98, 0x38, 0xff, 0x70, 0x9c, 0x40, 0xff,
    0x70, 0x98, 0x40, 0xff, 0x70, 0x98, 0x40, 0xff, 0x70, 0x9c, 0x40, 0xff,
    0x68, 0x98, 0x40, 0xff, 0x70, 0x98, 0x40, 0xff, 0x70, 0x9c, 0x40, 0xff,
    0x70, 0x98, 0x40, 0xff, 0x70, 0x9c, 0x40, 0xff, 0x70, 0x98, 0x40, 0xff,
    0x68, 0x98, 0x40, 0xff, 0x70, 0x98, 0x38, 0xff, 0x70, 0x98, 0x40, 0xff,
    0x68, 0x9c, 0x40, 0xff, 0x68, 0x98, 0x38, 0xff, 0x70, 0x98, 0x40, 0xff,
    0x68, 0x98, 0x40, 0xff, 0x70, 0x98, 0x40, 0xff, 0xa0, 0xc0, 0x88, 0xff,
    0xf0, 0xf4, 0xe8, 0xff, 0xf8, 0xfc, 0xf8, 0xff, 0xf8, 0xfc, 0xf8, 0xff,
    0xf8, 0xfc, 0xf8, 0xff, 0xf8, 0xfc, 0xf8, 0xff, 0xf8, 0xfc, 0xf8, 0xff,
    0xf8, 0xfc, 0xf8, 0xff, 0xf8, 0xfc, 0xf8, 0xff, 0xf8, 0xfc, 0xf8, 0xff,
    0xf8, 0xf8, 0xf0, 0xff, 0x98, 0xb8, 0x78, 0xff, 0x70, 0x98, 0x40, 0xff,
    0x68, 0x98, 0x40, 0xff, 0x70, 0x98, 0x38, 0xff, 0x68, 0x9c, 0x40, 0xff,
    0x70, 0x98, 0x38, 0xff, 0x68, 0x9c, 0x38, 0xff, 0x70, 0x98, 0x40, 0xff,
    0x70, 0x98, 0x40, 0xff, 0x68, 0x9c, 0x40, 0xff, 0x48, 0x60, 0x38, 0xff,
    0x38, 0x3c, 0x40, 0xff, 0x38, 0x3c, 0x40, 0xff, 0x38, 0x3c, 0x38, 0xff,
    0x38, 0x3c, 0x40, 0xff, 0x38, 0x3c, 0x38, 0xff, 0x38, 0x3c, 0x40, 0xff,
    0x38, 0x3c, 0x40, 0xff, 0x38, 0x3c, 0x38, 0xff, 0x38, 0x3c, 0x40, 0xff,
    0x38, 0x3c, 0x38, 0xff, 0x38, 0x3c, 0x40, 0xff, 0x38, 0x3c, 0x40, 0xff,
    0x38, 0x3c, 0x38, 0xff, 0x38, 0x3c, 0x40, 0xff, 0x38, 0x3c, 0x38, 0xff,
    0x38, 0x3c, 0x40, 0xff, 0x38, 0x3c, 0x38, 0xff, 0x38, 0x3c, 0x40, 0xff,
    0x38, 0x3c, 0x40, 0xff, 0x38, 0x3c, 0x40, 0xff, 0x38, 0x3c, 0x38, 0xff,
    0x38, 0x3c, 0x40, 0xff, 0x38, 0x3c, 0x40, 0xff, 0x38, 0x3c, 0x40, 0xff,
    0x38, 0x3c, 0x38, 0xff, 0x38, 0x3c, 0x40, 0xff, 0x38, 0x3c, 0x38, 0xff,
    0x38, 0x3c, 0x40, 0xff, 0x38, 0x3c, 0x40, 0xff, 0x38, 0x3c, 0x38, 0xff,
    0x38, 0x3c, 0x40, 0xff, 0x38, 0x3c, 0x38, 0xff, 0x38, 0x3c, 0x40, 0xff,
    0x38, 0x3c, 0x38, 0xff, 0x38, 0x3c, 0x40, 0xff, 0x38, 0x3c, 0x40, 0xff,
    0x38, 0x3c, 0x38, 0xff, 0x38, 0x3c, 0x38, 0xff, 0x38, 0x3c, 0x40, 0xff,
    0x38, 0x3c, 0x40, 0xff, 0x38, 0x3c, 0x38, 0xff, 0x38, 0x3c, 0x40, 0xff,
    0x38, 0x3c, 0x40, 0xff, 0x38, 0x3c, 0x38, 0xff, 0x38, 0x3c, 0x40, 0xff,
    0x38, 0x3c, 0x38, 0xff, 0x38, 0x3c, 0x40, 0xff, 0x38, 0x3c, 0x40, 0xff,
    0x38, 0x3c, 0x38, 0xff, 0x38, 0x3c, 0x40, 0xff, 0x38, 0x3c, 0x38, 0xff,
    0x38, 0x3c, 0x40, 0xff, 0x38, 0x3c, 0x40, 0xff, 0x38, 0x3c, 0x38, 0xff,
    0x38, 0x3c, 0x40, 0xff, 0x38, 0x3c, 0x40, 0xff, 0x38, 0x3c, 0x38, 0xff,
    0x38, 0x3c, 0x40, 0xff, 0x38, 0x3c, 0x40, 0xff, 0x38, 0x3c, 0x38, 0xff,
    0x38, 0x3c, 0x40, 0xff, 0x38, 0x3c, 0x40, 0xff, 0x38, 0x3c, 0x38, 0xff,
    0x38, 0x3c, 0x40, 0xff, 0x38, 0x3c, 0x40, 0xff, 0x38, 0x3c, 0x38, 0xff,
    0x38, 0x3c, 0x40, 0xff, 0x38, 0x3c, 0x40, 0xff, 0x38, 0x3c, 0x38, 0xff,
    0x38, 0x3c, 0x40, 0xff, 0x38, 0x3c, 0x40, 0xff, 0x38, 0x3c, 0x38, 0xff,
    0x38, 0x3c, 0x40, 0xff, 0x38, 0x3c, 0x38, 0xff, 0x38, 0x3c, 0x38, 0xff,
    0x38, 0x3c, 0x40, 0xff, 0x38, 0x3c, 0x40, 0xff, 0x38, 0x3c, 0x38, 0xff,
    0x38, 0x3c, 0x40, 0xff, 0x38, 0x3c, 0x40, 0xff, 0x38, 0x3c, 0x38, 0xff,
    0x38, 0x3c, 0x40, 0xff, 0x38, 0x3c, 0x40, 0xff, 0x38, 0x3c, 0x38, 0xff,
    0x38, 0x3c, 0x40, 0xff, 0x38, 0x3c, 0x40, 0xff, 0x38, 0x3c, 0x38, 0xff,
    0x38, 0x3c, 0x40, 0xff, 0x38, 0x3c, 0x40, 0xff, 0x38, 0x3c, 0x38, 0xff,
    0x38, 0x3c, 0x40, 0xff, 0x38, 0x3c, 0x38, 0xff, 0x38, 0x3c, 0x38, 0xff,
    0x38, 0x38, 0x38, 0x61, 0x00, 0x00, 0x00, 0x00, 0x00, 0x00, 0x00, 0x00,
    0x00, 0x00, 0x00, 0x00, 0x00, 0x00, 0x00, 0x00, 0x00, 0x00, 0x00, 0x00,
    0x70, 0x9c, 0x40, 0x8e, 0x70, 0x98, 0x40, 0xff, 0x70, 0x98, 0x40, 0xff,
    0x70, 0x98, 0x40, 0xff, 0x68, 0x9c, 0x38, 0xff, 0x70, 0x98, 0x40, 0xff,
    0x70, 0x98, 0x40, 0xff, 0x68, 0x9c, 0x38, 0xff, 0x70, 0x98, 0x40, 0xff,
    0x70, 0x98, 0x40, 0xff, 0x70, 0x98, 0x40, 0xff, 0x70, 0x9c, 0x40, 0xff,
    0x70, 0x98, 0x40, 0xff, 0x70, 0x9c, 0x38, 0xff, 0x68, 0x98, 0x40, 0xff,
    0x70, 0x9c, 0x40, 0xff, 0x70, 0x98, 0x38, 0xff, 0x68, 0x98, 0x38, 0xff,
    0x70, 0x98, 0x40, 0xff, 0x70, 0x98, 0x40, 0xff, 0x68, 0x98, 0x40, 0xff,
    0x70, 0x9c, 0x40, 0xff, 0x70, 0x98, 0x40, 0xff, 0x70, 0x98, 0x40, 0xff,
    0x68, 0x98, 0x40, 0xff, 0x70, 0x98, 0x40, 0xff, 0x70, 0x98, 0x40, 0xff,
    0x70, 0x98, 0x40, 0xff, 0x68, 0x9c, 0x40, 0xff, 0x70, 0x98, 0x40, 0xff,
    0x70, 0x98, 0x38, 0xff, 0x68, 0x98, 0x40, 0xff, 0x68, 0x9c, 0x40, 0xff,
    0x70, 0x98, 0x40, 0xff, 0x70, 0x98, 0x40, 0xff, 0x68, 0x98, 0x40, 0xff,
    0x70, 0x98, 0x40, 0xff, 0x70, 0x98, 0x40, 0xff, 0x70, 0x98, 0x40, 0xff,
    0x70, 0x9c, 0x40, 0xff, 0x70, 0x98, 0x40, 0xff, 0x70, 0x98, 0x38, 0xff,
    0x70, 0x9c, 0x40, 0xff, 0x70, 0x98, 0x40, 0xff, 0x70, 0x9c, 0x40, 0xff,
    0x70, 0x98, 0x40, 0xff, 0x68, 0x98, 0x40, 0xff, 0x70, 0x9c, 0x38, 0xff,
    0x70, 0x98, 0x40, 0xff, 0x68, 0x98, 0x40, 0xff, 0x70, 0x9c, 0x40, 0xff,
    0x68, 0x98, 0x40, 0xff, 0x70, 0x98, 0x40, 0xff, 0x68, 0x98, 0x40, 0xff,
    0x68, 0x9c, 0x38, 0xff, 0x70, 0x98, 0x40, 0xff, 0x70, 0x98, 0x38, 0xff,
    0x70, 0x98, 0x40, 0xff, 0x70, 0x9c, 0x40, 0xff, 0x68, 0x98, 0x38, 0xff,
    0x70, 0x98, 0x40, 0xff, 0x70, 0x9c, 0x40, 0xff, 0x70, 0x98, 0x38, 0xff,
    0x70, 0x98, 0x40, 0xff, 0x70, 0x98, 0x40, 0xff, 0x68, 0x98, 0x40, 0xff,
    0x70, 0x98, 0x38, 0xff, 0x70, 0x9c, 0x40, 0xff, 0x68, 0x98, 0x40, 0xff,
    0x70, 0x98, 0x38, 0xff, 0x70, 0x98, 0x40, 0xff, 0x70, 0x98, 0x40, 0xff,
    0x68, 0x98, 0x40, 0xff, 0x70, 0x9c, 0x40, 0xff, 0x70, 0x98, 0x38, 0xff,
    0x70, 0x98, 0x40, 0xff, 0x68, 0x9c, 0x40, 0xff, 0x70, 0x98, 0x40, 0xff,
    0x70, 0x98, 0x38, 0xff, 0x68, 0x9c, 0x40, 0xff, 0x70, 0x98, 0x40, 0xff,
    0x70, 0x98, 0x38, 0xff, 0x70, 0x9c, 0x40, 0xff, 0x70, 0x98, 0x40, 0xff,
    0x70, 0x98, 0x40, 0xff, 0x68, 0x9c, 0x40, 0xff, 0x70, 0x9c, 0x40, 0xff,
    0x70, 0x98, 0x40, 0xff, 0x70, 0x9c, 0x40, 0xff, 0x70, 0x98, 0x40, 0xff,
    0x70, 0x98, 0x38, 0xff, 0x68, 0x98, 0x40, 0xff, 0x70, 0x9c, 0x40, 0xff,
    0x70, 0x98, 0x38, 0xff, 0x68, 0x98, 0x40, 0xff, 0x70, 0x9c, 0x40, 0xff,
    0x70, 0x98, 0x38, 0xff, 0x68, 0x98, 0x40, 0xff, 0x70, 0x98, 0x38, 0xff,
    0x70, 0x9c, 0x40, 0xff, 0x68, 0x98, 0x38, 0xff, 0x70, 0x98, 0x40, 0xff,
    0x70, 0x98, 0x38, 0xff, 0x68, 0x98, 0x38, 0xff, 0x70, 0x98, 0x40, 0xff,
    0x70, 0x9c, 0x40, 0xff, 0x70, 0x98, 0x40, 0xff, 0x70, 0x98, 0x40, 0xff,
    0x70, 0x9c, 0x40, 0xff, 0x70, 0x98, 0x40, 0xff, 0x70, 0x98, 0x38, 0xff,
    0x70, 0x98, 0x40, 0xff, 0x70, 0x9c, 0x38, 0xff, 0x70, 0x98, 0x38, 0xff,
    0x70, 0x98, 0x40, 0xff, 0x70, 0x98, 0x40, 0xff, 0xa0, 0xc0, 0x88, 0xff,
    0xd0, 0xe0, 0xc0, 0xff, 0xe0, 0xec, 0xd8, 0xff, 0xf8, 0xfc, 0xf8, 0xff,
    0xf8, 0xfc, 0xf8, 0xff, 0xf0, 0xf4, 0xe8, 0xff, 0xd0, 0xe0, 0xc0, 0xff,
    0xb0, 0xc4, 0x90, 0xff, 0x78, 0xa0, 0x48, 0xff, 0x70, 0x98, 0x40, 0xff,
    0x70, 0x98, 0x40, 0xff, 0x70, 0x9c, 0x40, 0xff, 0x70, 0x98, 0x40, 0xff,
    0x70, 0x98, 0x40, 0xff, 0x68, 0x98, 0x40, 0xff, 0x70, 0x9c, 0x40, 0xff,
    0x70, 0x98, 0x38, 0xff, 0x70, 0x98, 0x40, 0xff, 0x58, 0x70, 0x40, 0xff,
    0x38, 0x3c, 0x38, 0xff, 0x38, 0x3c, 0x40, 0xff, 0x38, 0x3c, 0x40, 0xff,
    0x38, 0x3c, 0x38, 0xff, 0x38, 0x3c, 0x40, 0xff, 0x38, 0x3c, 0x40, 0xff,
    0x38, 0x3c, 0x38, 0xff, 0x38, 0x3c, 0x40, 0xff, 0x38, 0x3c, 0x40, 0xff,
    0x38, 0x3c, 0x38, 0xff, 0x38, 0x3c, 0x40, 0xff, 0x38, 0x3c, 0x38, 0xff,
    0x38, 0x3c, 0x40, 0xff, 0x38, 0x3c, 0x40, 0xff, 0x38, 0x3c, 0x38, 0xff,
    0x38, 0x3c, 0x40, 0xff, 0x38, 0x3c, 0x40, 0xff, 0x38, 0x3c, 0x38, 0xff,
    0x38, 0x3c, 0x38, 0xff, 0x38, 0x3c, 0x40, 0xff, 0x38, 0x3c, 0x38, 0xff,
    0x38, 0x3c, 0x40, 0xff, 0x38, 0x3c, 0x40, 0xff, 0x38, 0x3c, 0x38, 0xff,
    0x38, 0x3c, 0x40, 0xff, 0x38, 0x3c, 0x40, 0xff, 0x38, 0x3c, 0x38, 0xff,
    0x38, 0x3c, 0x40, 0xff, 0x38, 0x3c, 0x40, 0xff, 0x38, 0x3c, 0x38, 0xff,
    0x38, 0x3c, 0x40, 0xff, 0x38, 0x3c, 0x40, 0xff, 0x38, 0x3c, 0x40, 0xff,
    0x38, 0x3c, 0x38, 0xff, 0x38, 0x3c, 0x40, 0xff, 0x38, 0x3c, 0x38, 0xff,
    0x38, 0x3c, 0x40, 0xff, 0x38, 0x3c, 0x40, 0xff, 0x38, 0x3c, 0x38, 0xff,
    0x38, 0x3c, 0x40, 0xff, 0x38, 0x3c, 0x40, 0xff, 0x38, 0x3c, 0x38, 0xff,
    0x38, 0x3c, 0x40, 0xff, 0x38, 0x3c, 0x40, 0xff, 0x38, 0x3c, 0x38, 0xff,
    0x38, 0x3c, 0x40, 0xff, 0x38, 0x3c, 0x40, 0xff, 0x38, 0x3c, 0x38, 0xff,
    0x38, 0x3c, 0x38, 0xff, 0x38, 0x3c, 0x40, 0xff, 0x38, 0x3c, 0x40, 0xff,
    0x38, 0x3c, 0x38, 0xff, 0x38, 0x3c, 0x40, 0xff, 0x38, 0x3c, 0x38, 0xff,
    0x38, 0x3c, 0x38, 0xff, 0x38, 0x3c, 0x40, 0xff, 0x38, 0x3c, 0x38, 0xff,
    0x38, 0x3c, 0x40, 0xff, 0x38, 0x3c, 0x40, 0xff, 0x38, 0x3c, 0x38, 0xff,
    0x38, 0x3c, 0x40, 0xff, 0x38, 0x3c, 0x38, 0xff, 0x38, 0x3c, 0x40, 0xff,
    0x38, 0x3c, 0x40, 0xff, 0x38, 0x3c, 0x38, 0xff, 0x38, 0x3c, 0x40, 0xff,
    0x38, 0x3c, 0x40, 0xff, 0x38, 0x3c, 0x38, 0xff, 0x38, 0x3c, 0x40, 0xff,
    0x38, 0x3c, 0x38, 0xff, 0x38, 0x3c, 0x40, 0xff, 0x38, 0x3c, 0x40, 0xff,
    0x38, 0x3c, 0x38, 0xff, 0x38, 0x3c, 0x40, 0xff, 0x38, 0x3c, 0x40, 0xff,
    0x38, 0x3c, 0x40, 0xff, 0x38, 0x3c, 0x38, 0xff, 0x38, 0x3c, 0x40, 0xff,
    0x38, 0x3c, 0x40, 0xff, 0x38, 0x3c, 0x38, 0xff, 0x38, 0x3c, 0x40, 0xff,
    0x38, 0x3c, 0x40, 0xff, 0x38, 0x3c, 0x38, 0xff, 0x38, 0x3c, 0x40, 0xff,
    0x38, 0x3c, 0x40, 0xff, 0x38, 0x3c, 0x38, 0xff, 0x38, 0x3c, 0x40, 0xff,
    0x38, 0x3c, 0x40, 0xff, 0x38, 0x3c, 0x38, 0xff, 0x38, 0x3c, 0x40, 0xff,
    0x38, 0x3c, 0x40, 0xff, 0x38, 0x3c, 0x40, 0xff, 0x38, 0x3c, 0x40, 0xff,
    0x38, 0x3c, 0x38, 0x8e, 0x00, 0x00, 0x00, 0x00, 0x00, 0x00, 0x00, 0x00,
    0x00, 0x00, 0x00, 0x00, 0x00, 0x00, 0x00, 0x00, 0x00, 0x00, 0x00, 0x00,
    0x00, 0x00, 0x00, 0x00, 0x00, 0x00, 0x00, 0x00, 0x70, 0x98, 0x38, 0x9e,
    0x70, 0x98, 0x40, 0xff, 0x68, 0x98, 0x40, 0xff, 0x70, 0x98, 0x40, 0xff,
    0x70, 0x98, 0x38, 0xff, 0x70, 0x98, 0x40, 0xff, 0x70, 0x9c, 0x40, 0xff,
    0x68, 0x98, 0x38, 0xff, 0x70, 0x98, 0x40, 0xff, 0x70, 0x98, 0x38, 0xff,
    0x68, 0x98, 0x40, 0xff, 0x70, 0x9c, 0x40, 0xff, 0x70, 0x98, 0x38, 0xff,
    0x70, 0x98, 0x40, 0xff, 0x68, 0x98, 0x40, 0xff, 0x70, 0x9c, 0x40, 0xff,
    0x70, 0x98, 0x40, 0xff, 0x68, 0x98, 0x38, 0xff, 0x70, 0x9c, 0x40, 0xff,
    0x70, 0x98, 0x38, 0xff, 0x70, 0x98, 0x40, 0xff, 0x70, 0x9c, 0x38, 0xff,
    0x70, 0x98, 0x40, 0xff, 0x70, 0x98, 0x40, 0xff, 0x68, 0x9c, 0x38, 0xff,
    0x70, 0x98, 0x40, 0xff, 0x70, 0x98, 0x40, 0xff, 0x70, 0x98, 0x40, 0xff,
    0x68, 0x9c, 0x40, 0xff, 0x70, 0x98, 0x40, 0xff, 0x70, 0x98, 0x38, 0xff,
    0x70, 0x9c, 0x40, 0xff, 0x70, 0x98, 0x38, 0xff, 0x68, 0x98, 0x40, 0xff,
    0x70, 0x9c, 0x38, 0xff, 0x70, 0x98, 0x40, 0xff, 0x70, 0x98, 0x40, 0xff,
    0x70, 0x9c, 0x40, 0xff, 0x70, 0x98, 0x40, 0xff, 0x68, 0x98, 0x38, 0xff,
    0x70, 0x98, 0x40, 0xff, 0x70, 0x98, 0x40, 0xff, 0x68, 0x98, 0x38, 0xff,
    0x70, 0x9c, 0x40, 0xff, 0x70, 0x98, 0x40, 0xff, 0x70, 0x98, 0x40, 0xff,
    0x70, 0x9c, 0x40, 0xff, 0x70, 0x98, 0x38, 0xff, 0x70, 0x98, 0x40, 0xff,
    0x68, 0x98, 0x40, 0xff, 0x70, 0x9c, 0x38, 0xff, 0x70, 0x98, 0x40, 0xff,
    0x70, 0x98, 0x40, 0xff, 0x70, 0x98, 0x40, 0xff, 0x68, 0x9c, 0x40, 0xff,
    0x70, 0x98, 0x38, 0xff, 0x70, 0x98, 0x40, 0xff, 0x70, 0x98, 0x40, 0xff,
    0x70, 0x9c, 0x40, 0xff, 0x68, 0x98, 0x40, 0xff, 0x70, 0x98, 0x40, 0xff,
    0x68, 0x9c, 0x38, 0xff, 0x70, 0x98, 0x40, 0xff, 0x70, 0x98, 0x40, 0xff,
    0x70, 0x9c, 0x40, 0xff, 0x70, 0x98, 0x38, 0xff, 0x70, 0x98, 0x40, 0xff,
    0x68, 0x9c, 0x40, 0xff, 0x70, 0x98, 0x40, 0xff, 0x70, 0x9c, 0x38, 0xff,
    0x70, 0x98, 0x40, 0xff, 0x70, 0x98, 0x40, 0xff, 0x68, 0x98, 0x38, 0xff,
    0x70, 0x98, 0x40, 0xff, 0x70, 0x98, 0x40, 0xff, 0x70, 0x98, 0x38, 0xff,
    0x68, 0x98, 0x40, 0xff, 0x70, 0x98, 0x40, 0xff, 0x70, 0x9c, 0x38, 0xff,
    0x68, 0x98, 0x40, 0xff, 0x70, 0x98, 0x40, 0xff, 0x68, 0x98, 0x40, 0xff,
    0x70, 0x98, 0x38, 0xff, 0x70, 0x98, 0x40, 0xff, 0x70, 0x98, 0x38, 0xff,
    0x70, 0x98, 0x40, 0xff, 0x68, 0x98, 0x38, 0xff, 0x70, 0x98, 0x40, 0xff,
    0x70, 0x9c, 0x40, 0xff, 0x70, 0x98, 0x40, 0xff, 0x68, 0x98, 0x40, 0xff,
    0x70, 0x98, 0x38, 0xff, 0x70, 0x9c, 0x40, 0xff, 0x70, 0x98, 0x40, 0xff,
    0x70, 0x98, 0x40, 0xff, 0x70, 0x98, 0x40, 0xff, 0x68, 0x98, 0x40, 0xff,
    0x70, 0x9c, 0x40, 0xff, 0x70, 0x98, 0x38, 0xff, 0x70, 0x98, 0x40, 0xff,
    0x70, 0x98, 0x40, 0xff, 0x68, 0x9c, 0x40, 0xff, 0x70, 0x98, 0x40, 0xff,
    0x70, 0x98, 0x38, 0xff, 0x68, 0x98, 0x40, 0xff, 0x70, 0x9c, 0x38, 0xff,
    0x68, 0x98, 0x40, 0xff, 0x70, 0x98, 0x40, 0xff, 0x70, 0x98, 0x38, 0xff,
    0x68, 0x9c, 0x40, 0xff, 0x70, 0x98, 0x40, 0xff, 0x70, 0x98, 0x40, 0xff,
    0x68, 0x9c, 0x40, 0xff, 0x70, 0x98, 0x38, 0xff, 0x70, 0x98, 0x40, 0xff,
    0x70, 0x98, 0x40, 0xff, 0x70, 0x98, 0x40, 0xff, 0x70, 0x98, 0x40, 0xff,
    0x70, 0x98, 0x40, 0xff, 0x70, 0x98, 0x40, 0xff, 0x70, 0x98, 0x40, 0xff,
    0x70, 0x98, 0x40, 0xff, 0x68, 0x98, 0x40, 0xff, 0x70, 0x98, 0x40, 0xff,
    0x70, 0x9c, 0x40, 0xff, 0x68, 0x98, 0x40, 0xff, 0x70, 0x98, 0x38, 0xff,
    0x70, 0x9c, 0x40, 0xff, 0x70, 0x98, 0x40, 0xff, 0x70, 0x98, 0x40, 0xff,
    0x70, 0x98, 0x40, 0xff, 0x68, 0x9c, 0x40, 0xff, 0x58, 0x78, 0x38, 0xff,
    0x38, 0x3c, 0x40, 0xff, 0x38, 0x3c, 0x40, 0xff, 0x38, 0x3c, 0x38, 0xff,
    0x38, 0x3c, 0x40, 0xff, 0x38, 0x3c, 0x40, 0xff, 0x38, 0x3c, 0x38, 0xff,
    0x38, 0x3c, 0x40, 0xff, 0x38, 0x3c, 0x38, 0xff, 0x38, 0x3c, 0x40, 0xff,
    0x38, 0x3c, 0x40, 0xff, 0x38, 0x3c, 0x38, 0xff, 0x38, 0x3c, 0x40, 0xff,
    0x38, 0x3c, 0x40, 0xff, 0x38, 0x3c, 0x38, 0xff, 0x38, 0x3c, 0x40, 0xff,
    0x38, 0x3c, 0x38, 0xff, 0x38, 0x3c, 0x40, 0xff, 0x38, 0x3c, 0x40, 0xff,
    0x38, 0x3c, 0x40, 0xff, 0x38, 0x3c, 0x40, 0xff, 0x38, 0x3c, 0x38, 0xff,
    0x38, 0x3c, 0x40, 0xff, 0x38, 0x3c, 0x40, 0xff, 0x38, 0x3c, 0x38, 0xff,
    0x38, 0x3c, 0x38, 0xff, 0x38, 0x3c, 0x40, 0xff, 0x38, 0x3c, 0x40, 0xff,
    0x38, 0x3c, 0x38, 0xff, 0x38, 0x3c, 0x40, 0xff, 0x38, 0x3c, 0x38, 0xff,
    0x38, 0x3c, 0x40, 0xff, 0x38, 0x3c, 0x38, 0xff, 0x38, 0x3c, 0x40, 0xff,
    0x38, 0x3c, 0x38, 0xff, 0x38, 0x3c, 0x40, 0xff, 0x38, 0x3c, 0x40, 0xff,
    0x38, 0x3c, 0x38, 0xff, 0x38, 0x3c, 0x40, 0xff, 0x38, 0x3c, 0x40, 0xff,
    0x38, 0x3c, 0x38, 0xff, 0x38, 0x3c, 0x40, 0xff, 0x38, 0x3c, 0x38, 0xff,
    0x38, 0x3c, 0x40, 0xff, 0x38, 0x3c, 0x38, 0xff, 0x38, 0x3c, 0x40, 0xff,
    0x38, 0x3c, 0x38, 0xff, 0x38, 0x3c, 0x40, 0xff, 0x38, 0x3c, 0x40, 0xff,
    0x38, 0x3c, 0x38, 0xff, 0x38, 0x3c, 0x40, 0xff, 0x38, 0x3c, 0x40, 0xff,
    0x38, 0x3c, 0x38, 0xff, 0x38, 0x3c, 0x40, 0xff, 0x38, 0x3c, 0x40, 0xff,
    0x38, 0x3c, 0x40, 0xff, 0x38, 0x3c, 0x40, 0xff, 0x38, 0x3c, 0x40, 0xff,
    0x38, 0x3c, 0x38, 0xff, 0x38, 0x3c, 0x40, 0xff, 0x38, 0x3c, 0x38, 0xff,
    0x38, 0x3c, 0x40, 0xff, 0x38, 0x3c, 0x40, 0xff, 0x38, 0x3c, 0x38, 0xff,
    0x38, 0x3c, 0x40, 0xff, 0x38, 0x3c, 0x38, 0xff, 0x38, 0x3c, 0x40, 0xff,
    0x38, 0x3c, 0x38, 0xff, 0x38, 0x3c, 0x40, 0xff, 0x38, 0x3c, 0x40, 0xff,
    0x38, 0x3c, 0x38, 0xff, 0x38, 0x3c, 0x40, 0xff, 0x38, 0x3c, 0x38, 0xff,
    0x38, 0x3c, 0x40, 0xff, 0x38, 0x3c, 0x40, 0xff, 0x38, 0x3c, 0x38, 0xff,
    0x38, 0x3c, 0x40, 0xff, 0x38, 0x3c, 0x40, 0xff, 0x38, 0x3c, 0x38, 0xff,
    0x38, 0x3c, 0x40, 0xff, 0x38, 0x3c, 0x40, 0xff, 0x38, 0x3c, 0x38, 0xff,
    0x38, 0x3c, 0x40, 0xff, 0x38, 0x3c, 0x40, 0xff, 0x38, 0x3c, 0x38, 0xff,
    0x38, 0x3c, 0x40, 0xff, 0x38, 0x3c, 0x40, 0xff, 0x38, 0x3c, 0x38, 0xff,
    0x38, 0x3c, 0x40, 0xff, 0x38, 0x3c, 0x40, 0xff, 0x38, 0x3c, 0x38, 0xff,
    0x38, 0x3c, 0x38, 0xff, 0x38, 0x3c, 0x40, 0xff, 0x38, 0x3c, 0x38, 0xff,
    0x38, 0x3c, 0x40, 0x9e, 0x00, 0x00, 0x00, 0x00, 0x00, 0x00, 0x00, 0x00,
    0x00, 0x00, 0x00, 0x00, 0x00, 0x00, 0x00, 0x00, 0x00, 0x00, 0x00, 0x00,
    0x00, 0x00, 0x00, 0x00, 0x00, 0x00, 0x00, 0x00, 0x00, 0x00, 0x00, 0x00,
    0x00, 0x00, 0x00, 0x00, 0x68, 0x9c, 0x38, 0x92, 0x70, 0x98, 0x40, 0xff,
    0x70, 0x9c, 0x40, 0xff, 0x68, 0x98, 0x40, 0xff, 0x70, 0x98, 0x40, 0xff,
    0x70, 0x98, 0x40, 0xff, 0x70, 0x9c, 0x40, 0xff, 0x68, 0x98, 0x40, 0xff,
    0x70, 0x98, 0x38, 0xff, 0x70, 0x98, 0x40, 0xff, 0x68, 0x98, 0x40, 0xff,
    0x70, 0x98, 0x40, 0xff, 0x70, 0x98, 0x38, 0xff, 0x70, 0x98, 0x40, 0xff,
    0x70, 0x9c, 0x40, 0xff, 0x70, 0x98, 0x40, 0xff, 0x70, 0x98, 0x40, 0xff,
    0x68, 0x9c, 0x40, 0xff, 0x70, 0x98, 0x40, 0xff, 0x68, 0x98, 0x38, 0xff,
    0x70, 0x98, 0x40, 0xff, 0x70, 0x98, 0x40, 0xff, 0x68, 0x9c, 0x38, 0xff,
    0x70, 0x98, 0x40, 0xff, 0x70, 0x98, 0x38, 0xff, 0x70, 0x9c, 0x38, 0xff,
    0x70, 0x98, 0x40, 0xff, 0x70, 0x98, 0x38, 0xff, 0x70, 0x9c, 0x40, 0xff,
    0x70, 0x98, 0x40, 0xff, 0x70, 0x98, 0x40, 0xff, 0x68, 0x98, 0x40, 0xff,
    0x70, 0x9c, 0x38, 0xff, 0x70, 0x98, 0x40, 0xff, 0x70, 0x98, 0x40, 0xff,
    0x68, 0x9c, 0x38, 0xff, 0x70, 0x98, 0x38, 0xff, 0x68, 0x98, 0x40, 0xff,
    0x70, 0x98, 0x40, 0xff, 0x70, 0x9c, 0x40, 0xff, 0x68, 0x98, 0x40, 0xff,
    0x70, 0x98, 0x38, 0xff, 0x70, 0x98, 0x40, 0xff, 0x68, 0x98, 0x38, 0xff,
    0x70, 0x98, 0x40, 0xff, 0x68, 0x98, 0x40, 0xff, 0x70, 0x98, 0x38, 0xff,
    0x70, 0x98, 0x40, 0xff, 0x70, 0x98, 0x40, 0xff, 0x70, 0x98, 0x38, 0xff,
    0x70, 0x9c, 0x40, 0xff, 0x70, 0x98, 0x38, 0xff, 0x70, 0x98, 0x40, 0xff,
    0x70, 0x98, 0x40, 0xff, 0x68, 0x9c, 0x40, 0xff, 0x68, 0x98, 0x40, 0xff,
    0x70, 0x98, 0x38, 0xff, 0x70, 0x98, 0x40, 0xff, 0x70, 0x98, 0x40, 0xff,
    0x70, 0x98, 0x38, 0xff, 0x68, 0x98, 0x40, 0xff, 0x70, 0x9c, 0x40, 0xff,
    0x70, 0x98, 0x40, 0xff, 0x68, 0x98, 0x38, 0xff, 0x70, 0x98, 0x40, 0xff,
    0x70, 0x98, 0x40, 0xff, 0x70, 0x98, 0x40, 0xff, 0x68, 0x98, 0x40, 0xff,
    0x70, 0x9c, 0x40, 0xff, 0x70, 0x98, 0x38, 0xff, 0x68, 0x98, 0x40, 0xff,
    0x70, 0x9c, 0x40, 0xff, 0x70, 0x9c, 0x40, 0xff, 0x68, 0x98, 0x40, 0xff,
    0x70, 0x9c, 0x38, 0xff, 0x70, 0x98, 0x40, 0xff, 0x70, 0x98, 0x40, 0xff,
    0x70, 0x98, 0x40, 0xff, 0x70, 0x9c, 0x40, 0xff, 0x70, 0x98, 0x40, 0xff,
    0x68, 0x98, 0x38, 0xff, 0x70, 0x9c, 0x40, 0xff, 0x70, 0x98, 0x40, 0xff,
    0x68, 0x98, 0x40, 0xff, 0x70, 0x9c, 0x38, 0xff, 0x70, 0x98, 0x40, 0xff,
    0x68, 0x98, 0x40, 0xff, 0x70, 0x98, 0x38, 0xff, 0x70, 0x9c, 0x40, 0xff,
    0x70, 0x98, 0x40, 0xff, 0x68, 0x98, 0x40, 0xff, 0x70, 0x98, 0x40, 0xff,
    0x68, 0x9c, 0x38, 0xff, 0x70, 0x98, 0x40, 0xff, 0x70, 0x98, 0x38, 0xff,
    0x70, 0x9c, 0x40, 0xff, 0x68, 0x98, 0x40, 0xff, 0x70, 0x98, 0x40, 0xff,
    0x70, 0x98, 0x40, 0xff, 0x68, 0x9c, 0x40, 0xff, 0x70, 0x98, 0x40, 0xff,
    0x70, 0x98, 0x40, 0xff, 0x70, 0x9c, 0x40, 0xff, 0x70, 0x98, 0x40, 0xff,
    0x68, 0x98, 0x38, 0xff, 0x70, 0x9c, 0x40, 0xff, 0x70, 0x98, 0x40, 0xff,
    0x68, 0x98, 0x40, 0xff, 0x70, 0x9c, 0x40, 0xff, 0x70, 0x98, 0x40, 0xff,
    0x68, 0x98, 0x40, 0xff, 0x70, 0x98, 0x40, 0xff, 0x70, 0x98, 0x40, 0xff,
    0x68, 0x98, 0x38, 0xff, 0x70, 0x98, 0x40, 0xff, 0x70, 0x98, 0x40, 0xff,
    0x70, 0x9c, 0x38, 0xff, 0x70, 0x98, 0x40, 0xff, 0x68, 0x98, 0x40, 0xff,
    0x70, 0x98, 0x40, 0xff, 0x70, 0x98, 0x40, 0xff, 0x68, 0x9c, 0x40, 0xff,
    0x70, 0x98, 0x40, 0xff, 0x70, 0x98, 0x40, 0xff, 0x68, 0x98, 0x38, 0xff,
    0x70, 0x98, 0x40, 0xff, 0x68, 0x98, 0x40, 0xff, 0x68, 0x9c, 0x38, 0xff,
    0x70, 0x98, 0x38, 0xff, 0x70, 0x98, 0x40, 0xff, 0x58, 0x70, 0x40, 0xff,
    0x38, 0x3c, 0x38, 0xff, 0x38, 0x3c, 0x40, 0xff, 0x38, 0x3c, 0x40, 0xff,
    0x38, 0x3c, 0x38, 0xff, 0x38, 0x3c, 0x40, 0xff, 0x38, 0x3c, 0x40, 0xff,
    0x38, 0x3c, 0x38, 0xff, 0x38, 0x3c, 0x40, 0xff, 0x38, 0x3c, 0x40, 0xff,
    0x38, 0x3c, 0x38, 0xff, 0x38, 0x3c, 0x40, 0xff, 0x38, 0x3c, 0x38, 0xff,
    0x38, 0x3c, 0x40, 0xff, 0x38, 0x3c, 0x40, 0xff, 0x38, 0x3c, 0x38, 0xff,
    0x38, 0x3c, 0x40, 0xff, 0x38, 0x3c, 0x40, 0xff, 0x38, 0x3c, 0x38, 0xff,
    0x38, 0x3c, 0x38, 0xff, 0x38, 0x3c, 0x40, 0xff, 0x38, 0x3c, 0x40, 0xff,
    0x38, 0x3c, 0x38, 0xff, 0x38, 0x3c, 0x40, 0xff, 0x38, 0x3c, 0x40, 0xff,
    0x38, 0x3c, 0x38, 0xff, 0x38, 0x3c, 0x40, 0xff, 0x38, 0x3c, 0x40, 0xff,
    0x38, 0x3c, 0x38, 0xff, 0x38, 0x3c, 0x40, 0xff, 0x38, 0x3c, 0x40, 0xff,
    0x38, 0x3c, 0x40, 0xff, 0x38, 0x3c, 0x38, 0xff, 0x38, 0x3c, 0x40, 0xff,
    0x38, 0x3c, 0x40, 0xff, 0x38, 0x3c, 0x38, 0xff, 0x38, 0x3c, 0x40, 0xff,
    0x38, 0x3c, 0x40, 0xff, 0x38, 0x3c, 0x38, 0xff, 0x38, 0x3c, 0x40, 0xff,
    0x38, 0x3c, 0x40, 0xff, 0x38, 0x3c, 0x38, 0xff, 0x38, 0x3c, 0x40, 0xff,
    0x38, 0x3c, 0x40, 0xff, 0x38, 0x3c, 0x38, 0xff, 0x38, 0x3c, 0x40, 0xff,
    0x38, 0x3c, 0x40, 0xff, 0x38, 0x3c, 0x38, 0xff, 0x38, 0x3c, 0x40, 0xff,
    0x38, 0x3c, 0x40, 0xff, 0x38, 0x3c, 0x38, 0xff, 0x38, 0x3c, 0x40, 0xff,
    0x38, 0x3c, 0x40, 0xff, 0x38, 0x3c, 0x38, 0xff, 0x38, 0x3c, 0x40, 0xff,
    0x38, 0x3c, 0x38, 0xff, 0x38, 0x3c, 0x38, 0xff, 0x38, 0x3c, 0x40, 0xff,
    0x38, 0x3c, 0x40, 0xff, 0x38, 0x3c, 0x38, 0xff, 0x38, 0x3c, 0x40, 0xff,
    0x38, 0x3c, 0x40, 0xff, 0x38, 0x3c, 0x38, 0xff, 0x38, 0x3c, 0x40, 0xff,
    0x38, 0x3c, 0x40, 0xff, 0x38, 0x3c, 0x38, 0xff, 0x38, 0x3c, 0x40, 0xff,
    0x38, 0x3c, 0x40, 0xff, 0x38, 0x3c, 0x38, 0xff, 0x38, 0x3c, 0x40, 0xff,
    0x38, 0x3c, 0x40, 0xff, 0x38, 0x3c, 0x38, 0xff, 0x38, 0x3c, 0x40, 0xff,
    0x38, 0x3c, 0x40, 0xff, 0x38, 0x3c, 0x38, 0xff, 0x38, 0x3c, 0x40, 0xff,
    0x38, 0x3c, 0x38, 0xff, 0x38, 0x3c, 0x40, 0xff, 0x38, 0x3c, 0x38, 0xff,
    0x38, 0x3c, 0x40, 0xff, 0x38, 0x3c, 0x38, 0xff, 0x38, 0x3c, 0x40, 0xff,
    0x38, 0x3c, 0x38, 0xff, 0x38, 0x3c, 0x40, 0xff, 0x38, 0x3c, 0x38, 0xff,
    0x38, 0x3c, 0x40, 0xff, 0x38, 0x3c, 0x38, 0xff, 0x38, 0x3c, 0x40, 0xff,
    0x38, 0x3c, 0x38, 0xff, 0x38, 0x3c, 0x40, 0xff, 0x38, 0x3c, 0x40, 0xff,
    0x38, 0x3c, 0x38, 0xff, 0x38, 0x3c, 0x40, 0xff, 0x38, 0x3c, 0x40, 0xff,
    0x38, 0x3c, 0x38, 0x92, 0x00, 0x00, 0x00, 0x00, 0x00, 0x00, 0x00, 0x00,
    0x00, 0x00, 0x00, 0x00, 0x00, 0x00, 0x00, 0x00, 0x00, 0x00, 0x00, 0x00,
    0x00, 0x00, 0x00, 0x00, 0x00, 0x00, 0x00, 0x00, 0x00, 0x00, 0x00, 0x00,
    0x00, 0x00, 0x00, 0x00, 0x00, 0x00, 0x00, 0x00, 0x00, 0x00, 0x00, 0x00,
    0x70, 0x98, 0x38, 0x61, 0x70, 0x98, 0x40, 0xdf, 0x70, 0x9c, 0x40, 0xff,
    0x68, 0x98, 0x38, 0xff, 0x70, 0x98, 0x38, 0xff, 0x70, 0x98, 0x40, 0xff,
    0x70, 0x9c, 0x40, 0xff, 0x70, 0x9c, 0x40, 0xff, 0x70, 0x98, 0x38, 0xff,
    0x68, 0x9c, 0x40, 0xff, 0x70, 0x98, 0x40, 0xff, 0x70, 0x9c, 0x40, 0xff,
    0x68, 0x98, 0x38, 0xff, 0x68, 0x98, 0x40, 0xff, 0x70, 0x98, 0x38, 0xff,
    0x70, 0x98, 0x40, 0xff, 0x70, 0x98, 0x40, 0xff, 0x70, 0x98, 0x40, 0xff,
    0x70, 0x9c, 0x40, 0xff, 0x68, 0x98, 0x40, 0xff, 0x70, 0x98, 0x40, 0xff,
    0x70, 0x98, 0x40, 0xff, 0x70, 0x98, 0x40, 0xff, 0x68, 0x9c, 0x40, 0xff,
    0x68, 0x98, 0x40, 0xff, 0x70, 0x98, 0x40, 0xff, 0x70, 0x98, 0x40, 0xff,
    0x68, 0x98, 0x38, 0xff, 0x68, 0x98, 0x40, 0xff, 0x70, 0x98, 0x40, 0xff,
    0x70, 0x9c, 0x40, 0xff, 0x70, 0x98, 0x40, 0xff, 0x70, 0x98, 0x40, 0xff,
    0x68, 0x98, 0x40, 0xff, 0x70, 0x98, 0x40, 0xff, 0x70, 0x98, 0x40, 0xff,
    0x70, 0x9c, 0x40, 0xff, 0x70, 0x98, 0x38, 0xff, 0x70, 0x98, 0x40, 0xff,
    0x70, 0x9c, 0x40, 0xff, 0x70, 0x98, 0x40, 0xff, 0x70, 0x9c, 0x40, 0xff,
    0x70, 0x98, 0x40, 0xff, 0x68, 0x9c, 0x38, 0xff, 0x70, 0x98, 0x40, 0xff,
    0x70, 0x9c, 0x40, 0xff, 0x68, 0x9c, 0x40, 0xff, 0x70, 0x98, 0x40, 0xff,
    0x68, 0x98, 0x40, 0xff, 0x68, 0x98, 0x40, 0xff, 0x70, 0x9c, 0x40, 0xff,
    0x70, 0x98, 0x38, 0xff, 0x70, 0x98, 0x40, 0xff, 0x70, 0x98, 0x40, 0xff,
    0x70, 0x9c, 0x38, 0xff, 0x68, 0x98, 0x40, 0xff, 0x70, 0x98, 0x40, 0xff,
    0x70, 0x9c, 0x38, 0xff, 0x70, 0x98, 0x40, 0xff, 0x70, 0x98, 0x40, 0xff,
    0x68, 0x98, 0x40, 0xff, 0x70, 0x9c, 0x38, 0xff, 0x70, 0x98, 0x40, 0xff,
    0x68, 0x9c, 0x40, 0xff, 0x70, 0x98, 0x38, 0xff, 0x70, 0x98, 0x40, 0xff,
    0x70, 0x98, 0x40, 0xff, 0x68, 0x98, 0x38, 0xff, 0x70, 0x98, 0x40, 0xff,
    0x70, 0x98, 0x40, 0xff, 0x70, 0x98, 0x38, 0xff, 0x70, 0x98, 0x40, 0xff,
    0x70, 0x98, 0x40, 0xff, 0x68, 0x98, 0x40, 0xff, 0x70, 0x9c, 0x40, 0xff,
    0x70, 0x98, 0x38, 0xff, 0x68, 0x98, 0x40, 0xff, 0x70, 0x98, 0x40, 0xff,
    0x70, 0x9c, 0x38, 0xff, 0x70, 0x98, 0x40, 0xff, 0x70, 0x98, 0x40, 0xff,
    0x68, 0x9c, 0x40, 0xff, 0x70, 0x98, 0x40, 0xff, 0x70, 0x98, 0x40, 0xff,
    0x70, 0x9c, 0x40, 0xff, 0x70, 0x98, 0x40, 0xff, 0x68, 0x98, 0x38, 0xff,
    0x70, 0x98, 0x40, 0xff, 0x70, 0x9c, 0x40, 0xff, 0x70, 0x98, 0x38, 0xff,
    0x70, 0x98, 0x40, 0xff, 0x68, 0x98, 0x40, 0xff, 0x70, 0x9c, 0x40, 0xff,
    0x70, 0x98, 0x38, 0xff, 0x68, 0x98, 0x40, 0xff, 0x70, 0x98, 0x40, 0xff,
    0x70, 0x98, 0x38, 0xff, 0x70, 0x9c, 0x40, 0xff, 0x70, 0x98, 0x38, 0xff,
    0x70, 0x98, 0x38, 0xff, 0x68, 0x98, 0x40, 0xff, 0x70, 0x98, 0x40, 0xff,
    0x70, 0x98, 0x40, 0xff, 0x70, 0x98, 0x40, 0xff, 0x70, 0x98, 0x38, 0xff,
    0x70, 0x98, 0x40, 0xff, 0x70, 0x98, 0x38, 0xff, 0x70, 0x98, 0x40, 0xff,
    0x70, 0x98, 0x38, 0xff, 0x70, 0x9c, 0x38, 0xff, 0x70, 0x98, 0x40, 0xff,
    0x70, 0x9c, 0x40, 0xff, 0x68, 0x9c, 0x40, 0xff, 0x70, 0x98, 0x38, 0xff,
    0x70, 0x98, 0x40, 0xff, 0x68, 0x9c, 0x40, 0xff, 0x70, 0x98, 0x38, 0xff,
    0x70, 0x98, 0x40, 0xff, 0x68, 0x9c, 0x38, 0xff, 0x70, 0x98, 0x38, 0xff,
    0x70, 0x98, 0x40, 0xff, 0x70, 0x9c, 0x40, 0xff, 0x70, 0x98, 0x38, 0xff,
    0x70, 0x9c, 0x40, 0xff, 0x70, 0x98, 0x40, 0xff, 0x70, 0x98, 0x40, 0xff,
    0x70, 0x98, 0x40, 0xff, 0x68, 0x94, 0x40, 0xff, 0x50, 0x64, 0x40, 0xff,
    0x38, 0x3c, 0x38, 0xff, 0x38, 0x3c, 0x40, 0xff, 0x38, 0x3c, 0x38, 0xff,
    0x38, 0x3c, 0x40, 0xff, 0x38, 0x3c, 0x38, 0xff, 0x38, 0x3c, 0x40, 0xff,
    0x38, 0x3c, 0x38, 0xff, 0x38, 0x3c, 0x40, 0xff, 0x38, 0x3c, 0x40, 0xff,
    0x38, 0x3c, 0x38, 0xff, 0x38, 0x3c, 0x40, 0xff, 0x38, 0x3c, 0x40, 0xff,
    0x38, 0x3c, 0x38, 0xff, 0x38, 0x3c, 0x40, 0xff, 0x38, 0x3c, 0x38, 0xff,
    0x38, 0x3c, 0x40, 0xff, 0x38, 0x3c, 0x40, 0xff, 0x38, 0x3c, 0x38, 0xff,
    0x38, 0x3c, 0x40, 0xff, 0x38, 0x3c, 0x40, 0xff, 0x38, 0x3c, 0x38, 0xff,
    0x38, 0x3c, 0x38, 0xff, 0x38, 0x3c, 0x40, 0xff, 0x38, 0x3c, 0x38, 0xff,
    0x38, 0x3c, 0x40, 0xff, 0x38, 0x3c, 0x40, 0xff, 0x38, 0x3c, 0x38, 0xff,
    0x38, 0x3c, 0x40, 0xff, 0x38, 0x3c, 0x38, 0xff, 0x38, 0x3c, 0x40, 0xff,
    0x38, 0x3c, 0x38, 0xff, 0x38, 0x3c, 0x40, 0xff, 0x38, 0x3c, 0x40, 0xff,
    0x38, 0x3c, 0x38, 0xff, 0x38, 0x3c, 0x40, 0xff, 0x38, 0x3c, 0x40, 0xff,
    0x38, 0x3c, 0x38, 0xff, 0x38, 0x3c, 0x40, 0xff, 0x38, 0x3c, 0x38, 0xff,
    0x38, 0x3c, 0x40, 0xff, 0x38, 0x3c, 0x40, 0xff, 0x38, 0x3c, 0x38, 0xff,
    0x38, 0x3c, 0x40, 0xff, 0x38, 0x3c, 0x40, 0xff, 0x38, 0x3c, 0x38, 0xff,
    0x38, 0x3c, 0x40, 0xff, 0x38, 0x3c, 0x40, 0xff, 0x38, 0x3c, 0x38, 0xff,
    0x38, 0x3c, 0x40, 0xff, 0x38, 0x3c, 0x38, 0xff, 0x38, 0x3c, 0x40, 0xff,
    0x38, 0x3c, 0x40, 0xff, 0x38, 0x3c, 0x38, 0xff, 0x38, 0x3c, 0x40, 0xff,
    0x38, 0x3c, 0x40, 0xff, 0x38, 0x3c, 0x40, 0xff, 0x38, 0x3c, 0x38, 0xff,
    0x38, 0x3c, 0x40, 0xff, 0x38, 0x3c, 0x38, 0xff, 0x38, 0x3c, 0x40, 0xff,
    0x38, 0x3c, 0x40, 0xff, 0x38, 0x3c, 0x38, 0xff, 0x38, 0x3c, 0x40, 0xff,
    0x38, 0x3c, 0x38, 0xff, 0x38, 0x3c, 0x40, 0xff, 0x38, 0x3c, 0x40, 0xff,
    0x38, 0x3c, 0x38, 0xff, 0x38, 0x3c, 0x40, 0xff, 0x38, 0x3c, 0x40, 0xff,
    0x38, 0x3c, 0x38, 0xff, 0x38, 0x3c, 0x40, 0xff, 0x38, 0x3c, 0x40, 0xff,
    0x38, 0x3c, 0x38, 0xff, 0x38, 0x3c, 0x40, 0xff, 0x38, 0x3c, 0x40, 0xff,
    0x38, 0x3c, 0x38, 0xff, 0x38, 0x3c, 0x40, 0xff, 0x38, 0x3c, 0x40, 0xff,
    0x38, 0x3c, 0x38, 0xff, 0x38, 0x3c, 0x40, 0xff, 0x38, 0x3c, 0x40, 0xff,
    0x38, 0x3c, 0x38, 0xff, 0x38, 0x3c, 0x40, 0xff, 0x38, 0x3c, 0x40, 0xff,
    0x38, 0x3c, 0x38, 0xff, 0x38, 0x3c, 0x40, 0xff, 0x38, 0x3c, 0x40, 0xff,
    0x38, 0x3c, 0x38, 0xff, 0x38, 0x3c, 0x40, 0xff, 0x38, 0x3c, 0x38, 0xff,
    0x38, 0x3c, 0x40, 0xff, 0x38, 0x3c, 0x40, 0xff, 0x38, 0x3c, 0x40, 0xef,
    0x38, 0x3c, 0x38, 0x71, 0x00, 0x00, 0x00, 0x00, 0x00, 0x00, 0x00, 0x00,
    0x00, 0x00, 0x00, 0x00, 0x00, 0x00, 0x00, 0x00, 0x00, 0x00, 0x00, 0x00,
    0x00, 0x00, 0x00, 0x00, 0x00, 0x00, 0x00, 0x00, 0x00, 0x00, 0x00, 0x00,
    0x00, 0x00, 0x00, 0x00, 0x00, 0x00, 0x00, 0x00, 0x00, 0x00, 0x00, 0x00,
    0x00, 0x00, 0x00, 0x00, 0x00, 0x00, 0x00, 0x00, 0x70, 0x98, 0x40, 0x20,
    0x70, 0x98, 0x40, 0x82, 0x70, 0x98, 0x40, 0xdf, 0x68, 0x9c, 0x40, 0xff,
    0x70, 0x98, 0x38, 0xff, 0x68, 0x98, 0x40, 0xff, 0x70, 0x98, 0x40, 0xff,
    0x70, 0x98, 0x40, 0xff, 0x70, 0x98, 0x38, 0xff, 0x70, 0x9c, 0x40, 0xff,
    0x70, 0x98, 0x40, 0xff, 0x70, 0x98, 0x40, 0xff, 0x70, 0x9c, 0x40, 0xff,
    0x68, 0x98, 0x38, 0xff, 0x70, 0x9c, 0x40, 0xff, 0x70, 0x98, 0x38, 0xff,
    0x68, 0x98, 0x38, 0xff, 0x70, 0x9c, 0x40, 0xff, 0x70, 0x98, 0x40, 0xff,
    0x68, 0x98, 0x38, 0xff, 0x70, 0x9c, 0x40, 0xff, 0x70, 0x98, 0x40, 0xff,
    0x70, 0x98, 0x40, 0xff, 0x70, 0x98, 0x38, 0xff, 0x70, 0x9c, 0x40, 0xff,
    0x68, 0x98, 0x40, 0xff, 0x70, 0x98, 0x40, 0xff, 0x70, 0x9c, 0x38, 0xff,
    0x70, 0x98, 0x40, 0xff, 0x68, 0x98, 0x38, 0xff, 0x70, 0x98, 0x40, 0xff,
    0x70, 0x9c, 0x38, 0xff, 0x68, 0x98, 0x40, 0xff, 0x70, 0x98, 0x40, 0xff,
    0x70, 0x9c, 0x40, 0xff, 0x68, 0x98, 0x38, 0xff, 0x70, 0x98, 0x40, 0xff,
    0x68, 0x98, 0x40, 0xff, 0x70, 0x98, 0x38, 0xff, 0x68, 0x98, 0x40, 0xff,
    0x70, 0x98, 0x40, 0xff, 0x70, 0x9c, 0x40, 0xff, 0x70, 0x98, 0x40, 0xff,
    0x70, 0x98, 0x38, 0xff, 0x70, 0x98, 0x40, 0xff, 0x70, 0x98, 0x40, 0xff,
    0x70, 0x98, 0x38, 0xff, 0x70, 0x9c, 0x40, 0xff, 0x70, 0x98, 0x40, 0xff,
    0x68, 0x98, 0x40, 0xff, 0x68, 0x9c, 0x38, 0xff, 0x70, 0x98, 0x40, 0xff,
    0x70, 0x98, 0x40, 0xff, 0x70, 0x98, 0x40, 0xff, 0x70, 0x9c, 0x40, 0xff,
    0x68, 0x98, 0x40, 0xff, 0x70, 0x98, 0x40, 0xff, 0x68, 0x9c, 0x40, 0xff,
    0x70, 0x98, 0x40, 0xff, 0x70, 0x98, 0x38, 0xff, 0x70, 0x98, 0x40, 0xff,
    0x70, 0x98, 0x40, 0xff, 0x68, 0x9c, 0x40, 0xff, 0x70, 0x98, 0x38, 0xff,
    0x70, 0x9c, 0x40, 0xff, 0x70, 0x9c, 0x40, 0xff, 0x70, 0x98, 0x40, 0xff,
    0x68, 0x9c, 0x40, 0xff, 0x70, 0x98, 0x40, 0xff, 0x68, 0x98, 0x38, 0xff,
    0x70, 0x9c, 0x40, 0xff, 0x70, 0x98, 0x40, 0xff, 0x70, 0x98, 0x38, 0xff,
    0x68, 0x98, 0x40, 0xff, 0x70, 0x9c, 0x40, 0xff, 0x70, 0x98, 0x38, 0xff,
    0x68, 0x98, 0x40, 0xff, 0x70, 0x98, 0x40, 0xff, 0x70, 0x98, 0x40, 0xff,
    0x68, 0x98, 0x38, 0xff, 0x70, 0x9c, 0x40, 0xff, 0x70, 0x98, 0x38, 0xff,
    0x68, 0x98, 0x40, 0xff, 0x70, 0x98, 0x40, 0xff, 0x70, 0x9c, 0x38, 0xff,
    0x68, 0x98, 0x40, 0xff, 0x70, 0x98, 0x40, 0xff, 0x70, 0x98, 0x38, 0xff,
    0x68, 0x9c, 0x40, 0xff, 0x70, 0x98, 0x40, 0xff, 0x70, 0x98, 0x40, 0xff,
    0x70, 0x98, 0x40, 0xff, 0x70, 0x9c, 0x40, 0xff, 0x70, 0x98, 0x40, 0xff,
    0x70, 0x98, 0x38, 0xff, 0x68, 0x9c, 0x40, 0xff, 0x70, 0x98, 0x40, 0xff,
    0x70, 0x98, 0x40, 0xff, 0x68, 0x9c, 0x40, 0xff, 0x70, 0x98, 0x38, 0xff,
    0x70, 0x98, 0x40, 0xff, 0x68, 0x9c, 0x40, 0xff, 0x70, 0x98, 0x38, 0xff,
    0x68, 0x9c, 0x40, 0xff, 0x70, 0x98, 0x40, 0xff, 0x68, 0x9c, 0x40, 0xff,
    0x70, 0x98, 0x40, 0xff, 0x68, 0x98, 0x40, 0xff, 0x70, 0x98, 0x40, 0xff,
    0x70, 0x98, 0x38, 0xff, 0x68, 0x98, 0x40, 0xff, 0x70, 0x98, 0x40, 0xff,
    0x70, 0x98, 0x40, 0xff, 0x68, 0x98, 0x40, 0xff, 0x70, 0x98, 0x40, 0xff,
    0x70, 0x98, 0x40, 0xff, 0x70, 0x9c, 0x40, 0xff, 0x70, 0x98, 0x40, 0xff,
    0x68, 0x98, 0x40, 0xff, 0x70, 0x98, 0x40, 0xff, 0x70, 0x98, 0x38, 0xff,
    0x68, 0x98, 0x40, 0xff, 0x70, 0x98, 0x40, 0xff, 0x70, 0x9c, 0x38, 0xff,
    0x68, 0x94, 0x40, 0xff, 0x50, 0x6c, 0x40, 0xff, 0x38, 0x44, 0x38, 0xff,
    0x38, 0x3c, 0x38, 0xff, 0x38, 0x3c, 0x40, 0xff, 0x38, 0x3c, 0x40, 0xff,
    0x38, 0x3c, 0x38, 0xff, 0x38, 0x3c, 0x40, 0xff, 0x38, 0x3c, 0x40, 0xff,
    0x38, 0x3c, 0x38, 0xff, 0x38, 0x3c, 0x40, 0xff, 0x38, 0x3c, 0x40, 0xff,
    0x38, 0x3c, 0x38, 0xff, 0x38, 0x3c, 0x38, 0xff, 0x38, 0x3c, 0x40, 0xff,
    0x38, 0x3c, 0x40, 0xff, 0x38, 0x3c, 0x38, 0xff, 0x38, 0x3c, 0x40, 0xff,
    0x38, 0x3c, 0x40, 0xff, 0x38, 0x3c, 0x38, 0xff, 0x38, 0x3c, 0x40, 0xff,
    0x38, 0x3c, 0x38, 0xff, 0x38, 0x3c, 0x40, 0xff, 0x38, 0x3c, 0x40, 0xff,
    0x38, 0x3c, 0x40, 0xff, 0x38, 0x3c, 0x40, 0xff, 0x38, 0x3c, 0x40, 0xff,
    0x38, 0x3c, 0x38, 0xff, 0x38, 0x3c, 0x40, 0xff, 0x38, 0x3c, 0x40, 0xff,
    0x38, 0x3c, 0x38, 0xff, 0x38, 0x3c, 0x40, 0xff, 0x38, 0x3c, 0x40, 0xff,
    0x38, 0x3c, 0x38, 0xff, 0x38, 0x3c, 0x40, 0xff, 0x38, 0x3c, 0x38, 0xff,
    0x38, 0x3c, 0x40, 0xff, 0x38, 0x3c, 0x38, 0xff, 0x38, 0x3c, 0x40, 0xff,
    0x38, 0x3c, 0x40, 0xff, 0x38, 0x3c, 0x38, 0xff, 0x38, 0x3c, 0x40, 0xff,
    0x38, 0x3c, 0x40, 0xff, 0x38, 0x3c, 0x38, 0xff, 0x38, 0x3c, 0x40, 0xff,
    0x38, 0x3c, 0x38, 0xff, 0x38, 0x3c, 0x40, 0xff, 0x38, 0x3c, 0x40, 0xff,
    0x38, 0x3c, 0x38, 0xff, 0x38, 0x3c, 0x40, 0xff, 0x38, 0x3c, 0x38, 0xff,
    0x38, 0x3c, 0x40, 0xff, 0x38, 0x3c, 0x40, 0xff, 0x38, 0x3c, 0x38, 0xff,
    0x38, 0x3c, 0x40, 0xff, 0x38, 0x3c, 0x38, 0xff, 0x38, 0x3c, 0x40, 0xff,
    0x38, 0x3c, 0x38, 0xff, 0x38, 0x3c, 0x40, 0xff, 0x38, 0x3c, 0x40, 0xff,
    0x38, 0x3c, 0x40, 0xff, 0x38, 0x3c, 0x38, 0xff, 0x38, 0x3c, 0x40, 0xff,
    0x38, 0x3c, 0x40, 0xff, 0x38, 0x3c, 0x38, 0xff, 0x38, 0x3c, 0x40, 0xff,
    0x38, 0x3c, 0x40, 0xff, 0x38, 0x3c, 0x38, 0xff, 0x38, 0x3c, 0x40, 0xff,
    0x38, 0x3c, 0x40, 0xff, 0x38, 0x3c, 0x38, 0xff, 0x38, 0x3c, 0x40, 0xff,
    0x38, 0x3c, 0x38, 0xff, 0x38, 0x3c, 0x38, 0xff, 0x38, 0x3c, 0x40, 0xff,
    0x38, 0x3c, 0x40, 0xff, 0x38, 0x3c, 0x38, 0xff, 0x38, 0x3c, 0x40, 0xff,
    0x38, 0x3c, 0x40, 0xff, 0x38, 0x3c, 0x38, 0xff, 0x38, 0x3c, 0x40, 0xff,
    0x38, 0x3c, 0x40, 0xff, 0x38, 0x3c, 0x38, 0xff, 0x38, 0x3c, 0x40, 0xff,
    0x38, 0x3c, 0x40, 0xff, 0x38, 0x3c, 0x38, 0xff, 0x38, 0x3c, 0x40, 0xff,
    0x38, 0x3c, 0x40, 0xff, 0x38, 0x3c, 0x38, 0xff, 0x38, 0x3c, 0x40, 0xff,
    0x38, 0x3c, 0x40, 0xff, 0x38, 0x3c, 0x38, 0xff, 0x38, 0x3c, 0x40, 0xff,
    0x38, 0x3c, 0x40, 0xff, 0x38, 0x3c, 0x38, 0xef, 0x38, 0x3c, 0x40, 0x82,
    0x40, 0x40, 0x40, 0x10, 0x00, 0x00, 0x00, 0x00, 0x00, 0x00, 0x00, 0x00,
    0x00, 0x00, 0x00, 0x00, 0x00, 0x00, 0x00, 0x00, 0x00, 0x00, 0x00, 0x00,
    0x00, 0x00, 0x00, 0x00, 0x00, 0x00, 0x00, 0x00, 0x00, 0x00, 0x00, 0x00,
    0x00, 0x00, 0x00, 0x00, 0x00, 0x00, 0x00, 0x00, 0x00, 0x00, 0x00, 0x00,
    0x00, 0x00, 0x00, 0x00, 0x00, 0x00, 0x00, 0x00, 0x00, 0x00, 0x00, 0x00,
    0x00, 0x00, 0x00, 0x00, 0x00, 0x00, 0x00, 0x00, 0x00, 0x00, 0x00, 0x00,
    0x70, 0x98, 0x40, 0x51, 0x70, 0x98, 0x40, 0x8e, 0x70, 0x98, 0x40, 0xbe,
    0x68, 0x98, 0x40, 0xef, 0x70, 0x98, 0x40, 0xff, 0x68, 0x98, 0x40, 0xff,
    0x68, 0x98, 0x38, 0xff, 0x70, 0x98, 0x40, 0xff, 0x70, 0x98, 0x40, 0xff,
    0x70, 0x98, 0x40, 0xff, 0x70, 0x9c, 0x40, 0xff, 0x68, 0x98, 0x40, 0xff,
    0x70, 0x98, 0x40, 0xff, 0x70, 0x98, 0x40, 0xff, 0x70, 0x98, 0x40, 0xff,
    0x70, 0x98, 0x38, 0xff, 0x70, 0x9c, 0x40, 0xff, 0x68, 0x98, 0x38, 0xff,
    0x70, 0x98, 0x40, 0xff, 0x70, 0x98, 0x40, 0xff, 0x70, 0x9c, 0x38, 0xff,
    0x68, 0x98, 0x40, 0xff, 0x70, 0x98, 0x40, 0xff, 0x70, 0x9c, 0x40, 0xff,
    0x70, 0x98, 0x40, 0xff, 0x70, 0x98, 0x40, 0xff, 0x68, 0x98, 0x40, 0xff,
    0x70, 0x9c, 0x38, 0xff, 0x70, 0x98, 0x40, 0xff, 0x70, 0x98, 0x40, 0xff,
    0x70, 0x9c, 0x38, 0xff, 0x68, 0x98, 0x40, 0xff, 0x70, 0x98, 0x40, 0xff,
    0x70, 0x9c, 0x40, 0xff, 0x70, 0x98, 0x40, 0xff, 0x68, 0x98, 0x38, 0xff,
    0x70, 0x9c, 0x40, 0xff, 0x70, 0x98, 0x38, 0xff, 0x68, 0x98, 0x40, 0xff,
    0x70, 0x98, 0x40, 0xff, 0x68, 0x98, 0x40, 0xff, 0x68, 0x98, 0x38, 0xff,
    0x70, 0x98, 0x40, 0xff, 0x70, 0x9c, 0x40, 0xff, 0x70, 0x98, 0x38, 0xff,
    0x70, 0x98, 0x40, 0xff, 0x70, 0x98, 0x40, 0xff, 0x70, 0x98, 0x40, 0xff,
    0x68, 0x9c, 0x38, 0xff, 0x70, 0x98, 0x40, 0xff, 0x70, 0x98, 0x38, 0xff,
    0x68, 0x98, 0x40, 0xff, 0x70, 0x98, 0x38, 0xff, 0x70, 0x98, 0x40, 0xff,
    0x70, 0x9c, 0x40, 0xff, 0x68, 0x98, 0x38, 0xff, 0x70, 0x98, 0x40, 0xff,
    0x70, 0x9c, 0x40, 0xff, 0x68, 0x98, 0x40, 0xff, 0x70, 0x98, 0x40, 0xff,
    0x70, 0x98, 0x40, 0xff, 0x68, 0x98, 0x38, 0xff, 0x70, 0x98, 0x40, 0xff,
    0x70, 0x98, 0x38, 0xff, 0x70, 0x9c, 0x40, 0xff, 0x70, 0x98, 0x40, 0xff,
    0x70, 0x98, 0x40, 0xff, 0x68, 0x9c, 0x40, 0xff, 0x70, 0x98, 0x38, 0xff,
    0x70, 0x98, 0x40, 0xff, 0x70, 0x98, 0x40, 0xff, 0x70, 0x9c, 0x40, 0xff,
    0x70, 0x98, 0x40, 0xff, 0x68, 0x98, 0x38, 0xff, 0x70, 0x9c, 0x40, 0xff,
    0x70, 0x98, 0x40, 0xff, 0x70, 0x98, 0x40, 0xff, 0x70, 0x98, 0x38, 0xff,
    0x70, 0x98, 0x40, 0xff, 0x68, 0x98, 0x40, 0xff, 0x70, 0x98, 0x38, 0xff,
    0x70, 0x98, 0x40, 0xff, 0x70, 0x9c, 0x40, 0xff, 0x70, 0x98, 0x40, 0xff,
    0x68, 0x98, 0x40, 0xff, 0x70, 0x98, 0x40, 0xff, 0x70, 0x9c, 0x38, 0xff,
    0x68, 0x98, 0x38, 0xff, 0x70, 0x98, 0x40, 0xff, 0x68, 0x98, 0x40, 0xff,
    0x70, 0x9c, 0x38, 0xff, 0x70, 0x98, 0x40, 0xff, 0x68, 0x98, 0x40, 0xff,
    0x70, 0x98, 0x40, 0xff, 0x70, 0x98, 0x40, 0xff, 0x68, 0x9c, 0x40, 0xff,
    0x70, 0x98, 0x40, 0xff, 0x70, 0x98, 0x38, 0xff, 0x70, 0x9c, 0x40, 0xff,
    0x68, 0x98, 0x40, 0xff, 0x70, 0x98, 0x40, 0xff, 0x70, 0x98, 0x40, 0xff,
    0x70, 0x9c, 0x38, 0xff, 0x68, 0x98, 0x40, 0xff, 0x70, 0x98, 0x40, 0xff,
    0x70, 0x9c, 0x40, 0xff, 0x68, 0x98, 0x40, 0xff, 0x70, 0x98, 0x38, 0xff,
    0x70, 0x9c, 0x40, 0xff, 0x70, 0x98, 0x40, 0xff, 0x70, 0x9c, 0x38, 0xff,
    0x70, 0x98, 0x40, 0xff, 0x68, 0x98, 0x40, 0xff, 0x70, 0x98, 0x38, 0xff,
    0x70, 0x9c, 0x40, 0xff, 0x70, 0x98, 0x40, 0xff, 0x68, 0x9c, 0x40, 0xff,
    0x68, 0x94, 0x40, 0xff, 0x60, 0x88, 0x40, 0xff, 0x58, 0x70, 0x40, 0xff,
    0x48, 0x54, 0x38, 0xff, 0x38, 0x44, 0x38, 0xff, 0x38, 0x3c, 0x40, 0xff,
    0x38, 0x3c, 0x40, 0xff, 0x38, 0x3c, 0x38, 0xff, 0x38, 0x3c, 0x40, 0xff,
    0x38, 0x3c, 0x40, 0xff, 0x38, 0x3c, 0x38, 0xff, 0x38, 0x3c, 0x40, 0xff,
    0x38, 0x3c, 0x40, 0xff, 0x38, 0x3c, 0x38, 0xff, 0x38, 0x3c, 0x40, 0xff,
    0x38, 0x3c, 0x40, 0xff, 0x38, 0x3c, 0x38, 0xff, 0x38, 0x3c, 0x40, 0xff,
    0x38, 0x3c, 0x40, 0xff, 0x38, 0x3c, 0x38, 0xff, 0x38, 0x3c, 0x40, 0xff,
    0x38, 0x3c, 0x40, 0xff, 0x38, 0x3c, 0x38, 0xff, 0x38, 0x3c, 0x40, 0xff,
    0x38, 0x3c, 0x40, 0xff, 0x38, 0x3c, 0x38, 0xff, 0x38, 0x3c, 0x38, 0xff,
    0x38, 0x3c, 0x40, 0xff, 0x38, 0x3c, 0x38, 0xff, 0x38, 0x3c, 0x40, 0xff,
    0x38, 0x3c, 0x38, 0xff, 0x38, 0x3c, 0x40, 0xff, 0x38, 0x3c, 0x38, 0xff,
    0x38, 0x3c, 0x40, 0xff, 0x38, 0x3c, 0x40, 0xff, 0x38, 0x3c, 0x38, 0xff,
    0x38, 0x3c, 0x40, 0xff, 0x38, 0x3c, 0x40, 0xff, 0x38, 0x3c, 0x38, 0xff,
    0x38, 0x3c, 0x40, 0xff, 0x38, 0x3c, 0x40, 0xff, 0x38, 0x3c, 0x38, 0xff,
    0x38, 0x3c, 0x40, 0xff, 0x38, 0x3c, 0x38, 0xff, 0x38, 0x3c, 0x40, 0xff,
    0x38, 0x3c, 0x40, 0xff, 0x38, 0x3c, 0x38, 0xff, 0x38, 0x3c, 0x40, 0xff,
    0x38, 0x3c, 0x40, 0xff, 0x38, 0x3c, 0x38, 0xff, 0x38, 0x3c, 0x40, 0xff,
    0x38, 0x3c, 0x38, 0xff, 0x38, 0x3c, 0x40, 0xff, 0x38, 0x3c, 0x40, 0xff,
    0x38, 0x3c, 0x38, 0xff, 0x38, 0x3c, 0x40, 0xff, 0x38, 0x3c, 0x40, 0xff,
    0x38, 0x3c, 0x38, 0xff, 0x38, 0x3c, 0x40, 0xff, 0x38, 0x3c, 0x40, 0xff,
    0x38, 0x3c, 0x38, 0xff, 0x38, 0x3c, 0x40, 0xff, 0x38, 0x3c, 0x38, 0xff,
    0x38, 0x3c, 0x38, 0xff, 0x38, 0x3c, 0x40, 0xff, 0x38, 0x3c, 0x40, 0xff,
    0x38, 0x3c, 0x38, 0xff, 0x38, 0x3c, 0x40, 0xff, 0x38, 0x3c, 0x38, 0xff,
    0x38, 0x3c, 0x40, 0xff, 0x38, 0x3c, 0x40, 0xff, 0x38, 0x3c, 0x38, 0xff,
    0x38, 0x3c, 0x40, 0xff, 0x38, 0x3c, 0x38, 0xff, 0x38, 0x3c, 0x40, 0xff,
    0x38, 0x3c, 0x40, 0xff, 0x38, 0x3c, 0x40, 0xff, 0x38, 0x3c, 0x38, 0xff,
    0x38, 0x3c, 0x40, 0xff, 0x38, 0x3c, 0x38, 0xff, 0x38, 0x3c, 0x40, 0xff,
    0x38, 0x3c, 0x38, 0xff, 0x38, 0x3c, 0x40, 0xff, 0x38, 0x3c, 0x38, 0xff,
    0x38, 0x3c, 0x40, 0xff, 0x38, 0x3c, 0x40, 0xff, 0x38, 0x3c, 0x38, 0xff,
    0x38, 0x3c, 0x40, 0xff, 0x38, 0x3c, 0x38, 0xff, 0x38, 0x3c, 0x40, 0xff,
    0x38, 0x3c, 0x40, 0xff, 0x38, 0x3c, 0x38, 0xff, 0x38, 0x3c, 0x40, 0xff,
    0x38, 0x3c, 0x40, 0xff, 0x38, 0x3c, 0x38, 0xef, 0x38, 0x3c, 0x40, 0xcf,
    0x38, 0x3c, 0x38, 0x8e, 0x38, 0x3c, 0x38, 0x41, 0x40, 0x40, 0x40, 0x10,
    0x00, 0x00, 0x00, 0x00, 0x00, 0x00, 0x00, 0x00, 0x00, 0x00, 0x00, 0x00,
    0x00, 0x00, 0x00, 0x00, 0x00, 0x00, 0x00, 0x00, 0x00, 0x00, 0x00, 0x00,
    0x00, 0x00, 0x00, 0x00, 0x00, 0x00, 0x00, 0x00, 0x00, 0x00, 0x00, 0x00
};
