// 4.26.0 0xd4f5e02f D2 AY R0 FARGB8888 U565 N0 SExtFlashSection
// Generated by imageconverter. Please, do not edit!

#include <touchgfx/hal/Config.hpp>

LOCATION_PRAGMA_32("ExtFlashSection")
KEEP extern const unsigned char image_brightness_fill[] LOCATION_ATTRIBUTE_32("ExtFlashSection") = { // 359x30 ARGB8888 pixels.
    0x00, 0x00, 0x00, 0x00, 0x00, 0x00, 0x00, 0x00, 0x00, 0x00, 0x00, 0x00,
    0x00, 0x00, 0x00, 0x00, 0x00, 0x00, 0x00, 0x00, 0x00, 0x00, 0x00, 0x00,
    0x00, 0x00, 0x00, 0x00, 0x00, 0x00, 0x00, 0x00, 0x00, 0x00, 0x00, 0x00,
    0x50, 0x80, 0x30, 0x10, 0x58, 0x7c, 0x30, 0x41, 0x58, 0x7c, 0x30, 0x8e,
    0x60, 0x80, 0x30, 0xcf, 0x58, 0x80, 0x30, 0xef, 0x58, 0x80, 0x30, 0xff,
    0x60, 0x80, 0x30, 0xff, 0x58, 0x80, 0x30, 0xff, 0x58, 0x80, 0x30, 0xff,
    0x60, 0x80, 0x30, 0xff, 0x58, 0x80, 0x30, 0xff, 0x58, 0x80, 0x30, 0xff,
    0x60, 0x80, 0x30, 0xff, 0x58, 0x80, 0x30, 0xff, 0x58, 0x80, 0x30, 0xff,
    0x60, 0x80, 0x30, 0xff, 0x58, 0x80, 0x30, 0xff, 0x58, 0x80, 0x30, 0xff,
    0x60, 0x80, 0x30, 0xff, 0x58, 0x80, 0x30, 0xff, 0x58, 0x80, 0x30, 0xff,
    0x60, 0x80, 0x30, 0xff, 0x58, 0x80, 0x30, 0xff, 0x58, 0x80, 0x30, 0xff,
    0x60, 0x80, 0x30, 0xff, 0x58, 0x80, 0x30, 0xff, 0x58, 0x80, 0x30, 0xff,
    0x60, 0x80, 0x30, 0xff, 0x58, 0x80, 0x30, 0xff, 0x58, 0x80, 0x30, 0xff,
    0x60, 0x80, 0x30, 0xff, 0x58, 0x80, 0x30, 0xff, 0x58, 0x80, 0x30, 0xff,
    0x60, 0x80, 0x30, 0xff, 0x58, 0x80, 0x30, 0xff, 0x58, 0x80, 0x30, 0xff,
    0x60, 0x80, 0x30, 0xff, 0x58, 0x80, 0x30, 0xff, 0x58, 0x80, 0x30, 0xff,
    0x60, 0x80, 0x30, 0xff, 0x58, 0x80, 0x30, 0xff, 0x58, 0x80, 0x30, 0xff,
    0x60, 0x80, 0x30, 0xff, 0x58, 0x80, 0x30, 0xff, 0x58, 0x80, 0x30, 0xff,
    0x60, 0x80, 0x30, 0xff, 0x58, 0x80, 0x30, 0xff, 0x58, 0x80, 0x30, 0xff,
    0x60, 0x80, 0x30, 0xff, 0x58, 0x80, 0x30, 0xff, 0x58, 0x80, 0x30, 0xff,
    0x60, 0x80, 0x30, 0xff, 0x58, 0x80, 0x30, 0xff, 0x58, 0x80, 0x30, 0xff,
    0x60, 0x80, 0x30, 0xff, 0x58, 0x80, 0x30, 0xff, 0x58, 0x80, 0x30, 0xff,
    0x60, 0x80, 0x30, 0xff, 0x58, 0x80, 0x30, 0xff, 0x58, 0x80, 0x30, 0xff,
    0x60, 0x80, 0x30, 0xff, 0x58, 0x80, 0x30, 0xff, 0x58, 0x80, 0x30, 0xff,
    0x60, 0x80, 0x30, 0xff, 0x58, 0x80, 0x30, 0xff, 0x58, 0x80, 0x30, 0xff,
    0x60, 0x80, 0x30, 0xff, 0x58, 0x80, 0x30, 0xff, 0x58, 0x80, 0x30, 0xff,
    0x60, 0x80, 0x30, 0xff, 0x58, 0x80, 0x30, 0xff, 0x58, 0x80, 0x30, 0xff,
    0x60, 0x80, 0x30, 0xff, 0x58, 0x80, 0x30, 0xff, 0x58, 0x80, 0x30, 0xff,
    0x60, 0x80, 0x30, 0xff, 0x58, 0x80, 0x30, 0xff, 0x58, 0x80, 0x30, 0xff,
    0x60, 0x80, 0x30, 0xff, 0x58, 0x80, 0x30, 0xff, 0x58, 0x80, 0x30, 0xff,
    0x60, 0x80, 0x30, 0xff, 0x58, 0x80, 0x30, 0xff, 0x58, 0x80, 0x30, 0xff,
    0x60, 0x80, 0x30, 0xff, 0x58, 0x80, 0x30, 0xff, 0x58, 0x80, 0x30, 0xff,
    0x60, 0x80, 0x30, 0xff, 0x58, 0x80, 0x30, 0xff, 0x58, 0x80, 0x30, 0xff,
    0x60, 0x80, 0x30, 0xff, 0x58, 0x80, 0x30, 0xff, 0x58, 0x80, 0x30, 0xff,
    0x60, 0x80, 0x30, 0xff, 0x58, 0x80, 0x30, 0xff, 0x58, 0x80, 0x30, 0xff,
    0x60, 0x80, 0x30, 0xff, 0x58, 0x80, 0x30, 0xff, 0x58, 0x80, 0x30, 0xff,
    0x60, 0x80, 0x30, 0xff, 0x58, 0x80, 0x30, 0xff, 0x58, 0x80, 0x30, 0xff,
    0x60, 0x80, 0x30, 0xff, 0x58, 0x80, 0x30, 0xff, 0x58, 0x80, 0x30, 0xff,
    0x60, 0x80, 0x30, 0xff, 0x58, 0x80, 0x30, 0xff, 0x58, 0x80, 0x30, 0xff,
    0x60, 0x80, 0x30, 0xff, 0x58, 0x80, 0x30, 0xff, 0x58, 0x80, 0x30, 0xff,
    0x60, 0x80, 0x30, 0xff, 0x58, 0x80, 0x30, 0xff, 0x58, 0x80, 0x30, 0xff,
    0x60, 0x80, 0x30, 0xff, 0x58, 0x80, 0x30, 0xff, 0x58, 0x80, 0x30, 0xff,
    0x60, 0x80, 0x30, 0xff, 0x58, 0x80, 0x30, 0xff, 0x58, 0x80, 0x30, 0xff,
    0x60, 0x80, 0x30, 0xff, 0x58, 0x80, 0x30, 0xff, 0x58, 0x80, 0x30, 0xff,
    0x60, 0x80, 0x30, 0xff, 0x58, 0x80, 0x30, 0xff, 0x58, 0x80, 0x30, 0xff,
    0x60, 0x80, 0x30, 0xff, 0x58, 0x80, 0x30, 0xff, 0x58, 0x80, 0x30, 0xff,
    0x60, 0x80, 0x30, 0xff, 0x58, 0x80, 0x30, 0xff, 0x58, 0x80, 0x30, 0xff,
    0x60, 0x80, 0x30, 0xff, 0x58, 0x80, 0x30, 0xff, 0x58, 0x80, 0x30, 0xff,
    0x60, 0x80, 0x30, 0xff, 0x58, 0x80, 0x30, 0xff, 0x58, 0x80, 0x30, 0xff,
    0x60, 0x80, 0x30, 0xff, 0x58, 0x80, 0x30, 0xff, 0x58, 0x80, 0x30, 0xff,
    0x60, 0x80, 0x30, 0xff, 0x58, 0x80, 0x30, 0xff, 0x58, 0x80, 0x30, 0xff,
    0x60, 0x80, 0x30, 0xff, 0x58, 0x80, 0x30, 0xff, 0x58, 0x80, 0x30, 0xff,
    0x60, 0x80, 0x30, 0xff, 0x58, 0x80, 0x30, 0xff, 0x58, 0x80, 0x30, 0xff,
    0x60, 0x80, 0x30, 0xff, 0x58, 0x80, 0x30, 0xff, 0x58, 0x80, 0x30, 0xff,
    0x60, 0x80, 0x30, 0xff, 0x58, 0x80, 0x30, 0xff, 0x58, 0x80, 0x30, 0xff,
    0x60, 0x80, 0x30, 0xff, 0x58, 0x80, 0x30, 0xff, 0x58, 0x80, 0x30, 0xff,
    0x60, 0x80, 0x30, 0xff, 0x58, 0x80, 0x30, 0xff, 0x58, 0x80, 0x30, 0xff,
    0x60, 0x80, 0x30, 0xff, 0x58, 0x80, 0x30, 0xff, 0x58, 0x80, 0x30, 0xff,
    0x60, 0x80, 0x30, 0xff, 0x58, 0x80, 0x30, 0xff, 0x58, 0x80, 0x30, 0xff,
    0x60, 0x80, 0x30, 0xff, 0x58, 0x80, 0x30, 0xff, 0x58, 0x80, 0x30, 0xff,
    0x60, 0x80, 0x30, 0xff, 0x58, 0x80, 0x30, 0xff, 0x58, 0x80, 0x30, 0xff,
    0x60, 0x80, 0x30, 0xff, 0x58, 0x80, 0x30, 0xff, 0x58, 0x80, 0x30, 0xff,
    0x60, 0x80, 0x30, 0xff, 0x58, 0x80, 0x30, 0xff, 0x58, 0x80, 0x30, 0xff,
    0x60, 0x80, 0x30, 0xff, 0x58, 0x80, 0x30, 0xff, 0x58, 0x80, 0x30, 0xff,
    0x60, 0x80, 0x30, 0xff, 0x58, 0x80, 0x30, 0xff, 0x58, 0x80, 0x30, 0xff,
    0x60, 0x80, 0x30, 0xff, 0x58, 0x80, 0x30, 0xff, 0x58, 0x80, 0x30, 0xff,
    0x60, 0x80, 0x30, 0xff, 0x58, 0x80, 0x30, 0xff, 0x58, 0x80, 0x30, 0xff,
    0x60, 0x80, 0x30, 0xff, 0x58, 0x80, 0x30, 0xff, 0x58, 0x80, 0x30, 0xff,
    0x60, 0x80, 0x30, 0xff, 0x58, 0x80, 0x30, 0xff, 0x58, 0x80, 0x30, 0xff,
    0x60, 0x80, 0x30, 0xff, 0x58, 0x80, 0x30, 0xff, 0x58, 0x80, 0x30, 0xff,
    0x60, 0x80, 0x30, 0xff, 0x58, 0x80, 0x30, 0xff, 0x58, 0x80, 0x30, 0xff,
    0x60, 0x80, 0x30, 0xff, 0x58, 0x80, 0x30, 0xff, 0x58, 0x80, 0x30, 0xff,
    0x60, 0x80, 0x30, 0xff, 0x58, 0x80, 0x30, 0xff, 0x58, 0x80, 0x30, 0xff,
    0x60, 0x80, 0x30, 0xff, 0x58, 0x80, 0x30, 0xff, 0x58, 0x80, 0x30, 0xff,
    0x60, 0x80, 0x30, 0xff, 0x58, 0x80, 0x30, 0xff, 0x58, 0x80, 0x30, 0xff,
    0x60, 0x80, 0x30, 0xff, 0x58, 0x80, 0x30, 0xff, 0x58, 0x80, 0x30, 0xff,
    0x60, 0x80, 0x30, 0xff, 0x58, 0x80, 0x30, 0xff, 0x58, 0x80, 0x30, 0xff,
    0x60, 0x80, 0x30, 0xff, 0x58, 0x80, 0x30, 0xff, 0x58, 0x80, 0x30, 0xff,
    0x60, 0x80, 0x30, 0xff, 0x58, 0x80, 0x30, 0xff, 0x58, 0x80, 0x30, 0xff,
    0x60, 0x80, 0x30, 0xff, 0x58, 0x80, 0x30, 0xff, 0x58, 0x80, 0x30, 0xff,
    0x60, 0x80, 0x30, 0xff, 0x58, 0x80, 0x30, 0xff, 0x58, 0x80, 0x30, 0xff,
    0x60, 0x80, 0x30, 0xff, 0x58, 0x80, 0x30, 0xff, 0x58, 0x80, 0x30, 0xff,
    0x60, 0x80, 0x30, 0xff, 0x58, 0x80, 0x30, 0xff, 0x58, 0x80, 0x30, 0xff,
    0x60, 0x80, 0x30, 0xff, 0x58, 0x80, 0x30, 0xff, 0x58, 0x80, 0x30, 0xff,
    0x60, 0x80, 0x30, 0xff, 0x58, 0x80, 0x30, 0xff, 0x58, 0x80, 0x30, 0xff,
    0x60, 0x80, 0x30, 0xff, 0x58, 0x80, 0x30, 0xff, 0x58, 0x80, 0x30, 0xff,
    0x60, 0x80, 0x30, 0xff, 0x58, 0x80, 0x30, 0xff, 0x58, 0x80, 0x30, 0xff,
    0x60, 0x80, 0x30, 0xff, 0x58, 0x80, 0x30, 0xff, 0x58, 0x80, 0x30, 0xff,
    0x60, 0x80, 0x30, 0xff, 0x58, 0x80, 0x30, 0xff, 0x58, 0x80, 0x30, 0xff,
    0x60, 0x80, 0x30, 0xff, 0x58, 0x80, 0x30, 0xff, 0x58, 0x80, 0x30, 0xff,
    0x60, 0x80, 0x30, 0xff, 0x58, 0x80, 0x30, 0xff, 0x58, 0x80, 0x30, 0xff,
    0x60, 0x80, 0x30, 0xff, 0x58, 0x80, 0x30, 0xff, 0x58, 0x80, 0x30, 0xff,
    0x60, 0x80, 0x30, 0xff, 0x58, 0x80, 0x30, 0xff, 0x58, 0x80, 0x30, 0xff,
    0x60, 0x80, 0x30, 0xff, 0x58, 0x80, 0x30, 0xff, 0x58, 0x80, 0x30, 0xff,
    0x60, 0x80, 0x30, 0xff, 0x58, 0x80, 0x30, 0xff, 0x58, 0x80, 0x30, 0xff,
    0x60, 0x80, 0x30, 0xff, 0x58, 0x80, 0x30, 0xff, 0x58, 0x80, 0x30, 0xff,
    0x60, 0x80, 0x30, 0xff, 0x58, 0x80, 0x30, 0xff, 0x58, 0x80, 0x30, 0xff,
    0x60, 0x80, 0x30, 0xff, 0x58, 0x80, 0x30, 0xff, 0x58, 0x80, 0x30, 0xff,
    0x60, 0x80, 0x30, 0xff, 0x58, 0x80, 0x30, 0xff, 0x58, 0x80, 0x30, 0xff,
    0x60, 0x80, 0x30, 0xff, 0x58, 0x80, 0x30, 0xff, 0x58, 0x80, 0x30, 0xff,
    0x60, 0x80, 0x30, 0xff, 0x58, 0x80, 0x30, 0xff, 0x58, 0x80, 0x30, 0xff,
    0x60, 0x80, 0x30, 0xff, 0x58, 0x80, 0x30, 0xff, 0x58, 0x80, 0x30, 0xff,
    0x60, 0x80, 0x30, 0xff, 0x58, 0x80, 0x30, 0xff, 0x58, 0x80, 0x30, 0xff,
    0x60, 0x80, 0x30, 0xff, 0x58, 0x80, 0x30, 0xff, 0x58, 0x80, 0x30, 0xff,
    0x60, 0x80, 0x30, 0xff, 0x58, 0x80, 0x30, 0xff, 0x58, 0x80, 0x30, 0xff,
    0x60, 0x80, 0x30, 0xff, 0x58, 0x80, 0x30, 0xff, 0x58, 0x80, 0x30, 0xff,
    0x60, 0x80, 0x30, 0xff, 0x58, 0x80, 0x30, 0xff, 0x58, 0x80, 0x30, 0xff,
    0x60, 0x80, 0x30, 0xff, 0x58, 0x80, 0x30, 0xff, 0x58, 0x80, 0x30, 0xff,
    0x60, 0x80, 0x30, 0xff, 0x58, 0x80, 0x30, 0xff, 0x58, 0x80, 0x30, 0xff,
    0x60, 0x80, 0x30, 0xff, 0x58, 0x80, 0x30, 0xff, 0x58, 0x80, 0x30, 0xff,
    0x60, 0x80, 0x30, 0xff, 0x58, 0x80, 0x30, 0xff, 0x58, 0x80, 0x30, 0xff,
    0x60, 0x80, 0x30, 0xff, 0x58, 0x80, 0x30, 0xff, 0x58, 0x80, 0x30, 0xff,
    0x60, 0x80, 0x30, 0xff, 0x58, 0x80, 0x30, 0xff, 0x58, 0x80, 0x30, 0xff,
    0x60, 0x80, 0x30, 0xff, 0x58, 0x80, 0x30, 0xff, 0x58, 0x80, 0x30, 0xff,
    0x60, 0x80, 0x30, 0xff, 0x58, 0x80, 0x30, 0xff, 0x58, 0x80, 0x30, 0xff,
    0x60, 0x80, 0x30, 0xef, 0x58, 0x80, 0x30, 0xbe, 0x58, 0x7c, 0x30, 0x8e,
    0x60, 0x7c, 0x30, 0x51, 0x00, 0x00, 0x00, 0x00, 0x00, 0x00, 0x00, 0x00,
    0x00, 0x00, 0x00, 0x00, 0x00, 0x00, 0x00, 0x00, 0x00, 0x00, 0x00, 0x00,
    0x00, 0x00, 0x00, 0x00, 0x00, 0x00, 0x00, 0x00, 0x00, 0x00, 0x00, 0x00,
    0x00, 0x00, 0x00, 0x00, 0x00, 0x00, 0x00, 0x00, 0x00, 0x00, 0x00, 0x00,
    0x00, 0x00, 0x00, 0x00, 0x00, 0x00, 0x00, 0x00, 0x00, 0x00, 0x00, 0x00,
    0x00, 0x00, 0x00, 0x00, 0x00, 0x00, 0x00, 0x00, 0x00, 0x00, 0x00, 0x00,
    0x50, 0x80, 0x30, 0x10, 0x58, 0x7c, 0x30, 0x7d, 0x60, 0x80, 0x30, 0xef,
    0x60, 0x80, 0x30, 0xff, 0x58, 0x80, 0x38, 0xff, 0x60, 0x80, 0x30, 0xff,
    0x60, 0x7c, 0x38, 0xff, 0x58, 0x80, 0x38, 0xff, 0x60, 0x7c, 0x30, 0xff,
    0x60, 0x80, 0x38, 0xff, 0x58, 0x7c, 0x38, 0xff, 0x60, 0x80, 0x30, 0xff,
    0x60, 0x7c, 0x38, 0xff, 0x58, 0x80, 0x38, 0xff, 0x60, 0x7c, 0x30, 0xff,
    0x60, 0x80, 0x38, 0xff, 0x58, 0x7c, 0x38, 0xff, 0x60, 0x80, 0x30, 0xff,
    0x60, 0x7c, 0x38, 0xff, 0x58, 0x80, 0x38, 0xff, 0x60, 0x7c, 0x30, 0xff,
    0x60, 0x80, 0x38, 0xff, 0x58, 0x7c, 0x38, 0xff, 0x60, 0x80, 0x30, 0xff,
    0x60, 0x7c, 0x38, 0xff, 0x58, 0x80, 0x38, 0xff, 0x60, 0x7c, 0x30, 0xff,
    0x60, 0x80, 0x38, 0xff, 0x58, 0x7c, 0x38, 0xff, 0x60, 0x80, 0x30, 0xff,
    0x60, 0x7c, 0x38, 0xff, 0x58, 0x80, 0x38, 0xff, 0x60, 0x7c, 0x30, 0xff,
    0x60, 0x80, 0x38, 0xff, 0x58, 0x7c, 0x38, 0xff, 0x60, 0x80, 0x30, 0xff,
    0x60, 0x7c, 0x38, 0xff, 0x58, 0x80, 0x38, 0xff, 0x60, 0x7c, 0x30, 0xff,
    0x60, 0x80, 0x38, 0xff, 0x58, 0x7c, 0x38, 0xff, 0x60, 0x80, 0x30, 0xff,
    0x60, 0x7c, 0x38, 0xff, 0x58, 0x80, 0x38, 0xff, 0x60, 0x7c, 0x30, 0xff,
    0x60, 0x80, 0x38, 0xff, 0x58, 0x7c, 0x38, 0xff, 0x60, 0x80, 0x30, 0xff,
    0x60, 0x7c, 0x38, 0xff, 0x58, 0x80, 0x38, 0xff, 0x60, 0x7c, 0x30, 0xff,
    0x60, 0x80, 0x38, 0xff, 0x58, 0x7c, 0x38, 0xff, 0x60, 0x80, 0x30, 0xff,
    0x60, 0x7c, 0x38, 0xff, 0x58, 0x80, 0x38, 0xff, 0x60, 0x7c, 0x30, 0xff,
    0x60, 0x80, 0x38, 0xff, 0x58, 0x7c, 0x38, 0xff, 0x60, 0x80, 0x30, 0xff,
    0x60, 0x7c, 0x38, 0xff, 0x58, 0x80, 0x38, 0xff, 0x60, 0x7c, 0x30, 0xff,
    0x60, 0x80, 0x38, 0xff, 0x58, 0x7c, 0x38, 0xff, 0x60, 0x80, 0x30, 0xff,
    0x60, 0x7c, 0x38, 0xff, 0x58, 0x80, 0x38, 0xff, 0x60, 0x7c, 0x30, 0xff,
    0x60, 0x80, 0x38, 0xff, 0x58, 0x7c, 0x38, 0xff, 0x60, 0x80, 0x30, 0xff,
    0x60, 0x7c, 0x38, 0xff, 0x58, 0x80, 0x38, 0xff, 0x60, 0x7c, 0x30, 0xff,
    0x60, 0x80, 0x38, 0xff, 0x58, 0x7c, 0x38, 0xff, 0x60, 0x80, 0x30, 0xff,
    0x60, 0x7c, 0x38, 0xff, 0x58, 0x80, 0x38, 0xff, 0x60, 0x7c, 0x30, 0xff,
    0x60, 0x80, 0x38, 0xff, 0x58, 0x7c, 0x38, 0xff, 0x60, 0x80, 0x30, 0xff,
    0x60, 0x7c, 0x38, 0xff, 0x58, 0x80, 0x38, 0xff, 0x60, 0x7c, 0x30, 0xff,
    0x60, 0x80, 0x38, 0xff, 0x58, 0x7c, 0x38, 0xff, 0x60, 0x80, 0x30, 0xff,
    0x60, 0x7c, 0x38, 0xff, 0x58, 0x80, 0x38, 0xff, 0x60, 0x7c, 0x30, 0xff,
    0x60, 0x80, 0x38, 0xff, 0x58, 0x7c, 0x38, 0xff, 0x60, 0x80, 0x30, 0xff,
    0x60, 0x7c, 0x38, 0xff, 0x58, 0x80, 0x38, 0xff, 0x60, 0x7c, 0x30, 0xff,
    0x60, 0x80, 0x38, 0xff, 0x58, 0x7c, 0x38, 0xff, 0x60, 0x80, 0x30, 0xff,
    0x60, 0x7c, 0x38, 0xff, 0x58, 0x80, 0x38, 0xff, 0x60, 0x7c, 0x30, 0xff,
    0x60, 0x80, 0x38, 0xff, 0x58, 0x7c, 0x38, 0xff, 0x60, 0x80, 0x30, 0xff,
    0x60, 0x7c, 0x38, 0xff, 0x58, 0x80, 0x38, 0xff, 0x60, 0x7c, 0x30, 0xff,
    0x60, 0x80, 0x38, 0xff, 0x58, 0x7c, 0x38, 0xff, 0x60, 0x80, 0x30, 0xff,
    0x60, 0x7c, 0x38, 0xff, 0x58, 0x80, 0x38, 0xff, 0x60, 0x7c, 0x30, 0xff,
    0x60, 0x80, 0x38, 0xff, 0x58, 0x7c, 0x38, 0xff, 0x60, 0x80, 0x30, 0xff,
    0x60, 0x7c, 0x38, 0xff, 0x58, 0x80, 0x38, 0xff, 0x60, 0x7c, 0x30, 0xff,
    0x60, 0x80, 0x38, 0xff, 0x58, 0x7c, 0x38, 0xff, 0x60, 0x80, 0x30, 0xff,
    0x60, 0x7c, 0x38, 0xff, 0x58, 0x80, 0x38, 0xff, 0x60, 0x7c, 0x30, 0xff,
    0x60, 0x80, 0x38, 0xff, 0x58, 0x7c, 0x38, 0xff, 0x60, 0x80, 0x30, 0xff,
    0x60, 0x7c, 0x38, 0xff, 0x58, 0x80, 0x38, 0xff, 0x60, 0x7c, 0x30, 0xff,
    0x60, 0x80, 0x38, 0xff, 0x58, 0x7c, 0x38, 0xff, 0x60, 0x80, 0x30, 0xff,
    0x60, 0x7c, 0x38, 0xff, 0x58, 0x80, 0x38, 0xff, 0x60, 0x7c, 0x30, 0xff,
    0x60, 0x80, 0x38, 0xff, 0x58, 0x7c, 0x38, 0xff, 0x60, 0x80, 0x30, 0xff,
    0x60, 0x7c, 0x38, 0xff, 0x58, 0x80, 0x38, 0xff, 0x60, 0x7c, 0x30, 0xff,
    0x60, 0x80, 0x38, 0xff, 0x58, 0x7c, 0x38, 0xff, 0x60, 0x80, 0x30, 0xff,
    0x60, 0x7c, 0x38, 0xff, 0x58, 0x80, 0x38, 0xff, 0x60, 0x7c, 0x30, 0xff,
    0x60, 0x80, 0x38, 0xff, 0x58, 0x7c, 0x38, 0xff, 0x60, 0x80, 0x30, 0xff,
    0x60, 0x7c, 0x38, 0xff, 0x58, 0x80, 0x38, 0xff, 0x60, 0x7c, 0x30, 0xff,
    0x60, 0x80, 0x38, 0xff, 0x58, 0x7c, 0x38, 0xff, 0x60, 0x80, 0x30, 0xff,
    0x60, 0x7c, 0x38, 0xff, 0x58, 0x80, 0x38, 0xff, 0x60, 0x7c, 0x30, 0xff,
    0x60, 0x80, 0x38, 0xff, 0x58, 0x7c, 0x38, 0xff, 0x60, 0x80, 0x30, 0xff,
    0x60, 0x7c, 0x38, 0xff, 0x58, 0x80, 0x38, 0xff, 0x60, 0x7c, 0x30, 0xff,
    0x60, 0x80, 0x38, 0xff, 0x58, 0x7c, 0x38, 0xff, 0x60, 0x80, 0x30, 0xff,
    0x60, 0x7c, 0x38, 0xff, 0x58, 0x80, 0x38, 0xff, 0x60, 0x7c, 0x30, 0xff,
    0x60, 0x80, 0x38, 0xff, 0x58, 0x7c, 0x38, 0xff, 0x60, 0x80, 0x30, 0xff,
    0x60, 0x7c, 0x38, 0xff, 0x58, 0x80, 0x38, 0xff, 0x60, 0x7c, 0x30, 0xff,
    0x60, 0x80, 0x38, 0xff, 0x58, 0x7c, 0x38, 0xff, 0x60, 0x80, 0x30, 0xff,
    0x60, 0x7c, 0x38, 0xff, 0x58, 0x80, 0x38, 0xff, 0x60, 0x7c, 0x30, 0xff,
    0x60, 0x80, 0x38, 0xff, 0x58, 0x7c, 0x38, 0xff, 0x60, 0x80, 0x30, 0xff,
    0x60, 0x7c, 0x38, 0xff, 0x58, 0x80, 0x38, 0xff, 0x60, 0x7c, 0x30, 0xff,
    0x60, 0x80, 0x38, 0xff, 0x58, 0x7c, 0x38, 0xff, 0x60, 0x80, 0x30, 0xff,
    0x60, 0x7c, 0x38, 0xff, 0x58, 0x80, 0x38, 0xff, 0x60, 0x7c, 0x30, 0xff,
    0x60, 0x80, 0x38, 0xff, 0x58, 0x7c, 0x38, 0xff, 0x60, 0x80, 0x30, 0xff,
    0x60, 0x7c, 0x38, 0xff, 0x58, 0x80, 0x38, 0xff, 0x60, 0x7c, 0x30, 0xff,
    0x60, 0x80, 0x38, 0xff, 0x58, 0x7c, 0x38, 0xff, 0x60, 0x80, 0x30, 0xff,
    0x60, 0x7c, 0x38, 0xff, 0x58, 0x80, 0x38, 0xff, 0x60, 0x7c, 0x30, 0xff,
    0x60, 0x80, 0x38, 0xff, 0x58, 0x7c, 0x38, 0xff, 0x60, 0x80, 0x30, 0xff,
    0x60, 0x7c, 0x38, 0xff, 0x58, 0x80, 0x38, 0xff, 0x60, 0x7c, 0x30, 0xff,
    0x60, 0x80, 0x38, 0xff, 0x58, 0x7c, 0x38, 0xff, 0x60, 0x80, 0x30, 0xff,
    0x60, 0x7c, 0x38, 0xff, 0x58, 0x80, 0x38, 0xff, 0x60, 0x7c, 0x30, 0xff,
    0x60, 0x80, 0x38, 0xff, 0x58, 0x7c, 0x38, 0xff, 0x60, 0x80, 0x30, 0xff,
    0x60, 0x7c, 0x38, 0xff, 0x58, 0x80, 0x38, 0xff, 0x60, 0x7c, 0x30, 0xff,
    0x60, 0x80, 0x38, 0xff, 0x58, 0x7c, 0x38, 0xff, 0x60, 0x80, 0x30, 0xff,
    0x60, 0x7c, 0x38, 0xff, 0x58, 0x80, 0x38, 0xff, 0x60, 0x7c, 0x30, 0xff,
    0x60, 0x80, 0x38, 0xff, 0x58, 0x7c, 0x38, 0xff, 0x60, 0x80, 0x30, 0xff,
    0x60, 0x7c, 0x38, 0xff, 0x58, 0x80, 0x38, 0xff, 0x60, 0x7c, 0x30, 0xff,
    0x60, 0x80, 0x38, 0xff, 0x58, 0x7c, 0x38, 0xff, 0x60, 0x80, 0x30, 0xff,
    0x60, 0x7c, 0x38, 0xff, 0x58, 0x80, 0x38, 0xff, 0x60, 0x7c, 0x30, 0xff,
    0x60, 0x80, 0x38, 0xff, 0x58, 0x7c, 0x38, 0xff, 0x60, 0x80, 0x30, 0xff,
    0x60, 0x7c, 0x38, 0xff, 0x58, 0x80, 0x38, 0xff, 0x60, 0x7c, 0x30, 0xff,
    0x60, 0x80, 0x38, 0xff, 0x58, 0x7c, 0x38, 0xff, 0x60, 0x80, 0x30, 0xff,
    0x60, 0x7c, 0x38, 0xff, 0x58, 0x80, 0x38, 0xff, 0x60, 0x7c, 0x30, 0xff,
    0x60, 0x80, 0x38, 0xff, 0x58, 0x7c, 0x38, 0xff, 0x60, 0x80, 0x30, 0xff,
    0x60, 0x7c, 0x38, 0xff, 0x58, 0x80, 0x38, 0xff, 0x60, 0x7c, 0x30, 0xff,
    0x60, 0x80, 0x38, 0xff, 0x58, 0x7c, 0x38, 0xff, 0x60, 0x80, 0x30, 0xff,
    0x60, 0x7c, 0x38, 0xff, 0x58, 0x80, 0x38, 0xff, 0x60, 0x7c, 0x30, 0xff,
    0x60, 0x80, 0x38, 0xff, 0x58, 0x7c, 0x38, 0xff, 0x60, 0x80, 0x30, 0xff,
    0x60, 0x7c, 0x38, 0xff, 0x58, 0x80, 0x38, 0xff, 0x60, 0x7c, 0x30, 0xff,
    0x60, 0x80, 0x38, 0xff, 0x58, 0x7c, 0x38, 0xff, 0x60, 0x80, 0x30, 0xff,
    0x60, 0x7c, 0x38, 0xff, 0x58, 0x80, 0x38, 0xff, 0x60, 0x7c, 0x30, 0xff,
    0x60, 0x80, 0x38, 0xff, 0x58, 0x7c, 0x38, 0xff, 0x60, 0x80, 0x30, 0xff,
    0x60, 0x7c, 0x38, 0xff, 0x58, 0x80, 0x38, 0xff, 0x60, 0x7c, 0x30, 0xff,
    0x60, 0x80, 0x38, 0xff, 0x58, 0x7c, 0x38, 0xff, 0x60, 0x80, 0x30, 0xff,
    0x60, 0x7c, 0x38, 0xff, 0x58, 0x80, 0x38, 0xff, 0x60, 0x7c, 0x30, 0xff,
    0x60, 0x80, 0x38, 0xff, 0x58, 0x7c, 0x38, 0xff, 0x60, 0x80, 0x30, 0xff,
    0x60, 0x7c, 0x38, 0xff, 0x58, 0x80, 0x38, 0xff, 0x60, 0x7c, 0x30, 0xff,
    0x60, 0x80, 0x38, 0xff, 0x58, 0x7c, 0x38, 0xff, 0x60, 0x80, 0x30, 0xff,
    0x60, 0x7c, 0x38, 0xff, 0x58, 0x80, 0x38, 0xff, 0x60, 0x7c, 0x30, 0xff,
    0x60, 0x80, 0x38, 0xff, 0x58, 0x7c, 0x38, 0xff, 0x60, 0x80, 0x30, 0xff,
    0x60, 0x7c, 0x38, 0xff, 0x58, 0x80, 0x38, 0xff, 0x60, 0x7c, 0x30, 0xff,
    0x60, 0x80, 0x38, 0xff, 0x58, 0x7c, 0x38, 0xff, 0x60, 0x80, 0x30, 0xff,
    0x60, 0x7c, 0x38, 0xff, 0x58, 0x80, 0x38, 0xff, 0x60, 0x7c, 0x30, 0xff,
    0x60, 0x80, 0x38, 0xff, 0x58, 0x7c, 0x38, 0xff, 0x60, 0x80, 0x30, 0xff,
    0x60, 0x7c, 0x38, 0xff, 0x58, 0x80, 0x38, 0xff, 0x60, 0x7c, 0x30, 0xff,
    0x60, 0x80, 0x38, 0xff, 0x58, 0x7c, 0x38, 0xff, 0x60, 0x80, 0x30, 0xff,
    0x60, 0x7c, 0x38, 0xff, 0x58, 0x80, 0x38, 0xff, 0x60, 0x7c, 0x30, 0xff,
    0x60, 0x80, 0x38, 0xff, 0x58, 0x7c, 0x38, 0xff, 0x60, 0x80, 0x30, 0xff,
    0x60, 0x7c, 0x38, 0xff, 0x58, 0x80, 0x38, 0xff, 0x60, 0x80, 0x30, 0xff,
    0x60, 0x7c, 0x38, 0xff, 0x58, 0x80, 0x30, 0xff, 0x58, 0x80, 0x30, 0xff,
    0x58, 0x80, 0x30, 0xdf, 0x60, 0x7c, 0x30, 0x7d, 0x58, 0x80, 0x30, 0x20,
    0x00, 0x00, 0x00, 0x00, 0x00, 0x00, 0x00, 0x00, 0x00, 0x00, 0x00, 0x00,
    0x00, 0x00, 0x00, 0x00, 0x00, 0x00, 0x00, 0x00, 0x00, 0x00, 0x00, 0x00,
    0x00, 0x00, 0x00, 0x00, 0x00, 0x00, 0x00, 0x00, 0x00, 0x00, 0x00, 0x00,
    0x00, 0x00, 0x00, 0x00, 0x00, 0x00, 0x00, 0x00, 0x00, 0x00, 0x00, 0x00,
    0x00, 0x00, 0x00, 0x00, 0x58, 0x80, 0x30, 0x71, 0x60, 0x80, 0x30, 0xef,
    0x58, 0x80, 0x30, 0xff, 0x58, 0x80, 0x38, 0xff, 0x60, 0x80, 0x30, 0xff,
    0x58, 0x80, 0x30, 0xff, 0x58, 0x7c, 0x38, 0xff, 0x60, 0x80, 0x30, 0xff,
    0x58, 0x80, 0x30, 0xff, 0x58, 0x80, 0x30, 0xff, 0x60, 0x80, 0x38, 0xff,
    0x58, 0x80, 0x30, 0xff, 0x58, 0x7c, 0x30, 0xff, 0x60, 0x80, 0x38, 0xff,
    0x58, 0x80, 0x30, 0xff, 0x58, 0x80, 0x30, 0xff, 0x60, 0x7c, 0x38, 0xff,
    0x58, 0x80, 0x30, 0xff, 0x58, 0x80, 0x30, 0xff, 0x60, 0x80, 0x38, 0xff,
    0x58, 0x7c, 0x30, 0xff, 0x58, 0x80, 0x30, 0xff, 0x60, 0x80, 0x38, 0xff,
    0x58, 0x80, 0x30, 0xff, 0x58, 0x7c, 0x30, 0xff, 0x60, 0x80, 0x38, 0xff,
    0x58, 0x80, 0x30, 0xff, 0x58, 0x80, 0x30, 0xff, 0x60, 0x7c, 0x38, 0xff,
    0x58, 0x80, 0x30, 0xff, 0x58, 0x80, 0x30, 0xff, 0x60, 0x80, 0x38, 0xff,
    0x58, 0x7c, 0x30, 0xff, 0x58, 0x80, 0x30, 0xff, 0x60, 0x80, 0x38, 0xff,
    0x58, 0x80, 0x30, 0xff, 0x58, 0x7c, 0x30, 0xff, 0x60, 0x80, 0x38, 0xff,
    0x58, 0x80, 0x30, 0xff, 0x58, 0x80, 0x30, 0xff, 0x60, 0x7c, 0x38, 0xff,
    0x58, 0x80, 0x30, 0xff, 0x58, 0x80, 0x30, 0xff, 0x60, 0x80, 0x38, 0xff,
    0x58, 0x7c, 0x30, 0xff, 0x58, 0x80, 0x30, 0xff, 0x60, 0x80, 0x38, 0xff,
    0x58, 0x80, 0x30, 0xff, 0x58, 0x7c, 0x30, 0xff, 0x60, 0x80, 0x38, 0xff,
    0x58, 0x80, 0x30, 0xff, 0x58, 0x80, 0x30, 0xff, 0x60, 0x7c, 0x38, 0xff,
    0x58, 0x80, 0x30, 0xff, 0x58, 0x80, 0x30, 0xff, 0x60, 0x80, 0x38, 0xff,
    0x58, 0x7c, 0x30, 0xff, 0x58, 0x80, 0x30, 0xff, 0x60, 0x80, 0x38, 0xff,
    0x58, 0x80, 0x30, 0xff, 0x58, 0x7c, 0x30, 0xff, 0x60, 0x80, 0x38, 0xff,
    0x58, 0x80, 0x30, 0xff, 0x58, 0x80, 0x30, 0xff, 0x60, 0x7c, 0x38, 0xff,
    0x58, 0x80, 0x30, 0xff, 0x58, 0x80, 0x30, 0xff, 0x60, 0x80, 0x38, 0xff,
    0x58, 0x7c, 0x30, 0xff, 0x58, 0x80, 0x30, 0xff, 0x60, 0x80, 0x38, 0xff,
    0x58, 0x80, 0x30, 0xff, 0x58, 0x7c, 0x30, 0xff, 0x60, 0x80, 0x38, 0xff,
    0x58, 0x80, 0x30, 0xff, 0x58, 0x80, 0x30, 0xff, 0x60, 0x7c, 0x38, 0xff,
    0x58, 0x80, 0x30, 0xff, 0x58, 0x80, 0x30, 0xff, 0x60, 0x80, 0x38, 0xff,
    0x58, 0x7c, 0x30, 0xff, 0x58, 0x80, 0x30, 0xff, 0x60, 0x80, 0x38, 0xff,
    0x58, 0x80, 0x30, 0xff, 0x58, 0x7c, 0x30, 0xff, 0x60, 0x80, 0x38, 0xff,
    0x58, 0x80, 0x30, 0xff, 0x58, 0x80, 0x30, 0xff, 0x60, 0x7c, 0x38, 0xff,
    0x58, 0x80, 0x30, 0xff, 0x58, 0x80, 0x30, 0xff, 0x60, 0x80, 0x38, 0xff,
    0x58, 0x7c, 0x30, 0xff, 0x58, 0x80, 0x30, 0xff, 0x60, 0x80, 0x38, 0xff,
    0x58, 0x80, 0x30, 0xff, 0x58, 0x7c, 0x30, 0xff, 0x60, 0x80, 0x38, 0xff,
    0x58, 0x80, 0x30, 0xff, 0x58, 0x80, 0x30, 0xff, 0x60, 0x7c, 0x38, 0xff,
    0x58, 0x80, 0x30, 0xff, 0x58, 0x80, 0x30, 0xff, 0x60, 0x80, 0x38, 0xff,
    0x58, 0x7c, 0x30, 0xff, 0x58, 0x80, 0x30, 0xff, 0x60, 0x80, 0x38, 0xff,
    0x58, 0x80, 0x30, 0xff, 0x58, 0x7c, 0x30, 0xff, 0x60, 0x80, 0x38, 0xff,
    0x58, 0x80, 0x30, 0xff, 0x58, 0x80, 0x30, 0xff, 0x60, 0x7c, 0x38, 0xff,
    0x58, 0x80, 0x30, 0xff, 0x58, 0x80, 0x30, 0xff, 0x60, 0x80, 0x38, 0xff,
    0x58, 0x7c, 0x30, 0xff, 0x58, 0x80, 0x30, 0xff, 0x60, 0x80, 0x38, 0xff,
    0x58, 0x80, 0x30, 0xff, 0x58, 0x7c, 0x30, 0xff, 0x60, 0x80, 0x38, 0xff,
    0x58, 0x80, 0x30, 0xff, 0x58, 0x80, 0x30, 0xff, 0x60, 0x7c, 0x38, 0xff,
    0x58, 0x80, 0x30, 0xff, 0x58, 0x80, 0x30, 0xff, 0x60, 0x80, 0x38, 0xff,
    0x58, 0x7c, 0x30, 0xff, 0x58, 0x80, 0x30, 0xff, 0x60, 0x80, 0x38, 0xff,
    0x58, 0x80, 0x30, 0xff, 0x58, 0x7c, 0x30, 0xff, 0x60, 0x80, 0x38, 0xff,
    0x58, 0x80, 0x30, 0xff, 0x58, 0x80, 0x30, 0xff, 0x60, 0x7c, 0x38, 0xff,
    0x58, 0x80, 0x30, 0xff, 0x58, 0x80, 0x30, 0xff, 0x60, 0x80, 0x38, 0xff,
    0x58, 0x7c, 0x30, 0xff, 0x58, 0x80, 0x30, 0xff, 0x60, 0x80, 0x38, 0xff,
    0x58, 0x80, 0x30, 0xff, 0x58, 0x7c, 0x30, 0xff, 0x60, 0x80, 0x38, 0xff,
    0x58, 0x80, 0x30, 0xff, 0x58, 0x80, 0x30, 0xff, 0x60, 0x7c, 0x38, 0xff,
    0x58, 0x80, 0x30, 0xff, 0x58, 0x80, 0x30, 0xff, 0x60, 0x80, 0x38, 0xff,
    0x58, 0x7c, 0x30, 0xff, 0x58, 0x80, 0x30, 0xff, 0x60, 0x80, 0x38, 0xff,
    0x58, 0x80, 0x30, 0xff, 0x58, 0x7c, 0x30, 0xff, 0x60, 0x80, 0x38, 0xff,
    0x58, 0x80, 0x30, 0xff, 0x58, 0x80, 0x30, 0xff, 0x60, 0x7c, 0x38, 0xff,
    0x58, 0x80, 0x30, 0xff, 0x58, 0x80, 0x30, 0xff, 0x60, 0x80, 0x38, 0xff,
    0x58, 0x7c, 0x30, 0xff, 0x58, 0x80, 0x30, 0xff, 0x60, 0x80, 0x38, 0xff,
    0x58, 0x80, 0x30, 0xff, 0x58, 0x7c, 0x30, 0xff, 0x60, 0x80, 0x38, 0xff,
    0x58, 0x80, 0x30, 0xff, 0x58, 0x80, 0x30, 0xff, 0x60, 0x7c, 0x38, 0xff,
    0x58, 0x80, 0x30, 0xff, 0x58, 0x80, 0x30, 0xff, 0x60, 0x80, 0x38, 0xff,
    0x58, 0x7c, 0x30, 0xff, 0x58, 0x80, 0x30, 0xff, 0x60, 0x80, 0x38, 0xff,
    0x58, 0x80, 0x30, 0xff, 0x58, 0x7c, 0x30, 0xff, 0x60, 0x80, 0x38, 0xff,
    0x58, 0x80, 0x30, 0xff, 0x58, 0x80, 0x30, 0xff, 0x60, 0x7c, 0x38, 0xff,
    0x58, 0x80, 0x30, 0xff, 0x58, 0x80, 0x30, 0xff, 0x60, 0x80, 0x38, 0xff,
    0x58, 0x7c, 0x30, 0xff, 0x58, 0x80, 0x30, 0xff, 0x60, 0x80, 0x38, 0xff,
    0x58, 0x80, 0x30, 0xff, 0x58, 0x7c, 0x30, 0xff, 0x60, 0x80, 0x38, 0xff,
    0x58, 0x80, 0x30, 0xff, 0x58, 0x80, 0x30, 0xff, 0x60, 0x7c, 0x38, 0xff,
    0x58, 0x80, 0x30, 0xff, 0x58, 0x80, 0x30, 0xff, 0x60, 0x80, 0x38, 0xff,
    0x58, 0x7c, 0x30, 0xff, 0x58, 0x80, 0x30, 0xff, 0x60, 0x80, 0x38, 0xff,
    0x58, 0x80, 0x30, 0xff, 0x58, 0x7c, 0x30, 0xff, 0x60, 0x80, 0x38, 0xff,
    0x58, 0x80, 0x30, 0xff, 0x58, 0x80, 0x30, 0xff, 0x60, 0x7c, 0x38, 0xff,
    0x58, 0x80, 0x30, 0xff, 0x58, 0x80, 0x30, 0xff, 0x60, 0x80, 0x38, 0xff,
    0x58, 0x7c, 0x30, 0xff, 0x58, 0x80, 0x30, 0xff, 0x60, 0x80, 0x38, 0xff,
    0x58, 0x80, 0x30, 0xff, 0x58, 0x7c, 0x30, 0xff, 0x60, 0x80, 0x38, 0xff,
    0x58, 0x80, 0x30, 0xff, 0x58, 0x80, 0x30, 0xff, 0x60, 0x7c, 0x38, 0xff,
    0x58, 0x80, 0x30, 0xff, 0x58, 0x80, 0x30, 0xff, 0x60, 0x80, 0x38, 0xff,
    0x58, 0x7c, 0x30, 0xff, 0x58, 0x80, 0x30, 0xff, 0x60, 0x80, 0x38, 0xff,
    0x58, 0x80, 0x30, 0xff, 0x58, 0x7c, 0x30, 0xff, 0x60, 0x80, 0x38, 0xff,
    0x58, 0x80, 0x30, 0xff, 0x58, 0x80, 0x30, 0xff, 0x60, 0x7c, 0x38, 0xff,
    0x58, 0x80, 0x30, 0xff, 0x58, 0x80, 0x30, 0xff, 0x60, 0x80, 0x38, 0xff,
    0x58, 0x7c, 0x30, 0xff, 0x58, 0x80, 0x30, 0xff, 0x60, 0x80, 0x38, 0xff,
    0x58, 0x80, 0x30, 0xff, 0x58, 0x7c, 0x30, 0xff, 0x60, 0x80, 0x38, 0xff,
    0x58, 0x80, 0x30, 0xff, 0x58, 0x80, 0x30, 0xff, 0x60, 0x7c, 0x38, 0xff,
    0x58, 0x80, 0x30, 0xff, 0x58, 0x80, 0x30, 0xff, 0x60, 0x80, 0x38, 0xff,
    0x58, 0x7c, 0x30, 0xff, 0x58, 0x80, 0x30, 0xff, 0x60, 0x80, 0x38, 0xff,
    0x58, 0x80, 0x30, 0xff, 0x58, 0x7c, 0x30, 0xff, 0x60, 0x80, 0x38, 0xff,
    0x58, 0x80, 0x30, 0xff, 0x58, 0x80, 0x30, 0xff, 0x60, 0x7c, 0x38, 0xff,
    0x58, 0x80, 0x30, 0xff, 0x58, 0x80, 0x30, 0xff, 0x60, 0x80, 0x38, 0xff,
    0x58, 0x7c, 0x30, 0xff, 0x58, 0x80, 0x30, 0xff, 0x60, 0x80, 0x38, 0xff,
    0x58, 0x80, 0x30, 0xff, 0x58, 0x7c, 0x30, 0xff, 0x60, 0x80, 0x38, 0xff,
    0x58, 0x80, 0x30, 0xff, 0x58, 0x80, 0x30, 0xff, 0x60, 0x7c, 0x38, 0xff,
    0x58, 0x80, 0x30, 0xff, 0x58, 0x80, 0x30, 0xff, 0x60, 0x80, 0x38, 0xff,
    0x58, 0x7c, 0x30, 0xff, 0x58, 0x80, 0x30, 0xff, 0x60, 0x80, 0x38, 0xff,
    0x58, 0x80, 0x30, 0xff, 0x58, 0x7c, 0x30, 0xff, 0x60, 0x80, 0x38, 0xff,
    0x58, 0x80, 0x30, 0xff, 0x58, 0x80, 0x30, 0xff, 0x60, 0x7c, 0x38, 0xff,
    0x58, 0x80, 0x30, 0xff, 0x58, 0x80, 0x30, 0xff, 0x60, 0x80, 0x38, 0xff,
    0x58, 0x7c, 0x30, 0xff, 0x58, 0x80, 0x30, 0xff, 0x60, 0x80, 0x38, 0xff,
    0x58, 0x80, 0x30, 0xff, 0x58, 0x7c, 0x30, 0xff, 0x60, 0x80, 0x38, 0xff,
    0x58, 0x80, 0x30, 0xff, 0x58, 0x80, 0x30, 0xff, 0x60, 0x7c, 0x38, 0xff,
    0x58, 0x80, 0x30, 0xff, 0x58, 0x80, 0x30, 0xff, 0x60, 0x80, 0x38, 0xff,
    0x58, 0x7c, 0x30, 0xff, 0x58, 0x80, 0x30, 0xff, 0x60, 0x80, 0x38, 0xff,
    0x58, 0x80, 0x30, 0xff, 0x58, 0x7c, 0x30, 0xff, 0x60, 0x80, 0x38, 0xff,
    0x58, 0x80, 0x30, 0xff, 0x58, 0x80, 0x30, 0xff, 0x60, 0x7c, 0x38, 0xff,
    0x58, 0x80, 0x30, 0xff, 0x58, 0x80, 0x30, 0xff, 0x60, 0x80, 0x38, 0xff,
    0x58, 0x7c, 0x30, 0xff, 0x58, 0x80, 0x30, 0xff, 0x60, 0x80, 0x38, 0xff,
    0x58, 0x80, 0x30, 0xff, 0x58, 0x7c, 0x30, 0xff, 0x60, 0x80, 0x38, 0xff,
    0x58, 0x80, 0x30, 0xff, 0x58, 0x80, 0x30, 0xff, 0x60, 0x7c, 0x38, 0xff,
    0x58, 0x80, 0x30, 0xff, 0x58, 0x80, 0x30, 0xff, 0x60, 0x80, 0x38, 0xff,
    0x58, 0x7c, 0x30, 0xff, 0x58, 0x80, 0x30, 0xff, 0x60, 0x80, 0x38, 0xff,
    0x58, 0x80, 0x30, 0xff, 0x58, 0x7c, 0x30, 0xff, 0x60, 0x80, 0x38, 0xff,
    0x58, 0x80, 0x30, 0xff, 0x58, 0x80, 0x30, 0xff, 0x60, 0x7c, 0x38, 0xff,
    0x58, 0x80, 0x30, 0xff, 0x58, 0x80, 0x30, 0xff, 0x60, 0x80, 0x38, 0xff,
    0x58, 0x7c, 0x30, 0xff, 0x58, 0x80, 0x30, 0xff, 0x60, 0x80, 0x38, 0xff,
    0x58, 0x80, 0x30, 0xff, 0x58, 0x7c, 0x30, 0xff, 0x60, 0x80, 0x38, 0xff,
    0x58, 0x80, 0x30, 0xff, 0x58, 0x7c, 0x30, 0xff, 0x60, 0x80, 0x38, 0xff,
    0x60, 0x80, 0x38, 0xff, 0x58, 0x80, 0x30, 0xff, 0x60, 0x80, 0x38, 0xff,
    0x58, 0x80, 0x30, 0xff, 0x58, 0x80, 0x30, 0xdf, 0x58, 0x7c, 0x30, 0x61,
    0x00, 0x00, 0x00, 0x00, 0x00, 0x00, 0x00, 0x00, 0x00, 0x00, 0x00, 0x00,
    0x00, 0x00, 0x00, 0x00, 0x00, 0x00, 0x00, 0x00, 0x00, 0x00, 0x00, 0x00,
    0x00, 0x00, 0x00, 0x00, 0x00, 0x00, 0x00, 0x00, 0x00, 0x00, 0x00, 0x00,
    0x00, 0x00, 0x00, 0x00, 0x00, 0x00, 0x00, 0x00, 0x60, 0x80, 0x30, 0x8e,
    0x58, 0x80, 0x30, 0xff, 0x60, 0x7c, 0x38, 0xff, 0x60, 0x80, 0x30, 0xff,
    0x58, 0x7c, 0x38, 0xff, 0x60, 0x80, 0x30, 0xff, 0x60, 0x80, 0x30, 0xff,
    0x58, 0x80, 0x38, 0xff, 0x60, 0x80, 0x30, 0xff, 0x60, 0x7c, 0x30, 0xff,
    0x58, 0x80, 0x38, 0xff, 0x60, 0x80, 0x30, 0xff, 0x60, 0x80, 0x30, 0xff,
    0x58, 0x80, 0x38, 0xff, 0x60, 0x80, 0x30, 0xff, 0x60, 0x80, 0x30, 0xff,
    0x58, 0x80, 0x38, 0xff, 0x60, 0x80, 0x30, 0xff, 0x60, 0x80, 0x30, 0xff,
    0x58, 0x80, 0x38, 0xff, 0x60, 0x80, 0x30, 0xff, 0x60, 0x80, 0x30, 0xff,
    0x58, 0x80, 0x38, 0xff, 0x60, 0x80, 0x30, 0xff, 0x60, 0x80, 0x30, 0xff,
    0x58, 0x80, 0x38, 0xff, 0x60, 0x80, 0x30, 0xff, 0x60, 0x80, 0x30, 0xff,
    0x58, 0x80, 0x38, 0xff, 0x60, 0x80, 0x30, 0xff, 0x60, 0x80, 0x30, 0xff,
    0x58, 0x80, 0x38, 0xff, 0x60, 0x80, 0x30, 0xff, 0x60, 0x80, 0x30, 0xff,
    0x58, 0x80, 0x38, 0xff, 0x60, 0x80, 0x30, 0xff, 0x60, 0x80, 0x30, 0xff,
    0x58, 0x80, 0x38, 0xff, 0x60, 0x80, 0x30, 0xff, 0x60, 0x80, 0x30, 0xff,
    0x58, 0x80, 0x38, 0xff, 0x60, 0x80, 0x30, 0xff, 0x60, 0x80, 0x30, 0xff,
    0x58, 0x80, 0x38, 0xff, 0x60, 0x80, 0x30, 0xff, 0x60, 0x80, 0x30, 0xff,
    0x58, 0x80, 0x38, 0xff, 0x60, 0x80, 0x30, 0xff, 0x60, 0x80, 0x30, 0xff,
    0x58, 0x80, 0x38, 0xff, 0x60, 0x80, 0x30, 0xff, 0x60, 0x80, 0x30, 0xff,
    0x58, 0x80, 0x38, 0xff, 0x60, 0x80, 0x30, 0xff, 0x60, 0x80, 0x30, 0xff,
    0x58, 0x80, 0x38, 0xff, 0x60, 0x80, 0x30, 0xff, 0x60, 0x80, 0x30, 0xff,
    0x58, 0x80, 0x38, 0xff, 0x60, 0x80, 0x30, 0xff, 0x60, 0x80, 0x30, 0xff,
    0x58, 0x80, 0x38, 0xff, 0x60, 0x80, 0x30, 0xff, 0x60, 0x80, 0x30, 0xff,
    0x58, 0x80, 0x38, 0xff, 0x60, 0x80, 0x30, 0xff, 0x60, 0x80, 0x30, 0xff,
    0x58, 0x80, 0x38, 0xff, 0x60, 0x80, 0x30, 0xff, 0x60, 0x80, 0x30, 0xff,
    0x58, 0x80, 0x38, 0xff, 0x60, 0x80, 0x30, 0xff, 0x60, 0x80, 0x30, 0xff,
    0x58, 0x80, 0x38, 0xff, 0x60, 0x80, 0x30, 0xff, 0x60, 0x80, 0x30, 0xff,
    0x58, 0x80, 0x38, 0xff, 0x60, 0x80, 0x30, 0xff, 0x60, 0x80, 0x30, 0xff,
    0x58, 0x80, 0x38, 0xff, 0x60, 0x80, 0x30, 0xff, 0x60, 0x80, 0x30, 0xff,
    0x58, 0x80, 0x38, 0xff, 0x60, 0x80, 0x30, 0xff, 0x60, 0x80, 0x30, 0xff,
    0x58, 0x80, 0x38, 0xff, 0x60, 0x80, 0x30, 0xff, 0x60, 0x80, 0x30, 0xff,
    0x58, 0x80, 0x38, 0xff, 0x60, 0x80, 0x30, 0xff, 0x60, 0x80, 0x30, 0xff,
    0x58, 0x80, 0x38, 0xff, 0x60, 0x80, 0x30, 0xff, 0x60, 0x80, 0x30, 0xff,
    0x58, 0x80, 0x38, 0xff, 0x60, 0x80, 0x30, 0xff, 0x60, 0x80, 0x30, 0xff,
    0x58, 0x80, 0x38, 0xff, 0x60, 0x80, 0x30, 0xff, 0x60, 0x80, 0x30, 0xff,
    0x58, 0x80, 0x38, 0xff, 0x60, 0x80, 0x30, 0xff, 0x60, 0x80, 0x30, 0xff,
    0x58, 0x80, 0x38, 0xff, 0x60, 0x80, 0x30, 0xff, 0x60, 0x80, 0x30, 0xff,
    0x58, 0x80, 0x38, 0xff, 0x60, 0x80, 0x30, 0xff, 0x60, 0x80, 0x30, 0xff,
    0x58, 0x80, 0x38, 0xff, 0x60, 0x80, 0x30, 0xff, 0x60, 0x80, 0x30, 0xff,
    0x58, 0x80, 0x38, 0xff, 0x60, 0x80, 0x30, 0xff, 0x60, 0x80, 0x30, 0xff,
    0x58, 0x80, 0x38, 0xff, 0x60, 0x80, 0x30, 0xff, 0x60, 0x80, 0x30, 0xff,
    0x58, 0x80, 0x38, 0xff, 0x60, 0x80, 0x30, 0xff, 0x60, 0x80, 0x30, 0xff,
    0x58, 0x80, 0x38, 0xff, 0x60, 0x80, 0x30, 0xff, 0x60, 0x80, 0x30, 0xff,
    0x58, 0x80, 0x38, 0xff, 0x60, 0x80, 0x30, 0xff, 0x60, 0x80, 0x30, 0xff,
    0x58, 0x80, 0x38, 0xff, 0x60, 0x80, 0x30, 0xff, 0x60, 0x80, 0x30, 0xff,
    0x58, 0x80, 0x38, 0xff, 0x60, 0x80, 0x30, 0xff, 0x60, 0x80, 0x30, 0xff,
    0x58, 0x80, 0x38, 0xff, 0x60, 0x80, 0x30, 0xff, 0x60, 0x80, 0x30, 0xff,
    0x58, 0x80, 0x38, 0xff, 0x60, 0x80, 0x30, 0xff, 0x60, 0x80, 0x30, 0xff,
    0x58, 0x80, 0x38, 0xff, 0x60, 0x80, 0x30, 0xff, 0x60, 0x80, 0x30, 0xff,
    0x58, 0x80, 0x38, 0xff, 0x60, 0x80, 0x30, 0xff, 0x60, 0x80, 0x30, 0xff,
    0x58, 0x80, 0x38, 0xff, 0x60, 0x80, 0x30, 0xff, 0x60, 0x80, 0x30, 0xff,
    0x58, 0x80, 0x38, 0xff, 0x60, 0x80, 0x30, 0xff, 0x60, 0x80, 0x30, 0xff,
    0x58, 0x80, 0x38, 0xff, 0x60, 0x80, 0x30, 0xff, 0x60, 0x80, 0x30, 0xff,
    0x58, 0x80, 0x38, 0xff, 0x60, 0x80, 0x30, 0xff, 0x60, 0x80, 0x30, 0xff,
    0x58, 0x80, 0x38, 0xff, 0x60, 0x80, 0x30, 0xff, 0x60, 0x80, 0x30, 0xff,
    0x58, 0x80, 0x38, 0xff, 0x60, 0x80, 0x30, 0xff, 0x60, 0x80, 0x30, 0xff,
    0x58, 0x80, 0x38, 0xff, 0x60, 0x80, 0x30, 0xff, 0x60, 0x80, 0x30, 0xff,
    0x58, 0x80, 0x38, 0xff, 0x60, 0x80, 0x30, 0xff, 0x60, 0x80, 0x30, 0xff,
    0x58, 0x80, 0x38, 0xff, 0x60, 0x80, 0x30, 0xff, 0x60, 0x80, 0x30, 0xff,
    0x58, 0x80, 0x38, 0xff, 0x60, 0x80, 0x30, 0xff, 0x60, 0x80, 0x30, 0xff,
    0x58, 0x80, 0x38, 0xff, 0x60, 0x80, 0x30, 0xff, 0x60, 0x80, 0x30, 0xff,
    0x58, 0x80, 0x38, 0xff, 0x60, 0x80, 0x30, 0xff, 0x60, 0x80, 0x30, 0xff,
    0x58, 0x80, 0x38, 0xff, 0x60, 0x80, 0x30, 0xff, 0x60, 0x80, 0x30, 0xff,
    0x58, 0x80, 0x38, 0xff, 0x60, 0x80, 0x30, 0xff, 0x60, 0x80, 0x30, 0xff,
    0x58, 0x80, 0x38, 0xff, 0x60, 0x80, 0x30, 0xff, 0x60, 0x80, 0x30, 0xff,
    0x58, 0x80, 0x38, 0xff, 0x60, 0x80, 0x30, 0xff, 0x60, 0x80, 0x30, 0xff,
    0x58, 0x80, 0x38, 0xff, 0x60, 0x80, 0x30, 0xff, 0x60, 0x80, 0x30, 0xff,
    0x58, 0x80, 0x38, 0xff, 0x60, 0x80, 0x30, 0xff, 0x60, 0x80, 0x30, 0xff,
    0x58, 0x80, 0x38, 0xff, 0x60, 0x80, 0x30, 0xff, 0x60, 0x80, 0x30, 0xff,
    0x58, 0x80, 0x38, 0xff, 0x60, 0x80, 0x30, 0xff, 0x60, 0x80, 0x30, 0xff,
    0x58, 0x80, 0x38, 0xff, 0x60, 0x80, 0x30, 0xff, 0x60, 0x80, 0x30, 0xff,
    0x58, 0x80, 0x38, 0xff, 0x60, 0x80, 0x30, 0xff, 0x60, 0x80, 0x30, 0xff,
    0x58, 0x80, 0x38, 0xff, 0x60, 0x80, 0x30, 0xff, 0x60, 0x80, 0x30, 0xff,
    0x58, 0x80, 0x38, 0xff, 0x60, 0x80, 0x30, 0xff, 0x60, 0x80, 0x30, 0xff,
    0x58, 0x80, 0x38, 0xff, 0x60, 0x80, 0x30, 0xff, 0x60, 0x80, 0x30, 0xff,
    0x58, 0x80, 0x38, 0xff, 0x60, 0x80, 0x30, 0xff, 0x60, 0x80, 0x30, 0xff,
    0x58, 0x80, 0x38, 0xff, 0x60, 0x80, 0x30, 0xff, 0x60, 0x80, 0x30, 0xff,
    0x58, 0x80, 0x38, 0xff, 0x60, 0x80, 0x30, 0xff, 0x60, 0x80, 0x30, 0xff,
    0x58, 0x80, 0x38, 0xff, 0x60, 0x80, 0x30, 0xff, 0x60, 0x80, 0x30, 0xff,
    0x58, 0x80, 0x38, 0xff, 0x60, 0x80, 0x30, 0xff, 0x60, 0x80, 0x30, 0xff,
    0x58, 0x80, 0x38, 0xff, 0x60, 0x80, 0x30, 0xff, 0x60, 0x80, 0x30, 0xff,
    0x58, 0x80, 0x38, 0xff, 0x60, 0x80, 0x30, 0xff, 0x60, 0x80, 0x30, 0xff,
    0x58, 0x80, 0x38, 0xff, 0x60, 0x80, 0x30, 0xff, 0x60, 0x80, 0x30, 0xff,
    0x58, 0x80, 0x38, 0xff, 0x60, 0x80, 0x30, 0xff, 0x60, 0x80, 0x30, 0xff,
    0x58, 0x80, 0x38, 0xff, 0x60, 0x80, 0x30, 0xff, 0x60, 0x80, 0x30, 0xff,
    0x58, 0x80, 0x38, 0xff, 0x60, 0x80, 0x30, 0xff, 0x60, 0x80, 0x30, 0xff,
    0x58, 0x80, 0x38, 0xff, 0x60, 0x80, 0x30, 0xff, 0x60, 0x80, 0x30, 0xff,
    0x58, 0x80, 0x38, 0xff, 0x60, 0x80, 0x30, 0xff, 0x60, 0x80, 0x30, 0xff,
    0x58, 0x80, 0x38, 0xff, 0x60, 0x80, 0x30, 0xff, 0x60, 0x80, 0x30, 0xff,
    0x58, 0x80, 0x38, 0xff, 0x60, 0x80, 0x30, 0xff, 0x60, 0x80, 0x30, 0xff,
    0x58, 0x80, 0x38, 0xff, 0x60, 0x80, 0x30, 0xff, 0x60, 0x80, 0x30, 0xff,
    0x58, 0x80, 0x38, 0xff, 0x60, 0x80, 0x30, 0xff, 0x60, 0x80, 0x30, 0xff,
    0x58, 0x80, 0x38, 0xff, 0x60, 0x80, 0x30, 0xff, 0x60, 0x80, 0x30, 0xff,
    0x58, 0x80, 0x38, 0xff, 0x60, 0x80, 0x30, 0xff, 0x60, 0x80, 0x30, 0xff,
    0x58, 0x80, 0x38, 0xff, 0x60, 0x80, 0x30, 0xff, 0x60, 0x80, 0x30, 0xff,
    0x58, 0x80, 0x38, 0xff, 0x60, 0x80, 0x30, 0xff, 0x60, 0x80, 0x30, 0xff,
    0x58, 0x80, 0x38, 0xff, 0x60, 0x80, 0x30, 0xff, 0x60, 0x80, 0x30, 0xff,
    0x58, 0x80, 0x38, 0xff, 0x60, 0x80, 0x30, 0xff, 0x60, 0x80, 0x30, 0xff,
    0x58, 0x80, 0x38, 0xff, 0x60, 0x80, 0x30, 0xff, 0x60, 0x80, 0x30, 0xff,
    0x58, 0x80, 0x38, 0xff, 0x60, 0x80, 0x30, 0xff, 0x60, 0x80, 0x30, 0xff,
    0x58, 0x80, 0x38, 0xff, 0x60, 0x80, 0x30, 0xff, 0x60, 0x80, 0x30, 0xff,
    0x58, 0x80, 0x38, 0xff, 0x60, 0x80, 0x30, 0xff, 0x60, 0x80, 0x30, 0xff,
    0x58, 0x80, 0x38, 0xff, 0x60, 0x80, 0x30, 0xff, 0x60, 0x80, 0x30, 0xff,
    0x58, 0x80, 0x38, 0xff, 0x60, 0x80, 0x30, 0xff, 0x60, 0x80, 0x30, 0xff,
    0x58, 0x80, 0x38, 0xff, 0x60, 0x80, 0x30, 0xff, 0x60, 0x80, 0x30, 0xff,
    0x58, 0x80, 0x38, 0xff, 0x60, 0x80, 0x30, 0xff, 0x60, 0x80, 0x30, 0xff,
    0x58, 0x80, 0x38, 0xff, 0x60, 0x80, 0x30, 0xff, 0x60, 0x80, 0x30, 0xff,
    0x58, 0x80, 0x38, 0xff, 0x60, 0x80, 0x30, 0xff, 0x60, 0x80, 0x30, 0xff,
    0x58, 0x80, 0x38, 0xff, 0x60, 0x80, 0x30, 0xff, 0x60, 0x80, 0x30, 0xff,
    0x58, 0x80, 0x38, 0xff, 0x60, 0x80, 0x30, 0xff, 0x60, 0x80, 0x30, 0xff,
    0x58, 0x80, 0x38, 0xff, 0x60, 0x80, 0x30, 0xff, 0x60, 0x80, 0x30, 0xff,
    0x58, 0x80, 0x38, 0xff, 0x60, 0x80, 0x30, 0xff, 0x60, 0x80, 0x30, 0xff,
    0x58, 0x80, 0x38, 0xff, 0x60, 0x80, 0x30, 0xff, 0x60, 0x80, 0x30, 0xff,
    0x58, 0x80, 0x38, 0xff, 0x60, 0x80, 0x30, 0xff, 0x60, 0x80, 0x30, 0xff,
    0x58, 0x80, 0x38, 0xff, 0x60, 0x80, 0x30, 0xff, 0x60, 0x80, 0x30, 0xff,
    0x58, 0x80, 0x30, 0xff, 0x58, 0x80, 0x30, 0xff, 0x60, 0x7c, 0x30, 0xff,
    0x60, 0x80, 0x38, 0xff, 0x58, 0x7c, 0x30, 0xff, 0x60, 0x80, 0x38, 0xff,
    0x60, 0x80, 0x30, 0xff, 0x58, 0x80, 0x38, 0xff, 0x58, 0x80, 0x30, 0x8e,
    0x00, 0x00, 0x00, 0x00, 0x00, 0x00, 0x00, 0x00, 0x00, 0x00, 0x00, 0x00,
    0x00, 0x00, 0x00, 0x00, 0x00, 0x00, 0x00, 0x00, 0x00, 0x00, 0x00, 0x00,
    0x00, 0x00, 0x00, 0x00, 0x00, 0x00, 0x00, 0x00, 0x00, 0x00, 0x00, 0x00,
    0x60, 0x80, 0x30, 0x9e, 0x58, 0x80, 0x30, 0xff, 0x58, 0x7c, 0x38, 0xff,
    0x60, 0x80, 0x30, 0xff, 0x58, 0x80, 0x30, 0xff, 0x58, 0x80, 0x38, 0xff,
    0x60, 0x7c, 0x30, 0xff, 0x58, 0x80, 0x30, 0xff, 0x58, 0x80, 0x38, 0xff,
    0x60, 0x7c, 0x30, 0xff, 0x58, 0x80, 0x38, 0xff, 0x58, 0x80, 0x30, 0xff,
    0x60, 0x7c, 0x30, 0xff, 0x58, 0x7c, 0x38, 0xff, 0x58, 0x80, 0x30, 0xff,
    0x60, 0x7c, 0x30, 0xff, 0x58, 0x7c, 0x38, 0xff, 0x58, 0x80, 0x30, 0xff,
    0x60, 0x80, 0x30, 0xff, 0x58, 0x7c, 0x38, 0xff, 0x58, 0x7c, 0x30, 0xff,
    0x60, 0x80, 0x30, 0xff, 0x58, 0x80, 0x38, 0xff, 0x60, 0x7c, 0x30, 0xff,
    0x58, 0x7c, 0x30, 0xff, 0x60, 0x80, 0x38, 0xff, 0x58, 0x80, 0x30, 0xff,
    0x58, 0x7c, 0x30, 0xff, 0x60, 0x7c, 0x38, 0xff, 0x58, 0x80, 0x30, 0xff,
    0x58, 0x80, 0x30, 0xff, 0x60, 0x7c, 0x38, 0xff, 0x58, 0x7c, 0x30, 0xff,
    0x58, 0x80, 0x30, 0xff, 0x60, 0x80, 0x38, 0xff, 0x58, 0x7c, 0x30, 0xff,
    0x58, 0x7c, 0x30, 0xff, 0x60, 0x80, 0x38, 0xff, 0x58, 0x80, 0x30, 0xff,
    0x58, 0x7c, 0x30, 0xff, 0x60, 0x7c, 0x38, 0xff, 0x58, 0x80, 0x30, 0xff,
    0x58, 0x80, 0x30, 0xff, 0x60, 0x7c, 0x38, 0xff, 0x58, 0x7c, 0x30, 0xff,
    0x58, 0x80, 0x30, 0xff, 0x60, 0x80, 0x38, 0xff, 0x58, 0x7c, 0x30, 0xff,
    0x58, 0x7c, 0x30, 0xff, 0x60, 0x80, 0x38, 0xff, 0x58, 0x80, 0x30, 0xff,
    0x58, 0x7c, 0x30, 0xff, 0x60, 0x7c, 0x38, 0xff, 0x58, 0x80, 0x30, 0xff,
    0x58, 0x80, 0x30, 0xff, 0x60, 0x7c, 0x38, 0xff, 0x58, 0x7c, 0x30, 0xff,
    0x58, 0x80, 0x30, 0xff, 0x60, 0x80, 0x38, 0xff, 0x58, 0x7c, 0x30, 0xff,
    0x58, 0x7c, 0x30, 0xff, 0x60, 0x80, 0x38, 0xff, 0x58, 0x80, 0x30, 0xff,
    0x58, 0x7c, 0x30, 0xff, 0x60, 0x7c, 0x38, 0xff, 0x58, 0x80, 0x30, 0xff,
    0x58, 0x80, 0x30, 0xff, 0x60, 0x7c, 0x38, 0xff, 0x58, 0x7c, 0x30, 0xff,
    0x58, 0x80, 0x30, 0xff, 0x60, 0x80, 0x38, 0xff, 0x58, 0x7c, 0x30, 0xff,
    0x58, 0x7c, 0x30, 0xff, 0x60, 0x80, 0x38, 0xff, 0x58, 0x80, 0x30, 0xff,
    0x58, 0x7c, 0x30, 0xff, 0x60, 0x7c, 0x38, 0xff, 0x58, 0x80, 0x30, 0xff,
    0x58, 0x80, 0x30, 0xff, 0x60, 0x7c, 0x38, 0xff, 0x58, 0x7c, 0x30, 0xff,
    0x58, 0x80, 0x30, 0xff, 0x60, 0x80, 0x38, 0xff, 0x58, 0x7c, 0x30, 0xff,
    0x58, 0x7c, 0x30, 0xff, 0x60, 0x80, 0x38, 0xff, 0x58, 0x80, 0x30, 0xff,
    0x58, 0x7c, 0x30, 0xff, 0x60, 0x7c, 0x38, 0xff, 0x58, 0x80, 0x30, 0xff,
    0x58, 0x80, 0x30, 0xff, 0x60, 0x7c, 0x38, 0xff, 0x58, 0x7c, 0x30, 0xff,
    0x58, 0x80, 0x30, 0xff, 0x60, 0x80, 0x38, 0xff, 0x58, 0x7c, 0x30, 0xff,
    0x58, 0x7c, 0x30, 0xff, 0x60, 0x80, 0x38, 0xff, 0x58, 0x80, 0x30, 0xff,
    0x58, 0x7c, 0x30, 0xff, 0x60, 0x7c, 0x38, 0xff, 0x58, 0x80, 0x30, 0xff,
    0x58, 0x80, 0x30, 0xff, 0x60, 0x7c, 0x38, 0xff, 0x58, 0x7c, 0x30, 0xff,
    0x58, 0x80, 0x30, 0xff, 0x60, 0x80, 0x38, 0xff, 0x58, 0x7c, 0x30, 0xff,
    0x58, 0x7c, 0x30, 0xff, 0x60, 0x80, 0x38, 0xff, 0x58, 0x80, 0x30, 0xff,
    0x58, 0x7c, 0x30, 0xff, 0x60, 0x7c, 0x38, 0xff, 0x58, 0x80, 0x30, 0xff,
    0x58, 0x80, 0x30, 0xff, 0x60, 0x7c, 0x38, 0xff, 0x58, 0x7c, 0x30, 0xff,
    0x58, 0x80, 0x30, 0xff, 0x60, 0x80, 0x38, 0xff, 0x58, 0x7c, 0x30, 0xff,
    0x58, 0x7c, 0x30, 0xff, 0x60, 0x80, 0x38, 0xff, 0x58, 0x80, 0x30, 0xff,
    0x58, 0x7c, 0x30, 0xff, 0x60, 0x7c, 0x38, 0xff, 0x58, 0x80, 0x30, 0xff,
    0x58, 0x80, 0x30, 0xff, 0x60, 0x7c, 0x38, 0xff, 0x58, 0x7c, 0x30, 0xff,
    0x58, 0x80, 0x30, 0xff, 0x60, 0x80, 0x38, 0xff, 0x58, 0x7c, 0x30, 0xff,
    0x58, 0x7c, 0x30, 0xff, 0x60, 0x80, 0x38, 0xff, 0x58, 0x80, 0x30, 0xff,
    0x58, 0x7c, 0x30, 0xff, 0x60, 0x7c, 0x38, 0xff, 0x58, 0x80, 0x30, 0xff,
    0x58, 0x80, 0x30, 0xff, 0x60, 0x7c, 0x38, 0xff, 0x58, 0x7c, 0x30, 0xff,
    0x58, 0x80, 0x30, 0xff, 0x60, 0x80, 0x38, 0xff, 0x58, 0x7c, 0x30, 0xff,
    0x58, 0x7c, 0x30, 0xff, 0x60, 0x80, 0x38, 0xff, 0x58, 0x80, 0x30, 0xff,
    0x58, 0x7c, 0x30, 0xff, 0x60, 0x7c, 0x38, 0xff, 0x58, 0x80, 0x30, 0xff,
    0x58, 0x80, 0x30, 0xff, 0x60, 0x7c, 0x38, 0xff, 0x58, 0x7c, 0x30, 0xff,
    0x58, 0x80, 0x30, 0xff, 0x60, 0x80, 0x38, 0xff, 0x58, 0x7c, 0x30, 0xff,
    0x58, 0x7c, 0x30, 0xff, 0x60, 0x80, 0x38, 0xff, 0x58, 0x80, 0x30, 0xff,
    0x58, 0x7c, 0x30, 0xff, 0x60, 0x7c, 0x38, 0xff, 0x58, 0x80, 0x30, 0xff,
    0x58, 0x80, 0x30, 0xff, 0x60, 0x7c, 0x38, 0xff, 0x58, 0x7c, 0x30, 0xff,
    0x58, 0x80, 0x30, 0xff, 0x60, 0x80, 0x38, 0xff, 0x58, 0x7c, 0x30, 0xff,
    0x58, 0x7c, 0x30, 0xff, 0x60, 0x80, 0x38, 0xff, 0x58, 0x80, 0x30, 0xff,
    0x58, 0x7c, 0x30, 0xff, 0x60, 0x7c, 0x38, 0xff, 0x58, 0x80, 0x30, 0xff,
    0x58, 0x80, 0x30, 0xff, 0x60, 0x7c, 0x38, 0xff, 0x58, 0x7c, 0x30, 0xff,
    0x58, 0x80, 0x30, 0xff, 0x60, 0x80, 0x38, 0xff, 0x58, 0x7c, 0x30, 0xff,
    0x58, 0x7c, 0x30, 0xff, 0x60, 0x80, 0x38, 0xff, 0x58, 0x80, 0x30, 0xff,
    0x58, 0x7c, 0x30, 0xff, 0x60, 0x7c, 0x38, 0xff, 0x58, 0x80, 0x30, 0xff,
    0x58, 0x80, 0x30, 0xff, 0x60, 0x7c, 0x38, 0xff, 0x58, 0x7c, 0x30, 0xff,
    0x58, 0x80, 0x30, 0xff, 0x60, 0x80, 0x38, 0xff, 0x58, 0x7c, 0x30, 0xff,
    0x58, 0x7c, 0x30, 0xff, 0x60, 0x80, 0x38, 0xff, 0x58, 0x80, 0x30, 0xff,
    0x58, 0x7c, 0x30, 0xff, 0x60, 0x7c, 0x38, 0xff, 0x58, 0x80, 0x30, 0xff,
    0x58, 0x80, 0x30, 0xff, 0x60, 0x7c, 0x38, 0xff, 0x58, 0x7c, 0x30, 0xff,
    0x58, 0x80, 0x30, 0xff, 0x60, 0x80, 0x38, 0xff, 0x58, 0x7c, 0x30, 0xff,
    0x58, 0x7c, 0x30, 0xff, 0x60, 0x80, 0x38, 0xff, 0x58, 0x80, 0x30, 0xff,
    0x58, 0x7c, 0x30, 0xff, 0x60, 0x7c, 0x38, 0xff, 0x58, 0x80, 0x30, 0xff,
    0x58, 0x80, 0x30, 0xff, 0x60, 0x7c, 0x38, 0xff, 0x58, 0x7c, 0x30, 0xff,
    0x58, 0x80, 0x30, 0xff, 0x60, 0x80, 0x38, 0xff, 0x58, 0x7c, 0x30, 0xff,
    0x58, 0x7c, 0x30, 0xff, 0x60, 0x80, 0x38, 0xff, 0x58, 0x80, 0x30, 0xff,
    0x58, 0x7c, 0x30, 0xff, 0x60, 0x7c, 0x38, 0xff, 0x58, 0x80, 0x30, 0xff,
    0x58, 0x80, 0x30, 0xff, 0x60, 0x7c, 0x38, 0xff, 0x58, 0x7c, 0x30, 0xff,
    0x58, 0x80, 0x30, 0xff, 0x60, 0x80, 0x38, 0xff, 0x58, 0x7c, 0x30, 0xff,
    0x58, 0x7c, 0x30, 0xff, 0x60, 0x80, 0x38, 0xff, 0x58, 0x80, 0x30, 0xff,
    0x58, 0x7c, 0x30, 0xff, 0x60, 0x7c, 0x38, 0xff, 0x58, 0x80, 0x30, 0xff,
    0x58, 0x80, 0x30, 0xff, 0x60, 0x7c, 0x38, 0xff, 0x58, 0x7c, 0x30, 0xff,
    0x58, 0x80, 0x30, 0xff, 0x60, 0x80, 0x38, 0xff, 0x58, 0x7c, 0x30, 0xff,
    0x58, 0x7c, 0x30, 0xff, 0x60, 0x80, 0x38, 0xff, 0x58, 0x80, 0x30, 0xff,
    0x58, 0x7c, 0x30, 0xff, 0x60, 0x7c, 0x38, 0xff, 0x58, 0x80, 0x30, 0xff,
    0x58, 0x80, 0x30, 0xff, 0x60, 0x7c, 0x38, 0xff, 0x58, 0x7c, 0x30, 0xff,
    0x58, 0x80, 0x30, 0xff, 0x60, 0x80, 0x38, 0xff, 0x58, 0x7c, 0x30, 0xff,
    0x58, 0x7c, 0x30, 0xff, 0x60, 0x80, 0x38, 0xff, 0x58, 0x80, 0x30, 0xff,
    0x58, 0x7c, 0x30, 0xff, 0x60, 0x7c, 0x38, 0xff, 0x58, 0x80, 0x30, 0xff,
    0x58, 0x80, 0x30, 0xff, 0x60, 0x7c, 0x38, 0xff, 0x58, 0x7c, 0x30, 0xff,
    0x58, 0x80, 0x30, 0xff, 0x60, 0x80, 0x38, 0xff, 0x58, 0x7c, 0x30, 0xff,
    0x58, 0x7c, 0x30, 0xff, 0x60, 0x80, 0x38, 0xff, 0x58, 0x80, 0x30, 0xff,
    0x58, 0x7c, 0x30, 0xff, 0x60, 0x7c, 0x38, 0xff, 0x58, 0x80, 0x30, 0xff,
    0x58, 0x80, 0x30, 0xff, 0x60, 0x7c, 0x38, 0xff, 0x58, 0x7c, 0x30, 0xff,
    0x58, 0x80, 0x30, 0xff, 0x60, 0x80, 0x38, 0xff, 0x58, 0x7c, 0x30, 0xff,
    0x58, 0x7c, 0x30, 0xff, 0x60, 0x80, 0x38, 0xff, 0x58, 0x80, 0x30, 0xff,
    0x58, 0x7c, 0x30, 0xff, 0x60, 0x7c, 0x38, 0xff, 0x58, 0x80, 0x30, 0xff,
    0x58, 0x80, 0x30, 0xff, 0x60, 0x7c, 0x38, 0xff, 0x58, 0x7c, 0x30, 0xff,
    0x58, 0x80, 0x30, 0xff, 0x60, 0x80, 0x38, 0xff, 0x58, 0x7c, 0x30, 0xff,
    0x58, 0x7c, 0x30, 0xff, 0x60, 0x80, 0x38, 0xff, 0x58, 0x80, 0x30, 0xff,
    0x58, 0x7c, 0x30, 0xff, 0x60, 0x7c, 0x38, 0xff, 0x58, 0x80, 0x30, 0xff,
    0x58, 0x80, 0x30, 0xff, 0x60, 0x7c, 0x38, 0xff, 0x58, 0x7c, 0x30, 0xff,
    0x58, 0x80, 0x30, 0xff, 0x60, 0x80, 0x38, 0xff, 0x58, 0x7c, 0x30, 0xff,
    0x58, 0x7c, 0x30, 0xff, 0x60, 0x80, 0x38, 0xff, 0x58, 0x80, 0x30, 0xff,
    0x58, 0x7c, 0x30, 0xff, 0x60, 0x7c, 0x38, 0xff, 0x58, 0x80, 0x30, 0xff,
    0x58, 0x80, 0x30, 0xff, 0x60, 0x7c, 0x38, 0xff, 0x58, 0x7c, 0x30, 0xff,
    0x58, 0x80, 0x30, 0xff, 0x60, 0x80, 0x38, 0xff, 0x58, 0x7c, 0x30, 0xff,
    0x58, 0x7c, 0x30, 0xff, 0x60, 0x80, 0x38, 0xff, 0x58, 0x80, 0x30, 0xff,
    0x58, 0x7c, 0x30, 0xff, 0x60, 0x7c, 0x38, 0xff, 0x58, 0x80, 0x30, 0xff,
    0x58, 0x80, 0x30, 0xff, 0x60, 0x7c, 0x38, 0xff, 0x58, 0x7c, 0x30, 0xff,
    0x58, 0x80, 0x30, 0xff, 0x60, 0x80, 0x38, 0xff, 0x58, 0x7c, 0x30, 0xff,
    0x58, 0x7c, 0x30, 0xff, 0x60, 0x80, 0x38, 0xff, 0x58, 0x80, 0x30, 0xff,
    0x58, 0x7c, 0x30, 0xff, 0x60, 0x7c, 0x38, 0xff, 0x58, 0x80, 0x30, 0xff,
    0x58, 0x80, 0x30, 0xff, 0x60, 0x7c, 0x38, 0xff, 0x58, 0x7c, 0x30, 0xff,
    0x58, 0x80, 0x30, 0xff, 0x60, 0x80, 0x38, 0xff, 0x58, 0x7c, 0x30, 0xff,
    0x58, 0x7c, 0x30, 0xff, 0x60, 0x80, 0x38, 0xff, 0x58, 0x80, 0x30, 0xff,
    0x58, 0x7c, 0x38, 0xff, 0x60, 0x80, 0x38, 0xff, 0x60, 0x80, 0x30, 0xff,
    0x58, 0x7c, 0x38, 0xff, 0x58, 0x80, 0x30, 0xff, 0x60, 0x80, 0x30, 0xff,
    0x58, 0x80, 0x38, 0xff, 0x60, 0x7c, 0x30, 0xff, 0x60, 0x80, 0x30, 0xff,
    0x58, 0x80, 0x38, 0xff, 0x60, 0x7c, 0x30, 0xff, 0x58, 0x80, 0x30, 0x9e,
    0x00, 0x00, 0x00, 0x00, 0x00, 0x00, 0x00, 0x00, 0x00, 0x00, 0x00, 0x00,
    0x00, 0x00, 0x00, 0x00, 0x00, 0x00, 0x00, 0x00, 0x00, 0x00, 0x00, 0x00,
    0x00, 0x00, 0x00, 0x00, 0x60, 0x80, 0x30, 0x8e, 0x58, 0x80, 0x30, 0xff,
    0x60, 0x7c, 0x38, 0xff, 0x60, 0x80, 0x30, 0xff, 0x58, 0x80, 0x30, 0xff,
    0x60, 0x80, 0x38, 0xff, 0x60, 0x80, 0x30, 0xff, 0x58, 0x7c, 0x38, 0xff,
    0x60, 0x80, 0x30, 0xff, 0x60, 0x80, 0x30, 0xff, 0x58, 0x7c, 0x38, 0xff,
    0x60, 0x80, 0x30, 0xff, 0x60, 0x80, 0x30, 0xff, 0x58, 0x80, 0x38, 0xff,
    0x60, 0x80, 0x30, 0xff, 0x60, 0x80, 0x30, 0xff, 0x58, 0x80, 0x38, 0xff,
    0x60, 0x80, 0x30, 0xff, 0x60, 0x80, 0x30, 0xff, 0x58, 0x80, 0x38, 0xff,
    0x60, 0x80, 0x30, 0xff, 0x60, 0x80, 0x30, 0xff, 0x58, 0x7c, 0x38, 0xff,
    0x58, 0x80, 0x30, 0xff, 0x60, 0x80, 0x30, 0xff, 0x58, 0x80, 0x38, 0xff,
    0x58, 0x80, 0x30, 0xff, 0x60, 0x7c, 0x30, 0xff, 0x60, 0x80, 0x38, 0xff,
    0x58, 0x80, 0x30, 0xff, 0x60, 0x80, 0x30, 0xff, 0x60, 0x80, 0x38, 0xff,
    0x58, 0x80, 0x30, 0xff, 0x60, 0x80, 0x30, 0xff, 0x60, 0x7c, 0x38, 0xff,
    0x58, 0x80, 0x30, 0xff, 0x60, 0x80, 0x30, 0xff, 0x60, 0x80, 0x38, 0xff,
    0x58, 0x80, 0x30, 0xff, 0x60, 0x7c, 0x30, 0xff, 0x60, 0x80, 0x38, 0xff,
    0x58, 0x80, 0x30, 0xff, 0x60, 0x80, 0x30, 0xff, 0x60, 0x80, 0x38, 0xff,
    0x58, 0x80, 0x30, 0xff, 0x60, 0x80, 0x30, 0xff, 0x60, 0x7c, 0x38, 0xff,
    0x58, 0x80, 0x30, 0xff, 0x60, 0x80, 0x30, 0xff, 0x60, 0x80, 0x38, 0xff,
    0x58, 0x80, 0x30, 0xff, 0x60, 0x7c, 0x30, 0xff, 0x60, 0x80, 0x38, 0xff,
    0x58, 0x80, 0x30, 0xff, 0x60, 0x80, 0x30, 0xff, 0x60, 0x80, 0x38, 0xff,
    0x58, 0x80, 0x30, 0xff, 0x60, 0x80, 0x30, 0xff, 0x60, 0x7c, 0x38, 0xff,
    0x58, 0x80, 0x30, 0xff, 0x60, 0x80, 0x30, 0xff, 0x60, 0x80, 0x38, 0xff,
    0x58, 0x80, 0x30, 0xff, 0x60, 0x7c, 0x30, 0xff, 0x60, 0x80, 0x38, 0xff,
    0x58, 0x80, 0x30, 0xff, 0x60, 0x80, 0x30, 0xff, 0x60, 0x80, 0x38, 0xff,
    0x58, 0x80, 0x30, 0xff, 0x60, 0x80, 0x30, 0xff, 0x60, 0x7c, 0x38, 0xff,
    0x58, 0x80, 0x30, 0xff, 0x60, 0x80, 0x30, 0xff, 0x60, 0x80, 0x38, 0xff,
    0x58, 0x80, 0x30, 0xff, 0x60, 0x7c, 0x30, 0xff, 0x60, 0x80, 0x38, 0xff,
    0x58, 0x80, 0x30, 0xff, 0x60, 0x80, 0x30, 0xff, 0x60, 0x80, 0x38, 0xff,
    0x58, 0x80, 0x30, 0xff, 0x60, 0x80, 0x30, 0xff, 0x60, 0x7c, 0x38, 0xff,
    0x58, 0x80, 0x30, 0xff, 0x60, 0x80, 0x30, 0xff, 0x60, 0x80, 0x38, 0xff,
    0x58, 0x80, 0x30, 0xff, 0x60, 0x7c, 0x30, 0xff, 0x60, 0x80, 0x38, 0xff,
    0x58, 0x80, 0x30, 0xff, 0x60, 0x80, 0x30, 0xff, 0x60, 0x80, 0x38, 0xff,
    0x58, 0x80, 0x30, 0xff, 0x60, 0x80, 0x30, 0xff, 0x60, 0x7c, 0x38, 0xff,
    0x58, 0x80, 0x30, 0xff, 0x60, 0x80, 0x30, 0xff, 0x60, 0x80, 0x38, 0xff,
    0x58, 0x80, 0x30, 0xff, 0x60, 0x7c, 0x30, 0xff, 0x60, 0x80, 0x38, 0xff,
    0x58, 0x80, 0x30, 0xff, 0x60, 0x80, 0x30, 0xff, 0x60, 0x80, 0x38, 0xff,
    0x58, 0x80, 0x30, 0xff, 0x60, 0x80, 0x30, 0xff, 0x60, 0x7c, 0x38, 0xff,
    0x58, 0x80, 0x30, 0xff, 0x60, 0x80, 0x30, 0xff, 0x60, 0x80, 0x38, 0xff,
    0x58, 0x80, 0x30, 0xff, 0x60, 0x7c, 0x30, 0xff, 0x60, 0x80, 0x38, 0xff,
    0x58, 0x80, 0x30, 0xff, 0x60, 0x80, 0x30, 0xff, 0x60, 0x80, 0x38, 0xff,
    0x58, 0x80, 0x30, 0xff, 0x60, 0x80, 0x30, 0xff, 0x60, 0x7c, 0x38, 0xff,
    0x58, 0x80, 0x30, 0xff, 0x60, 0x80, 0x30, 0xff, 0x60, 0x80, 0x38, 0xff,
    0x58, 0x80, 0x30, 0xff, 0x60, 0x7c, 0x30, 0xff, 0x60, 0x80, 0x38, 0xff,
    0x58, 0x80, 0x30, 0xff, 0x60, 0x80, 0x30, 0xff, 0x60, 0x80, 0x38, 0xff,
    0x58, 0x80, 0x30, 0xff, 0x60, 0x80, 0x30, 0xff, 0x60, 0x7c, 0x38, 0xff,
    0x58, 0x80, 0x30, 0xff, 0x60, 0x80, 0x30, 0xff, 0x60, 0x80, 0x38, 0xff,
    0x58, 0x80, 0x30, 0xff, 0x60, 0x7c, 0x30, 0xff, 0x60, 0x80, 0x38, 0xff,
    0x58, 0x80, 0x30, 0xff, 0x60, 0x80, 0x30, 0xff, 0x60, 0x80, 0x38, 0xff,
    0x58, 0x80, 0x30, 0xff, 0x60, 0x80, 0x30, 0xff, 0x60, 0x7c, 0x38, 0xff,
    0x58, 0x80, 0x30, 0xff, 0x60, 0x80, 0x30, 0xff, 0x60, 0x80, 0x38, 0xff,
    0x58, 0x80, 0x30, 0xff, 0x60, 0x7c, 0x30, 0xff, 0x60, 0x80, 0x38, 0xff,
    0x58, 0x80, 0x30, 0xff, 0x60, 0x80, 0x30, 0xff, 0x60, 0x80, 0x38, 0xff,
    0x58, 0x80, 0x30, 0xff, 0x60, 0x80, 0x30, 0xff, 0x60, 0x7c, 0x38, 0xff,
    0x58, 0x80, 0x30, 0xff, 0x60, 0x80, 0x30, 0xff, 0x60, 0x80, 0x38, 0xff,
    0x58, 0x80, 0x30, 0xff, 0x60, 0x7c, 0x30, 0xff, 0x60, 0x80, 0x38, 0xff,
    0x58, 0x80, 0x30, 0xff, 0x60, 0x80, 0x30, 0xff, 0x60, 0x80, 0x38, 0xff,
    0x58, 0x80, 0x30, 0xff, 0x60, 0x80, 0x30, 0xff, 0x60, 0x7c, 0x38, 0xff,
    0x58, 0x80, 0x30, 0xff, 0x60, 0x80, 0x30, 0xff, 0x60, 0x80, 0x38, 0xff,
    0x58, 0x80, 0x30, 0xff, 0x60, 0x7c, 0x30, 0xff, 0x60, 0x80, 0x38, 0xff,
    0x58, 0x80, 0x30, 0xff, 0x60, 0x80, 0x30, 0xff, 0x60, 0x80, 0x38, 0xff,
    0x58, 0x80, 0x30, 0xff, 0x60, 0x80, 0x30, 0xff, 0x60, 0x7c, 0x38, 0xff,
    0x58, 0x80, 0x30, 0xff, 0x60, 0x80, 0x30, 0xff, 0x60, 0x80, 0x38, 0xff,
    0x58, 0x80, 0x30, 0xff, 0x60, 0x7c, 0x30, 0xff, 0x60, 0x80, 0x38, 0xff,
    0x58, 0x80, 0x30, 0xff, 0x60, 0x80, 0x30, 0xff, 0x60, 0x80, 0x38, 0xff,
    0x58, 0x80, 0x30, 0xff, 0x60, 0x80, 0x30, 0xff, 0x60, 0x7c, 0x38, 0xff,
    0x58, 0x80, 0x30, 0xff, 0x60, 0x80, 0x30, 0xff, 0x60, 0x80, 0x38, 0xff,
    0x58, 0x80, 0x30, 0xff, 0x60, 0x7c, 0x30, 0xff, 0x60, 0x80, 0x38, 0xff,
    0x58, 0x80, 0x30, 0xff, 0x60, 0x80, 0x30, 0xff, 0x60, 0x80, 0x38, 0xff,
    0x58, 0x80, 0x30, 0xff, 0x60, 0x80, 0x30, 0xff, 0x60, 0x7c, 0x38, 0xff,
    0x58, 0x80, 0x30, 0xff, 0x60, 0x80, 0x30, 0xff, 0x60, 0x80, 0x38, 0xff,
    0x58, 0x80, 0x30, 0xff, 0x60, 0x7c, 0x30, 0xff, 0x60, 0x80, 0x38, 0xff,
    0x58, 0x80, 0x30, 0xff, 0x60, 0x80, 0x30, 0xff, 0x60, 0x80, 0x38, 0xff,
    0x58, 0x80, 0x30, 0xff, 0x60, 0x80, 0x30, 0xff, 0x60, 0x7c, 0x38, 0xff,
    0x58, 0x80, 0x30, 0xff, 0x60, 0x80, 0x30, 0xff, 0x60, 0x80, 0x38, 0xff,
    0x58, 0x80, 0x30, 0xff, 0x60, 0x7c, 0x30, 0xff, 0x60, 0x80, 0x38, 0xff,
    0x58, 0x80, 0x30, 0xff, 0x60, 0x80, 0x30, 0xff, 0x60, 0x80, 0x38, 0xff,
    0x58, 0x80, 0x30, 0xff, 0x60, 0x80, 0x30, 0xff, 0x60, 0x7c, 0x38, 0xff,
    0x58, 0x80, 0x30, 0xff, 0x60, 0x80, 0x30, 0xff, 0x60, 0x80, 0x38, 0xff,
    0x58, 0x80, 0x30, 0xff, 0x60, 0x7c, 0x30, 0xff, 0x60, 0x80, 0x38, 0xff,
    0x58, 0x80, 0x30, 0xff, 0x60, 0x80, 0x30, 0xff, 0x60, 0x80, 0x38, 0xff,
    0x58, 0x80, 0x30, 0xff, 0x60, 0x80, 0x30, 0xff, 0x60, 0x7c, 0x38, 0xff,
    0x58, 0x80, 0x30, 0xff, 0x60, 0x80, 0x30, 0xff, 0x60, 0x80, 0x38, 0xff,
    0x58, 0x80, 0x30, 0xff, 0x60, 0x7c, 0x30, 0xff, 0x60, 0x80, 0x38, 0xff,
    0x58, 0x80, 0x30, 0xff, 0x60, 0x80, 0x30, 0xff, 0x60, 0x80, 0x38, 0xff,
    0x58, 0x80, 0x30, 0xff, 0x60, 0x80, 0x30, 0xff, 0x60, 0x7c, 0x38, 0xff,
    0x58, 0x80, 0x30, 0xff, 0x60, 0x80, 0x30, 0xff, 0x60, 0x80, 0x38, 0xff,
    0x58, 0x80, 0x30, 0xff, 0x60, 0x7c, 0x30, 0xff, 0x60, 0x80, 0x38, 0xff,
    0x58, 0x80, 0x30, 0xff, 0x60, 0x80, 0x30, 0xff, 0x60, 0x80, 0x38, 0xff,
    0x58, 0x80, 0x30, 0xff, 0x60, 0x80, 0x30, 0xff, 0x60, 0x7c, 0x38, 0xff,
    0x58, 0x80, 0x30, 0xff, 0x60, 0x80, 0x30, 0xff, 0x60, 0x80, 0x38, 0xff,
    0x58, 0x80, 0x30, 0xff, 0x60, 0x7c, 0x30, 0xff, 0x60, 0x80, 0x38, 0xff,
    0x58, 0x80, 0x30, 0xff, 0x60, 0x80, 0x30, 0xff, 0x60, 0x80, 0x38, 0xff,
    0x58, 0x80, 0x30, 0xff, 0x60, 0x80, 0x30, 0xff, 0x60, 0x7c, 0x38, 0xff,
    0x58, 0x80, 0x30, 0xff, 0x60, 0x80, 0x30, 0xff, 0x60, 0x80, 0x38, 0xff,
    0x58, 0x80, 0x30, 0xff, 0x60, 0x7c, 0x30, 0xff, 0x60, 0x80, 0x38, 0xff,
    0x58, 0x80, 0x30, 0xff, 0x60, 0x80, 0x30, 0xff, 0x60, 0x80, 0x38, 0xff,
    0x58, 0x80, 0x30, 0xff, 0x60, 0x80, 0x30, 0xff, 0x60, 0x7c, 0x38, 0xff,
    0x58, 0x80, 0x30, 0xff, 0x60, 0x80, 0x30, 0xff, 0x60, 0x80, 0x38, 0xff,
    0x58, 0x80, 0x30, 0xff, 0x60, 0x7c, 0x30, 0xff, 0x60, 0x80, 0x38, 0xff,
    0x58, 0x80, 0x30, 0xff, 0x60, 0x80, 0x30, 0xff, 0x60, 0x80, 0x38, 0xff,
    0x58, 0x80, 0x30, 0xff, 0x60, 0x80, 0x30, 0xff, 0x60, 0x7c, 0x38, 0xff,
    0x58, 0x80, 0x30, 0xff, 0x60, 0x80, 0x30, 0xff, 0x60, 0x80, 0x38, 0xff,
    0x58, 0x80, 0x30, 0xff, 0x60, 0x7c, 0x30, 0xff, 0x60, 0x80, 0x38, 0xff,
    0x58, 0x80, 0x30, 0xff, 0x60, 0x80, 0x30, 0xff, 0x60, 0x80, 0x38, 0xff,
    0x58, 0x80, 0x30, 0xff, 0x60, 0x80, 0x30, 0xff, 0x60, 0x7c, 0x38, 0xff,
    0x58, 0x80, 0x30, 0xff, 0x60, 0x80, 0x30, 0xff, 0x60, 0x80, 0x38, 0xff,
    0x58, 0x80, 0x30, 0xff, 0x60, 0x7c, 0x30, 0xff, 0x60, 0x80, 0x38, 0xff,
    0x58, 0x80, 0x30, 0xff, 0x60, 0x80, 0x30, 0xff, 0x60, 0x80, 0x38, 0xff,
    0x58, 0x80, 0x30, 0xff, 0x60, 0x80, 0x30, 0xff, 0x60, 0x7c, 0x38, 0xff,
    0x58, 0x80, 0x30, 0xff, 0x60, 0x80, 0x30, 0xff, 0x60, 0x80, 0x38, 0xff,
    0x58, 0x80, 0x30, 0xff, 0x60, 0x7c, 0x30, 0xff, 0x60, 0x80, 0x38, 0xff,
    0x58, 0x80, 0x30, 0xff, 0x60, 0x80, 0x30, 0xff, 0x60, 0x80, 0x38, 0xff,
    0x58, 0x80, 0x30, 0xff, 0x60, 0x80, 0x30, 0xff, 0x60, 0x7c, 0x38, 0xff,
    0x58, 0x80, 0x30, 0xff, 0x60, 0x80, 0x30, 0xff, 0x60, 0x80, 0x38, 0xff,
    0x58, 0x80, 0x30, 0xff, 0x60, 0x7c, 0x30, 0xff, 0x58, 0x80, 0x30, 0xff,
    0x58, 0x80, 0x38, 0xff, 0x60, 0x7c, 0x30, 0xff, 0x60, 0x80, 0x38, 0xff,
    0x58, 0x80, 0x30, 0xff, 0x58, 0x80, 0x30, 0xff, 0x60, 0x80, 0x38, 0xff,
    0x58, 0x7c, 0x30, 0xff, 0x58, 0x80, 0x30, 0xff, 0x60, 0x80, 0x38, 0xff,
    0x60, 0x7c, 0x30, 0xff, 0x60, 0x80, 0x30, 0xff, 0x58, 0x80, 0x30, 0x8e,
    0x00, 0x00, 0x00, 0x00, 0x00, 0x00, 0x00, 0x00, 0x00, 0x00, 0x00, 0x00,
    0x00, 0x00, 0x00, 0x00, 0x00, 0x00, 0x00, 0x00, 0x58, 0x7c, 0x30, 0x61,
    0x58, 0x80, 0x30, 0xff, 0x58, 0x80, 0x38, 0xff, 0x60, 0x80, 0x38, 0xff,
    0x58, 0x80, 0x30, 0xff, 0x58, 0x7c, 0x38, 0xff, 0x60, 0x80, 0x30, 0xff,
    0x58, 0x80, 0x30, 0xff, 0x58, 0x80, 0x38, 0xff, 0x60, 0x80, 0x30, 0xff,
    0x58, 0x80, 0x30, 0xff, 0x58, 0x80, 0x38, 0xff, 0x60, 0x80, 0x30, 0xff,
    0x58, 0x7c, 0x38, 0xff, 0x58, 0x80, 0x38, 0xff, 0x60, 0x80, 0x30, 0xff,
    0x58, 0x80, 0x38, 0xff, 0x58, 0x80, 0x38, 0xff, 0x60, 0x7c, 0x30, 0xff,
    0x58, 0x80, 0x38, 0xff, 0x58, 0x7c, 0x30, 0xff, 0x60, 0x80, 0x38, 0xff,
    0x60, 0x80, 0x30, 0xff, 0x58, 0x80, 0x38, 0xff, 0x60, 0x80, 0x30, 0xff,
    0x60, 0x80, 0x38, 0xff, 0x58, 0x80, 0x38, 0xff, 0x60, 0x7c, 0x30, 0xff,
    0x60, 0x80, 0x38, 0xff, 0x58, 0x80, 0x30, 0xff, 0x58, 0x80, 0x38, 0xff,
    0x60, 0x7c, 0x30, 0xff, 0x58, 0x80, 0x38, 0xff, 0x58, 0x80, 0x30, 0xff,
    0x60, 0x80, 0x38, 0xff, 0x58, 0x80, 0x38, 0xff, 0x58, 0x80, 0x30, 0xff,
    0x60, 0x80, 0x38, 0xff, 0x58, 0x80, 0x30, 0xff, 0x58, 0x7c, 0x38, 0xff,
    0x60, 0x80, 0x30, 0xff, 0x58, 0x80, 0x38, 0xff, 0x58, 0x80, 0x30, 0xff,
    0x60, 0x7c, 0x38, 0xff, 0x58, 0x80, 0x38, 0xff, 0x58, 0x80, 0x30, 0xff,
    0x60, 0x80, 0x38, 0xff, 0x58, 0x80, 0x30, 0xff, 0x58, 0x80, 0x38, 0xff,
    0x60, 0x80, 0x30, 0xff, 0x58, 0x80, 0x38, 0xff, 0x58, 0x7c, 0x30, 0xff,
    0x60, 0x80, 0x38, 0xff, 0x58, 0x80, 0x38, 0xff, 0x58, 0x80, 0x30, 0xff,
    0x60, 0x7c, 0x38, 0xff, 0x58, 0x80, 0x30, 0xff, 0x58, 0x80, 0x38, 0xff,
    0x60, 0x80, 0x30, 0xff, 0x58, 0x80, 0x38, 0xff, 0x58, 0x80, 0x30, 0xff,
    0x60, 0x80, 0x38, 0xff, 0x58, 0x80, 0x38, 0xff, 0x58, 0x7c, 0x30, 0xff,
    0x60, 0x80, 0x38, 0xff, 0x58, 0x80, 0x30, 0xff, 0x58, 0x80, 0x38, 0xff,
    0x60, 0x7c, 0x30, 0xff, 0x58, 0x80, 0x38, 0xff, 0x58, 0x80, 0x30, 0xff,
    0x60, 0x80, 0x38, 0xff, 0x58, 0x80, 0x38, 0xff, 0x58, 0x80, 0x30, 0xff,
    0x60, 0x80, 0x38, 0xff, 0x58, 0x80, 0x30, 0xff, 0x58, 0x7c, 0x38, 0xff,
    0x60, 0x80, 0x30, 0xff, 0x58, 0x80, 0x38, 0xff, 0x58, 0x80, 0x30, 0xff,
    0x60, 0x7c, 0x38, 0xff, 0x58, 0x80, 0x38, 0xff, 0x58, 0x80, 0x30, 0xff,
    0x60, 0x80, 0x38, 0xff, 0x58, 0x80, 0x30, 0xff, 0x58, 0x80, 0x38, 0xff,
    0x60, 0x80, 0x30, 0xff, 0x58, 0x80, 0x38, 0xff, 0x58, 0x7c, 0x30, 0xff,
    0x60, 0x80, 0x38, 0xff, 0x58, 0x80, 0x38, 0xff, 0x58, 0x80, 0x30, 0xff,
    0x60, 0x7c, 0x38, 0xff, 0x58, 0x80, 0x30, 0xff, 0x58, 0x80, 0x38, 0xff,
    0x60, 0x80, 0x30, 0xff, 0x58, 0x80, 0x38, 0xff, 0x58, 0x80, 0x30, 0xff,
    0x60, 0x80, 0x38, 0xff, 0x58, 0x80, 0x38, 0xff, 0x58, 0x7c, 0x30, 0xff,
    0x60, 0x80, 0x38, 0xff, 0x58, 0x80, 0x30, 0xff, 0x58, 0x80, 0x38, 0xff,
    0x60, 0x7c, 0x30, 0xff, 0x58, 0x80, 0x38, 0xff, 0x58, 0x80, 0x30, 0xff,
    0x60, 0x80, 0x38, 0xff, 0x58, 0x80, 0x38, 0xff, 0x58, 0x80, 0x30, 0xff,
    0x60, 0x80, 0x38, 0xff, 0x58, 0x80, 0x30, 0xff, 0x58, 0x7c, 0x38, 0xff,
    0x60, 0x80, 0x30, 0xff, 0x58, 0x80, 0x38, 0xff, 0x58, 0x80, 0x30, 0xff,
    0x60, 0x7c, 0x38, 0xff, 0x58, 0x80, 0x38, 0xff, 0x58, 0x80, 0x30, 0xff,
    0x60, 0x80, 0x38, 0xff, 0x58, 0x80, 0x30, 0xff, 0x58, 0x80, 0x38, 0xff,
    0x60, 0x80, 0x30, 0xff, 0x58, 0x80, 0x38, 0xff, 0x58, 0x7c, 0x30, 0xff,
    0x60, 0x80, 0x38, 0xff, 0x58, 0x80, 0x38, 0xff, 0x58, 0x80, 0x30, 0xff,
    0x60, 0x7c, 0x38, 0xff, 0x58, 0x80, 0x30, 0xff, 0x58, 0x80, 0x38, 0xff,
    0x60, 0x80, 0x30, 0xff, 0x58, 0x80, 0x38, 0xff, 0x58, 0x80, 0x30, 0xff,
    0x60, 0x80, 0x38, 0xff, 0x58, 0x80, 0x38, 0xff, 0x58, 0x7c, 0x30, 0xff,
    0x60, 0x80, 0x38, 0xff, 0x58, 0x80, 0x30, 0xff, 0x58, 0x80, 0x38, 0xff,
    0x60, 0x7c, 0x30, 0xff, 0x58, 0x80, 0x38, 0xff, 0x58, 0x80, 0x30, 0xff,
    0x60, 0x80, 0x38, 0xff, 0x58, 0x80, 0x38, 0xff, 0x58, 0x80, 0x30, 0xff,
    0x60, 0x80, 0x38, 0xff, 0x58, 0x80, 0x30, 0xff, 0x58, 0x7c, 0x38, 0xff,
    0x60, 0x80, 0x30, 0xff, 0x58, 0x80, 0x38, 0xff, 0x58, 0x80, 0x30, 0xff,
    0x60, 0x7c, 0x38, 0xff, 0x58, 0x80, 0x38, 0xff, 0x58, 0x80, 0x30, 0xff,
    0x60, 0x80, 0x38, 0xff, 0x58, 0x80, 0x30, 0xff, 0x58, 0x80, 0x38, 0xff,
    0x60, 0x80, 0x30, 0xff, 0x58, 0x80, 0x38, 0xff, 0x58, 0x7c, 0x30, 0xff,
    0x60, 0x80, 0x38, 0xff, 0x58, 0x80, 0x38, 0xff, 0x58, 0x80, 0x30, 0xff,
    0x60, 0x7c, 0x38, 0xff, 0x58, 0x80, 0x30, 0xff, 0x58, 0x80, 0x38, 0xff,
    0x60, 0x80, 0x30, 0xff, 0x58, 0x80, 0x38, 0xff, 0x58, 0x80, 0x30, 0xff,
    0x60, 0x80, 0x38, 0xff, 0x58, 0x80, 0x38, 0xff, 0x58, 0x7c, 0x30, 0xff,
    0x60, 0x80, 0x38, 0xff, 0x58, 0x80, 0x30, 0xff, 0x58, 0x80, 0x38, 0xff,
    0x60, 0x7c, 0x30, 0xff, 0x58, 0x80, 0x38, 0xff, 0x58, 0x80, 0x30, 0xff,
    0x60, 0x80, 0x38, 0xff, 0x58, 0x80, 0x38, 0xff, 0x58, 0x80, 0x30, 0xff,
    0x60, 0x80, 0x38, 0xff, 0x58, 0x80, 0x30, 0xff, 0x58, 0x7c, 0x38, 0xff,
    0x60, 0x80, 0x30, 0xff, 0x58, 0x80, 0x38, 0xff, 0x58, 0x80, 0x30, 0xff,
    0x60, 0x7c, 0x38, 0xff, 0x58, 0x80, 0x38, 0xff, 0x58, 0x80, 0x30, 0xff,
    0x60, 0x80, 0x38, 0xff, 0x58, 0x80, 0x30, 0xff, 0x58, 0x80, 0x38, 0xff,
    0x60, 0x80, 0x30, 0xff, 0x58, 0x80, 0x38, 0xff, 0x58, 0x7c, 0x30, 0xff,
    0x60, 0x80, 0x38, 0xff, 0x58, 0x80, 0x38, 0xff, 0x58, 0x80, 0x30, 0xff,
    0x60, 0x7c, 0x38, 0xff, 0x58, 0x80, 0x30, 0xff, 0x58, 0x80, 0x38, 0xff,
    0x60, 0x80, 0x30, 0xff, 0x58, 0x80, 0x38, 0xff, 0x58, 0x80, 0x30, 0xff,
    0x60, 0x80, 0x38, 0xff, 0x58, 0x80, 0x38, 0xff, 0x58, 0x7c, 0x30, 0xff,
    0x60, 0x80, 0x38, 0xff, 0x58, 0x80, 0x30, 0xff, 0x58, 0x80, 0x38, 0xff,
    0x60, 0x7c, 0x30, 0xff, 0x58, 0x80, 0x38, 0xff, 0x58, 0x80, 0x30, 0xff,
    0x60, 0x80, 0x38, 0xff, 0x58, 0x80, 0x38, 0xff, 0x58, 0x80, 0x30, 0xff,
    0x60, 0x80, 0x38, 0xff, 0x58, 0x80, 0x30, 0xff, 0x58, 0x7c, 0x38, 0xff,
    0x60, 0x80, 0x30, 0xff, 0x58, 0x80, 0x38, 0xff, 0x58, 0x80, 0x30, 0xff,
    0x60, 0x7c, 0x38, 0xff, 0x58, 0x80, 0x38, 0xff, 0x58, 0x80, 0x30, 0xff,
    0x60, 0x80, 0x38, 0xff, 0x58, 0x80, 0x30, 0xff, 0x58, 0x80, 0x38, 0xff,
    0x60, 0x80, 0x30, 0xff, 0x58, 0x80, 0x38, 0xff, 0x58, 0x7c, 0x30, 0xff,
    0x60, 0x80, 0x38, 0xff, 0x58, 0x80, 0x38, 0xff, 0x58, 0x80, 0x30, 0xff,
    0x60, 0x7c, 0x38, 0xff, 0x58, 0x80, 0x30, 0xff, 0x58, 0x80, 0x38, 0xff,
    0x60, 0x80, 0x30, 0xff, 0x58, 0x80, 0x38, 0xff, 0x58, 0x80, 0x30, 0xff,
    0x60, 0x80, 0x38, 0xff, 0x58, 0x80, 0x38, 0xff, 0x58, 0x7c, 0x30, 0xff,
    0x60, 0x80, 0x38, 0xff, 0x58, 0x80, 0x30, 0xff, 0x58, 0x80, 0x38, 0xff,
    0x60, 0x7c, 0x30, 0xff, 0x58, 0x80, 0x38, 0xff, 0x58, 0x80, 0x30, 0xff,
    0x60, 0x80, 0x38, 0xff, 0x58, 0x80, 0x38, 0xff, 0x58, 0x80, 0x30, 0xff,
    0x60, 0x80, 0x38, 0xff, 0x58, 0x80, 0x30, 0xff, 0x58, 0x7c, 0x38, 0xff,
    0x60, 0x80, 0x30, 0xff, 0x58, 0x80, 0x38, 0xff, 0x58, 0x80, 0x30, 0xff,
    0x60, 0x7c, 0x38, 0xff, 0x58, 0x80, 0x38, 0xff, 0x58, 0x80, 0x30, 0xff,
    0x60, 0x80, 0x38, 0xff, 0x58, 0x80, 0x30, 0xff, 0x58, 0x80, 0x38, 0xff,
    0x60, 0x80, 0x30, 0xff, 0x58, 0x80, 0x38, 0xff, 0x58, 0x7c, 0x30, 0xff,
    0x60, 0x80, 0x38, 0xff, 0x58, 0x80, 0x38, 0xff, 0x58, 0x80, 0x30, 0xff,
    0x60, 0x7c, 0x38, 0xff, 0x58, 0x80, 0x30, 0xff, 0x58, 0x80, 0x38, 0xff,
    0x60, 0x80, 0x30, 0xff, 0x58, 0x80, 0x38, 0xff, 0x58, 0x80, 0x30, 0xff,
    0x60, 0x80, 0x38, 0xff, 0x58, 0x80, 0x38, 0xff, 0x58, 0x7c, 0x30, 0xff,
    0x60, 0x80, 0x38, 0xff, 0x58, 0x80, 0x30, 0xff, 0x58, 0x80, 0x38, 0xff,
    0x60, 0x7c, 0x30, 0xff, 0x58, 0x80, 0x38, 0xff, 0x58, 0x80, 0x30, 0xff,
    0x60, 0x80, 0x38, 0xff, 0x58, 0x80, 0x38, 0xff, 0x58, 0x80, 0x30, 0xff,
    0x60, 0x80, 0x38, 0xff, 0x58, 0x80, 0x30, 0xff, 0x58, 0x7c, 0x38, 0xff,
    0x60, 0x80, 0x30, 0xff, 0x58, 0x80, 0x38, 0xff, 0x58, 0x80, 0x30, 0xff,
    0x60, 0x7c, 0x38, 0xff, 0x58, 0x80, 0x38, 0xff, 0x58, 0x80, 0x30, 0xff,
    0x60, 0x80, 0x38, 0xff, 0x58, 0x80, 0x30, 0xff, 0x58, 0x80, 0x38, 0xff,
    0x60, 0x80, 0x30, 0xff, 0x58, 0x80, 0x38, 0xff, 0x58, 0x7c, 0x30, 0xff,
    0x60, 0x80, 0x38, 0xff, 0x58, 0x80, 0x38, 0xff, 0x58, 0x80, 0x30, 0xff,
    0x60, 0x7c, 0x38, 0xff, 0x58, 0x80, 0x30, 0xff, 0x58, 0x80, 0x38, 0xff,
    0x60, 0x80, 0x30, 0xff, 0x58, 0x80, 0x38, 0xff, 0x58, 0x80, 0x30, 0xff,
    0x60, 0x80, 0x38, 0xff, 0x58, 0x80, 0x38, 0xff, 0x58, 0x7c, 0x30, 0xff,
    0x60, 0x80, 0x38, 0xff, 0x58, 0x80, 0x30, 0xff, 0x58, 0x80, 0x38, 0xff,
    0x60, 0x7c, 0x30, 0xff, 0x58, 0x80, 0x38, 0xff, 0x58, 0x80, 0x30, 0xff,
    0x60, 0x80, 0x38, 0xff, 0x58, 0x80, 0x38, 0xff, 0x58, 0x80, 0x30, 0xff,
    0x60, 0x80, 0x38, 0xff, 0x58, 0x80, 0x30, 0xff, 0x58, 0x7c, 0x38, 0xff,
    0x60, 0x80, 0x30, 0xff, 0x58, 0x80, 0x38, 0xff, 0x58, 0x80, 0x30, 0xff,
    0x60, 0x7c, 0x38, 0xff, 0x58, 0x80, 0x38, 0xff, 0x58, 0x80, 0x30, 0xff,
    0x60, 0x80, 0x38, 0xff, 0x58, 0x80, 0x30, 0xff, 0x58, 0x80, 0x38, 0xff,
    0x60, 0x80, 0x30, 0xff, 0x58, 0x80, 0x38, 0xff, 0x60, 0x7c, 0x30, 0xff,
    0x60, 0x80, 0x30, 0xff, 0x60, 0x80, 0x38, 0xff, 0x58, 0x80, 0x30, 0xff,
    0x58, 0x80, 0x30, 0xff, 0x60, 0x80, 0x38, 0xff, 0x60, 0x7c, 0x30, 0xff,
    0x58, 0x80, 0x38, 0xff, 0x60, 0x80, 0x30, 0xff, 0x58, 0x80, 0x30, 0xff,
    0x58, 0x80, 0x38, 0xff, 0x60, 0x80, 0x30, 0xff, 0x58, 0x80, 0x38, 0xff,
    0x58, 0x80, 0x38, 0xff, 0x60, 0x80, 0x30, 0xff, 0x58, 0x7c, 0x30, 0x71,
    0x00, 0x00, 0x00, 0x00, 0x00, 0x00, 0x00, 0x00, 0x00, 0x00, 0x00, 0x00,
    0x58, 0x80, 0x30, 0x20, 0x58, 0x80, 0x30, 0xdf, 0x60, 0x7c, 0x30, 0xff,
    0x60, 0x80, 0x38, 0xff, 0x58, 0x80, 0x30, 0xff, 0x60, 0x7c, 0x30, 0xff,
    0x60, 0x80, 0x38, 0xff, 0x58, 0x80, 0x30, 0xff, 0x60, 0x7c, 0x30, 0xff,
    0x60, 0x80, 0x38, 0xff, 0x58, 0x7c, 0x30, 0xff, 0x60, 0x80, 0x38, 0xff,
    0x60, 0x80, 0x30, 0xff, 0x58, 0x7c, 0x30, 0xff, 0x60, 0x80, 0x30, 0xff,
    0x60, 0x80, 0x30, 0xff, 0x58, 0x7c, 0x30, 0xff, 0x60, 0x7c, 0x30, 0xff,
    0x60, 0x80, 0x30, 0xff, 0x58, 0x80, 0x30, 0xff, 0x60, 0x7c, 0x38, 0xff,
    0x58, 0x80, 0x30, 0xff, 0x58, 0x80, 0x30, 0xff, 0x60, 0x7c, 0x38, 0xff,
    0x58, 0x80, 0x30, 0xff, 0x58, 0x7c, 0x30, 0xff, 0x60, 0x80, 0x30, 0xff,
    0x58, 0x80, 0x30, 0xff, 0x58, 0x7c, 0x30, 0xff, 0x60, 0x80, 0x38, 0xff,
    0x58, 0x80, 0x30, 0xff, 0x60, 0x7c, 0x30, 0xff, 0x60, 0x80, 0x38, 0xff,
    0x58, 0x7c, 0x30, 0xff, 0x60, 0x7c, 0x30, 0xff, 0x60, 0x80, 0x30, 0xff,
    0x58, 0x7c, 0x30, 0xff, 0x60, 0x7c, 0x30, 0xff, 0x60, 0x80, 0x38, 0xff,
    0x58, 0x80, 0x30, 0xff, 0x60, 0x80, 0x30, 0xff, 0x60, 0x80, 0x38, 0xff,
    0x58, 0x80, 0x30, 0xff, 0x60, 0x7c, 0x30, 0xff, 0x60, 0x80, 0x30, 0xff,
    0x58, 0x7c, 0x30, 0xff, 0x60, 0x7c, 0x30, 0xff, 0x60, 0x80, 0x38, 0xff,
    0x58, 0x7c, 0x30, 0xff, 0x60, 0x7c, 0x30, 0xff, 0x60, 0x80, 0x38, 0xff,
    0x58, 0x80, 0x30, 0xff, 0x60, 0x80, 0x30, 0xff, 0x60, 0x80, 0x30, 0xff,
    0x58, 0x80, 0x30, 0xff, 0x60, 0x7c, 0x30, 0xff, 0x60, 0x80, 0x38, 0xff,
    0x58, 0x7c, 0x30, 0xff, 0x60, 0x7c, 0x30, 0xff, 0x60, 0x80, 0x38, 0xff,
    0x58, 0x7c, 0x30, 0xff, 0x60, 0x7c, 0x30, 0xff, 0x60, 0x80, 0x30, 0xff,
    0x58, 0x80, 0x30, 0xff, 0x60, 0x80, 0x30, 0xff, 0x60, 0x80, 0x38, 0xff,
    0x58, 0x80, 0x30, 0xff, 0x60, 0x7c, 0x30, 0xff, 0x60, 0x80, 0x38, 0xff,
    0x58, 0x7c, 0x30, 0xff, 0x60, 0x7c, 0x30, 0xff, 0x60, 0x80, 0x30, 0xff,
    0x58, 0x7c, 0x30, 0xff, 0x60, 0x7c, 0x30, 0xff, 0x60, 0x80, 0x38, 0xff,
    0x58, 0x80, 0x30, 0xff, 0x60, 0x80, 0x30, 0xff, 0x60, 0x80, 0x38, 0xff,
    0x58, 0x80, 0x30, 0xff, 0x60, 0x7c, 0x30, 0xff, 0x60, 0x80, 0x30, 0xff,
    0x58, 0x7c, 0x30, 0xff, 0x60, 0x7c, 0x30, 0xff, 0x60, 0x80, 0x38, 0xff,
    0x58, 0x7c, 0x30, 0xff, 0x60, 0x7c, 0x30, 0xff, 0x60, 0x80, 0x38, 0xff,
    0x58, 0x80, 0x30, 0xff, 0x60, 0x80, 0x30, 0xff, 0x60, 0x80, 0x30, 0xff,
    0x58, 0x80, 0x30, 0xff, 0x60, 0x7c, 0x30, 0xff, 0x60, 0x80, 0x38, 0xff,
    0x58, 0x7c, 0x30, 0xff, 0x60, 0x7c, 0x30, 0xff, 0x60, 0x80, 0x38, 0xff,
    0x58, 0x7c, 0x30, 0xff, 0x60, 0x7c, 0x30, 0xff, 0x60, 0x80, 0x30, 0xff,
    0x58, 0x80, 0x30, 0xff, 0x60, 0x80, 0x30, 0xff, 0x60, 0x80, 0x38, 0xff,
    0x58, 0x80, 0x30, 0xff, 0x60, 0x7c, 0x30, 0xff, 0x60, 0x80, 0x38, 0xff,
    0x58, 0x7c, 0x30, 0xff, 0x60, 0x7c, 0x30, 0xff, 0x60, 0x80, 0x30, 0xff,
    0x58, 0x7c, 0x30, 0xff, 0x60, 0x7c, 0x30, 0xff, 0x60, 0x80, 0x38, 0xff,
    0x58, 0x80, 0x30, 0xff, 0x60, 0x80, 0x30, 0xff, 0x60, 0x80, 0x38, 0xff,
    0x58, 0x80, 0x30, 0xff, 0x60, 0x7c, 0x30, 0xff, 0x60, 0x80, 0x30, 0xff,
    0x58, 0x7c, 0x30, 0xff, 0x60, 0x7c, 0x30, 0xff, 0x60, 0x80, 0x38, 0xff,
    0x58, 0x7c, 0x30, 0xff, 0x60, 0x7c, 0x30, 0xff, 0x60, 0x80, 0x38, 0xff,
    0x58, 0x80, 0x30, 0xff, 0x60, 0x80, 0x30, 0xff, 0x60, 0x80, 0x30, 0xff,
    0x58, 0x80, 0x30, 0xff, 0x60, 0x7c, 0x30, 0xff, 0x60, 0x80, 0x38, 0xff,
    0x58, 0x7c, 0x30, 0xff, 0x60, 0x7c, 0x30, 0xff, 0x60, 0x80, 0x38, 0xff,
    0x58, 0x7c, 0x30, 0xff, 0x60, 0x7c, 0x30, 0xff, 0x60, 0x80, 0x30, 0xff,
    0x58, 0x80, 0x30, 0xff, 0x60, 0x80, 0x30, 0xff, 0x60, 0x80, 0x38, 0xff,
    0x58, 0x80, 0x30, 0xff, 0x60, 0x7c, 0x30, 0xff, 0x60, 0x80, 0x38, 0xff,
    0x58, 0x7c, 0x30, 0xff, 0x60, 0x7c, 0x30, 0xff, 0x60, 0x80, 0x30, 0xff,
    0x58, 0x7c, 0x30, 0xff, 0x60, 0x7c, 0x30, 0xff, 0x60, 0x80, 0x38, 0xff,
    0x58, 0x80, 0x30, 0xff, 0x60, 0x80, 0x30, 0xff, 0x60, 0x80, 0x38, 0xff,
    0x58, 0x80, 0x30, 0xff, 0x60, 0x7c, 0x30, 0xff, 0x60, 0x80, 0x30, 0xff,
    0x58, 0x7c, 0x30, 0xff, 0x60, 0x7c, 0x30, 0xff, 0x60, 0x80, 0x38, 0xff,
    0x58, 0x7c, 0x30, 0xff, 0x60, 0x7c, 0x30, 0xff, 0x60, 0x80, 0x38, 0xff,
    0x58, 0x80, 0x30, 0xff, 0x60, 0x80, 0x30, 0xff, 0x60, 0x80, 0x30, 0xff,
    0x58, 0x80, 0x30, 0xff, 0x60, 0x7c, 0x30, 0xff, 0x60, 0x80, 0x38, 0xff,
    0x58, 0x7c, 0x30, 0xff, 0x60, 0x7c, 0x30, 0xff, 0x60, 0x80, 0x38, 0xff,
    0x58, 0x7c, 0x30, 0xff, 0x60, 0x7c, 0x30, 0xff, 0x60, 0x80, 0x30, 0xff,
    0x58, 0x80, 0x30, 0xff, 0x60, 0x80, 0x30, 0xff, 0x60, 0x80, 0x38, 0xff,
    0x58, 0x80, 0x30, 0xff, 0x60, 0x7c, 0x30, 0xff, 0x60, 0x80, 0x38, 0xff,
    0x58, 0x7c, 0x30, 0xff, 0x60, 0x7c, 0x30, 0xff, 0x60, 0x80, 0x30, 0xff,
    0x58, 0x7c, 0x30, 0xff, 0x60, 0x7c, 0x30, 0xff, 0x60, 0x80, 0x38, 0xff,
    0x58, 0x80, 0x30, 0xff, 0x60, 0x80, 0x30, 0xff, 0x60, 0x80, 0x38, 0xff,
    0x58, 0x80, 0x30, 0xff, 0x60, 0x7c, 0x30, 0xff, 0x60, 0x80, 0x30, 0xff,
    0x58, 0x7c, 0x30, 0xff, 0x60, 0x7c, 0x30, 0xff, 0x60, 0x80, 0x38, 0xff,
    0x58, 0x7c, 0x30, 0xff, 0x60, 0x7c, 0x30, 0xff, 0x60, 0x80, 0x38, 0xff,
    0x58, 0x80, 0x30, 0xff, 0x60, 0x80, 0x30, 0xff, 0x60, 0x80, 0x30, 0xff,
    0x58, 0x80, 0x30, 0xff, 0x60, 0x7c, 0x30, 0xff, 0x60, 0x80, 0x38, 0xff,
    0x58, 0x7c, 0x30, 0xff, 0x60, 0x7c, 0x30, 0xff, 0x60, 0x80, 0x38, 0xff,
    0x58, 0x7c, 0x30, 0xff, 0x60, 0x7c, 0x30, 0xff, 0x60, 0x80, 0x30, 0xff,
    0x58, 0x80, 0x30, 0xff, 0x60, 0x80, 0x30, 0xff, 0x60, 0x80, 0x38, 0xff,
    0x58, 0x80, 0x30, 0xff, 0x60, 0x7c, 0x30, 0xff, 0x60, 0x80, 0x38, 0xff,
    0x58, 0x7c, 0x30, 0xff, 0x60, 0x7c, 0x30, 0xff, 0x60, 0x80, 0x30, 0xff,
    0x58, 0x7c, 0x30, 0xff, 0x60, 0x7c, 0x30, 0xff, 0x60, 0x80, 0x38, 0xff,
    0x58, 0x80, 0x30, 0xff, 0x60, 0x80, 0x30, 0xff, 0x60, 0x80, 0x38, 0xff,
    0x58, 0x80, 0x30, 0xff, 0x60, 0x7c, 0x30, 0xff, 0x60, 0x80, 0x30, 0xff,
    0x58, 0x7c, 0x30, 0xff, 0x60, 0x7c, 0x30, 0xff, 0x60, 0x80, 0x38, 0xff,
    0x58, 0x7c, 0x30, 0xff, 0x60, 0x7c, 0x30, 0xff, 0x60, 0x80, 0x38, 0xff,
    0x58, 0x80, 0x30, 0xff, 0x60, 0x80, 0x30, 0xff, 0x60, 0x80, 0x30, 0xff,
    0x58, 0x80, 0x30, 0xff, 0x60, 0x7c, 0x30, 0xff, 0x60, 0x80, 0x38, 0xff,
    0x58, 0x7c, 0x30, 0xff, 0x60, 0x7c, 0x30, 0xff, 0x60, 0x80, 0x38, 0xff,
    0x58, 0x7c, 0x30, 0xff, 0x60, 0x7c, 0x30, 0xff, 0x60, 0x80, 0x30, 0xff,
    0x58, 0x80, 0x30, 0xff, 0x60, 0x80, 0x30, 0xff, 0x60, 0x80, 0x38, 0xff,
    0x58, 0x80, 0x30, 0xff, 0x60, 0x7c, 0x30, 0xff, 0x60, 0x80, 0x38, 0xff,
    0x58, 0x7c, 0x30, 0xff, 0x60, 0x7c, 0x30, 0xff, 0x60, 0x80, 0x30, 0xff,
    0x58, 0x7c, 0x30, 0xff, 0x60, 0x7c, 0x30, 0xff, 0x60, 0x80, 0x38, 0xff,
    0x58, 0x80, 0x30, 0xff, 0x60, 0x80, 0x30, 0xff, 0x60, 0x80, 0x38, 0xff,
    0x58, 0x80, 0x30, 0xff, 0x60, 0x7c, 0x30, 0xff, 0x60, 0x80, 0x30, 0xff,
    0x58, 0x7c, 0x30, 0xff, 0x60, 0x7c, 0x30, 0xff, 0x60, 0x80, 0x38, 0xff,
    0x58, 0x7c, 0x30, 0xff, 0x60, 0x7c, 0x30, 0xff, 0x60, 0x80, 0x38, 0xff,
    0x58, 0x80, 0x30, 0xff, 0x60, 0x80, 0x30, 0xff, 0x60, 0x80, 0x30, 0xff,
    0x58, 0x80, 0x30, 0xff, 0x60, 0x7c, 0x30, 0xff, 0x60, 0x80, 0x38, 0xff,
    0x58, 0x7c, 0x30, 0xff, 0x60, 0x7c, 0x30, 0xff, 0x60, 0x80, 0x38, 0xff,
    0x58, 0x7c, 0x30, 0xff, 0x60, 0x7c, 0x30, 0xff, 0x60, 0x80, 0x30, 0xff,
    0x58, 0x80, 0x30, 0xff, 0x60, 0x80, 0x30, 0xff, 0x60, 0x80, 0x38, 0xff,
    0x58, 0x80, 0x30, 0xff, 0x60, 0x7c, 0x30, 0xff, 0x60, 0x80, 0x38, 0xff,
    0x58, 0x7c, 0x30, 0xff, 0x60, 0x7c, 0x30, 0xff, 0x60, 0x80, 0x30, 0xff,
    0x58, 0x7c, 0x30, 0xff, 0x60, 0x7c, 0x30, 0xff, 0x60, 0x80, 0x38, 0xff,
    0x58, 0x80, 0x30, 0xff, 0x60, 0x80, 0x30, 0xff, 0x60, 0x80, 0x38, 0xff,
    0x58, 0x80, 0x30, 0xff, 0x60, 0x7c, 0x30, 0xff, 0x60, 0x80, 0x30, 0xff,
    0x58, 0x7c, 0x30, 0xff, 0x60, 0x7c, 0x30, 0xff, 0x60, 0x80, 0x38, 0xff,
    0x58, 0x7c, 0x30, 0xff, 0x60, 0x7c, 0x30, 0xff, 0x60, 0x80, 0x38, 0xff,
    0x58, 0x80, 0x30, 0xff, 0x60, 0x80, 0x30, 0xff, 0x60, 0x80, 0x30, 0xff,
    0x58, 0x80, 0x30, 0xff, 0x60, 0x7c, 0x30, 0xff, 0x60, 0x80, 0x38, 0xff,
    0x58, 0x7c, 0x30, 0xff, 0x60, 0x7c, 0x30, 0xff, 0x60, 0x80, 0x38, 0xff,
    0x58, 0x7c, 0x30, 0xff, 0x60, 0x7c, 0x30, 0xff, 0x60, 0x80, 0x30, 0xff,
    0x58, 0x80, 0x30, 0xff, 0x60, 0x80, 0x30, 0xff, 0x60, 0x80, 0x38, 0xff,
    0x58, 0x80, 0x30, 0xff, 0x60, 0x7c, 0x30, 0xff, 0x60, 0x80, 0x38, 0xff,
    0x58, 0x7c, 0x30, 0xff, 0x60, 0x7c, 0x30, 0xff, 0x60, 0x80, 0x30, 0xff,
    0x58, 0x7c, 0x30, 0xff, 0x60, 0x7c, 0x30, 0xff, 0x60, 0x80, 0x38, 0xff,
    0x58, 0x80, 0x30, 0xff, 0x60, 0x80, 0x30, 0xff, 0x60, 0x80, 0x38, 0xff,
    0x58, 0x80, 0x30, 0xff, 0x60, 0x7c, 0x30, 0xff, 0x60, 0x80, 0x30, 0xff,
    0x58, 0x7c, 0x30, 0xff, 0x60, 0x7c, 0x30, 0xff, 0x60, 0x80, 0x38, 0xff,
    0x58, 0x7c, 0x30, 0xff, 0x60, 0x7c, 0x30, 0xff, 0x58, 0x80, 0x38, 0xff,
    0x58, 0x80, 0x30, 0xff, 0x58, 0x7c, 0x38, 0xff, 0x60, 0x80, 0x30, 0xff,
    0x58, 0x80, 0x38, 0xff, 0x60, 0x7c, 0x30, 0xff, 0x58, 0x80, 0x30, 0xff,
    0x60, 0x80, 0x30, 0xff, 0x58, 0x7c, 0x38, 0xff, 0x60, 0x80, 0x30, 0xff,
    0x60, 0x80, 0x30, 0xff, 0x60, 0x7c, 0x38, 0xff, 0x58, 0x7c, 0x30, 0xff,
    0x60, 0x80, 0x30, 0xff, 0x58, 0x80, 0x38, 0xff, 0x60, 0x7c, 0x30, 0xff,
    0x60, 0x80, 0x38, 0xff, 0x58, 0x80, 0x38, 0xef, 0x60, 0x80, 0x30, 0x10,
    0x00, 0x00, 0x00, 0x00, 0x00, 0x00, 0x00, 0x00, 0x58, 0x80, 0x30, 0x7d,
    0x60, 0x80, 0x38, 0xff, 0x60, 0x80, 0x30, 0xff, 0x58, 0x7c, 0x30, 0xff,
    0x58, 0x80, 0x30, 0xff, 0x60, 0x80, 0x30, 0xff, 0x58, 0x80, 0x38, 0xff,
    0x58, 0x7c, 0x30, 0xff, 0x60, 0x80, 0x38, 0xff, 0x58, 0x80, 0x30, 0xff,
    0x58, 0x7c, 0x30, 0xff, 0x60, 0x80, 0x38, 0xff, 0x58, 0x80, 0x38, 0xff,
    0x58, 0x80, 0x30, 0xff, 0x60, 0x80, 0x38, 0xff, 0x58, 0x80, 0x38, 0xff,
    0x58, 0x80, 0x30, 0xff, 0x60, 0x80, 0x38, 0xff, 0x58, 0x80, 0x30, 0xff,
    0x60, 0x80, 0x30, 0xff, 0x60, 0x80, 0x38, 0xff, 0x58, 0x80, 0x30, 0xff,
    0x60, 0x80, 0x30, 0xff, 0x60, 0x80, 0x38, 0xff, 0x58, 0x7c, 0x30, 0xff,
    0x60, 0x80, 0x38, 0xff, 0x60, 0x80, 0x38, 0xff, 0x58, 0x80, 0x30, 0xff,
    0x60, 0x80, 0x30, 0xff, 0x58, 0x80, 0x38, 0xff, 0x60, 0x80, 0x30, 0xff,
    0x58, 0x80, 0x30, 0xff, 0x58, 0x80, 0x38, 0xff, 0x60, 0x80, 0x30, 0xff,
    0x58, 0x80, 0x38, 0xff, 0x58, 0x80, 0x38, 0xff, 0x60, 0x80, 0x30, 0xff,
    0x58, 0x80, 0x30, 0xff, 0x60, 0x7c, 0x38, 0xff, 0x58, 0x80, 0x30, 0xff,
    0x60, 0x7c, 0x30, 0xff, 0x58, 0x80, 0x38, 0xff, 0x58, 0x80, 0x30, 0xff,
    0x60, 0x80, 0x38, 0xff, 0x58, 0x80, 0x38, 0xff, 0x58, 0x80, 0x30, 0xff,
    0x60, 0x80, 0x30, 0xff, 0x58, 0x80, 0x38, 0xff, 0x58, 0x80, 0x30, 0xff,
    0x60, 0x80, 0x30, 0xff, 0x58, 0x7c, 0x38, 0xff, 0x58, 0x80, 0x30, 0xff,
    0x60, 0x7c, 0x38, 0xff, 0x58, 0x80, 0x38, 0xff, 0x58, 0x80, 0x30, 0xff,
    0x60, 0x80, 0x30, 0xff, 0x58, 0x80, 0x38, 0xff, 0x58, 0x80, 0x30, 0xff,
    0x60, 0x80, 0x30, 0xff, 0x58, 0x80, 0x38, 0xff, 0x58, 0x80, 0x30, 0xff,
    0x60, 0x80, 0x38, 0xff, 0x58, 0x7c, 0x38, 0xff, 0x58, 0x80, 0x30, 0xff,
    0x60, 0x7c, 0x30, 0xff, 0x58, 0x80, 0x38, 0xff, 0x58, 0x80, 0x30, 0xff,
    0x60, 0x80, 0x30, 0xff, 0x58, 0x80, 0x38, 0xff, 0x58, 0x80, 0x30, 0xff,
    0x60, 0x80, 0x38, 0xff, 0x58, 0x80, 0x38, 0xff, 0x58, 0x80, 0x30, 0xff,
    0x60, 0x80, 0x30, 0xff, 0x58, 0x7c, 0x38, 0xff, 0x58, 0x80, 0x30, 0xff,
    0x60, 0x7c, 0x30, 0xff, 0x58, 0x80, 0x38, 0xff, 0x58, 0x80, 0x30, 0xff,
    0x60, 0x80, 0x38, 0xff, 0x58, 0x80, 0x38, 0xff, 0x58, 0x80, 0x30, 0xff,
    0x60, 0x80, 0x30, 0xff, 0x58, 0x80, 0x38, 0xff, 0x58, 0x80, 0x30, 0xff,
    0x60, 0x80, 0x30, 0xff, 0x58, 0x7c, 0x38, 0xff, 0x58, 0x80, 0x30, 0xff,
    0x60, 0x7c, 0x38, 0xff, 0x58, 0x80, 0x38, 0xff, 0x58, 0x80, 0x30, 0xff,
    0x60, 0x80, 0x30, 0xff, 0x58, 0x80, 0x38, 0xff, 0x58, 0x80, 0x30, 0xff,
    0x60, 0x80, 0x30, 0xff, 0x58, 0x80, 0x38, 0xff, 0x58, 0x80, 0x30, 0xff,
    0x60, 0x80, 0x38, 0xff, 0x58, 0x7c, 0x38, 0xff, 0x58, 0x80, 0x30, 0xff,
    0x60, 0x7c, 0x30, 0xff, 0x58, 0x80, 0x38, 0xff, 0x58, 0x80, 0x30, 0xff,
    0x60, 0x80, 0x30, 0xff, 0x58, 0x80, 0x38, 0xff, 0x58, 0x80, 0x30, 0xff,
    0x60, 0x80, 0x38, 0xff, 0x58, 0x80, 0x38, 0xff, 0x58, 0x80, 0x30, 0xff,
    0x60, 0x80, 0x30, 0xff, 0x58, 0x7c, 0x38, 0xff, 0x58, 0x80, 0x30, 0xff,
    0x60, 0x7c, 0x30, 0xff, 0x58, 0x80, 0x38, 0xff, 0x58, 0x80, 0x30, 0xff,
    0x60, 0x80, 0x38, 0xff, 0x58, 0x80, 0x38, 0xff, 0x58, 0x80, 0x30, 0xff,
    0x60, 0x80, 0x30, 0xff, 0x58, 0x80, 0x38, 0xff, 0x58, 0x80, 0x30, 0xff,
    0x60, 0x80, 0x30, 0xff, 0x58, 0x7c, 0x38, 0xff, 0x58, 0x80, 0x30, 0xff,
    0x60, 0x7c, 0x38, 0xff, 0x58, 0x80, 0x38, 0xff, 0x58, 0x80, 0x30, 0xff,
    0x60, 0x80, 0x30, 0xff, 0x58, 0x80, 0x38, 0xff, 0x58, 0x80, 0x30, 0xff,
    0x60, 0x80, 0x30, 0xff, 0x58, 0x80, 0x38, 0xff, 0x58, 0x80, 0x30, 0xff,
    0x60, 0x80, 0x38, 0xff, 0x58, 0x7c, 0x38, 0xff, 0x58, 0x80, 0x30, 0xff,
    0x60, 0x7c, 0x30, 0xff, 0x58, 0x80, 0x38, 0xff, 0x58, 0x80, 0x30, 0xff,
    0x60, 0x80, 0x30, 0xff, 0x58, 0x80, 0x38, 0xff, 0x58, 0x80, 0x30, 0xff,
    0x60, 0x80, 0x38, 0xff, 0x58, 0x80, 0x38, 0xff, 0x58, 0x80, 0x30, 0xff,
    0x60, 0x80, 0x30, 0xff, 0x58, 0x7c, 0x38, 0xff, 0x58, 0x80, 0x30, 0xff,
    0x60, 0x7c, 0x30, 0xff, 0x58, 0x80, 0x38, 0xff, 0x58, 0x80, 0x30, 0xff,
    0x60, 0x80, 0x38, 0xff, 0x58, 0x80, 0x38, 0xff, 0x58, 0x80, 0x30, 0xff,
    0x60, 0x80, 0x30, 0xff, 0x58, 0x80, 0x38, 0xff, 0x58, 0x80, 0x30, 0xff,
    0x60, 0x80, 0x30, 0xff, 0x58, 0x7c, 0x38, 0xff, 0x58, 0x80, 0x30, 0xff,
    0x60, 0x7c, 0x38, 0xff, 0x58, 0x80, 0x38, 0xff, 0x58, 0x80, 0x30, 0xff,
    0x60, 0x80, 0x30, 0xff, 0x58, 0x80, 0x38, 0xff, 0x58, 0x80, 0x30, 0xff,
    0x60, 0x80, 0x30, 0xff, 0x58, 0x80, 0x38, 0xff, 0x58, 0x80, 0x30, 0xff,
    0x60, 0x80, 0x38, 0xff, 0x58, 0x7c, 0x38, 0xff, 0x58, 0x80, 0x30, 0xff,
    0x60, 0x7c, 0x30, 0xff, 0x58, 0x80, 0x38, 0xff, 0x58, 0x80, 0x30, 0xff,
    0x60, 0x80, 0x30, 0xff, 0x58, 0x80, 0x38, 0xff, 0x58, 0x80, 0x30, 0xff,
    0x60, 0x80, 0x38, 0xff, 0x58, 0x80, 0x38, 0xff, 0x58, 0x80, 0x30, 0xff,
    0x60, 0x80, 0x30, 0xff, 0x58, 0x7c, 0x38, 0xff, 0x58, 0x80, 0x30, 0xff,
    0x60, 0x7c, 0x30, 0xff, 0x58, 0x80, 0x38, 0xff, 0x58, 0x80, 0x30, 0xff,
    0x60, 0x80, 0x38, 0xff, 0x58, 0x80, 0x38, 0xff, 0x58, 0x80, 0x30, 0xff,
    0x60, 0x80, 0x30, 0xff, 0x58, 0x80, 0x38, 0xff, 0x58, 0x80, 0x30, 0xff,
    0x60, 0x80, 0x30, 0xff, 0x58, 0x7c, 0x38, 0xff, 0x58, 0x80, 0x30, 0xff,
    0x60, 0x7c, 0x38, 0xff, 0x58, 0x80, 0x38, 0xff, 0x58, 0x80, 0x30, 0xff,
    0x60, 0x80, 0x30, 0xff, 0x58, 0x80, 0x38, 0xff, 0x58, 0x80, 0x30, 0xff,
    0x60, 0x80, 0x30, 0xff, 0x58, 0x80, 0x38, 0xff, 0x58, 0x80, 0x30, 0xff,
    0x60, 0x80, 0x38, 0xff, 0x58, 0x7c, 0x38, 0xff, 0x58, 0x80, 0x30, 0xff,
    0x60, 0x7c, 0x30, 0xff, 0x58, 0x80, 0x38, 0xff, 0x58, 0x80, 0x30, 0xff,
    0x60, 0x80, 0x30, 0xff, 0x58, 0x80, 0x38, 0xff, 0x58, 0x80, 0x30, 0xff,
    0x60, 0x80, 0x38, 0xff, 0x58, 0x80, 0x38, 0xff, 0x58, 0x80, 0x30, 0xff,
    0x60, 0x80, 0x30, 0xff, 0x58, 0x7c, 0x38, 0xff, 0x58, 0x80, 0x30, 0xff,
    0x60, 0x7c, 0x30, 0xff, 0x58, 0x80, 0x38, 0xff, 0x58, 0x80, 0x30, 0xff,
    0x60, 0x80, 0x38, 0xff, 0x58, 0x80, 0x38, 0xff, 0x58, 0x80, 0x30, 0xff,
    0x60, 0x80, 0x30, 0xff, 0x58, 0x80, 0x38, 0xff, 0x58, 0x80, 0x30, 0xff,
    0x60, 0x80, 0x30, 0xff, 0x58, 0x7c, 0x38, 0xff, 0x58, 0x80, 0x30, 0xff,
    0x60, 0x7c, 0x38, 0xff, 0x58, 0x80, 0x38, 0xff, 0x58, 0x80, 0x30, 0xff,
    0x60, 0x80, 0x30, 0xff, 0x58, 0x80, 0x38, 0xff, 0x58, 0x80, 0x30, 0xff,
    0x60, 0x80, 0x30, 0xff, 0x58, 0x80, 0x38, 0xff, 0x58, 0x80, 0x30, 0xff,
    0x60, 0x80, 0x38, 0xff, 0x58, 0x7c, 0x38, 0xff, 0x58, 0x80, 0x30, 0xff,
    0x60, 0x7c, 0x30, 0xff, 0x58, 0x80, 0x38, 0xff, 0x58, 0x80, 0x30, 0xff,
    0x60, 0x80, 0x30, 0xff, 0x58, 0x80, 0x38, 0xff, 0x58, 0x80, 0x30, 0xff,
    0x60, 0x80, 0x38, 0xff, 0x58, 0x80, 0x38, 0xff, 0x58, 0x80, 0x30, 0xff,
    0x60, 0x80, 0x30, 0xff, 0x58, 0x7c, 0x38, 0xff, 0x58, 0x80, 0x30, 0xff,
    0x60, 0x7c, 0x30, 0xff, 0x58, 0x80, 0x38, 0xff, 0x58, 0x80, 0x30, 0xff,
    0x60, 0x80, 0x38, 0xff, 0x58, 0x80, 0x38, 0xff, 0x58, 0x80, 0x30, 0xff,
    0x60, 0x80, 0x30, 0xff, 0x58, 0x80, 0x38, 0xff, 0x58, 0x80, 0x30, 0xff,
    0x60, 0x80, 0x30, 0xff, 0x58, 0x7c, 0x38, 0xff, 0x58, 0x80, 0x30, 0xff,
    0x60, 0x7c, 0x38, 0xff, 0x58, 0x80, 0x38, 0xff, 0x58, 0x80, 0x30, 0xff,
    0x60, 0x80, 0x30, 0xff, 0x58, 0x80, 0x38, 0xff, 0x58, 0x80, 0x30, 0xff,
    0x60, 0x80, 0x30, 0xff, 0x58, 0x80, 0x38, 0xff, 0x58, 0x80, 0x30, 0xff,
    0x60, 0x80, 0x38, 0xff, 0x58, 0x7c, 0x38, 0xff, 0x58, 0x80, 0x30, 0xff,
    0x60, 0x7c, 0x30, 0xff, 0x58, 0x80, 0x38, 0xff, 0x58, 0x80, 0x30, 0xff,
    0x60, 0x80, 0x30, 0xff, 0x58, 0x80, 0x38, 0xff, 0x58, 0x80, 0x30, 0xff,
    0x60, 0x80, 0x38, 0xff, 0x58, 0x80, 0x38, 0xff, 0x58, 0x80, 0x30, 0xff,
    0x60, 0x80, 0x30, 0xff, 0x58, 0x7c, 0x38, 0xff, 0x58, 0x80, 0x30, 0xff,
    0x60, 0x7c, 0x30, 0xff, 0x58, 0x80, 0x38, 0xff, 0x58, 0x80, 0x30, 0xff,
    0x60, 0x80, 0x38, 0xff, 0x58, 0x80, 0x38, 0xff, 0x58, 0x80, 0x30, 0xff,
    0x60, 0x80, 0x30, 0xff, 0x58, 0x80, 0x38, 0xff, 0x58, 0x80, 0x30, 0xff,
    0x60, 0x80, 0x30, 0xff, 0x58, 0x7c, 0x38, 0xff, 0x58, 0x80, 0x30, 0xff,
    0x60, 0x7c, 0x38, 0xff, 0x58, 0x80, 0x38, 0xff, 0x58, 0x80, 0x30, 0xff,
    0x60, 0x80, 0x30, 0xff, 0x58, 0x80, 0x38, 0xff, 0x58, 0x80, 0x30, 0xff,
    0x60, 0x80, 0x30, 0xff, 0x58, 0x80, 0x38, 0xff, 0x58, 0x80, 0x30, 0xff,
    0x60, 0x80, 0x38, 0xff, 0x58, 0x7c, 0x38, 0xff, 0x58, 0x80, 0x30, 0xff,
    0x60, 0x7c, 0x30, 0xff, 0x58, 0x80, 0x38, 0xff, 0x58, 0x80, 0x30, 0xff,
    0x60, 0x80, 0x30, 0xff, 0x58, 0x80, 0x38, 0xff, 0x58, 0x80, 0x30, 0xff,
    0x60, 0x80, 0x38, 0xff, 0x58, 0x80, 0x38, 0xff, 0x58, 0x80, 0x30, 0xff,
    0x60, 0x80, 0x30, 0xff, 0x58, 0x7c, 0x38, 0xff, 0x58, 0x80, 0x30, 0xff,
    0x60, 0x7c, 0x30, 0xff, 0x58, 0x80, 0x38, 0xff, 0x58, 0x80, 0x30, 0xff,
    0x60, 0x80, 0x38, 0xff, 0x58, 0x80, 0x38, 0xff, 0x58, 0x80, 0x30, 0xff,
    0x60, 0x80, 0x30, 0xff, 0x58, 0x80, 0x38, 0xff, 0x60, 0x80, 0x30, 0xff,
    0x60, 0x80, 0x30, 0xff, 0x60, 0x80, 0x38, 0xff, 0x60, 0x80, 0x30, 0xff,
    0x58, 0x80, 0x30, 0xff, 0x58, 0x80, 0x38, 0xff, 0x60, 0x7c, 0x30, 0xff,
    0x58, 0x80, 0x38, 0xff, 0x60, 0x80, 0x30, 0xff, 0x58, 0x7c, 0x38, 0xff,
    0x58, 0x80, 0x30, 0xff, 0x58, 0x80, 0x30, 0xff, 0x60, 0x80, 0x38, 0xff,
    0x58, 0x80, 0x38, 0xff, 0x60, 0x80, 0x30, 0xff, 0x58, 0x7c, 0x30, 0xff,
    0x60, 0x80, 0x30, 0xff, 0x58, 0x80, 0x30, 0xff, 0x58, 0x7c, 0x30, 0xff,
    0x60, 0x80, 0x30, 0xff, 0x60, 0x7c, 0x30, 0x82, 0x00, 0x00, 0x00, 0x00,
    0x00, 0x00, 0x00, 0x00, 0x58, 0x80, 0x30, 0xdf, 0x60, 0x80, 0x38, 0xff,
    0x58, 0x80, 0x30, 0xff, 0x58, 0x80, 0x38, 0xff, 0x60, 0x7c, 0x38, 0xff,
    0x60, 0x80, 0x30, 0xff, 0x58, 0x80, 0x30, 0xff, 0x60, 0x80, 0x38, 0xff,
    0x60, 0x80, 0x30, 0xff, 0x58, 0x80, 0x30, 0xff, 0x60, 0x80, 0x38, 0xff,
    0x60, 0x7c, 0x30, 0xff, 0x58, 0x80, 0x30, 0xff, 0x60, 0x80, 0x30, 0xff,
    0x60, 0x7c, 0x38, 0xff, 0x58, 0x80, 0x30, 0xff, 0x60, 0x80, 0x30, 0xff,
    0x58, 0x7c, 0x38, 0xff, 0x58, 0x80, 0x38, 0xff, 0x60, 0x7c, 0x30, 0xff,
    0x58, 0x80, 0x30, 0xff, 0x58, 0x7c, 0x38, 0xff, 0x60, 0x80, 0x30, 0xff,
    0x58, 0x80, 0x30, 0xff, 0x58, 0x80, 0x38, 0xff, 0x60, 0x80, 0x30, 0xff,
    0x58, 0x7c, 0x30, 0xff, 0x60, 0x7c, 0x38, 0xff, 0x60, 0x80, 0x30, 0xff,
    0x58, 0x80, 0x38, 0xff, 0x60, 0x7c, 0x30, 0xff, 0x60, 0x80, 0x30, 0xff,
    0x58, 0x80, 0x38, 0xff, 0x60, 0x80, 0x30, 0xff, 0x60, 0x80, 0x30, 0xff,
    0x58, 0x7c, 0x38, 0xff, 0x60, 0x80, 0x30, 0xff, 0x58, 0x80, 0x38, 0xff,
    0x58, 0x80, 0x30, 0xff, 0x60, 0x80, 0x30, 0xff, 0x58, 0x7c, 0x38, 0xff,
    0x60, 0x80, 0x30, 0xff, 0x60, 0x80, 0x30, 0xff, 0x58, 0x7c, 0x30, 0xff,
    0x60, 0x80, 0x38, 0xff, 0x60, 0x80, 0x30, 0xff, 0x58, 0x80, 0x38, 0xff,
    0x60, 0x80, 0x30, 0xff, 0x60, 0x80, 0x30, 0xff, 0x58, 0x80, 0x38, 0xff,
    0x60, 0x80, 0x30, 0xff, 0x60, 0x80, 0x30, 0xff, 0x58, 0x7c, 0x30, 0xff,
    0x60, 0x80, 0x38, 0xff, 0x60, 0x80, 0x30, 0xff, 0x58, 0x7c, 0x38, 0xff,
    0x60, 0x80, 0x30, 0xff, 0x60, 0x80, 0x30, 0xff, 0x58, 0x80, 0x38, 0xff,
    0x60, 0x80, 0x30, 0xff, 0x60, 0x80, 0x30, 0xff, 0x58, 0x80, 0x30, 0xff,
    0x60, 0x80, 0x38, 0xff, 0x60, 0x80, 0x30, 0xff, 0x58, 0x7c, 0x38, 0xff,
    0x60, 0x80, 0x30, 0xff, 0x60, 0x80, 0x30, 0xff, 0x58, 0x7c, 0x38, 0xff,
    0x60, 0x80, 0x30, 0xff, 0x60, 0x80, 0x30, 0xff, 0x58, 0x80, 0x30, 0xff,
    0x60, 0x80, 0x38, 0xff, 0x60, 0x80, 0x30, 0xff, 0x58, 0x80, 0x38, 0xff,
    0x60, 0x80, 0x30, 0xff, 0x60, 0x80, 0x30, 0xff, 0x58, 0x7c, 0x38, 0xff,
    0x60, 0x80, 0x30, 0xff, 0x60, 0x80, 0x30, 0xff, 0x58, 0x7c, 0x30, 0xff,
    0x60, 0x80, 0x38, 0xff, 0x60, 0x80, 0x30, 0xff, 0x58, 0x80, 0x38, 0xff,
    0x60, 0x80, 0x30, 0xff, 0x60, 0x80, 0x30, 0xff, 0x58, 0x80, 0x38, 0xff,
    0x60, 0x80, 0x30, 0xff, 0x60, 0x80, 0x30, 0xff, 0x58, 0x7c, 0x30, 0xff,
    0x60, 0x80, 0x38, 0xff, 0x60, 0x80, 0x30, 0xff, 0x58, 0x7c, 0x38, 0xff,
    0x60, 0x80, 0x30, 0xff, 0x60, 0x80, 0x30, 0xff, 0x58, 0x80, 0x38, 0xff,
    0x60, 0x80, 0x30, 0xff, 0x60, 0x80, 0x30, 0xff, 0x58, 0x80, 0x30, 0xff,
    0x60, 0x80, 0x38, 0xff, 0x60, 0x80, 0x30, 0xff, 0x58, 0x7c, 0x38, 0xff,
    0x60, 0x80, 0x30, 0xff, 0x60, 0x80, 0x30, 0xff, 0x58, 0x7c, 0x38, 0xff,
    0x60, 0x80, 0x30, 0xff, 0x60, 0x80, 0x30, 0xff, 0x58, 0x80, 0x30, 0xff,
    0x60, 0x80, 0x38, 0xff, 0x60, 0x80, 0x30, 0xff, 0x58, 0x80, 0x38, 0xff,
    0x60, 0x80, 0x30, 0xff, 0x60, 0x80, 0x30, 0xff, 0x58, 0x7c, 0x38, 0xff,
    0x60, 0x80, 0x30, 0xff, 0x60, 0x80, 0x30, 0xff, 0x58, 0x7c, 0x30, 0xff,
    0x60, 0x80, 0x38, 0xff, 0x60, 0x80, 0x30, 0xff, 0x58, 0x80, 0x38, 0xff,
    0x60, 0x80, 0x30, 0xff, 0x60, 0x80, 0x30, 0xff, 0x58, 0x80, 0x38, 0xff,
    0x60, 0x80, 0x30, 0xff, 0x60, 0x80, 0x30, 0xff, 0x58, 0x7c, 0x30, 0xff,
    0x60, 0x80, 0x38, 0xff, 0x60, 0x80, 0x30, 0xff, 0x58, 0x7c, 0x38, 0xff,
    0x60, 0x80, 0x30, 0xff, 0x60, 0x80, 0x30, 0xff, 0x58, 0x80, 0x38, 0xff,
    0x60, 0x80, 0x30, 0xff, 0x60, 0x80, 0x30, 0xff, 0x58, 0x80, 0x30, 0xff,
    0x60, 0x80, 0x38, 0xff, 0x60, 0x80, 0x30, 0xff, 0x58, 0x7c, 0x38, 0xff,
    0x60, 0x80, 0x30, 0xff, 0x60, 0x80, 0x30, 0xff, 0x58, 0x7c, 0x38, 0xff,
    0x60, 0x80, 0x30, 0xff, 0x60, 0x80, 0x30, 0xff, 0x58, 0x80, 0x30, 0xff,
    0x60, 0x80, 0x38, 0xff, 0x60, 0x80, 0x30, 0xff, 0x58, 0x80, 0x38, 0xff,
    0x60, 0x80, 0x30, 0xff, 0x60, 0x80, 0x30, 0xff, 0x58, 0x7c, 0x38, 0xff,
    0x60, 0x80, 0x30, 0xff, 0x60, 0x80, 0x30, 0xff, 0x58, 0x7c, 0x30, 0xff,
    0x60, 0x80, 0x38, 0xff, 0x60, 0x80, 0x30, 0xff, 0x58, 0x80, 0x38, 0xff,
    0x60, 0x80, 0x30, 0xff, 0x60, 0x80, 0x30, 0xff, 0x58, 0x80, 0x38, 0xff,
    0x60, 0x80, 0x30, 0xff, 0x60, 0x80, 0x30, 0xff, 0x58, 0x7c, 0x30, 0xff,
    0x60, 0x80, 0x38, 0xff, 0x60, 0x80, 0x30, 0xff, 0x58, 0x7c, 0x38, 0xff,
    0x60, 0x80, 0x30, 0xff, 0x60, 0x80, 0x30, 0xff, 0x58, 0x80, 0x38, 0xff,
    0x60, 0x80, 0x30, 0xff, 0x60, 0x80, 0x30, 0xff, 0x58, 0x80, 0x30, 0xff,
    0x60, 0x80, 0x38, 0xff, 0x60, 0x80, 0x30, 0xff, 0x58, 0x7c, 0x38, 0xff,
    0x60, 0x80, 0x30, 0xff, 0x60, 0x80, 0x30, 0xff, 0x58, 0x7c, 0x38, 0xff,
    0x60, 0x80, 0x30, 0xff, 0x60, 0x80, 0x30, 0xff, 0x58, 0x80, 0x30, 0xff,
    0x60, 0x80, 0x38, 0xff, 0x60, 0x80, 0x30, 0xff, 0x58, 0x80, 0x38, 0xff,
    0x60, 0x80, 0x30, 0xff, 0x60, 0x80, 0x30, 0xff, 0x58, 0x7c, 0x38, 0xff,
    0x60, 0x80, 0x30, 0xff, 0x60, 0x80, 0x30, 0xff, 0x58, 0x7c, 0x30, 0xff,
    0x60, 0x80, 0x38, 0xff, 0x60, 0x80, 0x30, 0xff, 0x58, 0x80, 0x38, 0xff,
    0x60, 0x80, 0x30, 0xff, 0x60, 0x80, 0x30, 0xff, 0x58, 0x80, 0x38, 0xff,
    0x60, 0x80, 0x30, 0xff, 0x60, 0x80, 0x30, 0xff, 0x58, 0x7c, 0x30, 0xff,
    0x60, 0x80, 0x38, 0xff, 0x60, 0x80, 0x30, 0xff, 0x58, 0x7c, 0x38, 0xff,
    0x60, 0x80, 0x30, 0xff, 0x60, 0x80, 0x30, 0xff, 0x58, 0x80, 0x38, 0xff,
    0x60, 0x80, 0x30, 0xff, 0x60, 0x80, 0x30, 0xff, 0x58, 0x80, 0x30, 0xff,
    0x60, 0x80, 0x38, 0xff, 0x60, 0x80, 0x30, 0xff, 0x58, 0x7c, 0x38, 0xff,
    0x60, 0x80, 0x30, 0xff, 0x60, 0x80, 0x30, 0xff, 0x58, 0x7c, 0x38, 0xff,
    0x60, 0x80, 0x30, 0xff, 0x60, 0x80, 0x30, 0xff, 0x58, 0x80, 0x30, 0xff,
    0x60, 0x80, 0x38, 0xff, 0x60, 0x80, 0x30, 0xff, 0x58, 0x80, 0x38, 0xff,
    0x60, 0x80, 0x30, 0xff, 0x60, 0x80, 0x30, 0xff, 0x58, 0x7c, 0x38, 0xff,
    0x60, 0x80, 0x30, 0xff, 0x60, 0x80, 0x30, 0xff, 0x58, 0x7c, 0x30, 0xff,
    0x60, 0x80, 0x38, 0xff, 0x60, 0x80, 0x30, 0xff, 0x58, 0x80, 0x38, 0xff,
    0x60, 0x80, 0x30, 0xff, 0x60, 0x80, 0x30, 0xff, 0x58, 0x80, 0x38, 0xff,
    0x60, 0x80, 0x30, 0xff, 0x60, 0x80, 0x30, 0xff, 0x58, 0x7c, 0x30, 0xff,
    0x60, 0x80, 0x38, 0xff, 0x60, 0x80, 0x30, 0xff, 0x58, 0x7c, 0x38, 0xff,
    0x60, 0x80, 0x30, 0xff, 0x60, 0x80, 0x30, 0xff, 0x58, 0x80, 0x38, 0xff,
    0x60, 0x80, 0x30, 0xff, 0x60, 0x80, 0x30, 0xff, 0x58, 0x80, 0x30, 0xff,
    0x60, 0x80, 0x38, 0xff, 0x60, 0x80, 0x30, 0xff, 0x58, 0x7c, 0x38, 0xff,
    0x60, 0x80, 0x30, 0xff, 0x60, 0x80, 0x30, 0xff, 0x58, 0x7c, 0x38, 0xff,
    0x60, 0x80, 0x30, 0xff, 0x60, 0x80, 0x30, 0xff, 0x58, 0x80, 0x30, 0xff,
    0x60, 0x80, 0x38, 0xff, 0x60, 0x80, 0x30, 0xff, 0x58, 0x80, 0x38, 0xff,
    0x60, 0x80, 0x30, 0xff, 0x60, 0x80, 0x30, 0xff, 0x58, 0x7c, 0x38, 0xff,
    0x60, 0x80, 0x30, 0xff, 0x60, 0x80, 0x30, 0xff, 0x58, 0x7c, 0x30, 0xff,
    0x60, 0x80, 0x38, 0xff, 0x60, 0x80, 0x30, 0xff, 0x58, 0x80, 0x38, 0xff,
    0x60, 0x80, 0x30, 0xff, 0x60, 0x80, 0x30, 0xff, 0x58, 0x80, 0x38, 0xff,
    0x60, 0x80, 0x30, 0xff, 0x60, 0x80, 0x30, 0xff, 0x58, 0x7c, 0x30, 0xff,
    0x60, 0x80, 0x38, 0xff, 0x60, 0x80, 0x30, 0xff, 0x58, 0x7c, 0x38, 0xff,
    0x60, 0x80, 0x30, 0xff, 0x60, 0x80, 0x30, 0xff, 0x58, 0x80, 0x38, 0xff,
    0x60, 0x80, 0x30, 0xff, 0x60, 0x80, 0x30, 0xff, 0x58, 0x80, 0x30, 0xff,
    0x60, 0x80, 0x38, 0xff, 0x60, 0x80, 0x30, 0xff, 0x58, 0x7c, 0x38, 0xff,
    0x60, 0x80, 0x30, 0xff, 0x60, 0x80, 0x30, 0xff, 0x58, 0x7c, 0x38, 0xff,
    0x60, 0x80, 0x30, 0xff, 0x60, 0x80, 0x30, 0xff, 0x58, 0x80, 0x30, 0xff,
    0x60, 0x80, 0x38, 0xff, 0x60, 0x80, 0x30, 0xff, 0x58, 0x80, 0x38, 0xff,
    0x60, 0x80, 0x30, 0xff, 0x60, 0x80, 0x30, 0xff, 0x58, 0x7c, 0x38, 0xff,
    0x60, 0x80, 0x30, 0xff, 0x60, 0x80, 0x30, 0xff, 0x58, 0x7c, 0x30, 0xff,
    0x60, 0x80, 0x38, 0xff, 0x60, 0x80, 0x30, 0xff, 0x58, 0x80, 0x38, 0xff,
    0x60, 0x80, 0x30, 0xff, 0x60, 0x80, 0x30, 0xff, 0x58, 0x80, 0x38, 0xff,
    0x60, 0x80, 0x30, 0xff, 0x60, 0x80, 0x30, 0xff, 0x58, 0x7c, 0x30, 0xff,
    0x60, 0x80, 0x38, 0xff, 0x60, 0x80, 0x30, 0xff, 0x58, 0x7c, 0x38, 0xff,
    0x60, 0x80, 0x30, 0xff, 0x60, 0x80, 0x30, 0xff, 0x58, 0x80, 0x38, 0xff,
    0x60, 0x80, 0x30, 0xff, 0x60, 0x80, 0x30, 0xff, 0x58, 0x80, 0x30, 0xff,
    0x60, 0x80, 0x38, 0xff, 0x60, 0x80, 0x30, 0xff, 0x58, 0x7c, 0x38, 0xff,
    0x60, 0x80, 0x30, 0xff, 0x60, 0x80, 0x30, 0xff, 0x58, 0x7c, 0x38, 0xff,
    0x60, 0x80, 0x30, 0xff, 0x60, 0x80, 0x30, 0xff, 0x58, 0x80, 0x30, 0xff,
    0x60, 0x80, 0x38, 0xff, 0x60, 0x80, 0x30, 0xff, 0x58, 0x80, 0x38, 0xff,
    0x60, 0x80, 0x30, 0xff, 0x60, 0x80, 0x30, 0xff, 0x58, 0x7c, 0x38, 0xff,
    0x60, 0x80, 0x30, 0xff, 0x60, 0x80, 0x30, 0xff, 0x58, 0x7c, 0x30, 0xff,
    0x60, 0x80, 0x38, 0xff, 0x60, 0x80, 0x30, 0xff, 0x58, 0x80, 0x38, 0xff,
    0x58, 0x80, 0x30, 0xff, 0x58, 0x7c, 0x30, 0xff, 0x58, 0x80, 0x38, 0xff,
    0x60, 0x80, 0x30, 0xff, 0x58, 0x7c, 0x30, 0xff, 0x60, 0x80, 0x38, 0xff,
    0x60, 0x80, 0x30, 0xff, 0x58, 0x80, 0x30, 0xff, 0x60, 0x80, 0x30, 0xff,
    0x60, 0x80, 0x38, 0xff, 0x60, 0x80, 0x30, 0xff, 0x58, 0x80, 0x38, 0xff,
    0x60, 0x7c, 0x30, 0xff, 0x58, 0x80, 0x30, 0xff, 0x58, 0x80, 0x38, 0xff,
    0x60, 0x80, 0x30, 0xff, 0x60, 0x80, 0x38, 0xff, 0x58, 0x80, 0x38, 0xff,
    0x60, 0x80, 0x30, 0xff, 0x58, 0x80, 0x38, 0xff, 0x60, 0x80, 0x30, 0xff,
    0x58, 0x80, 0x30, 0xef, 0x60, 0x80, 0x30, 0x10, 0x58, 0x7c, 0x30, 0x51,
    0x60, 0x80, 0x30, 0xff, 0x60, 0x7c, 0x30, 0xff, 0x58, 0x80, 0x38, 0xff,
    0x60, 0x80, 0x30, 0xff, 0x60, 0x80, 0x30, 0xff, 0x58, 0x7c, 0x38, 0xff,
    0x58, 0x80, 0x30, 0xff, 0x60, 0x80, 0x30, 0xff, 0x58, 0x7c, 0x38, 0xff,
    0x58, 0x80, 0x30, 0xff, 0x60, 0x80, 0x30, 0xff, 0x58, 0x80, 0x38, 0xff,
    0x58, 0x7c, 0x30, 0xff, 0x60, 0x80, 0x30, 0xff, 0x58, 0x80, 0x30, 0xff,
    0x60, 0x7c, 0x38, 0xff, 0x60, 0x80, 0x30, 0xff, 0x58, 0x80, 0x30, 0xff,
    0x60, 0x80, 0x38, 0xff, 0x60, 0x80, 0x30, 0xff, 0x58, 0x80, 0x30, 0xff,
    0x60, 0x80, 0x38, 0xff, 0x60, 0x7c, 0x30, 0xff, 0x58, 0x80, 0x30, 0xff,
    0x60, 0x80, 0x38, 0xff, 0x58, 0x80, 0x30, 0xff, 0x58, 0x80, 0x30, 0xff,
    0x60, 0x80, 0x38, 0xff, 0x58, 0x80, 0x30, 0xff, 0x58, 0x7c, 0x30, 0xff,
    0x60, 0x80, 0x38, 0xff, 0x58, 0x7c, 0x30, 0xff, 0x58, 0x80, 0x30, 0xff,
    0x60, 0x7c, 0x38, 0xff, 0x58, 0x80, 0x30, 0xff, 0x60, 0x80, 0x30, 0xff,
    0x60, 0x7c, 0x38, 0xff, 0x58, 0x80, 0x30, 0xff, 0x60, 0x80, 0x30, 0xff,
    0x60, 0x80, 0x38, 0xff, 0x58, 0x80, 0x38, 0xff, 0x58, 0x80, 0x30, 0xff,
    0x60, 0x7c, 0x30, 0xff, 0x58, 0x80, 0x38, 0xff, 0x60, 0x80, 0x30, 0xff,
    0x58, 0x7c, 0x30, 0xff, 0x58, 0x7c, 0x38, 0xff, 0x60, 0x80, 0x30, 0xff,
    0x58, 0x7c, 0x38, 0xff, 0x58, 0x7c, 0x30, 0xff, 0x60, 0x80, 0x38, 0xff,
    0x58, 0x80, 0x30, 0xff, 0x58, 0x80, 0x30, 0xff, 0x60, 0x80, 0x30, 0xff,
    0x58, 0x7c, 0x38, 0xff, 0x58, 0x80, 0x30, 0xff, 0x60, 0x80, 0x30, 0xff,
    0x58, 0x7c, 0x38, 0xff, 0x58, 0x7c, 0x38, 0xff, 0x60, 0x80, 0x30, 0xff,
    0x58, 0x7c, 0x30, 0xff, 0x58, 0x7c, 0x38, 0xff, 0x60, 0x80, 0x30, 0xff,
    0x58, 0x80, 0x30, 0xff, 0x58, 0x80, 0x38, 0xff, 0x60, 0x80, 0x30, 0xff,
    0x58, 0x7c, 0x38, 0xff, 0x58, 0x80, 0x30, 0xff, 0x60, 0x80, 0x38, 0xff,
    0x58, 0x7c, 0x30, 0xff, 0x58, 0x7c, 0x30, 0xff, 0x60, 0x80, 0x30, 0xff,
    0x58, 0x7c, 0x38, 0xff, 0x58, 0x7c, 0x30, 0xff, 0x60, 0x80, 0x30, 0xff,
    0x58, 0x80, 0x38, 0xff, 0x58, 0x80, 0x38, 0xff, 0x60, 0x80, 0x30, 0xff,
    0x58, 0x7c, 0x30, 0xff, 0x58, 0x80, 0x38, 0xff, 0x60, 0x80, 0x30, 0xff,
    0x58, 0x7c, 0x30, 0xff, 0x58, 0x7c, 0x38, 0xff, 0x60, 0x80, 0x30, 0xff,
    0x58, 0x7c, 0x38, 0xff, 0x58, 0x7c, 0x30, 0xff, 0x60, 0x80, 0x38, 0xff,
    0x58, 0x80, 0x30, 0xff, 0x58, 0x80, 0x30, 0xff, 0x60, 0x80, 0x30, 0xff,
    0x58, 0x7c, 0x38, 0xff, 0x58, 0x80, 0x30, 0xff, 0x60, 0x80, 0x30, 0xff,
    0x58, 0x7c, 0x38, 0xff, 0x58, 0x7c, 0x38, 0xff, 0x60, 0x80, 0x30, 0xff,
    0x58, 0x7c, 0x30, 0xff, 0x58, 0x7c, 0x38, 0xff, 0x60, 0x80, 0x30, 0xff,
    0x58, 0x80, 0x30, 0xff, 0x58, 0x80, 0x38, 0xff, 0x60, 0x80, 0x30, 0xff,
    0x58, 0x7c, 0x38, 0xff, 0x58, 0x80, 0x30, 0xff, 0x60, 0x80, 0x38, 0xff,
    0x58, 0x7c, 0x30, 0xff, 0x58, 0x7c, 0x30, 0xff, 0x60, 0x80, 0x30, 0xff,
    0x58, 0x7c, 0x38, 0xff, 0x58, 0x7c, 0x30, 0xff, 0x60, 0x80, 0x30, 0xff,
    0x58, 0x80, 0x38, 0xff, 0x58, 0x80, 0x38, 0xff, 0x60, 0x80, 0x30, 0xff,
    0x58, 0x7c, 0x30, 0xff, 0x58, 0x80, 0x38, 0xff, 0x60, 0x80, 0x30, 0xff,
    0x58, 0x7c, 0x30, 0xff, 0x58, 0x7c, 0x38, 0xff, 0x60, 0x80, 0x30, 0xff,
    0x58, 0x7c, 0x38, 0xff, 0x58, 0x7c, 0x30, 0xff, 0x60, 0x80, 0x38, 0xff,
    0x58, 0x80, 0x30, 0xff, 0x58, 0x80, 0x30, 0xff, 0x60, 0x80, 0x30, 0xff,
    0x58, 0x7c, 0x38, 0xff, 0x58, 0x80, 0x30, 0xff, 0x60, 0x80, 0x30, 0xff,
    0x58, 0x7c, 0x38, 0xff, 0x58, 0x7c, 0x38, 0xff, 0x60, 0x80, 0x30, 0xff,
    0x58, 0x7c, 0x30, 0xff, 0x58, 0x7c, 0x38, 0xff, 0x60, 0x80, 0x30, 0xff,
    0x58, 0x80, 0x30, 0xff, 0x58, 0x80, 0x38, 0xff, 0x60, 0x80, 0x30, 0xff,
    0x58, 0x7c, 0x38, 0xff, 0x58, 0x80, 0x30, 0xff, 0x60, 0x80, 0x38, 0xff,
    0x58, 0x7c, 0x30, 0xff, 0x58, 0x7c, 0x30, 0xff, 0x60, 0x80, 0x30, 0xff,
    0x58, 0x7c, 0x38, 0xff, 0x58, 0x7c, 0x30, 0xff, 0x60, 0x80, 0x30, 0xff,
    0x58, 0x80, 0x38, 0xff, 0x58, 0x80, 0x38, 0xff, 0x60, 0x80, 0x30, 0xff,
    0x58, 0x7c, 0x30, 0xff, 0x58, 0x80, 0x38, 0xff, 0x60, 0x80, 0x30, 0xff,
    0x58, 0x7c, 0x30, 0xff, 0x58, 0x7c, 0x38, 0xff, 0x60, 0x80, 0x30, 0xff,
    0x58, 0x7c, 0x38, 0xff, 0x58, 0x7c, 0x30, 0xff, 0x60, 0x80, 0x38, 0xff,
    0x58, 0x80, 0x30, 0xff, 0x58, 0x80, 0x30, 0xff, 0x60, 0x80, 0x30, 0xff,
    0x58, 0x7c, 0x38, 0xff, 0x58, 0x80, 0x30, 0xff, 0x60, 0x80, 0x30, 0xff,
    0x58, 0x7c, 0x38, 0xff, 0x58, 0x7c, 0x38, 0xff, 0x60, 0x80, 0x30, 0xff,
    0x58, 0x7c, 0x30, 0xff, 0x58, 0x7c, 0x38, 0xff, 0x60, 0x80, 0x30, 0xff,
    0x58, 0x80, 0x30, 0xff, 0x58, 0x80, 0x38, 0xff, 0x60, 0x80, 0x30, 0xff,
    0x58, 0x7c, 0x38, 0xff, 0x58, 0x80, 0x30, 0xff, 0x60, 0x80, 0x38, 0xff,
    0x58, 0x7c, 0x30, 0xff, 0x58, 0x7c, 0x30, 0xff, 0x60, 0x80, 0x30, 0xff,
    0x58, 0x7c, 0x38, 0xff, 0x58, 0x7c, 0x30, 0xff, 0x60, 0x80, 0x30, 0xff,
    0x58, 0x80, 0x38, 0xff, 0x58, 0x80, 0x38, 0xff, 0x60, 0x80, 0x30, 0xff,
    0x58, 0x7c, 0x30, 0xff, 0x58, 0x80, 0x38, 0xff, 0x60, 0x80, 0x30, 0xff,
    0x58, 0x7c, 0x30, 0xff, 0x58, 0x7c, 0x38, 0xff, 0x60, 0x80, 0x30, 0xff,
    0x58, 0x7c, 0x38, 0xff, 0x58, 0x7c, 0x30, 0xff, 0x60, 0x80, 0x38, 0xff,
    0x58, 0x80, 0x30, 0xff, 0x58, 0x80, 0x30, 0xff, 0x60, 0x80, 0x30, 0xff,
    0x58, 0x7c, 0x38, 0xff, 0x58, 0x80, 0x30, 0xff, 0x60, 0x80, 0x30, 0xff,
    0x58, 0x7c, 0x38, 0xff, 0x58, 0x7c, 0x38, 0xff, 0x60, 0x80, 0x30, 0xff,
    0x58, 0x7c, 0x30, 0xff, 0x58, 0x7c, 0x38, 0xff, 0x60, 0x80, 0x30, 0xff,
    0x58, 0x80, 0x30, 0xff, 0x58, 0x80, 0x38, 0xff, 0x60, 0x80, 0x30, 0xff,
    0x58, 0x7c, 0x38, 0xff, 0x58, 0x80, 0x30, 0xff, 0x60, 0x80, 0x38, 0xff,
    0x58, 0x7c, 0x30, 0xff, 0x58, 0x7c, 0x30, 0xff, 0x60, 0x80, 0x30, 0xff,
    0x58, 0x7c, 0x38, 0xff, 0x58, 0x7c, 0x30, 0xff, 0x60, 0x80, 0x30, 0xff,
    0x58, 0x80, 0x38, 0xff, 0x58, 0x80, 0x38, 0xff, 0x60, 0x80, 0x30, 0xff,
    0x58, 0x7c, 0x30, 0xff, 0x58, 0x80, 0x38, 0xff, 0x60, 0x80, 0x30, 0xff,
    0x58, 0x7c, 0x30, 0xff, 0x58, 0x7c, 0x38, 0xff, 0x60, 0x80, 0x30, 0xff,
    0x58, 0x7c, 0x38, 0xff, 0x58, 0x7c, 0x30, 0xff, 0x60, 0x80, 0x38, 0xff,
    0x58, 0x80, 0x30, 0xff, 0x58, 0x80, 0x30, 0xff, 0x60, 0x80, 0x30, 0xff,
    0x58, 0x7c, 0x38, 0xff, 0x58, 0x80, 0x30, 0xff, 0x60, 0x80, 0x30, 0xff,
    0x58, 0x7c, 0x38, 0xff, 0x58, 0x7c, 0x38, 0xff, 0x60, 0x80, 0x30, 0xff,
    0x58, 0x7c, 0x30, 0xff, 0x58, 0x7c, 0x38, 0xff, 0x60, 0x80, 0x30, 0xff,
    0x58, 0x80, 0x30, 0xff, 0x58, 0x80, 0x38, 0xff, 0x60, 0x80, 0x30, 0xff,
    0x58, 0x7c, 0x38, 0xff, 0x58, 0x80, 0x30, 0xff, 0x60, 0x80, 0x38, 0xff,
    0x58, 0x7c, 0x30, 0xff, 0x58, 0x7c, 0x30, 0xff, 0x60, 0x80, 0x30, 0xff,
    0x58, 0x7c, 0x38, 0xff, 0x58, 0x7c, 0x30, 0xff, 0x60, 0x80, 0x30, 0xff,
    0x58, 0x80, 0x38, 0xff, 0x58, 0x80, 0x38, 0xff, 0x60, 0x80, 0x30, 0xff,
    0x58, 0x7c, 0x30, 0xff, 0x58, 0x80, 0x38, 0xff, 0x60, 0x80, 0x30, 0xff,
    0x58, 0x7c, 0x30, 0xff, 0x58, 0x7c, 0x38, 0xff, 0x60, 0x80, 0x30, 0xff,
    0x58, 0x7c, 0x38, 0xff, 0x58, 0x7c, 0x30, 0xff, 0x60, 0x80, 0x38, 0xff,
    0x58, 0x80, 0x30, 0xff, 0x58, 0x80, 0x30, 0xff, 0x60, 0x80, 0x30, 0xff,
    0x58, 0x7c, 0x38, 0xff, 0x58, 0x80, 0x30, 0xff, 0x60, 0x80, 0x30, 0xff,
    0x58, 0x7c, 0x38, 0xff, 0x58, 0x7c, 0x38, 0xff, 0x60, 0x80, 0x30, 0xff,
    0x58, 0x7c, 0x30, 0xff, 0x58, 0x7c, 0x38, 0xff, 0x60, 0x80, 0x30, 0xff,
    0x58, 0x80, 0x30, 0xff, 0x58, 0x80, 0x38, 0xff, 0x60, 0x80, 0x30, 0xff,
    0x58, 0x7c, 0x38, 0xff, 0x58, 0x80, 0x30, 0xff, 0x60, 0x80, 0x38, 0xff,
    0x58, 0x7c, 0x30, 0xff, 0x58, 0x7c, 0x30, 0xff, 0x60, 0x80, 0x30, 0xff,
    0x58, 0x7c, 0x38, 0xff, 0x58, 0x7c, 0x30, 0xff, 0x60, 0x80, 0x30, 0xff,
    0x58, 0x80, 0x38, 0xff, 0x58, 0x80, 0x38, 0xff, 0x60, 0x80, 0x30, 0xff,
    0x58, 0x7c, 0x30, 0xff, 0x58, 0x80, 0x38, 0xff, 0x60, 0x80, 0x30, 0xff,
    0x58, 0x7c, 0x30, 0xff, 0x58, 0x7c, 0x38, 0xff, 0x60, 0x80, 0x30, 0xff,
    0x58, 0x7c, 0x38, 0xff, 0x58, 0x7c, 0x30, 0xff, 0x60, 0x80, 0x38, 0xff,
    0x58, 0x80, 0x30, 0xff, 0x58, 0x80, 0x30, 0xff, 0x60, 0x80, 0x30, 0xff,
    0x58, 0x7c, 0x38, 0xff, 0x58, 0x80, 0x30, 0xff, 0x60, 0x80, 0x30, 0xff,
    0x58, 0x7c, 0x38, 0xff, 0x58, 0x7c, 0x38, 0xff, 0x60, 0x80, 0x30, 0xff,
    0x58, 0x7c, 0x30, 0xff, 0x58, 0x7c, 0x38, 0xff, 0x60, 0x80, 0x30, 0xff,
    0x58, 0x80, 0x30, 0xff, 0x58, 0x80, 0x38, 0xff, 0x60, 0x80, 0x30, 0xff,
    0x58, 0x7c, 0x38, 0xff, 0x58, 0x80, 0x30, 0xff, 0x60, 0x80, 0x38, 0xff,
    0x58, 0x7c, 0x30, 0xff, 0x58, 0x7c, 0x30, 0xff, 0x60, 0x80, 0x30, 0xff,
    0x58, 0x7c, 0x38, 0xff, 0x58, 0x7c, 0x30, 0xff, 0x60, 0x80, 0x30, 0xff,
    0x58, 0x80, 0x38, 0xff, 0x58, 0x80, 0x38, 0xff, 0x60, 0x80, 0x30, 0xff,
    0x58, 0x7c, 0x30, 0xff, 0x58, 0x80, 0x38, 0xff, 0x60, 0x80, 0x30, 0xff,
    0x60, 0x7c, 0x30, 0xff, 0x58, 0x80, 0x38, 0xff, 0x60, 0x7c, 0x30, 0xff,
    0x60, 0x80, 0x38, 0xff, 0x58, 0x80, 0x30, 0xff, 0x58, 0x7c, 0x30, 0xff,
    0x60, 0x80, 0x38, 0xff, 0x58, 0x7c, 0x30, 0xff, 0x60, 0x80, 0x38, 0xff,
    0x58, 0x7c, 0x30, 0xff, 0x58, 0x80, 0x30, 0xff, 0x60, 0x7c, 0x38, 0xff,
    0x58, 0x80, 0x30, 0xff, 0x60, 0x80, 0x30, 0xff, 0x60, 0x7c, 0x38, 0xff,
    0x58, 0x80, 0x30, 0xff, 0x60, 0x7c, 0x30, 0xff, 0x58, 0x7c, 0x30, 0xff,
    0x58, 0x80, 0x38, 0xff, 0x60, 0x7c, 0x30, 0xff, 0x58, 0x80, 0x30, 0xff,
    0x60, 0x7c, 0x38, 0xff, 0x58, 0x80, 0x38, 0xff, 0x58, 0x80, 0x30, 0xff,
    0x60, 0x7c, 0x38, 0x41, 0x58, 0x7c, 0x30, 0x8e, 0x60, 0x80, 0x38, 0xff,
    0x58, 0x80, 0x30, 0xff, 0x58, 0x7c, 0x30, 0xff, 0x60, 0x80, 0x38, 0xff,
    0x58, 0x80, 0x30, 0xff, 0x58, 0x80, 0x30, 0xff, 0x60, 0x7c, 0x38, 0xff,
    0x60, 0x80, 0x30, 0xff, 0x58, 0x80, 0x38, 0xff, 0x60, 0x7c, 0x30, 0xff,
    0x60, 0x80, 0x30, 0xff, 0x58, 0x80, 0x38, 0xff, 0x60, 0x80, 0x38, 0xff,
    0x58, 0x80, 0x30, 0xff, 0x58, 0x80, 0x38, 0xff, 0x60, 0x7c, 0x30, 0xff,
    0x58, 0x80, 0x30, 0xff, 0x58, 0x80, 0x38, 0xff, 0x60, 0x7c, 0x30, 0xff,
    0x58, 0x80, 0x30, 0xff, 0x58, 0x80, 0x38, 0xff, 0x60, 0x80, 0x38, 0xff,
    0x58, 0x7c, 0x30, 0xff, 0x60, 0x80, 0x38, 0xff, 0x60, 0x7c, 0x30, 0xff,
    0x58, 0x80, 0x30, 0xff, 0x60, 0x80, 0x38, 0xff, 0x60, 0x7c, 0x30, 0xff,
    0x58, 0x80, 0x30, 0xff, 0x60, 0x80, 0x38, 0xff, 0x58, 0x80, 0x38, 0xff,
    0x60, 0x80, 0x30, 0xff, 0x60, 0x80, 0x30, 0xff, 0x58, 0x80, 0x38, 0xff,
    0x58, 0x80, 0x30, 0xff, 0x60, 0x80, 0x30, 0xff, 0x58, 0x80, 0x38, 0xff,
    0x58, 0x7c, 0x30, 0xff, 0x60, 0x80, 0x30, 0xff, 0x58, 0x7c, 0x38, 0xff,
    0x60, 0x80, 0x30, 0xff, 0x58, 0x80, 0x30, 0xff, 0x60, 0x80, 0x38, 0xff,
    0x58, 0x80, 0x38, 0xff, 0x58, 0x80, 0x30, 0xff, 0x60, 0x80, 0x30, 0xff,
    0x60, 0x80, 0x38, 0xff, 0x58, 0x80, 0x30, 0xff, 0x60, 0x80, 0x30, 0xff,
    0x60, 0x80, 0x38, 0xff, 0x58, 0x80, 0x30, 0xff, 0x60, 0x7c, 0x38, 0xff,
    0x60, 0x80, 0x38, 0xff, 0x58, 0x80, 0x30, 0xff, 0x60, 0x80, 0x30, 0xff,
    0x60, 0x80, 0x38, 0xff, 0x58, 0x80, 0x30, 0xff, 0x60, 0x80, 0x30, 0xff,
    0x60, 0x80, 0x38, 0xff, 0x58, 0x80, 0x30, 0xff, 0x60, 0x80, 0x38, 0xff,
    0x60, 0x80, 0x30, 0xff, 0x58, 0x80, 0x30, 0xff, 0x60, 0x7c, 0x38, 0xff,
    0x60, 0x80, 0x30, 0xff, 0x58, 0x80, 0x30, 0xff, 0x60, 0x80, 0x38, 0xff,
    0x60, 0x80, 0x30, 0xff, 0x58, 0x80, 0x30, 0xff, 0x60, 0x80, 0x38, 0xff,
    0x60, 0x80, 0x38, 0xff, 0x58, 0x80, 0x30, 0xff, 0x60, 0x80, 0x30, 0xff,
    0x60, 0x80, 0x38, 0xff, 0x58, 0x80, 0x30, 0xff, 0x60, 0x7c, 0x30, 0xff,
    0x60, 0x80, 0x38, 0xff, 0x58, 0x80, 0x30, 0xff, 0x60, 0x80, 0x38, 0xff,
    0x60, 0x80, 0x30, 0xff, 0x58, 0x80, 0x30, 0xff, 0x60, 0x80, 0x38, 0xff,
    0x60, 0x80, 0x30, 0xff, 0x58, 0x80, 0x30, 0xff, 0x60, 0x80, 0x38, 0xff,
    0x60, 0x80, 0x30, 0xff, 0x58, 0x80, 0x30, 0xff, 0x60, 0x7c, 0x38, 0xff,
    0x60, 0x80, 0x38, 0xff, 0x58, 0x80, 0x30, 0xff, 0x60, 0x80, 0x30, 0xff,
    0x60, 0x80, 0x38, 0xff, 0x58, 0x80, 0x30, 0xff, 0x60, 0x80, 0x30, 0xff,
    0x60, 0x80, 0x38, 0xff, 0x58, 0x80, 0x30, 0xff, 0x60, 0x80, 0x38, 0xff,
    0x60, 0x80, 0x30, 0xff, 0x58, 0x80, 0x30, 0xff, 0x60, 0x7c, 0x38, 0xff,
    0x60, 0x80, 0x30, 0xff, 0x58, 0x80, 0x30, 0xff, 0x60, 0x80, 0x38, 0xff,
    0x60, 0x80, 0x30, 0xff, 0x58, 0x80, 0x30, 0xff, 0x60, 0x80, 0x38, 0xff,
    0x60, 0x80, 0x38, 0xff, 0x58, 0x80, 0x30, 0xff, 0x60, 0x80, 0x30, 0xff,
    0x60, 0x80, 0x38, 0xff, 0x58, 0x80, 0x30, 0xff, 0x60, 0x7c, 0x30, 0xff,
    0x60, 0x80, 0x38, 0xff, 0x58, 0x80, 0x30, 0xff, 0x60, 0x80, 0x38, 0xff,
    0x60, 0x80, 0x30, 0xff, 0x58, 0x80, 0x30, 0xff, 0x60, 0x80, 0x38, 0xff,
    0x60, 0x80, 0x30, 0xff, 0x58, 0x80, 0x30, 0xff, 0x60, 0x80, 0x38, 0xff,
    0x60, 0x80, 0x30, 0xff, 0x58, 0x80, 0x30, 0xff, 0x60, 0x7c, 0x38, 0xff,
    0x60, 0x80, 0x38, 0xff, 0x58, 0x80, 0x30, 0xff, 0x60, 0x80, 0x30, 0xff,
    0x60, 0x80, 0x38, 0xff, 0x58, 0x80, 0x30, 0xff, 0x60, 0x80, 0x30, 0xff,
    0x60, 0x80, 0x38, 0xff, 0x58, 0x80, 0x30, 0xff, 0x60, 0x80, 0x38, 0xff,
    0x60, 0x80, 0x30, 0xff, 0x58, 0x80, 0x30, 0xff, 0x60, 0x7c, 0x38, 0xff,
    0x60, 0x80, 0x30, 0xff, 0x58, 0x80, 0x30, 0xff, 0x60, 0x80, 0x38, 0xff,
    0x60, 0x80, 0x30, 0xff, 0x58, 0x80, 0x30, 0xff, 0x60, 0x80, 0x38, 0xff,
    0x60, 0x80, 0x38, 0xff, 0x58, 0x80, 0x30, 0xff, 0x60, 0x80, 0x30, 0xff,
    0x60, 0x80, 0x38, 0xff, 0x58, 0x80, 0x30, 0xff, 0x60, 0x7c, 0x30, 0xff,
    0x60, 0x80, 0x38, 0xff, 0x58, 0x80, 0x30, 0xff, 0x60, 0x80, 0x38, 0xff,
    0x60, 0x80, 0x30, 0xff, 0x58, 0x80, 0x30, 0xff, 0x60, 0x80, 0x38, 0xff,
    0x60, 0x80, 0x30, 0xff, 0x58, 0x80, 0x30, 0xff, 0x60, 0x80, 0x38, 0xff,
    0x60, 0x80, 0x30, 0xff, 0x58, 0x80, 0x30, 0xff, 0x60, 0x7c, 0x38, 0xff,
    0x60, 0x80, 0x38, 0xff, 0x58, 0x80, 0x30, 0xff, 0x60, 0x80, 0x30, 0xff,
    0x60, 0x80, 0x38, 0xff, 0x58, 0x80, 0x30, 0xff, 0x60, 0x80, 0x30, 0xff,
    0x60, 0x80, 0x38, 0xff, 0x58, 0x80, 0x30, 0xff, 0x60, 0x80, 0x38, 0xff,
    0x60, 0x80, 0x30, 0xff, 0x58, 0x80, 0x30, 0xff, 0x60, 0x7c, 0x38, 0xff,
    0x60, 0x80, 0x30, 0xff, 0x58, 0x80, 0x30, 0xff, 0x60, 0x80, 0x38, 0xff,
    0x60, 0x80, 0x30, 0xff, 0x58, 0x80, 0x30, 0xff, 0x60, 0x80, 0x38, 0xff,
    0x60, 0x80, 0x38, 0xff, 0x58, 0x80, 0x30, 0xff, 0x60, 0x80, 0x30, 0xff,
    0x60, 0x80, 0x38, 0xff, 0x58, 0x80, 0x30, 0xff, 0x60, 0x7c, 0x30, 0xff,
    0x60, 0x80, 0x38, 0xff, 0x58, 0x80, 0x30, 0xff, 0x60, 0x80, 0x38, 0xff,
    0x60, 0x80, 0x30, 0xff, 0x58, 0x80, 0x30, 0xff, 0x60, 0x80, 0x38, 0xff,
    0x60, 0x80, 0x30, 0xff, 0x58, 0x80, 0x30, 0xff, 0x60, 0x80, 0x38, 0xff,
    0x60, 0x80, 0x30, 0xff, 0x58, 0x80, 0x30, 0xff, 0x60, 0x7c, 0x38, 0xff,
    0x60, 0x80, 0x38, 0xff, 0x58, 0x80, 0x30, 0xff, 0x60, 0x80, 0x30, 0xff,
    0x60, 0x80, 0x38, 0xff, 0x58, 0x80, 0x30, 0xff, 0x60, 0x80, 0x30, 0xff,
    0x60, 0x80, 0x38, 0xff, 0x58, 0x80, 0x30, 0xff, 0x60, 0x80, 0x38, 0xff,
    0x60, 0x80, 0x30, 0xff, 0x58, 0x80, 0x30, 0xff, 0x60, 0x7c, 0x38, 0xff,
    0x60, 0x80, 0x30, 0xff, 0x58, 0x80, 0x30, 0xff, 0x60, 0x80, 0x38, 0xff,
    0x60, 0x80, 0x30, 0xff, 0x58, 0x80, 0x30, 0xff, 0x60, 0x80, 0x38, 0xff,
    0x60, 0x80, 0x38, 0xff, 0x58, 0x80, 0x30, 0xff, 0x60, 0x80, 0x30, 0xff,
    0x60, 0x80, 0x38, 0xff, 0x58, 0x80, 0x30, 0xff, 0x60, 0x7c, 0x30, 0xff,
    0x60, 0x80, 0x38, 0xff, 0x58, 0x80, 0x30, 0xff, 0x60, 0x80, 0x38, 0xff,
    0x60, 0x80, 0x30, 0xff, 0x58, 0x80, 0x30, 0xff, 0x60, 0x80, 0x38, 0xff,
    0x60, 0x80, 0x30, 0xff, 0x58, 0x80, 0x30, 0xff, 0x60, 0x80, 0x38, 0xff,
    0x60, 0x80, 0x30, 0xff, 0x58, 0x80, 0x30, 0xff, 0x60, 0x7c, 0x38, 0xff,
    0x60, 0x80, 0x38, 0xff, 0x58, 0x80, 0x30, 0xff, 0x60, 0x80, 0x30, 0xff,
    0x60, 0x80, 0x38, 0xff, 0x58, 0x80, 0x30, 0xff, 0x60, 0x80, 0x30, 0xff,
    0x60, 0x80, 0x38, 0xff, 0x58, 0x80, 0x30, 0xff, 0x60, 0x80, 0x38, 0xff,
    0x60, 0x80, 0x30, 0xff, 0x58, 0x80, 0x30, 0xff, 0x60, 0x7c, 0x38, 0xff,
    0x60, 0x80, 0x30, 0xff, 0x58, 0x80, 0x30, 0xff, 0x60, 0x80, 0x38, 0xff,
    0x60, 0x80, 0x30, 0xff, 0x58, 0x80, 0x30, 0xff, 0x60, 0x80, 0x38, 0xff,
    0x60, 0x80, 0x38, 0xff, 0x58, 0x80, 0x30, 0xff, 0x60, 0x80, 0x30, 0xff,
    0x60, 0x80, 0x38, 0xff, 0x58, 0x80, 0x30, 0xff, 0x60, 0x7c, 0x30, 0xff,
    0x60, 0x80, 0x38, 0xff, 0x58, 0x80, 0x30, 0xff, 0x60, 0x80, 0x38, 0xff,
    0x60, 0x80, 0x30, 0xff, 0x58, 0x80, 0x30, 0xff, 0x60, 0x80, 0x38, 0xff,
    0x60, 0x80, 0x30, 0xff, 0x58, 0x80, 0x30, 0xff, 0x60, 0x80, 0x38, 0xff,
    0x60, 0x80, 0x30, 0xff, 0x58, 0x80, 0x30, 0xff, 0x60, 0x7c, 0x38, 0xff,
    0x60, 0x80, 0x38, 0xff, 0x58, 0x80, 0x30, 0xff, 0x60, 0x80, 0x30, 0xff,
    0x60, 0x80, 0x38, 0xff, 0x58, 0x80, 0x30, 0xff, 0x60, 0x80, 0x30, 0xff,
    0x60, 0x80, 0x38, 0xff, 0x58, 0x80, 0x30, 0xff, 0x60, 0x80, 0x38, 0xff,
    0x60, 0x80, 0x30, 0xff, 0x58, 0x80, 0x30, 0xff, 0x60, 0x7c, 0x38, 0xff,
    0x60, 0x80, 0x30, 0xff, 0x58, 0x80, 0x30, 0xff, 0x60, 0x80, 0x38, 0xff,
    0x60, 0x80, 0x30, 0xff, 0x58, 0x80, 0x30, 0xff, 0x60, 0x80, 0x38, 0xff,
    0x60, 0x80, 0x38, 0xff, 0x58, 0x80, 0x30, 0xff, 0x60, 0x80, 0x30, 0xff,
    0x60, 0x80, 0x38, 0xff, 0x58, 0x80, 0x30, 0xff, 0x60, 0x7c, 0x30, 0xff,
    0x60, 0x80, 0x38, 0xff, 0x58, 0x80, 0x30, 0xff, 0x60, 0x80, 0x38, 0xff,
    0x60, 0x80, 0x30, 0xff, 0x58, 0x80, 0x30, 0xff, 0x60, 0x80, 0x38, 0xff,
    0x60, 0x80, 0x30, 0xff, 0x58, 0x80, 0x30, 0xff, 0x60, 0x80, 0x38, 0xff,
    0x60, 0x80, 0x30, 0xff, 0x58, 0x80, 0x30, 0xff, 0x60, 0x7c, 0x38, 0xff,
    0x60, 0x80, 0x38, 0xff, 0x58, 0x80, 0x30, 0xff, 0x60, 0x80, 0x30, 0xff,
    0x60, 0x80, 0x38, 0xff, 0x58, 0x80, 0x30, 0xff, 0x60, 0x80, 0x30, 0xff,
    0x60, 0x80, 0x38, 0xff, 0x58, 0x80, 0x30, 0xff, 0x60, 0x80, 0x38, 0xff,
    0x60, 0x80, 0x30, 0xff, 0x58, 0x80, 0x30, 0xff, 0x60, 0x7c, 0x38, 0xff,
    0x60, 0x80, 0x30, 0xff, 0x58, 0x80, 0x30, 0xff, 0x60, 0x80, 0x38, 0xff,
    0x60, 0x80, 0x30, 0xff, 0x58, 0x80, 0x30, 0xff, 0x60, 0x80, 0x38, 0xff,
    0x60, 0x80, 0x38, 0xff, 0x58, 0x80, 0x30, 0xff, 0x60, 0x80, 0x30, 0xff,
    0x60, 0x80, 0x38, 0xff, 0x58, 0x80, 0x30, 0xff, 0x60, 0x7c, 0x30, 0xff,
    0x60, 0x80, 0x38, 0xff, 0x58, 0x80, 0x30, 0xff, 0x60, 0x80, 0x38, 0xff,
    0x58, 0x80, 0x30, 0xff, 0x58, 0x7c, 0x30, 0xff, 0x60, 0x80, 0x38, 0xff,
    0x58, 0x80, 0x30, 0xff, 0x60, 0x80, 0x30, 0xff, 0x60, 0x80, 0x38, 0xff,
    0x58, 0x80, 0x30, 0xff, 0x60, 0x80, 0x38, 0xff, 0x60, 0x80, 0x30, 0xff,
    0x58, 0x80, 0x30, 0xff, 0x58, 0x80, 0x38, 0xff, 0x60, 0x80, 0x38, 0xff,
    0x58, 0x7c, 0x30, 0xff, 0x58, 0x80, 0x30, 0xff, 0x60, 0x80, 0x38, 0xff,
    0x58, 0x80, 0x30, 0xff, 0x58, 0x80, 0x38, 0xff, 0x60, 0x80, 0x30, 0xff,
    0x60, 0x80, 0x30, 0xff, 0x58, 0x80, 0x38, 0xff, 0x60, 0x80, 0x30, 0xff,
    0x58, 0x80, 0x30, 0xff, 0x60, 0x7c, 0x30, 0xff, 0x60, 0x80, 0x38, 0xff,
    0x58, 0x80, 0x30, 0xff, 0x60, 0x7c, 0x30, 0xff, 0x58, 0x7c, 0x30, 0x8e,
    0x60, 0x80, 0x30, 0xbe, 0x58, 0x80, 0x38, 0xff, 0x60, 0x80, 0x30, 0xff,
    0x60, 0x80, 0x30, 0xff, 0x58, 0x7c, 0x38, 0xff, 0x60, 0x80, 0x30, 0xff,
    0x60, 0x80, 0x38, 0xff, 0x58, 0x80, 0x30, 0xff, 0x58, 0x80, 0x30, 0xff,
    0x60, 0x80, 0x38, 0xff, 0x58, 0x7c, 0x30, 0xff, 0x58, 0x80, 0x30, 0xff,
    0x60, 0x80, 0x38, 0xff, 0x60, 0x7c, 0x30, 0xff, 0x58, 0x80, 0x30, 0xff,
    0x60, 0x80, 0x38, 0xff, 0x60, 0x80, 0x30, 0xff, 0x58, 0x80, 0x30, 0xff,
    0x60, 0x7c, 0x38, 0xff, 0x60, 0x80, 0x30, 0xff, 0x58, 0x7c, 0x30, 0xff,
    0x60, 0x80, 0x38, 0xff, 0x58, 0x80, 0x30, 0xff, 0x58, 0x80, 0x30, 0xff,
    0x60, 0x80, 0x38, 0xff, 0x58, 0x80, 0x30, 0xff, 0x58, 0x7c, 0x30, 0xff,
    0x60, 0x80, 0x38, 0xff, 0x58, 0x80, 0x30, 0xff, 0x60, 0x7c, 0x30, 0xff,
    0x58, 0x80, 0x38, 0xff, 0x60, 0x80, 0x30, 0xff, 0x58, 0x7c, 0x30, 0xff,
    0x60, 0x80, 0x38, 0xff, 0x58, 0x80, 0x30, 0xff, 0x60, 0x7c, 0x38, 0xff,
    0x60, 0x80, 0x30, 0xff, 0x58, 0x80, 0x30, 0xff, 0x60, 0x80, 0x38, 0xff,
    0x58, 0x80, 0x30, 0xff, 0x60, 0x7c, 0x30, 0xff, 0x58, 0x80, 0x38, 0xff,
    0x60, 0x80, 0x30, 0xff, 0x60, 0x7c, 0x30, 0xff, 0x58, 0x7c, 0x30, 0xff,
    0x60, 0x80, 0x38, 0xff, 0x60, 0x80, 0x30, 0xff, 0x58, 0x7c, 0x30, 0xff,
    0x58, 0x80, 0x38, 0xff, 0x60, 0x80, 0x30, 0xff, 0x58, 0x80, 0x30, 0xff,
    0x58, 0x7c, 0x30, 0xff, 0x60, 0x80, 0x30, 0xff, 0x58, 0x80, 0x38, 0xff,
    0x58, 0x7c, 0x30, 0xff, 0x60, 0x80, 0x30, 0xff, 0x58, 0x7c, 0x38, 0xff,
    0x58, 0x80, 0x30, 0xff, 0x60, 0x80, 0x30, 0xff, 0x58, 0x7c, 0x30, 0xff,
    0x58, 0x80, 0x38, 0xff, 0x60, 0x80, 0x30, 0xff, 0x58, 0x80, 0x30, 0xff,
    0x58, 0x7c, 0x38, 0xff, 0x60, 0x80, 0x30, 0xff, 0x58, 0x80, 0x30, 0xff,
    0x58, 0x7c, 0x38, 0xff, 0x60, 0x80, 0x30, 0xff, 0x58, 0x7c, 0x30, 0xff,
    0x58, 0x80, 0x38, 0xff, 0x60, 0x80, 0x30, 0xff, 0x58, 0x7c, 0x30, 0xff,
    0x58, 0x80, 0x38, 0xff, 0x60, 0x80, 0x30, 0xff, 0x58, 0x80, 0x38, 0xff,
    0x58, 0x7c, 0x30, 0xff, 0x60, 0x80, 0x30, 0xff, 0x58, 0x80, 0x30, 0xff,
    0x58, 0x7c, 0x38, 0xff, 0x60, 0x80, 0x30, 0xff, 0x58, 0x7c, 0x30, 0xff,
    0x58, 0x80, 0x38, 0xff, 0x60, 0x80, 0x30, 0xff, 0x58, 0x7c, 0x30, 0xff,
    0x58, 0x80, 0x38, 0xff, 0x60, 0x80, 0x30, 0xff, 0x58, 0x80, 0x30, 0xff,
    0x58, 0x7c, 0x38, 0xff, 0x60, 0x80, 0x30, 0xff, 0x58, 0x80, 0x30, 0xff,
    0x58, 0x7c, 0x38, 0xff, 0x60, 0x80, 0x30, 0xff, 0x58, 0x7c, 0x38, 0xff,
    0x58, 0x80, 0x30, 0xff, 0x60, 0x80, 0x30, 0xff, 0x58, 0x7c, 0x30, 0xff,
    0x58, 0x80, 0x38, 0xff, 0x60, 0x80, 0x30, 0xff, 0x58, 0x80, 0x30, 0xff,
    0x58, 0x7c, 0x38, 0xff, 0x60, 0x80, 0x30, 0xff, 0x58, 0x80, 0x30, 0xff,
    0x58, 0x7c, 0x38, 0xff, 0x60, 0x80, 0x30, 0xff, 0x58, 0x7c, 0x30, 0xff,
    0x58, 0x80, 0x38, 0xff, 0x60, 0x80, 0x30, 0xff, 0x58, 0x7c, 0x30, 0xff,
    0x58, 0x80, 0x38, 0xff, 0x60, 0x80, 0x30, 0xff, 0x58, 0x80, 0x38, 0xff,
    0x58, 0x7c, 0x30, 0xff, 0x60, 0x80, 0x30, 0xff, 0x58, 0x80, 0x30, 0xff,
    0x58, 0x7c, 0x38, 0xff, 0x60, 0x80, 0x30, 0xff, 0x58, 0x7c, 0x30, 0xff,
    0x58, 0x80, 0x38, 0xff, 0x60, 0x80, 0x30, 0xff, 0x58, 0x7c, 0x30, 0xff,
    0x58, 0x80, 0x38, 0xff, 0x60, 0x80, 0x30, 0xff, 0x58, 0x80, 0x30, 0xff,
    0x58, 0x7c, 0x38, 0xff, 0x60, 0x80, 0x30, 0xff, 0x58, 0x80, 0x30, 0xff,
    0x58, 0x7c, 0x38, 0xff, 0x60, 0x80, 0x30, 0xff, 0x58, 0x7c, 0x38, 0xff,
    0x58, 0x80, 0x30, 0xff, 0x60, 0x80, 0x30, 0xff, 0x58, 0x7c, 0x30, 0xff,
    0x58, 0x80, 0x38, 0xff, 0x60, 0x80, 0x30, 0xff, 0x58, 0x80, 0x30, 0xff,
    0x58, 0x7c, 0x38, 0xff, 0x60, 0x80, 0x30, 0xff, 0x58, 0x80, 0x30, 0xff,
    0x58, 0x7c, 0x38, 0xff, 0x60, 0x80, 0x30, 0xff, 0x58, 0x7c, 0x30, 0xff,
    0x58, 0x80, 0x38, 0xff, 0x60, 0x80, 0x30, 0xff, 0x58, 0x7c, 0x30, 0xff,
    0x58, 0x80, 0x38, 0xff, 0x60, 0x80, 0x30, 0xff, 0x58, 0x80, 0x38, 0xff,
    0x58, 0x7c, 0x30, 0xff, 0x60, 0x80, 0x30, 0xff, 0x58, 0x80, 0x30, 0xff,
    0x58, 0x7c, 0x38, 0xff, 0x60, 0x80, 0x30, 0xff, 0x58, 0x7c, 0x30, 0xff,
    0x58, 0x80, 0x38, 0xff, 0x60, 0x80, 0x30, 0xff, 0x58, 0x7c, 0x30, 0xff,
    0x58, 0x80, 0x38, 0xff, 0x60, 0x80, 0x30, 0xff, 0x58, 0x80, 0x30, 0xff,
    0x58, 0x7c, 0x38, 0xff, 0x60, 0x80, 0x30, 0xff, 0x58, 0x80, 0x30, 0xff,
    0x58, 0x7c, 0x38, 0xff, 0x60, 0x80, 0x30, 0xff, 0x58, 0x7c, 0x38, 0xff,
    0x58, 0x80, 0x30, 0xff, 0x60, 0x80, 0x30, 0xff, 0x58, 0x7c, 0x30, 0xff,
    0x58, 0x80, 0x38, 0xff, 0x60, 0x80, 0x30, 0xff, 0x58, 0x80, 0x30, 0xff,
    0x58, 0x7c, 0x38, 0xff, 0x60, 0x80, 0x30, 0xff, 0x58, 0x80, 0x30, 0xff,
    0x58, 0x7c, 0x38, 0xff, 0x60, 0x80, 0x30, 0xff, 0x58, 0x7c, 0x30, 0xff,
    0x58, 0x80, 0x38, 0xff, 0x60, 0x80, 0x30, 0xff, 0x58, 0x7c, 0x30, 0xff,
    0x58, 0x80, 0x38, 0xff, 0x60, 0x80, 0x30, 0xff, 0x58, 0x80, 0x38, 0xff,
    0x58, 0x7c, 0x30, 0xff, 0x60, 0x80, 0x30, 0xff, 0x58, 0x80, 0x30, 0xff,
    0x58, 0x7c, 0x38, 0xff, 0x60, 0x80, 0x30, 0xff, 0x58, 0x7c, 0x30, 0xff,
    0x58, 0x80, 0x38, 0xff, 0x60, 0x80, 0x30, 0xff, 0x58, 0x7c, 0x30, 0xff,
    0x58, 0x80, 0x38, 0xff, 0x60, 0x80, 0x30, 0xff, 0x58, 0x80, 0x30, 0xff,
    0x58, 0x7c, 0x38, 0xff, 0x60, 0x80, 0x30, 0xff, 0x58, 0x80, 0x30, 0xff,
    0x58, 0x7c, 0x38, 0xff, 0x60, 0x80, 0x30, 0xff, 0x58, 0x7c, 0x38, 0xff,
    0x58, 0x80, 0x30, 0xff, 0x60, 0x80, 0x30, 0xff, 0x58, 0x7c, 0x30, 0xff,
    0x58, 0x80, 0x38, 0xff, 0x60, 0x80, 0x30, 0xff, 0x58, 0x80, 0x30, 0xff,
    0x58, 0x7c, 0x38, 0xff, 0x60, 0x80, 0x30, 0xff, 0x58, 0x80, 0x30, 0xff,
    0x58, 0x7c, 0x38, 0xff, 0x60, 0x80, 0x30, 0xff, 0x58, 0x7c, 0x30, 0xff,
    0x58, 0x80, 0x38, 0xff, 0x60, 0x80, 0x30, 0xff, 0x58, 0x7c, 0x30, 0xff,
    0x58, 0x80, 0x38, 0xff, 0x60, 0x80, 0x30, 0xff, 0x58, 0x80, 0x38, 0xff,
    0x58, 0x7c, 0x30, 0xff, 0x60, 0x80, 0x30, 0xff, 0x58, 0x80, 0x30, 0xff,
    0x58, 0x7c, 0x38, 0xff, 0x60, 0x80, 0x30, 0xff, 0x58, 0x7c, 0x30, 0xff,
    0x58, 0x80, 0x38, 0xff, 0x60, 0x80, 0x30, 0xff, 0x58, 0x7c, 0x30, 0xff,
    0x58, 0x80, 0x38, 0xff, 0x60, 0x80, 0x30, 0xff, 0x58, 0x80, 0x30, 0xff,
    0x58, 0x7c, 0x38, 0xff, 0x60, 0x80, 0x30, 0xff, 0x58, 0x80, 0x30, 0xff,
    0x58, 0x7c, 0x38, 0xff, 0x60, 0x80, 0x30, 0xff, 0x58, 0x7c, 0x38, 0xff,
    0x58, 0x80, 0x30, 0xff, 0x60, 0x80, 0x30, 0xff, 0x58, 0x7c, 0x30, 0xff,
    0x58, 0x80, 0x38, 0xff, 0x60, 0x80, 0x30, 0xff, 0x58, 0x80, 0x30, 0xff,
    0x58, 0x7c, 0x38, 0xff, 0x60, 0x80, 0x30, 0xff, 0x58, 0x80, 0x30, 0xff,
    0x58, 0x7c, 0x38, 0xff, 0x60, 0x80, 0x30, 0xff, 0x58, 0x7c, 0x30, 0xff,
    0x58, 0x80, 0x38, 0xff, 0x60, 0x80, 0x30, 0xff, 0x58, 0x7c, 0x30, 0xff,
    0x58, 0x80, 0x38, 0xff, 0x60, 0x80, 0x30, 0xff, 0x58, 0x80, 0x38, 0xff,
    0x58, 0x7c, 0x30, 0xff, 0x60, 0x80, 0x30, 0xff, 0x58, 0x80, 0x30, 0xff,
    0x58, 0x7c, 0x38, 0xff, 0x60, 0x80, 0x30, 0xff, 0x58, 0x7c, 0x30, 0xff,
    0x58, 0x80, 0x38, 0xff, 0x60, 0x80, 0x30, 0xff, 0x58, 0x7c, 0x30, 0xff,
    0x58, 0x80, 0x38, 0xff, 0x60, 0x80, 0x30, 0xff, 0x58, 0x80, 0x30, 0xff,
    0x58, 0x7c, 0x38, 0xff, 0x60, 0x80, 0x30, 0xff, 0x58, 0x80, 0x30, 0xff,
    0x58, 0x7c, 0x38, 0xff, 0x60, 0x80, 0x30, 0xff, 0x58, 0x7c, 0x38, 0xff,
    0x58, 0x80, 0x30, 0xff, 0x60, 0x80, 0x30, 0xff, 0x58, 0x7c, 0x30, 0xff,
    0x58, 0x80, 0x38, 0xff, 0x60, 0x80, 0x30, 0xff, 0x58, 0x80, 0x30, 0xff,
    0x58, 0x7c, 0x38, 0xff, 0x60, 0x80, 0x30, 0xff, 0x58, 0x80, 0x30, 0xff,
    0x58, 0x7c, 0x38, 0xff, 0x60, 0x80, 0x30, 0xff, 0x58, 0x7c, 0x30, 0xff,
    0x58, 0x80, 0x38, 0xff, 0x60, 0x80, 0x30, 0xff, 0x58, 0x7c, 0x30, 0xff,
    0x58, 0x80, 0x38, 0xff, 0x60, 0x80, 0x30, 0xff, 0x58, 0x80, 0x38, 0xff,
    0x58, 0x7c, 0x30, 0xff, 0x60, 0x80, 0x30, 0xff, 0x58, 0x80, 0x30, 0xff,
    0x58, 0x7c, 0x38, 0xff, 0x60, 0x80, 0x30, 0xff, 0x58, 0x7c, 0x30, 0xff,
    0x58, 0x80, 0x38, 0xff, 0x60, 0x80, 0x30, 0xff, 0x58, 0x7c, 0x30, 0xff,
    0x58, 0x80, 0x38, 0xff, 0x60, 0x80, 0x30, 0xff, 0x58, 0x80, 0x30, 0xff,
    0x58, 0x7c, 0x38, 0xff, 0x60, 0x80, 0x30, 0xff, 0x58, 0x80, 0x30, 0xff,
    0x58, 0x7c, 0x38, 0xff, 0x60, 0x80, 0x30, 0xff, 0x58, 0x7c, 0x38, 0xff,
    0x58, 0x80, 0x30, 0xff, 0x60, 0x80, 0x30, 0xff, 0x58, 0x7c, 0x30, 0xff,
    0x58, 0x80, 0x38, 0xff, 0x60, 0x80, 0x30, 0xff, 0x58, 0x80, 0x30, 0xff,
    0x58, 0x7c, 0x38, 0xff, 0x60, 0x80, 0x30, 0xff, 0x58, 0x80, 0x30, 0xff,
    0x58, 0x7c, 0x38, 0xff, 0x60, 0x80, 0x30, 0xff, 0x58, 0x7c, 0x30, 0xff,
    0x58, 0x80, 0x38, 0xff, 0x60, 0x80, 0x30, 0xff, 0x58, 0x7c, 0x30, 0xff,
    0x58, 0x80, 0x38, 0xff, 0x60, 0x80, 0x30, 0xff, 0x58, 0x80, 0x38, 0xff,
    0x58, 0x7c, 0x30, 0xff, 0x60, 0x80, 0x30, 0xff, 0x58, 0x80, 0x30, 0xff,
    0x60, 0x7c, 0x38, 0xff, 0x60, 0x80, 0x30, 0xff, 0x60, 0x80, 0x30, 0xff,
    0x58, 0x80, 0x38, 0xff, 0x60, 0x80, 0x30, 0xff, 0x58, 0x7c, 0x30, 0xff,
    0x58, 0x80, 0x38, 0xff, 0x60, 0x7c, 0x30, 0xff, 0x58, 0x80, 0x30, 0xff,
    0x60, 0x80, 0x38, 0xff, 0x58, 0x7c, 0x30, 0xff, 0x60, 0x80, 0x30, 0xff,
    0x60, 0x80, 0x30, 0xff, 0x60, 0x80, 0x38, 0xff, 0x60, 0x80, 0x30, 0xff,
    0x58, 0x80, 0x30, 0xff, 0x60, 0x7c, 0x38, 0xff, 0x58, 0x80, 0x30, 0xff,
    0x58, 0x80, 0x30, 0xff, 0x60, 0x7c, 0x38, 0xff, 0x58, 0x80, 0x38, 0xff,
    0x60, 0x80, 0x30, 0xff, 0x60, 0x80, 0x38, 0xff, 0x58, 0x80, 0x30, 0xff,
    0x58, 0x80, 0x38, 0xff, 0x60, 0x80, 0x30, 0xff, 0x60, 0x80, 0x30, 0xff,
    0x58, 0x80, 0x38, 0xff, 0x60, 0x80, 0x30, 0xcf, 0x58, 0x80, 0x30, 0xef,
    0x60, 0x7c, 0x30, 0xff, 0x58, 0x80, 0x38, 0xff, 0x58, 0x80, 0x30, 0xff,
    0x60, 0x80, 0x30, 0xff, 0x58, 0x7c, 0x38, 0xff, 0x60, 0x80, 0x30, 0xff,
    0x58, 0x7c, 0x30, 0xff, 0x60, 0x80, 0x38, 0xff, 0x60, 0x80, 0x30, 0xff,
    0x58, 0x80, 0x38, 0xff, 0x58, 0x80, 0x30, 0xff, 0x60, 0x7c, 0x30, 0xff,
    0x58, 0x80, 0x30, 0xff, 0x60, 0x7c, 0x38, 0xff, 0x58, 0x80, 0x30, 0xff,
    0x58, 0x80, 0x38, 0xff, 0x60, 0x7c, 0x30, 0xff, 0x58, 0x80, 0x38, 0xff,
    0x58, 0x80, 0x30, 0xff, 0x60, 0x80, 0x30, 0xff, 0x60, 0x7c, 0x38, 0xff,
    0x58, 0x80, 0x30, 0xff, 0x60, 0x80, 0x30, 0xff, 0x60, 0x7c, 0x38, 0xff,
    0x58, 0x80, 0x30, 0xff, 0x60, 0x80, 0x38, 0xff, 0x58, 0x80, 0x30, 0xff,
    0x60, 0x80, 0x38, 0xff, 0x58, 0x80, 0x30, 0xff, 0x60, 0x80, 0x30, 0xff,
    0x58, 0x7c, 0x38, 0xff, 0x58, 0x80, 0x30, 0xff, 0x60, 0x80, 0x30, 0xff,
    0x58, 0x7c, 0x38, 0xff, 0x58, 0x80, 0x30, 0xff, 0x60, 0x7c, 0x38, 0xff,
    0x58, 0x80, 0x30, 0xff, 0x60, 0x80, 0x38, 0xff, 0x60, 0x80, 0x30, 0xff,
    0x58, 0x80, 0x30, 0xff, 0x58, 0x80, 0x38, 0xff, 0x60, 0x80, 0x30, 0xff,
    0x58, 0x80, 0x30, 0xff, 0x58, 0x80, 0x38, 0xff, 0x60, 0x7c, 0x30, 0xff,
    0x58, 0x80, 0x30, 0xff, 0x58, 0x80, 0x38, 0xff, 0x60, 0x7c, 0x30, 0xff,
    0x60, 0x80, 0x38, 0xff, 0x58, 0x80, 0x38, 0xff, 0x60, 0x7c, 0x30, 0xff,
    0x60, 0x80, 0x30, 0xff, 0x58, 0x80, 0x38, 0xff, 0x60, 0x80, 0x30, 0xff,
    0x60, 0x7c, 0x38, 0xff, 0x58, 0x80, 0x30, 0xff, 0x60, 0x80, 0x38, 0xff,
    0x60, 0x7c, 0x38, 0xff, 0x58, 0x80, 0x30, 0xff, 0x60, 0x80, 0x30, 0xff,
    0x60, 0x7c, 0x38, 0xff, 0x58, 0x80, 0x30, 0xff, 0x60, 0x80, 0x38, 0xff,
    0x60, 0x80, 0x30, 0xff, 0x58, 0x80, 0x38, 0xff, 0x60, 0x7c, 0x30, 0xff,
    0x60, 0x80, 0x30, 0xff, 0x58, 0x80, 0x38, 0xff, 0x60, 0x7c, 0x30, 0xff,
    0x60, 0x80, 0x30, 0xff, 0x58, 0x80, 0x38, 0xff, 0x60, 0x7c, 0x30, 0xff,
    0x60, 0x80, 0x30, 0xff, 0x58, 0x80, 0x38, 0xff, 0x60, 0x7c, 0x38, 0xff,
    0x60, 0x80, 0x30, 0xff, 0x58, 0x80, 0x38, 0xff, 0x60, 0x80, 0x30, 0xff,
    0x60, 0x7c, 0x30, 0xff, 0x58, 0x80, 0x38, 0xff, 0x60, 0x80, 0x38, 0xff,
    0x60, 0x7c, 0x30, 0xff, 0x58, 0x80, 0x30, 0xff, 0x60, 0x80, 0x38, 0xff,
    0x60, 0x7c, 0x30, 0xff, 0x58, 0x80, 0x38, 0xff, 0x60, 0x80, 0x30, 0xff,
    0x60, 0x80, 0x30, 0xff, 0x58, 0x80, 0x38, 0xff, 0x60, 0x7c, 0x30, 0xff,
    0x60, 0x80, 0x30, 0xff, 0x58, 0x80, 0x38, 0xff, 0x60, 0x7c, 0x38, 0xff,
    0x60, 0x80, 0x30, 0xff, 0x58, 0x80, 0x38, 0xff, 0x60, 0x7c, 0x30, 0xff,
    0x60, 0x80, 0x30, 0xff, 0x58, 0x80, 0x38, 0xff, 0x60, 0x7c, 0x38, 0xff,
    0x60, 0x80, 0x30, 0xff, 0x58, 0x80, 0x30, 0xff, 0x60, 0x80, 0x38, 0xff,
    0x60, 0x7c, 0x30, 0xff, 0x58, 0x80, 0x38, 0xff, 0x60, 0x80, 0x30, 0xff,
    0x60, 0x7c, 0x30, 0xff, 0x58, 0x80, 0x38, 0xff, 0x60, 0x80, 0x30, 0xff,
    0x60, 0x7c, 0x30, 0xff, 0x58, 0x80, 0x38, 0xff, 0x60, 0x80, 0x38, 0xff,
    0x60, 0x80, 0x30, 0xff, 0x58, 0x80, 0x38, 0xff, 0x60, 0x7c, 0x30, 0xff,
    0x60, 0x80, 0x30, 0xff, 0x58, 0x80, 0x38, 0xff, 0x60, 0x7c, 0x38, 0xff,
    0x60, 0x80, 0x30, 0xff, 0x58, 0x80, 0x30, 0xff, 0x60, 0x7c, 0x38, 0xff,
    0x60, 0x80, 0x30, 0xff, 0x58, 0x80, 0x38, 0xff, 0x60, 0x7c, 0x30, 0xff,
    0x60, 0x80, 0x30, 0xff, 0x58, 0x80, 0x38, 0xff, 0x60, 0x80, 0x30, 0xff,
    0x60, 0x7c, 0x30, 0xff, 0x58, 0x80, 0x38, 0xff, 0x60, 0x80, 0x38, 0xff,
    0x60, 0x7c, 0x30, 0xff, 0x58, 0x80, 0x38, 0xff, 0x60, 0x80, 0x30, 0xff,
    0x60, 0x7c, 0x30, 0xff, 0x58, 0x80, 0x38, 0xff, 0x60, 0x80, 0x38, 0xff,
    0x60, 0x80, 0x30, 0xff, 0x58, 0x80, 0x30, 0xff, 0x60, 0x7c, 0x38, 0xff,
    0x60, 0x80, 0x30, 0xff, 0x58, 0x80, 0x38, 0xff, 0x60, 0x7c, 0x30, 0xff,
    0x60, 0x80, 0x30, 0xff, 0x58, 0x80, 0x38, 0xff, 0x60, 0x7c, 0x30, 0xff,
    0x60, 0x80, 0x30, 0xff, 0x58, 0x80, 0x38, 0xff, 0x60, 0x7c, 0x38, 0xff,
    0x60, 0x80, 0x30, 0xff, 0x58, 0x80, 0x38, 0xff, 0x60, 0x80, 0x30, 0xff,
    0x60, 0x7c, 0x30, 0xff, 0x58, 0x80, 0x38, 0xff, 0x60, 0x80, 0x38, 0xff,
    0x60, 0x7c, 0x30, 0xff, 0x58, 0x80, 0x30, 0xff, 0x60, 0x80, 0x38, 0xff,
    0x60, 0x7c, 0x30, 0xff, 0x58, 0x80, 0x38, 0xff, 0x60, 0x80, 0x30, 0xff,
    0x60, 0x80, 0x30, 0xff, 0x58, 0x80, 0x38, 0xff, 0x60, 0x7c, 0x30, 0xff,
    0x60, 0x80, 0x30, 0xff, 0x58, 0x80, 0x38, 0xff, 0x60, 0x7c, 0x38, 0xff,
    0x60, 0x80, 0x30, 0xff, 0x58, 0x80, 0x38, 0xff, 0x60, 0x7c, 0x30, 0xff,
    0x60, 0x80, 0x30, 0xff, 0x58, 0x80, 0x38, 0xff, 0x60, 0x7c, 0x38, 0xff,
    0x60, 0x80, 0x30, 0xff, 0x58, 0x80, 0x30, 0xff, 0x60, 0x80, 0x38, 0xff,
    0x60, 0x7c, 0x30, 0xff, 0x58, 0x80, 0x38, 0xff, 0x60, 0x80, 0x30, 0xff,
    0x60, 0x7c, 0x30, 0xff, 0x58, 0x80, 0x38, 0xff, 0x60, 0x80, 0x30, 0xff,
    0x60, 0x7c, 0x30, 0xff, 0x58, 0x80, 0x38, 0xff, 0x60, 0x80, 0x38, 0xff,
    0x60, 0x80, 0x30, 0xff, 0x58, 0x80, 0x38, 0xff, 0x60, 0x7c, 0x30, 0xff,
    0x60, 0x80, 0x30, 0xff, 0x58, 0x80, 0x38, 0xff, 0x60, 0x7c, 0x38, 0xff,
    0x60, 0x80, 0x30, 0xff, 0x58, 0x80, 0x30, 0xff, 0x60, 0x7c, 0x38, 0xff,
    0x60, 0x80, 0x30, 0xff, 0x58, 0x80, 0x38, 0xff, 0x60, 0x7c, 0x30, 0xff,
    0x60, 0x80, 0x30, 0xff, 0x58, 0x80, 0x38, 0xff, 0x60, 0x80, 0x30, 0xff,
    0x60, 0x7c, 0x30, 0xff, 0x58, 0x80, 0x38, 0xff, 0x60, 0x80, 0x38, 0xff,
    0x60, 0x7c, 0x30, 0xff, 0x58, 0x80, 0x38, 0xff, 0x60, 0x80, 0x30, 0xff,
    0x60, 0x7c, 0x30, 0xff, 0x58, 0x80, 0x38, 0xff, 0x60, 0x80, 0x38, 0xff,
    0x60, 0x80, 0x30, 0xff, 0x58, 0x80, 0x30, 0xff, 0x60, 0x7c, 0x38, 0xff,
    0x60, 0x80, 0x30, 0xff, 0x58, 0x80, 0x38, 0xff, 0x60, 0x7c, 0x30, 0xff,
    0x60, 0x80, 0x30, 0xff, 0x58, 0x80, 0x38, 0xff, 0x60, 0x7c, 0x30, 0xff,
    0x60, 0x80, 0x30, 0xff, 0x58, 0x80, 0x38, 0xff, 0x60, 0x7c, 0x38, 0xff,
    0x60, 0x80, 0x30, 0xff, 0x58, 0x80, 0x38, 0xff, 0x60, 0x80, 0x30, 0xff,
    0x60, 0x7c, 0x30, 0xff, 0x58, 0x80, 0x38, 0xff, 0x60, 0x80, 0x38, 0xff,
    0x60, 0x7c, 0x30, 0xff, 0x58, 0x80, 0x30, 0xff, 0x60, 0x80, 0x38, 0xff,
    0x60, 0x7c, 0x30, 0xff, 0x58, 0x80, 0x38, 0xff, 0x60, 0x80, 0x30, 0xff,
    0x60, 0x80, 0x30, 0xff, 0x58, 0x80, 0x38, 0xff, 0x60, 0x7c, 0x30, 0xff,
    0x60, 0x80, 0x30, 0xff, 0x58, 0x80, 0x38, 0xff, 0x60, 0x7c, 0x38, 0xff,
    0x60, 0x80, 0x30, 0xff, 0x58, 0x80, 0x38, 0xff, 0x60, 0x7c, 0x30, 0xff,
    0x60, 0x80, 0x30, 0xff, 0x58, 0x80, 0x38, 0xff, 0x60, 0x7c, 0x38, 0xff,
    0x60, 0x80, 0x30, 0xff, 0x58, 0x80, 0x30, 0xff, 0x60, 0x80, 0x38, 0xff,
    0x60, 0x7c, 0x30, 0xff, 0x58, 0x80, 0x38, 0xff, 0x60, 0x80, 0x30, 0xff,
    0x60, 0x7c, 0x30, 0xff, 0x58, 0x80, 0x38, 0xff, 0x60, 0x80, 0x30, 0xff,
    0x60, 0x7c, 0x30, 0xff, 0x58, 0x80, 0x38, 0xff, 0x60, 0x80, 0x38, 0xff,
    0x60, 0x80, 0x30, 0xff, 0x58, 0x80, 0x38, 0xff, 0x60, 0x7c, 0x30, 0xff,
    0x60, 0x80, 0x30, 0xff, 0x58, 0x80, 0x38, 0xff, 0x60, 0x7c, 0x38, 0xff,
    0x60, 0x80, 0x30, 0xff, 0x58, 0x80, 0x30, 0xff, 0x60, 0x7c, 0x38, 0xff,
    0x60, 0x80, 0x30, 0xff, 0x58, 0x80, 0x38, 0xff, 0x60, 0x7c, 0x30, 0xff,
    0x60, 0x80, 0x30, 0xff, 0x58, 0x80, 0x38, 0xff, 0x60, 0x80, 0x30, 0xff,
    0x60, 0x7c, 0x30, 0xff, 0x58, 0x80, 0x38, 0xff, 0x60, 0x80, 0x38, 0xff,
    0x60, 0x7c, 0x30, 0xff, 0x58, 0x80, 0x38, 0xff, 0x60, 0x80, 0x30, 0xff,
    0x60, 0x7c, 0x30, 0xff, 0x58, 0x80, 0x38, 0xff, 0x60, 0x80, 0x38, 0xff,
    0x60, 0x80, 0x30, 0xff, 0x58, 0x80, 0x30, 0xff, 0x60, 0x7c, 0x38, 0xff,
    0x60, 0x80, 0x30, 0xff, 0x58, 0x80, 0x38, 0xff, 0x60, 0x7c, 0x30, 0xff,
    0x60, 0x80, 0x30, 0xff, 0x58, 0x80, 0x38, 0xff, 0x60, 0x7c, 0x30, 0xff,
    0x60, 0x80, 0x30, 0xff, 0x58, 0x80, 0x38, 0xff, 0x60, 0x7c, 0x38, 0xff,
    0x60, 0x80, 0x30, 0xff, 0x58, 0x80, 0x38, 0xff, 0x60, 0x80, 0x30, 0xff,
    0x60, 0x7c, 0x30, 0xff, 0x58, 0x80, 0x38, 0xff, 0x60, 0x80, 0x38, 0xff,
    0x60, 0x7c, 0x30, 0xff, 0x58, 0x80, 0x30, 0xff, 0x60, 0x80, 0x38, 0xff,
    0x60, 0x7c, 0x30, 0xff, 0x58, 0x80, 0x38, 0xff, 0x60, 0x80, 0x30, 0xff,
    0x60, 0x80, 0x30, 0xff, 0x58, 0x80, 0x38, 0xff, 0x60, 0x7c, 0x30, 0xff,
    0x60, 0x80, 0x30, 0xff, 0x58, 0x80, 0x38, 0xff, 0x60, 0x7c, 0x38, 0xff,
    0x60, 0x80, 0x30, 0xff, 0x58, 0x80, 0x38, 0xff, 0x60, 0x7c, 0x30, 0xff,
    0x60, 0x80, 0x30, 0xff, 0x58, 0x80, 0x38, 0xff, 0x60, 0x7c, 0x38, 0xff,
    0x60, 0x80, 0x30, 0xff, 0x58, 0x80, 0x30, 0xff, 0x60, 0x80, 0x38, 0xff,
    0x60, 0x7c, 0x30, 0xff, 0x58, 0x80, 0x38, 0xff, 0x60, 0x80, 0x30, 0xff,
    0x60, 0x7c, 0x30, 0xff, 0x58, 0x80, 0x38, 0xff, 0x60, 0x80, 0x30, 0xff,
    0x60, 0x7c, 0x30, 0xff, 0x58, 0x80, 0x38, 0xff, 0x60, 0x80, 0x38, 0xff,
    0x58, 0x80, 0x30, 0xff, 0x58, 0x80, 0x38, 0xff, 0x58, 0x7c, 0x30, 0xff,
    0x60, 0x80, 0x30, 0xff, 0x58, 0x80, 0x38, 0xff, 0x60, 0x7c, 0x38, 0xff,
    0x58, 0x80, 0x30, 0xff, 0x60, 0x80, 0x30, 0xff, 0x60, 0x80, 0x38, 0xff,
    0x58, 0x7c, 0x30, 0xff, 0x60, 0x80, 0x30, 0xff, 0x58, 0x80, 0x38, 0xff,
    0x58, 0x7c, 0x38, 0xff, 0x60, 0x80, 0x30, 0xff, 0x58, 0x7c, 0x30, 0xff,
    0x58, 0x7c, 0x38, 0xff, 0x60, 0x80, 0x30, 0xff, 0x58, 0x80, 0x30, 0xff,
    0x60, 0x7c, 0x38, 0xff, 0x60, 0x80, 0x30, 0xff, 0x60, 0x80, 0x30, 0xff,
    0x58, 0x7c, 0x38, 0xff, 0x58, 0x80, 0x30, 0xff, 0x60, 0x7c, 0x30, 0xff,
    0x58, 0x7c, 0x30, 0xff, 0x60, 0x80, 0x38, 0xff, 0x58, 0x80, 0x30, 0xff,
    0x58, 0x7c, 0x30, 0xff, 0x60, 0x80, 0x38, 0xff, 0x58, 0x80, 0x38, 0xff,
    0x58, 0x80, 0x30, 0xef, 0x58, 0x80, 0x30, 0xff, 0x60, 0x80, 0x38, 0xff,
    0x60, 0x7c, 0x38, 0xff, 0x58, 0x80, 0x30, 0xff, 0x60, 0x80, 0x30, 0xff,
    0x58, 0x80, 0x38, 0xff, 0x58, 0x80, 0x30, 0xff, 0x60, 0x7c, 0x38, 0xff,
    0x58, 0x80, 0x30, 0xff, 0x60, 0x80, 0x30, 0xff, 0x60, 0x7c, 0x38, 0xff,
    0x60, 0x80, 0x38, 0xff, 0x58, 0x80, 0x30, 0xff, 0x60, 0x80, 0x38, 0xff,
    0x58, 0x80, 0x30, 0xff, 0x60, 0x7c, 0x30, 0xff, 0x60, 0x80, 0x30, 0xff,
    0x58, 0x80, 0x38, 0xff, 0x60, 0x80, 0x30, 0xff, 0x58, 0x80, 0x38, 0xff,
    0x60, 0x80, 0x30, 0xff, 0x58, 0x80, 0x30, 0xff, 0x58, 0x7c, 0x38, 0xff,
    0x60, 0x80, 0x30, 0xff, 0x58, 0x80, 0x30, 0xff, 0x60, 0x7c, 0x38, 0xff,
    0x60, 0x80, 0x30, 0xff, 0x58, 0x7c, 0x30, 0xff, 0x58, 0x80, 0x38, 0xff,
    0x60, 0x80, 0x30, 0xff, 0x60, 0x7c, 0x30, 0xff, 0x58, 0x80, 0x38, 0xff,
    0x60, 0x80, 0x30, 0xff, 0x60, 0x80, 0x30, 0xff, 0x58, 0x80, 0x38, 0xff,
    0x60, 0x80, 0x30, 0xff, 0x58, 0x80, 0x30, 0xff, 0x58, 0x7c, 0x38, 0xff,
    0x60, 0x80, 0x30, 0xff, 0x58, 0x7c, 0x38, 0xff, 0x60, 0x80, 0x30, 0xff,
    0x60, 0x7c, 0x38, 0xff, 0x58, 0x7c, 0x30, 0xff, 0x60, 0x80, 0x38, 0xff,
    0x60, 0x80, 0x38, 0xff, 0x58, 0x80, 0x30, 0xff, 0x60, 0x80, 0x30, 0xff,
    0x60, 0x80, 0x38, 0xff, 0x58, 0x7c, 0x30, 0xff, 0x58, 0x80, 0x30, 0xff,
    0x60, 0x80, 0x38, 0xff, 0x58, 0x80, 0x30, 0xff, 0x60, 0x80, 0x38, 0xff,
    0x58, 0x80, 0x30, 0xff, 0x60, 0x80, 0x30, 0xff, 0x58, 0x80, 0x38, 0xff,
    0x58, 0x80, 0x30, 0xff, 0x60, 0x80, 0x30, 0xff, 0x58, 0x80, 0x38, 0xff,
    0x58, 0x80, 0x30, 0xff, 0x60, 0x7c, 0x30, 0xff, 0x58, 0x80, 0x38, 0xff,
    0x58, 0x80, 0x30, 0xff, 0x60, 0x7c, 0x30, 0xff, 0x58, 0x80, 0x38, 0xff,
    0x58, 0x80, 0x30, 0xff, 0x60, 0x80, 0x30, 0xff, 0x58, 0x80, 0x38, 0xff,
    0x58, 0x80, 0x38, 0xff, 0x60, 0x80, 0x30, 0xff, 0x58, 0x80, 0x30, 0xff,
    0x58, 0x80, 0x38, 0xff, 0x60, 0x7c, 0x30, 0xff, 0x58, 0x80, 0x30, 0xff,
    0x58, 0x80, 0x30, 0xff, 0x60, 0x80, 0x30, 0xff, 0x58, 0x80, 0x38, 0xff,
    0x58, 0x80, 0x30, 0xff, 0x60, 0x80, 0x30, 0xff, 0x58, 0x80, 0x38, 0xff,
    0x58, 0x80, 0x30, 0xff, 0x60, 0x80, 0x30, 0xff, 0x58, 0x80, 0x38, 0xff,
    0x58, 0x80, 0x30, 0xff, 0x60, 0x7c, 0x30, 0xff, 0x58, 0x80, 0x38, 0xff,
    0x58, 0x80, 0x30, 0xff, 0x60, 0x7c, 0x30, 0xff, 0x58, 0x80, 0x38, 0xff,
    0x58, 0x80, 0x38, 0xff, 0x60, 0x80, 0x30, 0xff, 0x58, 0x80, 0x30, 0xff,
    0x58, 0x80, 0x30, 0xff, 0x60, 0x80, 0x30, 0xff, 0x58, 0x80, 0x38, 0xff,
    0x58, 0x80, 0x30, 0xff, 0x60, 0x7c, 0x30, 0xff, 0x58, 0x80, 0x38, 0xff,
    0x58, 0x80, 0x30, 0xff, 0x60, 0x80, 0x30, 0xff, 0x58, 0x80, 0x38, 0xff,
    0x58, 0x80, 0x30, 0xff, 0x60, 0x80, 0x30, 0xff, 0x58, 0x80, 0x38, 0xff,
    0x58, 0x80, 0x30, 0xff, 0x60, 0x80, 0x30, 0xff, 0x58, 0x80, 0x38, 0xff,
    0x58, 0x80, 0x38, 0xff, 0x60, 0x7c, 0x30, 0xff, 0x58, 0x80, 0x30, 0xff,
    0x58, 0x80, 0x30, 0xff, 0x60, 0x7c, 0x30, 0xff, 0x58, 0x80, 0x38, 0xff,
    0x58, 0x80, 0x30, 0xff, 0x60, 0x80, 0x30, 0xff, 0x58, 0x80, 0x38, 0xff,
    0x58, 0x80, 0x30, 0xff, 0x60, 0x80, 0x30, 0xff, 0x58, 0x80, 0x38, 0xff,
    0x58, 0x80, 0x30, 0xff, 0x60, 0x7c, 0x30, 0xff, 0x58, 0x80, 0x38, 0xff,
    0x58, 0x80, 0x30, 0xff, 0x60, 0x80, 0x30, 0xff, 0x58, 0x80, 0x38, 0xff,
    0x58, 0x80, 0x38, 0xff, 0x60, 0x80, 0x30, 0xff, 0x58, 0x80, 0x30, 0xff,
    0x58, 0x80, 0x30, 0xff, 0x60, 0x80, 0x30, 0xff, 0x58, 0x80, 0x38, 0xff,
    0x58, 0x80, 0x30, 0xff, 0x60, 0x7c, 0x30, 0xff, 0x58, 0x80, 0x38, 0xff,
    0x58, 0x80, 0x30, 0xff, 0x60, 0x7c, 0x30, 0xff, 0x58, 0x80, 0x38, 0xff,
    0x58, 0x80, 0x30, 0xff, 0x60, 0x80, 0x30, 0xff, 0x58, 0x80, 0x38, 0xff,
    0x58, 0x80, 0x30, 0xff, 0x60, 0x80, 0x30, 0xff, 0x58, 0x80, 0x38, 0xff,
    0x58, 0x80, 0x38, 0xff, 0x60, 0x7c, 0x30, 0xff, 0x58, 0x80, 0x30, 0xff,
    0x58, 0x80, 0x30, 0xff, 0x60, 0x80, 0x30, 0xff, 0x58, 0x80, 0x38, 0xff,
    0x58, 0x80, 0x30, 0xff, 0x60, 0x80, 0x30, 0xff, 0x58, 0x80, 0x38, 0xff,
    0x58, 0x80, 0x30, 0xff, 0x60, 0x80, 0x30, 0xff, 0x58, 0x80, 0x38, 0xff,
    0x58, 0x80, 0x30, 0xff, 0x60, 0x7c, 0x30, 0xff, 0x58, 0x80, 0x38, 0xff,
    0x58, 0x80, 0x30, 0xff, 0x60, 0x7c, 0x30, 0xff, 0x58, 0x80, 0x38, 0xff,
    0x58, 0x80, 0x38, 0xff, 0x60, 0x80, 0x30, 0xff, 0x58, 0x80, 0x30, 0xff,
    0x58, 0x80, 0x30, 0xff, 0x60, 0x80, 0x30, 0xff, 0x58, 0x80, 0x38, 0xff,
    0x58, 0x80, 0x30, 0xff, 0x60, 0x7c, 0x30, 0xff, 0x58, 0x80, 0x38, 0xff,
    0x58, 0x80, 0x30, 0xff, 0x60, 0x80, 0x30, 0xff, 0x58, 0x80, 0x38, 0xff,
    0x58, 0x80, 0x30, 0xff, 0x60, 0x80, 0x30, 0xff, 0x58, 0x80, 0x38, 0xff,
    0x58, 0x80, 0x30, 0xff, 0x60, 0x80, 0x30, 0xff, 0x58, 0x80, 0x38, 0xff,
    0x58, 0x80, 0x38, 0xff, 0x60, 0x7c, 0x30, 0xff, 0x58, 0x80, 0x30, 0xff,
    0x58, 0x80, 0x30, 0xff, 0x60, 0x7c, 0x30, 0xff, 0x58, 0x80, 0x38, 0xff,
    0x58, 0x80, 0x30, 0xff, 0x60, 0x80, 0x30, 0xff, 0x58, 0x80, 0x38, 0xff,
    0x58, 0x80, 0x30, 0xff, 0x60, 0x80, 0x30, 0xff, 0x58, 0x80, 0x38, 0xff,
    0x58, 0x80, 0x30, 0xff, 0x60, 0x7c, 0x30, 0xff, 0x58, 0x80, 0x38, 0xff,
    0x58, 0x80, 0x30, 0xff, 0x60, 0x80, 0x30, 0xff, 0x58, 0x80, 0x38, 0xff,
    0x58, 0x80, 0x38, 0xff, 0x60, 0x80, 0x30, 0xff, 0x58, 0x80, 0x30, 0xff,
    0x58, 0x80, 0x30, 0xff, 0x60, 0x80, 0x30, 0xff, 0x58, 0x80, 0x38, 0xff,
    0x58, 0x80, 0x30, 0xff, 0x60, 0x7c, 0x30, 0xff, 0x58, 0x80, 0x38, 0xff,
    0x58, 0x80, 0x30, 0xff, 0x60, 0x7c, 0x30, 0xff, 0x58, 0x80, 0x38, 0xff,
    0x58, 0x80, 0x30, 0xff, 0x60, 0x80, 0x30, 0xff, 0x58, 0x80, 0x38, 0xff,
    0x58, 0x80, 0x30, 0xff, 0x60, 0x80, 0x30, 0xff, 0x58, 0x80, 0x38, 0xff,
    0x58, 0x80, 0x38, 0xff, 0x60, 0x7c, 0x30, 0xff, 0x58, 0x80, 0x30, 0xff,
    0x58, 0x80, 0x30, 0xff, 0x60, 0x80, 0x30, 0xff, 0x58, 0x80, 0x38, 0xff,
    0x58, 0x80, 0x30, 0xff, 0x60, 0x80, 0x30, 0xff, 0x58, 0x80, 0x38, 0xff,
    0x58, 0x80, 0x30, 0xff, 0x60, 0x80, 0x30, 0xff, 0x58, 0x80, 0x38, 0xff,
    0x58, 0x80, 0x30, 0xff, 0x60, 0x7c, 0x30, 0xff, 0x58, 0x80, 0x38, 0xff,
    0x58, 0x80, 0x30, 0xff, 0x60, 0x7c, 0x30, 0xff, 0x58, 0x80, 0x38, 0xff,
    0x58, 0x80, 0x38, 0xff, 0x60, 0x80, 0x30, 0xff, 0x58, 0x80, 0x30, 0xff,
    0x58, 0x80, 0x30, 0xff, 0x60, 0x80, 0x30, 0xff, 0x58, 0x80, 0x38, 0xff,
    0x58, 0x80, 0x30, 0xff, 0x60, 0x7c, 0x30, 0xff, 0x58, 0x80, 0x38, 0xff,
    0x58, 0x80, 0x30, 0xff, 0x60, 0x80, 0x30, 0xff, 0x58, 0x80, 0x38, 0xff,
    0x58, 0x80, 0x30, 0xff, 0x60, 0x80, 0x30, 0xff, 0x58, 0x80, 0x38, 0xff,
    0x58, 0x80, 0x30, 0xff, 0x60, 0x80, 0x30, 0xff, 0x58, 0x80, 0x38, 0xff,
    0x58, 0x80, 0x38, 0xff, 0x60, 0x7c, 0x30, 0xff, 0x58, 0x80, 0x30, 0xff,
    0x58, 0x80, 0x30, 0xff, 0x60, 0x7c, 0x30, 0xff, 0x58, 0x80, 0x38, 0xff,
    0x58, 0x80, 0x30, 0xff, 0x60, 0x80, 0x30, 0xff, 0x58, 0x80, 0x38, 0xff,
    0x58, 0x80, 0x30, 0xff, 0x60, 0x80, 0x30, 0xff, 0x58, 0x80, 0x38, 0xff,
    0x58, 0x80, 0x30, 0xff, 0x60, 0x7c, 0x30, 0xff, 0x58, 0x80, 0x38, 0xff,
    0x58, 0x80, 0x30, 0xff, 0x60, 0x80, 0x30, 0xff, 0x58, 0x80, 0x38, 0xff,
    0x58, 0x80, 0x38, 0xff, 0x60, 0x80, 0x30, 0xff, 0x58, 0x80, 0x30, 0xff,
    0x58, 0x80, 0x30, 0xff, 0x60, 0x80, 0x30, 0xff, 0x58, 0x80, 0x38, 0xff,
    0x58, 0x80, 0x30, 0xff, 0x60, 0x7c, 0x30, 0xff, 0x58, 0x80, 0x38, 0xff,
    0x58, 0x80, 0x30, 0xff, 0x60, 0x7c, 0x30, 0xff, 0x58, 0x80, 0x38, 0xff,
    0x58, 0x80, 0x30, 0xff, 0x60, 0x80, 0x30, 0xff, 0x58, 0x80, 0x38, 0xff,
    0x58, 0x80, 0x30, 0xff, 0x60, 0x80, 0x30, 0xff, 0x58, 0x80, 0x38, 0xff,
    0x58, 0x80, 0x38, 0xff, 0x60, 0x7c, 0x30, 0xff, 0x58, 0x80, 0x30, 0xff,
    0x58, 0x80, 0x30, 0xff, 0x60, 0x80, 0x30, 0xff, 0x58, 0x80, 0x38, 0xff,
    0x58, 0x80, 0x30, 0xff, 0x60, 0x80, 0x30, 0xff, 0x58, 0x80, 0x38, 0xff,
    0x58, 0x80, 0x30, 0xff, 0x60, 0x80, 0x30, 0xff, 0x58, 0x80, 0x38, 0xff,
    0x58, 0x80, 0x30, 0xff, 0x60, 0x7c, 0x30, 0xff, 0x58, 0x80, 0x38, 0xff,
    0x58, 0x80, 0x30, 0xff, 0x60, 0x7c, 0x30, 0xff, 0x58, 0x80, 0x38, 0xff,
    0x58, 0x80, 0x38, 0xff, 0x60, 0x80, 0x30, 0xff, 0x58, 0x80, 0x30, 0xff,
    0x58, 0x80, 0x30, 0xff, 0x60, 0x80, 0x30, 0xff, 0x58, 0x80, 0x38, 0xff,
    0x58, 0x80, 0x30, 0xff, 0x60, 0x7c, 0x30, 0xff, 0x58, 0x80, 0x38, 0xff,
    0x58, 0x80, 0x30, 0xff, 0x60, 0x80, 0x30, 0xff, 0x58, 0x80, 0x38, 0xff,
    0x58, 0x80, 0x30, 0xff, 0x60, 0x80, 0x30, 0xff, 0x58, 0x80, 0x38, 0xff,
    0x58, 0x80, 0x30, 0xff, 0x60, 0x80, 0x30, 0xff, 0x58, 0x80, 0x38, 0xff,
    0x58, 0x80, 0x38, 0xff, 0x60, 0x7c, 0x30, 0xff, 0x58, 0x80, 0x30, 0xff,
    0x60, 0x80, 0x30, 0xff, 0x60, 0x7c, 0x30, 0xff, 0x60, 0x80, 0x38, 0xff,
    0x60, 0x80, 0x30, 0xff, 0x58, 0x80, 0x30, 0xff, 0x58, 0x7c, 0x38, 0xff,
    0x60, 0x80, 0x30, 0xff, 0x58, 0x80, 0x30, 0xff, 0x58, 0x7c, 0x38, 0xff,
    0x60, 0x80, 0x30, 0xff, 0x58, 0x80, 0x38, 0xff, 0x58, 0x80, 0x30, 0xff,
    0x60, 0x80, 0x30, 0xff, 0x60, 0x80, 0x38, 0xff, 0x58, 0x80, 0x30, 0xff,
    0x60, 0x80, 0x30, 0xff, 0x58, 0x80, 0x38, 0xff, 0x58, 0x80, 0x30, 0xff,
    0x60, 0x80, 0x38, 0xff, 0x58, 0x80, 0x30, 0xff, 0x58, 0x80, 0x38, 0xff,
    0x60, 0x80, 0x30, 0xff, 0x58, 0x80, 0x30, 0xff, 0x60, 0x80, 0x38, 0xff,
    0x60, 0x80, 0x30, 0xff, 0x58, 0x80, 0x30, 0xff, 0x58, 0x80, 0x38, 0xff,
    0x60, 0x80, 0x30, 0xff, 0x60, 0x7c, 0x30, 0xff, 0x58, 0x80, 0x38, 0xff,
    0x60, 0x7c, 0x30, 0xff, 0x60, 0x80, 0x30, 0xff, 0x58, 0x7c, 0x30, 0xff,
    0x58, 0x80, 0x30, 0xff, 0x60, 0x80, 0x30, 0xff, 0x58, 0x7c, 0x38, 0xff,
    0x60, 0x80, 0x30, 0xff, 0x60, 0x80, 0x38, 0xff, 0x58, 0x7c, 0x30, 0xff,
    0x60, 0x80, 0x30, 0xff, 0x60, 0x80, 0x38, 0xff, 0x58, 0x80, 0x30, 0xff,
    0x58, 0x7c, 0x30, 0xff, 0x60, 0x80, 0x30, 0xff, 0x58, 0x80, 0x30, 0xff,
    0x58, 0x7c, 0x38, 0xff, 0x60, 0x80, 0x30, 0xff, 0x58, 0x80, 0x38, 0xff,
    0x58, 0x80, 0x30, 0xff, 0x60, 0x80, 0x38, 0xff, 0x58, 0x7c, 0x30, 0xff,
    0x60, 0x80, 0x30, 0xff, 0x60, 0x7c, 0x38, 0xff, 0x58, 0x80, 0x30, 0xff,
    0x60, 0x80, 0x30, 0xff, 0x60, 0x80, 0x38, 0xff, 0x58, 0x80, 0x30, 0xff,
    0x58, 0x80, 0x30, 0xff, 0x60, 0x80, 0x38, 0xff, 0x58, 0x80, 0x30, 0xff,
    0x60, 0x7c, 0x30, 0xff, 0x58, 0x80, 0x38, 0xff, 0x60, 0x80, 0x30, 0xff,
    0x58, 0x80, 0x38, 0xff, 0x58, 0x80, 0x30, 0xff, 0x60, 0x7c, 0x38, 0xff,
    0x58, 0x80, 0x30, 0xff, 0x60, 0x80, 0x30, 0xff, 0x60, 0x7c, 0x38, 0xff,
    0x58, 0x80, 0x30, 0xff, 0x60, 0x80, 0x30, 0xff, 0x58, 0x80, 0x30, 0xff,
    0x58, 0x80, 0x30, 0xff, 0x60, 0x80, 0x38, 0xff, 0x58, 0x80, 0x30, 0xff,
    0x58, 0x80, 0x30, 0xff, 0x60, 0x80, 0x30, 0xff, 0x58, 0x7c, 0x30, 0xff,
    0x58, 0x80, 0x38, 0xff, 0x60, 0x80, 0x30, 0xff, 0x60, 0x7c, 0x30, 0xff,
    0x58, 0x80, 0x38, 0xff, 0x60, 0x80, 0x30, 0xff, 0x58, 0x7c, 0x30, 0xff,
    0x60, 0x80, 0x38, 0xff, 0x58, 0x7c, 0x30, 0xff, 0x58, 0x7c, 0x30, 0xff,
    0x60, 0x80, 0x38, 0xff, 0x60, 0x7c, 0x30, 0xff, 0x58, 0x80, 0x30, 0xff,
    0x60, 0x7c, 0x30, 0xff, 0x60, 0x80, 0x38, 0xff, 0x58, 0x80, 0x30, 0xff,
    0x60, 0x80, 0x38, 0xff, 0x60, 0x80, 0x30, 0xff, 0x58, 0x80, 0x30, 0xff,
    0x60, 0x7c, 0x38, 0xff, 0x60, 0x80, 0x30, 0xff, 0x58, 0x80, 0x30, 0xff,
    0x60, 0x7c, 0x38, 0xff, 0x60, 0x80, 0x30, 0xff, 0x58, 0x7c, 0x30, 0xff,
    0x60, 0x80, 0x38, 0xff, 0x60, 0x80, 0x30, 0xff, 0x58, 0x7c, 0x38, 0xff,
    0x60, 0x80, 0x38, 0xff, 0x60, 0x80, 0x30, 0xff, 0x58, 0x7c, 0x38, 0xff,
    0x60, 0x80, 0x30, 0xff, 0x60, 0x7c, 0x30, 0xff, 0x58, 0x7c, 0x38, 0xff,
    0x60, 0x80, 0x30, 0xff, 0x60, 0x7c, 0x38, 0xff, 0x58, 0x80, 0x30, 0xff,
    0x60, 0x7c, 0x30, 0xff, 0x60, 0x80, 0x38, 0xff, 0x58, 0x80, 0x30, 0xff,
    0x60, 0x80, 0x30, 0xff, 0x60, 0x80, 0x38, 0xff, 0x58, 0x80, 0x30, 0xff,
    0x60, 0x7c, 0x30, 0xff, 0x60, 0x80, 0x38, 0xff, 0x58, 0x80, 0x30, 0xff,
    0x60, 0x7c, 0x30, 0xff, 0x60, 0x80, 0x38, 0xff, 0x58, 0x7c, 0x30, 0xff,
    0x60, 0x80, 0x30, 0xff, 0x60, 0x80, 0x38, 0xff, 0x58, 0x7c, 0x30, 0xff,
    0x60, 0x80, 0x30, 0xff, 0x60, 0x80, 0x38, 0xff, 0x58, 0x7c, 0x30, 0xff,
    0x60, 0x80, 0x30, 0xff, 0x60, 0x7c, 0x38, 0xff, 0x58, 0x7c, 0x30, 0xff,
    0x60, 0x80, 0x30, 0xff, 0x60, 0x7c, 0x38, 0xff, 0x58, 0x80, 0x30, 0xff,
    0x60, 0x7c, 0x30, 0xff, 0x60, 0x80, 0x38, 0xff, 0x58, 0x80, 0x30, 0xff,
    0x60, 0x80, 0x30, 0xff, 0x60, 0x80, 0x38, 0xff, 0x58, 0x80, 0x30, 0xff,
    0x60, 0x7c, 0x30, 0xff, 0x60, 0x80, 0x38, 0xff, 0x58, 0x80, 0x30, 0xff,
    0x60, 0x7c, 0x30, 0xff, 0x60, 0x80, 0x38, 0xff, 0x58, 0x7c, 0x30, 0xff,
    0x60, 0x80, 0x30, 0xff, 0x60, 0x80, 0x38, 0xff, 0x58, 0x7c, 0x30, 0xff,
    0x60, 0x80, 0x30, 0xff, 0x60, 0x80, 0x38, 0xff, 0x58, 0x7c, 0x30, 0xff,
    0x60, 0x80, 0x30, 0xff, 0x60, 0x7c, 0x38, 0xff, 0x58, 0x7c, 0x30, 0xff,
    0x60, 0x80, 0x30, 0xff, 0x60, 0x7c, 0x38, 0xff, 0x58, 0x80, 0x30, 0xff,
    0x60, 0x7c, 0x30, 0xff, 0x60, 0x80, 0x38, 0xff, 0x58, 0x80, 0x30, 0xff,
    0x60, 0x80, 0x30, 0xff, 0x60, 0x80, 0x38, 0xff, 0x58, 0x80, 0x30, 0xff,
    0x60, 0x7c, 0x30, 0xff, 0x60, 0x80, 0x38, 0xff, 0x58, 0x80, 0x30, 0xff,
    0x60, 0x7c, 0x30, 0xff, 0x60, 0x80, 0x38, 0xff, 0x58, 0x7c, 0x30, 0xff,
    0x60, 0x80, 0x30, 0xff, 0x60, 0x80, 0x38, 0xff, 0x58, 0x7c, 0x30, 0xff,
    0x60, 0x80, 0x30, 0xff, 0x60, 0x80, 0x38, 0xff, 0x58, 0x7c, 0x30, 0xff,
    0x60, 0x80, 0x30, 0xff, 0x60, 0x7c, 0x38, 0xff, 0x58, 0x7c, 0x30, 0xff,
    0x60, 0x80, 0x30, 0xff, 0x60, 0x7c, 0x38, 0xff, 0x58, 0x80, 0x30, 0xff,
    0x60, 0x7c, 0x30, 0xff, 0x60, 0x80, 0x38, 0xff, 0x58, 0x80, 0x30, 0xff,
    0x60, 0x80, 0x30, 0xff, 0x60, 0x80, 0x38, 0xff, 0x58, 0x80, 0x30, 0xff,
    0x60, 0x7c, 0x30, 0xff, 0x60, 0x80, 0x38, 0xff, 0x58, 0x80, 0x30, 0xff,
    0x60, 0x7c, 0x30, 0xff, 0x60, 0x80, 0x38, 0xff, 0x58, 0x7c, 0x30, 0xff,
    0x60, 0x80, 0x30, 0xff, 0x60, 0x80, 0x38, 0xff, 0x58, 0x7c, 0x30, 0xff,
    0x60, 0x80, 0x30, 0xff, 0x60, 0x80, 0x38, 0xff, 0x58, 0x7c, 0x30, 0xff,
    0x60, 0x80, 0x30, 0xff, 0x60, 0x7c, 0x38, 0xff, 0x58, 0x7c, 0x30, 0xff,
    0x60, 0x80, 0x30, 0xff, 0x60, 0x7c, 0x38, 0xff, 0x58, 0x80, 0x30, 0xff,
    0x60, 0x7c, 0x30, 0xff, 0x60, 0x80, 0x38, 0xff, 0x58, 0x80, 0x30, 0xff,
    0x60, 0x80, 0x30, 0xff, 0x60, 0x80, 0x38, 0xff, 0x58, 0x80, 0x30, 0xff,
    0x60, 0x7c, 0x30, 0xff, 0x60, 0x80, 0x38, 0xff, 0x58, 0x80, 0x30, 0xff,
    0x60, 0x7c, 0x30, 0xff, 0x60, 0x80, 0x38, 0xff, 0x58, 0x7c, 0x30, 0xff,
    0x60, 0x80, 0x30, 0xff, 0x60, 0x80, 0x38, 0xff, 0x58, 0x7c, 0x30, 0xff,
    0x60, 0x80, 0x30, 0xff, 0x60, 0x80, 0x38, 0xff, 0x58, 0x7c, 0x30, 0xff,
    0x60, 0x80, 0x30, 0xff, 0x60, 0x7c, 0x38, 0xff, 0x58, 0x7c, 0x30, 0xff,
    0x60, 0x80, 0x30, 0xff, 0x60, 0x7c, 0x38, 0xff, 0x58, 0x80, 0x30, 0xff,
    0x60, 0x7c, 0x30, 0xff, 0x60, 0x80, 0x38, 0xff, 0x58, 0x80, 0x30, 0xff,
    0x60, 0x80, 0x30, 0xff, 0x60, 0x80, 0x38, 0xff, 0x58, 0x80, 0x30, 0xff,
    0x60, 0x7c, 0x30, 0xff, 0x60, 0x80, 0x38, 0xff, 0x58, 0x80, 0x30, 0xff,
    0x60, 0x7c, 0x30, 0xff, 0x60, 0x80, 0x38, 0xff, 0x58, 0x7c, 0x30, 0xff,
    0x60, 0x80, 0x30, 0xff, 0x60, 0x80, 0x38, 0xff, 0x58, 0x7c, 0x30, 0xff,
    0x60, 0x80, 0x30, 0xff, 0x60, 0x80, 0x38, 0xff, 0x58, 0x7c, 0x30, 0xff,
    0x60, 0x80, 0x30, 0xff, 0x60, 0x7c, 0x38, 0xff, 0x58, 0x7c, 0x30, 0xff,
    0x60, 0x80, 0x30, 0xff, 0x60, 0x7c, 0x38, 0xff, 0x58, 0x80, 0x30, 0xff,
    0x60, 0x7c, 0x30, 0xff, 0x60, 0x80, 0x38, 0xff, 0x58, 0x80, 0x30, 0xff,
    0x60, 0x80, 0x30, 0xff, 0x60, 0x80, 0x38, 0xff, 0x58, 0x80, 0x30, 0xff,
    0x60, 0x7c, 0x30, 0xff, 0x60, 0x80, 0x38, 0xff, 0x58, 0x80, 0x30, 0xff,
    0x60, 0x7c, 0x30, 0xff, 0x60, 0x80, 0x38, 0xff, 0x58, 0x7c, 0x30, 0xff,
    0x60, 0x80, 0x30, 0xff, 0x60, 0x80, 0x38, 0xff, 0x58, 0x7c, 0x30, 0xff,
    0x60, 0x80, 0x30, 0xff, 0x60, 0x80, 0x38, 0xff, 0x58, 0x7c, 0x30, 0xff,
    0x60, 0x80, 0x30, 0xff, 0x60, 0x7c, 0x38, 0xff, 0x58, 0x7c, 0x30, 0xff,
    0x60, 0x80, 0x30, 0xff, 0x60, 0x7c, 0x38, 0xff, 0x58, 0x80, 0x30, 0xff,
    0x60, 0x7c, 0x30, 0xff, 0x60, 0x80, 0x38, 0xff, 0x58, 0x80, 0x30, 0xff,
    0x60, 0x80, 0x30, 0xff, 0x60, 0x80, 0x38, 0xff, 0x58, 0x80, 0x30, 0xff,
    0x60, 0x7c, 0x30, 0xff, 0x60, 0x80, 0x38, 0xff, 0x58, 0x80, 0x30, 0xff,
    0x60, 0x7c, 0x30, 0xff, 0x60, 0x80, 0x38, 0xff, 0x58, 0x7c, 0x30, 0xff,
    0x60, 0x80, 0x30, 0xff, 0x60, 0x80, 0x38, 0xff, 0x58, 0x7c, 0x30, 0xff,
    0x60, 0x80, 0x30, 0xff, 0x60, 0x80, 0x38, 0xff, 0x58, 0x7c, 0x30, 0xff,
    0x60, 0x80, 0x30, 0xff, 0x60, 0x7c, 0x38, 0xff, 0x58, 0x7c, 0x30, 0xff,
    0x60, 0x80, 0x30, 0xff, 0x60, 0x7c, 0x38, 0xff, 0x58, 0x80, 0x30, 0xff,
    0x60, 0x7c, 0x30, 0xff, 0x60, 0x80, 0x38, 0xff, 0x58, 0x80, 0x30, 0xff,
    0x60, 0x80, 0x30, 0xff, 0x60, 0x80, 0x38, 0xff, 0x58, 0x80, 0x30, 0xff,
    0x60, 0x7c, 0x30, 0xff, 0x60, 0x80, 0x38, 0xff, 0x58, 0x80, 0x30, 0xff,
    0x60, 0x7c, 0x30, 0xff, 0x60, 0x80, 0x38, 0xff, 0x58, 0x7c, 0x30, 0xff,
    0x60, 0x80, 0x30, 0xff, 0x60, 0x80, 0x38, 0xff, 0x58, 0x7c, 0x30, 0xff,
    0x60, 0x80, 0x30, 0xff, 0x60, 0x80, 0x38, 0xff, 0x58, 0x7c, 0x30, 0xff,
    0x60, 0x80, 0x30, 0xff, 0x60, 0x7c, 0x38, 0xff, 0x58, 0x7c, 0x30, 0xff,
    0x60, 0x80, 0x30, 0xff, 0x60, 0x7c, 0x38, 0xff, 0x58, 0x80, 0x30, 0xff,
    0x60, 0x7c, 0x30, 0xff, 0x60, 0x80, 0x38, 0xff, 0x58, 0x80, 0x30, 0xff,
    0x60, 0x80, 0x30, 0xff, 0x60, 0x80, 0x38, 0xff, 0x58, 0x80, 0x30, 0xff,
    0x60, 0x7c, 0x30, 0xff, 0x60, 0x80, 0x38, 0xff, 0x58, 0x80, 0x30, 0xff,
    0x60, 0x7c, 0x30, 0xff, 0x60, 0x80, 0x38, 0xff, 0x58, 0x7c, 0x30, 0xff,
    0x60, 0x80, 0x30, 0xff, 0x60, 0x80, 0x38, 0xff, 0x58, 0x7c, 0x30, 0xff,
    0x60, 0x80, 0x30, 0xff, 0x60, 0x80, 0x38, 0xff, 0x58, 0x7c, 0x30, 0xff,
    0x60, 0x80, 0x30, 0xff, 0x60, 0x7c, 0x38, 0xff, 0x58, 0x7c, 0x30, 0xff,
    0x60, 0x80, 0x30, 0xff, 0x60, 0x7c, 0x38, 0xff, 0x58, 0x80, 0x30, 0xff,
    0x60, 0x7c, 0x30, 0xff, 0x60, 0x80, 0x38, 0xff, 0x58, 0x80, 0x30, 0xff,
    0x60, 0x80, 0x30, 0xff, 0x58, 0x80, 0x38, 0xff, 0x58, 0x80, 0x30, 0xff,
    0x58, 0x7c, 0x30, 0xff, 0x60, 0x80, 0x38, 0xff, 0x58, 0x80, 0x30, 0xff,
    0x60, 0x7c, 0x30, 0xff, 0x60, 0x80, 0x38, 0xff, 0x58, 0x80, 0x30, 0xff,
    0x60, 0x80, 0x30, 0xff, 0x60, 0x80, 0x38, 0xff, 0x58, 0x7c, 0x30, 0xff,
    0x60, 0x80, 0x30, 0xff, 0x58, 0x80, 0x38, 0xff, 0x60, 0x7c, 0x30, 0xff,
    0x58, 0x7c, 0x30, 0xff, 0x60, 0x80, 0x38, 0xff, 0x60, 0x80, 0x30, 0xff,
    0x58, 0x80, 0x30, 0xff, 0x60, 0x7c, 0x38, 0xff, 0x60, 0x80, 0x30, 0xff,
    0x58, 0x7c, 0x30, 0xff, 0x60, 0x80, 0x38, 0xff, 0x58, 0x7c, 0x30, 0xff,
    0x58, 0x80, 0x30, 0xff, 0x60, 0x80, 0x38, 0xff, 0x60, 0x7c, 0x30, 0xff,
    0x58, 0x80, 0x38, 0xff, 0x60, 0x80, 0x38, 0xff, 0x58, 0x80, 0x30, 0xff,
    0x60, 0x80, 0x38, 0xff, 0x58, 0x80, 0x30, 0xff, 0x58, 0x80, 0x30, 0xff,
    0x60, 0x80, 0x38, 0xff, 0x60, 0x80, 0x30, 0xff, 0x60, 0x80, 0x30, 0xef,
    0x58, 0x80, 0x30, 0xff, 0x58, 0x80, 0x30, 0xff, 0x60, 0x80, 0x38, 0xff,
    0x58, 0x7c, 0x30, 0xff, 0x58, 0x80, 0x30, 0xff, 0x60, 0x80, 0x38, 0xff,
    0x58, 0x80, 0x30, 0xff, 0x58, 0x7c, 0x38, 0xff, 0x60, 0x80, 0x38, 0xff,
    0x58, 0x80, 0x30, 0xff, 0x58, 0x80, 0x30, 0xff, 0x60, 0x80, 0x30, 0xff,
    0x60, 0x7c, 0x38, 0xff, 0x58, 0x80, 0x30, 0xff, 0x60, 0x80, 0x30, 0xff,
    0x58, 0x7c, 0x38, 0xff, 0x58, 0x80, 0x30, 0xff, 0x60, 0x80, 0x30, 0xff,
    0x58, 0x80, 0x38, 0xff, 0x58, 0x7c, 0x30, 0xff, 0x60, 0x80, 0x38, 0xff,
    0x60, 0x7c, 0x30, 0xff, 0x58, 0x80, 0x38, 0xff, 0x60, 0x7c, 0x30, 0xff,
    0x58, 0x80, 0x38, 0xff, 0x60, 0x80, 0x30, 0xff, 0x58, 0x80, 0x38, 0xff,
    0x60, 0x7c, 0x30, 0xff, 0x58, 0x80, 0x30, 0xff, 0x60, 0x80, 0x38, 0xff,
    0x60, 0x7c, 0x30, 0xff, 0x58, 0x80, 0x30, 0xff, 0x58, 0x80, 0x38, 0xff,
    0x60, 0x7c, 0x30, 0xff, 0x58, 0x80, 0x38, 0xff, 0x60, 0x80, 0x30, 0xff,
    0x60, 0x7c, 0x38, 0xff, 0x58, 0x80, 0x38, 0xff, 0x60, 0x80, 0x30, 0xff,
    0x60, 0x7c, 0x30, 0xff, 0x58, 0x80, 0x38, 0xff, 0x60, 0x80, 0x38, 0xff,
    0x60, 0x80, 0x30, 0xff, 0x58, 0x7c, 0x30, 0xff, 0x60, 0x80, 0x38, 0xff,
    0x58, 0x80, 0x30, 0xff, 0x58, 0x80, 0x30, 0xff, 0x60, 0x80, 0x38, 0xff,
    0x60, 0x80, 0x30, 0xff, 0x58, 0x80, 0x30, 0xff, 0x60, 0x80, 0x38, 0xff,
    0x60, 0x80, 0x30, 0xff, 0x58, 0x80, 0x30, 0xff, 0x60, 0x80, 0x38, 0xff,
    0x58, 0x80, 0x38, 0xff, 0x58, 0x7c, 0x30, 0xff, 0x60, 0x80, 0x38, 0xff,
    0x58, 0x80, 0x30, 0xff, 0x58, 0x7c, 0x30, 0xff, 0x60, 0x80, 0x38, 0xff,
    0x58, 0x80, 0x30, 0xff, 0x58, 0x7c, 0x38, 0xff, 0x60, 0x80, 0x30, 0xff,
    0x58, 0x80, 0x30, 0xff, 0x60, 0x7c, 0x38, 0xff, 0x58, 0x80, 0x30, 0xff,
    0x60, 0x80, 0x30, 0xff, 0x58, 0x7c, 0x38, 0xff, 0x58, 0x80, 0x30, 0xff,
    0x60, 0x80, 0x30, 0xff, 0x58, 0x80, 0x30, 0xff, 0x58, 0x80, 0x30, 0xff,
    0x60, 0x80, 0x38, 0xff, 0x58, 0x80, 0x30, 0xff, 0x58, 0x80, 0x38, 0xff,
    0x60, 0x80, 0x30, 0xff, 0x58, 0x80, 0x30, 0xff, 0x58, 0x80, 0x38, 0xff,
    0x60, 0x80, 0x30, 0xff, 0x58, 0x7c, 0x30, 0xff, 0x58, 0x80, 0x38, 0xff,
    0x60, 0x80, 0x30, 0xff, 0x58, 0x7c, 0x38, 0xff, 0x58, 0x80, 0x30, 0xff,
    0x60, 0x80, 0x38, 0xff, 0x58, 0x7c, 0x30, 0xff, 0x58, 0x80, 0x30, 0xff,
    0x60, 0x80, 0x38, 0xff, 0x58, 0x7c, 0x30, 0xff, 0x58, 0x80, 0x30, 0xff,
    0x60, 0x80, 0x38, 0xff, 0x58, 0x7c, 0x38, 0xff, 0x58, 0x80, 0x30, 0xff,
    0x60, 0x80, 0x38, 0xff, 0x58, 0x80, 0x30, 0xff, 0x58, 0x80, 0x38, 0xff,
    0x60, 0x80, 0x30, 0xff, 0x58, 0x80, 0x30, 0xff, 0x58, 0x80, 0x38, 0xff,
    0x60, 0x80, 0x30, 0xff, 0x58, 0x80, 0x38, 0xff, 0x58, 0x80, 0x30, 0xff,
    0x60, 0x80, 0x38, 0xff, 0x58, 0x7c, 0x30, 0xff, 0x58, 0x80, 0x30, 0xff,
    0x60, 0x80, 0x38, 0xff, 0x58, 0x7c, 0x30, 0xff, 0x58, 0x80, 0x30, 0xff,
    0x60, 0x80, 0x38, 0xff, 0x58, 0x7c, 0x38, 0xff, 0x58, 0x80, 0x30, 0xff,
    0x60, 0x80, 0x38, 0xff, 0x58, 0x7c, 0x30, 0xff, 0x58, 0x80, 0x38, 0xff,
    0x60, 0x80, 0x30, 0xff, 0x58, 0x7c, 0x30, 0xff, 0x58, 0x80, 0x38, 0xff,
    0x60, 0x80, 0x30, 0xff, 0x58, 0x80, 0x38, 0xff, 0x58, 0x80, 0x30, 0xff,
    0x60, 0x80, 0x38, 0xff, 0x58, 0x80, 0x30, 0xff, 0x58, 0x80, 0x30, 0xff,
    0x60, 0x80, 0x38, 0xff, 0x58, 0x80, 0x30, 0xff, 0x58, 0x80, 0x30, 0xff,
    0x60, 0x80, 0x38, 0xff, 0x58, 0x7c, 0x38, 0xff, 0x58, 0x80, 0x30, 0xff,
    0x60, 0x80, 0x38, 0xff, 0x58, 0x7c, 0x30, 0xff, 0x58, 0x80, 0x38, 0xff,
    0x60, 0x80, 0x30, 0xff, 0x58, 0x7c, 0x30, 0xff, 0x58, 0x80, 0x38, 0xff,
    0x60, 0x80, 0x30, 0xff, 0x58, 0x7c, 0x38, 0xff, 0x58, 0x80, 0x30, 0xff,
    0x60, 0x80, 0x38, 0xff, 0x58, 0x7c, 0x30, 0xff, 0x58, 0x80, 0x30, 0xff,
    0x60, 0x80, 0x38, 0xff, 0x58, 0x80, 0x30, 0xff, 0x58, 0x80, 0x30, 0xff,
    0x60, 0x80, 0x38, 0xff, 0x58, 0x80, 0x38, 0xff, 0x58, 0x80, 0x30, 0xff,
    0x60, 0x80, 0x38, 0xff, 0x58, 0x80, 0x30, 0xff, 0x58, 0x80, 0x38, 0xff,
    0x60, 0x80, 0x30, 0xff, 0x58, 0x7c, 0x30, 0xff, 0x58, 0x80, 0x38, 0xff,
    0x60, 0x80, 0x30, 0xff, 0x58, 0x7c, 0x38, 0xff, 0x58, 0x80, 0x30, 0xff,
    0x60, 0x80, 0x38, 0xff, 0x58, 0x7c, 0x30, 0xff, 0x58, 0x80, 0x30, 0xff,
    0x60, 0x80, 0x38, 0xff, 0x58, 0x7c, 0x30, 0xff, 0x58, 0x80, 0x30, 0xff,
    0x60, 0x80, 0x38, 0xff, 0x58, 0x7c, 0x38, 0xff, 0x58, 0x80, 0x30, 0xff,
    0x60, 0x80, 0x38, 0xff, 0x58, 0x80, 0x30, 0xff, 0x58, 0x80, 0x38, 0xff,
    0x60, 0x80, 0x30, 0xff, 0x58, 0x80, 0x30, 0xff, 0x58, 0x80, 0x38, 0xff,
    0x60, 0x80, 0x30, 0xff, 0x58, 0x80, 0x38, 0xff, 0x58, 0x80, 0x30, 0xff,
    0x60, 0x80, 0x38, 0xff, 0x58, 0x7c, 0x30, 0xff, 0x58, 0x80, 0x30, 0xff,
    0x60, 0x80, 0x38, 0xff, 0x58, 0x7c, 0x30, 0xff, 0x58, 0x80, 0x30, 0xff,
    0x60, 0x80, 0x38, 0xff, 0x58, 0x7c, 0x38, 0xff, 0x58, 0x80, 0x30, 0xff,
    0x60, 0x80, 0x38, 0xff, 0x58, 0x7c, 0x30, 0xff, 0x58, 0x80, 0x38, 0xff,
    0x60, 0x80, 0x30, 0xff, 0x58, 0x7c, 0x30, 0xff, 0x58, 0x80, 0x38, 0xff,
    0x60, 0x80, 0x30, 0xff, 0x58, 0x80, 0x38, 0xff, 0x58, 0x80, 0x30, 0xff,
    0x60, 0x80, 0x38, 0xff, 0x58, 0x80, 0x30, 0xff, 0x58, 0x80, 0x30, 0xff,
    0x60, 0x80, 0x38, 0xff, 0x58, 0x80, 0x30, 0xff, 0x58, 0x80, 0x30, 0xff,
    0x60, 0x80, 0x38, 0xff, 0x58, 0x7c, 0x38, 0xff, 0x58, 0x80, 0x30, 0xff,
    0x60, 0x80, 0x38, 0xff, 0x58, 0x7c, 0x30, 0xff, 0x58, 0x80, 0x38, 0xff,
    0x60, 0x80, 0x30, 0xff, 0x58, 0x7c, 0x30, 0xff, 0x58, 0x80, 0x38, 0xff,
    0x60, 0x80, 0x30, 0xff, 0x58, 0x7c, 0x38, 0xff, 0x58, 0x80, 0x30, 0xff,
    0x60, 0x80, 0x38, 0xff, 0x58, 0x7c, 0x30, 0xff, 0x58, 0x80, 0x30, 0xff,
    0x60, 0x80, 0x38, 0xff, 0x58, 0x80, 0x30, 0xff, 0x58, 0x80, 0x30, 0xff,
    0x60, 0x80, 0x38, 0xff, 0x58, 0x80, 0x38, 0xff, 0x58, 0x80, 0x30, 0xff,
    0x60, 0x80, 0x38, 0xff, 0x58, 0x80, 0x30, 0xff, 0x58, 0x80, 0x38, 0xff,
    0x60, 0x80, 0x30, 0xff, 0x58, 0x7c, 0x30, 0xff, 0x58, 0x80, 0x38, 0xff,
    0x60, 0x80, 0x30, 0xff, 0x58, 0x7c, 0x38, 0xff, 0x58, 0x80, 0x30, 0xff,
    0x60, 0x80, 0x38, 0xff, 0x58, 0x7c, 0x30, 0xff, 0x58, 0x80, 0x30, 0xff,
    0x60, 0x80, 0x38, 0xff, 0x58, 0x7c, 0x30, 0xff, 0x58, 0x80, 0x30, 0xff,
    0x60, 0x80, 0x38, 0xff, 0x58, 0x7c, 0x38, 0xff, 0x58, 0x80, 0x30, 0xff,
    0x60, 0x80, 0x38, 0xff, 0x58, 0x80, 0x30, 0xff, 0x58, 0x80, 0x38, 0xff,
    0x60, 0x80, 0x30, 0xff, 0x58, 0x80, 0x30, 0xff, 0x58, 0x80, 0x38, 0xff,
    0x60, 0x80, 0x30, 0xff, 0x58, 0x80, 0x38, 0xff, 0x58, 0x80, 0x30, 0xff,
    0x60, 0x80, 0x38, 0xff, 0x58, 0x7c, 0x30, 0xff, 0x58, 0x80, 0x30, 0xff,
    0x60, 0x80, 0x38, 0xff, 0x58, 0x7c, 0x30, 0xff, 0x58, 0x80, 0x30, 0xff,
    0x60, 0x80, 0x38, 0xff, 0x58, 0x7c, 0x38, 0xff, 0x58, 0x80, 0x30, 0xff,
    0x60, 0x80, 0x38, 0xff, 0x58, 0x7c, 0x30, 0xff, 0x58, 0x80, 0x38, 0xff,
    0x60, 0x80, 0x30, 0xff, 0x58, 0x7c, 0x30, 0xff, 0x58, 0x80, 0x38, 0xff,
    0x60, 0x80, 0x30, 0xff, 0x58, 0x80, 0x38, 0xff, 0x58, 0x80, 0x30, 0xff,
    0x60, 0x80, 0x38, 0xff, 0x58, 0x80, 0x30, 0xff, 0x58, 0x80, 0x30, 0xff,
    0x60, 0x80, 0x38, 0xff, 0x58, 0x80, 0x30, 0xff, 0x58, 0x80, 0x30, 0xff,
    0x60, 0x80, 0x38, 0xff, 0x58, 0x7c, 0x38, 0xff, 0x58, 0x80, 0x30, 0xff,
    0x60, 0x80, 0x38, 0xff, 0x58, 0x7c, 0x30, 0xff, 0x58, 0x80, 0x38, 0xff,
    0x60, 0x80, 0x30, 0xff, 0x58, 0x7c, 0x30, 0xff, 0x58, 0x80, 0x38, 0xff,
    0x60, 0x80, 0x30, 0xff, 0x58, 0x7c, 0x38, 0xff, 0x58, 0x80, 0x30, 0xff,
    0x60, 0x80, 0x38, 0xff, 0x58, 0x7c, 0x30, 0xff, 0x58, 0x80, 0x30, 0xff,
    0x60, 0x80, 0x38, 0xff, 0x58, 0x80, 0x30, 0xff, 0x58, 0x80, 0x30, 0xff,
    0x60, 0x80, 0x38, 0xff, 0x58, 0x80, 0x38, 0xff, 0x58, 0x80, 0x30, 0xff,
    0x60, 0x80, 0x38, 0xff, 0x58, 0x80, 0x30, 0xff, 0x58, 0x80, 0x38, 0xff,
    0x60, 0x80, 0x30, 0xff, 0x58, 0x7c, 0x30, 0xff, 0x58, 0x80, 0x38, 0xff,
    0x60, 0x80, 0x30, 0xff, 0x58, 0x7c, 0x38, 0xff, 0x58, 0x80, 0x30, 0xff,
    0x60, 0x80, 0x38, 0xff, 0x58, 0x7c, 0x30, 0xff, 0x58, 0x80, 0x30, 0xff,
    0x60, 0x80, 0x38, 0xff, 0x58, 0x7c, 0x30, 0xff, 0x58, 0x80, 0x30, 0xff,
    0x60, 0x80, 0x38, 0xff, 0x58, 0x7c, 0x38, 0xff, 0x58, 0x80, 0x30, 0xff,
    0x60, 0x80, 0x38, 0xff, 0x58, 0x80, 0x30, 0xff, 0x58, 0x80, 0x38, 0xff,
    0x60, 0x80, 0x30, 0xff, 0x58, 0x80, 0x30, 0xff, 0x58, 0x80, 0x38, 0xff,
    0x60, 0x80, 0x30, 0xff, 0x58, 0x80, 0x38, 0xff, 0x58, 0x80, 0x30, 0xff,
    0x60, 0x80, 0x38, 0xff, 0x58, 0x7c, 0x30, 0xff, 0x58, 0x80, 0x30, 0xff,
    0x60, 0x80, 0x38, 0xff, 0x60, 0x7c, 0x30, 0xff, 0x58, 0x80, 0x30, 0xff,
    0x60, 0x80, 0x38, 0xff, 0x60, 0x7c, 0x38, 0xff, 0x58, 0x80, 0x30, 0xff,
    0x58, 0x80, 0x38, 0xff, 0x60, 0x80, 0x30, 0xff, 0x58, 0x80, 0x38, 0xff,
    0x60, 0x80, 0x30, 0xff, 0x58, 0x7c, 0x30, 0xff, 0x60, 0x80, 0x38, 0xff,
    0x58, 0x80, 0x30, 0xff, 0x60, 0x80, 0x30, 0xff, 0x60, 0x7c, 0x38, 0xff,
    0x58, 0x80, 0x38, 0xff, 0x58, 0x80, 0x30, 0xff, 0x60, 0x80, 0x30, 0xff,
    0x58, 0x7c, 0x38, 0xff, 0x58, 0x80, 0x30, 0xff, 0x60, 0x80, 0x30, 0xff,
    0x58, 0x7c, 0x38, 0xff, 0x58, 0x80, 0x30, 0xff, 0x60, 0x80, 0x30, 0xff,
    0x60, 0x80, 0x38, 0xff, 0x58, 0x7c, 0x30, 0xff, 0x60, 0x80, 0x38, 0xff,
    0x58, 0x80, 0x30, 0xff, 0x58, 0x7c, 0x30, 0xff, 0x60, 0x80, 0x30, 0xff,
    0x58, 0x7c, 0x30, 0xff, 0x60, 0x7c, 0x30, 0xff, 0x58, 0x80, 0x38, 0xff,
    0x60, 0x80, 0x30, 0xff, 0x58, 0x7c, 0x38, 0xff, 0x58, 0x80, 0x30, 0xff,
    0x60, 0x80, 0x38, 0xef, 0x58, 0x7c, 0x38, 0xcf, 0x60, 0x80, 0x30, 0xff,
    0x60, 0x80, 0x38, 0xff, 0x58, 0x7c, 0x30, 0xff, 0x60, 0x80, 0x30, 0xff,
    0x60, 0x80, 0x38, 0xff, 0x58, 0x80, 0x30, 0xff, 0x60, 0x7c, 0x30, 0xff,
    0x60, 0x80, 0x30, 0xff, 0x60, 0x80, 0x38, 0xff, 0x58, 0x7c, 0x38, 0xff,
    0x60, 0x80, 0x30, 0xff, 0x60, 0x80, 0x38, 0xff, 0x58, 0x80, 0x30, 0xff,
    0x60, 0x7c, 0x30, 0xff, 0x60, 0x80, 0x38, 0xff, 0x58, 0x80, 0x30, 0xff,
    0x60, 0x80, 0x30, 0xff, 0x60, 0x80, 0x38, 0xff, 0x58, 0x80, 0x30, 0xff,
    0x58, 0x80, 0x30, 0xff, 0x60, 0x7c, 0x38, 0xff, 0x58, 0x80, 0x30, 0xff,
    0x58, 0x80, 0x30, 0xff, 0x60, 0x80, 0x38, 0xff, 0x60, 0x7c, 0x30, 0xff,
    0x58, 0x80, 0x30, 0xff, 0x60, 0x80, 0x38, 0xff, 0x58, 0x80, 0x30, 0xff,
    0x60, 0x7c, 0x30, 0xff, 0x58, 0x80, 0x38, 0xff, 0x60, 0x80, 0x30, 0xff,
    0x58, 0x80, 0x30, 0xff, 0x60, 0x80, 0x38, 0xff, 0x58, 0x80, 0x30, 0xff,
    0x58, 0x80, 0x30, 0xff, 0x60, 0x80, 0x38, 0xff, 0x58, 0x7c, 0x30, 0xff,
    0x58, 0x80, 0x30, 0xff, 0x60, 0x80, 0x38, 0xff, 0x58, 0x7c, 0x30, 0xff,
    0x58, 0x80, 0x30, 0xff, 0x60, 0x80, 0x38, 0xff, 0x58, 0x7c, 0x30, 0xff,
    0x60, 0x80, 0x38, 0xff, 0x60, 0x80, 0x30, 0xff, 0x58, 0x7c, 0x38, 0xff,
    0x58, 0x80, 0x30, 0xff, 0x60, 0x7c, 0x38, 0xff, 0x58, 0x80, 0x30, 0xff,
    0x58, 0x80, 0x30, 0xff, 0x60, 0x7c, 0x38, 0xff, 0x58, 0x80, 0x30, 0xff,
    0x60, 0x80, 0x30, 0xff, 0x58, 0x80, 0x38, 0xff, 0x60, 0x80, 0x30, 0xff,
    0x60, 0x80, 0x30, 0xff, 0x58, 0x80, 0x38, 0xff, 0x60, 0x80, 0x30, 0xff,
    0x60, 0x7c, 0x30, 0xff, 0x58, 0x80, 0x38, 0xff, 0x60, 0x80, 0x30, 0xff,
    0x60, 0x7c, 0x30, 0xff, 0x58, 0x80, 0x38, 0xff, 0x58, 0x80, 0x30, 0xff,
    0x60, 0x80, 0x38, 0xff, 0x58, 0x80, 0x30, 0xff, 0x58, 0x80, 0x38, 0xff,
    0x60, 0x80, 0x30, 0xff, 0x60, 0x7c, 0x38, 0xff, 0x58, 0x80, 0x30, 0xff,
    0x60, 0x7c, 0x30, 0xff, 0x60, 0x80, 0x38, 0xff, 0x58, 0x7c, 0x30, 0xff,
    0x60, 0x80, 0x30, 0xff, 0x60, 0x80, 0x38, 0xff, 0x58, 0x7c, 0x30, 0xff,
    0x60, 0x80, 0x30, 0xff, 0x60, 0x80, 0x38, 0xff, 0x58, 0x80, 0x30, 0xff,
    0x60, 0x80, 0x30, 0xff, 0x60, 0x80, 0x38, 0xff, 0x58, 0x80, 0x30, 0xff,
    0x60, 0x7c, 0x30, 0xff, 0x60, 0x80, 0x38, 0xff, 0x58, 0x80, 0x30, 0xff,
    0x60, 0x7c, 0x38, 0xff, 0x60, 0x80, 0x30, 0xff, 0x58, 0x80, 0x30, 0xff,
    0x60, 0x80, 0x38, 0xff, 0x60, 0x80, 0x30, 0xff, 0x58, 0x80, 0x30, 0xff,
    0x60, 0x80, 0x30, 0xff, 0x60, 0x7c, 0x38, 0xff, 0x58, 0x80, 0x30, 0xff,
    0x60, 0x7c, 0x30, 0xff, 0x60, 0x80, 0x38, 0xff, 0x58, 0x7c, 0x30, 0xff,
    0x60, 0x80, 0x38, 0xff, 0x60, 0x80, 0x30, 0xff, 0x58, 0x7c, 0x30, 0xff,
    0x60, 0x80, 0x38, 0xff, 0x60, 0x80, 0x30, 0xff, 0x58, 0x80, 0x30, 0xff,
    0x60, 0x80, 0x38, 0xff, 0x60, 0x80, 0x30, 0xff, 0x58, 0x80, 0x38, 0xff,
    0x60, 0x7c, 0x30, 0xff, 0x60, 0x80, 0x30, 0xff, 0x58, 0x80, 0x38, 0xff,
    0x60, 0x7c, 0x30, 0xff, 0x60, 0x80, 0x30, 0xff, 0x58, 0x80, 0x30, 0xff,
    0x60, 0x80, 0x38, 0xff, 0x60, 0x80, 0x30, 0xff, 0x58, 0x80, 0x30, 0xff,
    0x60, 0x80, 0x38, 0xff, 0x60, 0x7c, 0x30, 0xff, 0x58, 0x80, 0x30, 0xff,
    0x60, 0x7c, 0x38, 0xff, 0x60, 0x80, 0x30, 0xff, 0x58, 0x7c, 0x30, 0xff,
    0x60, 0x80, 0x38, 0xff, 0x60, 0x80, 0x30, 0xff, 0x58, 0x7c, 0x38, 0xff,
    0x60, 0x80, 0x30, 0xff, 0x60, 0x80, 0x30, 0xff, 0x58, 0x80, 0x38, 0xff,
    0x60, 0x80, 0x30, 0xff, 0x60, 0x80, 0x30, 0xff, 0x58, 0x80, 0x30, 0xff,
    0x60, 0x7c, 0x38, 0xff, 0x60, 0x80, 0x30, 0xff, 0x58, 0x80, 0x30, 0xff,
    0x60, 0x7c, 0x38, 0xff, 0x60, 0x80, 0x30, 0xff, 0x58, 0x80, 0x30, 0xff,
    0x60, 0x80, 0x38, 0xff, 0x60, 0x80, 0x30, 0xff, 0x58, 0x80, 0x30, 0xff,
    0x60, 0x80, 0x38, 0xff, 0x60, 0x7c, 0x30, 0xff, 0x58, 0x80, 0x38, 0xff,
    0x60, 0x7c, 0x30, 0xff, 0x60, 0x80, 0x30, 0xff, 0x58, 0x7c, 0x38, 0xff,
    0x60, 0x80, 0x30, 0xff, 0x60, 0x80, 0x30, 0xff, 0x58, 0x7c, 0x30, 0xff,
    0x60, 0x80, 0x38, 0xff, 0x60, 0x80, 0x30, 0xff, 0x58, 0x80, 0x30, 0xff,
    0x60, 0x80, 0x38, 0xff, 0x60, 0x80, 0x30, 0xff, 0x58, 0x80, 0x30, 0xff,
    0x60, 0x7c, 0x38, 0xff, 0x60, 0x80, 0x30, 0xff, 0x58, 0x80, 0x30, 0xff,
    0x60, 0x7c, 0x38, 0xff, 0x60, 0x80, 0x30, 0xff, 0x58, 0x80, 0x38, 0xff,
    0x60, 0x80, 0x30, 0xff, 0x60, 0x80, 0x30, 0xff, 0x58, 0x80, 0x38, 0xff,
    0x60, 0x80, 0x30, 0xff, 0x60, 0x7c, 0x30, 0xff, 0x58, 0x80, 0x30, 0xff,
    0x60, 0x7c, 0x38, 0xff, 0x60, 0x80, 0x30, 0xff, 0x58, 0x7c, 0x30, 0xff,
    0x60, 0x80, 0x38, 0xff, 0x60, 0x80, 0x30, 0xff, 0x58, 0x7c, 0x30, 0xff,
    0x60, 0x80, 0x38, 0xff, 0x60, 0x80, 0x30, 0xff, 0x58, 0x80, 0x30, 0xff,
    0x60, 0x80, 0x38, 0xff, 0x60, 0x80, 0x30, 0xff, 0x58, 0x80, 0x38, 0xff,
    0x60, 0x7c, 0x30, 0xff, 0x60, 0x80, 0x30, 0xff, 0x58, 0x80, 0x38, 0xff,
    0x60, 0x7c, 0x30, 0xff, 0x60, 0x80, 0x30, 0xff, 0x58, 0x80, 0x30, 0xff,
    0x60, 0x80, 0x38, 0xff, 0x60, 0x80, 0x30, 0xff, 0x58, 0x80, 0x30, 0xff,
    0x60, 0x80, 0x38, 0xff, 0x60, 0x7c, 0x30, 0xff, 0x58, 0x80, 0x30, 0xff,
    0x60, 0x7c, 0x38, 0xff, 0x60, 0x80, 0x30, 0xff, 0x58, 0x7c, 0x30, 0xff,
    0x60, 0x80, 0x38, 0xff, 0x60, 0x80, 0x30, 0xff, 0x58, 0x7c, 0x38, 0xff,
    0x60, 0x80, 0x30, 0xff, 0x60, 0x80, 0x30, 0xff, 0x58, 0x80, 0x38, 0xff,
    0x60, 0x80, 0x30, 0xff, 0x60, 0x80, 0x30, 0xff, 0x58, 0x80, 0x30, 0xff,
    0x60, 0x7c, 0x38, 0xff, 0x60, 0x80, 0x30, 0xff, 0x58, 0x80, 0x30, 0xff,
    0x60, 0x7c, 0x38, 0xff, 0x60, 0x80, 0x30, 0xff, 0x58, 0x80, 0x30, 0xff,
    0x60, 0x80, 0x38, 0xff, 0x60, 0x80, 0x30, 0xff, 0x58, 0x80, 0x30, 0xff,
    0x60, 0x80, 0x38, 0xff, 0x60, 0x7c, 0x30, 0xff, 0x58, 0x80, 0x38, 0xff,
    0x60, 0x7c, 0x30, 0xff, 0x60, 0x80, 0x30, 0xff, 0x58, 0x7c, 0x38, 0xff,
    0x60, 0x80, 0x30, 0xff, 0x60, 0x80, 0x30, 0xff, 0x58, 0x7c, 0x30, 0xff,
    0x60, 0x80, 0x38, 0xff, 0x60, 0x80, 0x30, 0xff, 0x58, 0x80, 0x30, 0xff,
    0x60, 0x80, 0x38, 0xff, 0x60, 0x80, 0x30, 0xff, 0x58, 0x80, 0x30, 0xff,
    0x60, 0x7c, 0x38, 0xff, 0x60, 0x80, 0x30, 0xff, 0x58, 0x80, 0x30, 0xff,
    0x60, 0x7c, 0x38, 0xff, 0x60, 0x80, 0x30, 0xff, 0x58, 0x80, 0x38, 0xff,
    0x60, 0x80, 0x30, 0xff, 0x60, 0x80, 0x30, 0xff, 0x58, 0x80, 0x38, 0xff,
    0x60, 0x80, 0x30, 0xff, 0x60, 0x7c, 0x30, 0xff, 0x58, 0x80, 0x30, 0xff,
    0x60, 0x7c, 0x38, 0xff, 0x60, 0x80, 0x30, 0xff, 0x58, 0x7c, 0x30, 0xff,
    0x60, 0x80, 0x38, 0xff, 0x60, 0x80, 0x30, 0xff, 0x58, 0x7c, 0x30, 0xff,
    0x60, 0x80, 0x38, 0xff, 0x60, 0x80, 0x30, 0xff, 0x58, 0x80, 0x30, 0xff,
    0x60, 0x80, 0x38, 0xff, 0x60, 0x80, 0x30, 0xff, 0x58, 0x80, 0x38, 0xff,
    0x60, 0x7c, 0x30, 0xff, 0x60, 0x80, 0x30, 0xff, 0x58, 0x80, 0x38, 0xff,
    0x60, 0x7c, 0x30, 0xff, 0x60, 0x80, 0x30, 0xff, 0x58, 0x80, 0x30, 0xff,
    0x60, 0x80, 0x38, 0xff, 0x60, 0x80, 0x30, 0xff, 0x58, 0x80, 0x30, 0xff,
    0x60, 0x80, 0x38, 0xff, 0x60, 0x7c, 0x30, 0xff, 0x58, 0x80, 0x30, 0xff,
    0x60, 0x7c, 0x38, 0xff, 0x60, 0x80, 0x30, 0xff, 0x58, 0x7c, 0x30, 0xff,
    0x60, 0x80, 0x38, 0xff, 0x60, 0x80, 0x30, 0xff, 0x58, 0x7c, 0x38, 0xff,
    0x60, 0x80, 0x30, 0xff, 0x60, 0x80, 0x30, 0xff, 0x58, 0x80, 0x38, 0xff,
    0x60, 0x80, 0x30, 0xff, 0x60, 0x80, 0x30, 0xff, 0x58, 0x80, 0x30, 0xff,
    0x60, 0x7c, 0x38, 0xff, 0x60, 0x80, 0x30, 0xff, 0x58, 0x80, 0x30, 0xff,
    0x60, 0x7c, 0x38, 0xff, 0x60, 0x80, 0x30, 0xff, 0x58, 0x80, 0x30, 0xff,
    0x60, 0x80, 0x38, 0xff, 0x60, 0x80, 0x30, 0xff, 0x58, 0x80, 0x30, 0xff,
    0x60, 0x80, 0x38, 0xff, 0x60, 0x7c, 0x30, 0xff, 0x58, 0x80, 0x38, 0xff,
    0x60, 0x7c, 0x30, 0xff, 0x60, 0x80, 0x30, 0xff, 0x58, 0x7c, 0x38, 0xff,
    0x60, 0x80, 0x30, 0xff, 0x60, 0x80, 0x30, 0xff, 0x58, 0x7c, 0x30, 0xff,
    0x60, 0x80, 0x38, 0xff, 0x60, 0x80, 0x30, 0xff, 0x58, 0x80, 0x30, 0xff,
    0x60, 0x80, 0x38, 0xff, 0x60, 0x80, 0x30, 0xff, 0x58, 0x80, 0x30, 0xff,
    0x60, 0x7c, 0x38, 0xff, 0x60, 0x80, 0x30, 0xff, 0x58, 0x80, 0x30, 0xff,
    0x60, 0x7c, 0x38, 0xff, 0x60, 0x80, 0x30, 0xff, 0x58, 0x80, 0x38, 0xff,
    0x60, 0x80, 0x30, 0xff, 0x60, 0x80, 0x30, 0xff, 0x58, 0x80, 0x38, 0xff,
    0x60, 0x80, 0x30, 0xff, 0x60, 0x7c, 0x30, 0xff, 0x58, 0x80, 0x30, 0xff,
    0x60, 0x7c, 0x38, 0xff, 0x60, 0x80, 0x30, 0xff, 0x58, 0x7c, 0x30, 0xff,
    0x60, 0x80, 0x38, 0xff, 0x60, 0x80, 0x30, 0xff, 0x58, 0x7c, 0x30, 0xff,
    0x60, 0x80, 0x38, 0xff, 0x60, 0x80, 0x30, 0xff, 0x58, 0x80, 0x30, 0xff,
    0x60, 0x80, 0x38, 0xff, 0x58, 0x80, 0x30, 0xff, 0x58, 0x80, 0x38, 0xff,
    0x60, 0x7c, 0x30, 0xff, 0x58, 0x80, 0x30, 0xff, 0x58, 0x80, 0x38, 0xff,
    0x60, 0x7c, 0x30, 0xff, 0x60, 0x80, 0x30, 0xff, 0x58, 0x80, 0x30, 0xff,
    0x60, 0x7c, 0x38, 0xff, 0x58, 0x80, 0x30, 0xff, 0x58, 0x80, 0x30, 0xff,
    0x60, 0x7c, 0x38, 0xff, 0x58, 0x80, 0x38, 0xff, 0x58, 0x80, 0x30, 0xff,
    0x60, 0x80, 0x30, 0xff, 0x58, 0x80, 0x38, 0xff, 0x60, 0x7c, 0x30, 0xff,
    0x60, 0x80, 0x30, 0xff, 0x58, 0x80, 0x38, 0xff, 0x60, 0x80, 0x30, 0xff,
    0x58, 0x80, 0x38, 0xff, 0x60, 0x80, 0x30, 0xff, 0x60, 0x80, 0x38, 0xff,
    0x58, 0x80, 0x30, 0xff, 0x60, 0x80, 0x38, 0xff, 0x58, 0x80, 0x30, 0xff,
    0x60, 0x80, 0x30, 0xff, 0x60, 0x80, 0x38, 0xff, 0x58, 0x80, 0x30, 0xff,
    0x60, 0x80, 0x38, 0xff, 0x58, 0x80, 0x38, 0xff, 0x60, 0x80, 0x30, 0xff,
    0x58, 0x80, 0x30, 0xff, 0x60, 0x80, 0x38, 0xff, 0x60, 0x7c, 0x30, 0xff,
    0x58, 0x80, 0x30, 0xff, 0x60, 0x80, 0x30, 0xff, 0x58, 0x7c, 0x30, 0xbe,
    0x58, 0x7c, 0x30, 0x8e, 0x60, 0x80, 0x30, 0xff, 0x58, 0x80, 0x38, 0xff,
    0x58, 0x80, 0x30, 0xff, 0x60, 0x80, 0x30, 0xff, 0x58, 0x7c, 0x38, 0xff,
    0x58, 0x80, 0x30, 0xff, 0x60, 0x80, 0x30, 0xff, 0x58, 0x80, 0x38, 0xff,
    0x58, 0x80, 0x30, 0xff, 0x60, 0x80, 0x30, 0xff, 0x58, 0x7c, 0x38, 0xff,
    0x58, 0x80, 0x30, 0xff, 0x58, 0x80, 0x30, 0xff, 0x60, 0x80, 0x38, 0xff,
    0x58, 0x7c, 0x30, 0xff, 0x58, 0x80, 0x38, 0xff, 0x60, 0x7c, 0x30, 0xff,
    0x60, 0x7c, 0x38, 0xff, 0x58, 0x80, 0x30, 0xff, 0x60, 0x80, 0x30, 0xff,
    0x60, 0x80, 0x38, 0xff, 0x58, 0x80, 0x30, 0xff, 0x60, 0x80, 0x30, 0xff,
    0x58, 0x80, 0x38, 0xff, 0x58, 0x80, 0x30, 0xff, 0x60, 0x7c, 0x30, 0xff,
    0x58, 0x80, 0x38, 0xff, 0x60, 0x80, 0x30, 0xff, 0x58, 0x80, 0x30, 0xff,
    0x58, 0x7c, 0x38, 0xff, 0x60, 0x80, 0x30, 0xff, 0x60, 0x7c, 0x38, 0xff,
    0x58, 0x80, 0x30, 0xff, 0x60, 0x7c, 0x30, 0xff, 0x60, 0x80, 0x38, 0xff,
    0x58, 0x80, 0x30, 0xff, 0x60, 0x80, 0x30, 0xff, 0x60, 0x80, 0x30, 0xff,
    0x58, 0x80, 0x38, 0xff, 0x60, 0x80, 0x30, 0xff, 0x60, 0x7c, 0x30, 0xff,
    0x58, 0x80, 0x30, 0xff, 0x58, 0x80, 0x38, 0xff, 0x60, 0x80, 0x30, 0xff,
    0x58, 0x80, 0x30, 0xff, 0x60, 0x80, 0x38, 0xff, 0x60, 0x7c, 0x30, 0xff,
    0x58, 0x80, 0x30, 0xff, 0x60, 0x80, 0x38, 0xff, 0x60, 0x7c, 0x30, 0xff,
    0x58, 0x80, 0x38, 0xff, 0x58, 0x80, 0x30, 0xff, 0x60, 0x7c, 0x30, 0xff,
    0x58, 0x7c, 0x38, 0xff, 0x58, 0x80, 0x30, 0xff, 0x60, 0x7c, 0x30, 0xff,
    0x58, 0x80, 0x38, 0xff, 0x60, 0x80, 0x30, 0xff, 0x58, 0x80, 0x30, 0xff,
    0x58, 0x80, 0x38, 0xff, 0x60, 0x80, 0x30, 0xff, 0x60, 0x80, 0x30, 0xff,
    0x58, 0x80, 0x38, 0xff, 0x60, 0x7c, 0x30, 0xff, 0x60, 0x80, 0x30, 0xff,
    0x58, 0x80, 0x38, 0xff, 0x60, 0x7c, 0x30, 0xff, 0x60, 0x80, 0x30, 0xff,
    0x58, 0x80, 0x38, 0xff, 0x58, 0x80, 0x38, 0xff, 0x60, 0x80, 0x30, 0xff,
    0x58, 0x7c, 0x38, 0xff, 0x58, 0x80, 0x30, 0xff, 0x60, 0x80, 0x30, 0xff,
    0x58, 0x7c, 0x38, 0xff, 0x58, 0x80, 0x30, 0xff, 0x60, 0x80, 0x38, 0xff,
    0x58, 0x7c, 0x30, 0xff, 0x58, 0x80, 0x38, 0xff, 0x60, 0x7c, 0x30, 0xff,
    0x58, 0x80, 0x30, 0xff, 0x58, 0x80, 0x38, 0xff, 0x60, 0x80, 0x30, 0xff,
    0x58, 0x80, 0x30, 0xff, 0x58, 0x80, 0x38, 0xff, 0x60, 0x80, 0x30, 0xff,
    0x58, 0x80, 0x38, 0xff, 0x58, 0x7c, 0x30, 0xff, 0x60, 0x80, 0x38, 0xff,
    0x58, 0x80, 0x38, 0xff, 0x58, 0x7c, 0x30, 0xff, 0x60, 0x80, 0x30, 0xff,
    0x58, 0x80, 0x38, 0xff, 0x58, 0x80, 0x30, 0xff, 0x60, 0x80, 0x30, 0xff,
    0x58, 0x7c, 0x38, 0xff, 0x58, 0x80, 0x30, 0xff, 0x60, 0x80, 0x30, 0xff,
    0x58, 0x7c, 0x38, 0xff, 0x58, 0x80, 0x30, 0xff, 0x60, 0x80, 0x30, 0xff,
    0x58, 0x7c, 0x38, 0xff, 0x58, 0x80, 0x30, 0xff, 0x60, 0x7c, 0x30, 0xff,
    0x58, 0x80, 0x38, 0xff, 0x58, 0x80, 0x30, 0xff, 0x60, 0x80, 0x38, 0xff,
    0x58, 0x80, 0x30, 0xff, 0x58, 0x80, 0x30, 0xff, 0x60, 0x80, 0x38, 0xff,
    0x58, 0x80, 0x30, 0xff, 0x58, 0x7c, 0x30, 0xff, 0x60, 0x80, 0x38, 0xff,
    0x58, 0x80, 0x30, 0xff, 0x58, 0x7c, 0x38, 0xff, 0x60, 0x80, 0x38, 0xff,
    0x58, 0x80, 0x30, 0xff, 0x58, 0x80, 0x30, 0xff, 0x60, 0x80, 0x38, 0xff,
    0x58, 0x7c, 0x30, 0xff, 0x58, 0x80, 0x30, 0xff, 0x60, 0x80, 0x38, 0xff,
    0x58, 0x7c, 0x30, 0xff, 0x58, 0x80, 0x30, 0xff, 0x60, 0x80, 0x38, 0xff,
    0x58, 0x7c, 0x30, 0xff, 0x58, 0x80, 0x30, 0xff, 0x60, 0x7c, 0x38, 0xff,
    0x58, 0x80, 0x30, 0xff, 0x58, 0x80, 0x30, 0xff, 0x60, 0x80, 0x38, 0xff,
    0x58, 0x80, 0x30, 0xff, 0x58, 0x80, 0x38, 0xff, 0x60, 0x80, 0x38, 0xff,
    0x58, 0x80, 0x30, 0xff, 0x58, 0x7c, 0x30, 0xff, 0x60, 0x80, 0x38, 0xff,
    0x58, 0x80, 0x30, 0xff, 0x58, 0x7c, 0x30, 0xff, 0x60, 0x80, 0x38, 0xff,
    0x58, 0x80, 0x30, 0xff, 0x58, 0x80, 0x30, 0xff, 0x60, 0x80, 0x38, 0xff,
    0x58, 0x7c, 0x30, 0xff, 0x58, 0x80, 0x30, 0xff, 0x60, 0x80, 0x38, 0xff,
    0x58, 0x7c, 0x30, 0xff, 0x58, 0x80, 0x30, 0xff, 0x60, 0x80, 0x38, 0xff,
    0x58, 0x7c, 0x30, 0xff, 0x58, 0x80, 0x38, 0xff, 0x60, 0x7c, 0x38, 0xff,
    0x58, 0x80, 0x30, 0xff, 0x58, 0x80, 0x30, 0xff, 0x60, 0x80, 0x38, 0xff,
    0x58, 0x80, 0x30, 0xff, 0x58, 0x80, 0x30, 0xff, 0x60, 0x80, 0x38, 0xff,
    0x58, 0x80, 0x30, 0xff, 0x58, 0x7c, 0x30, 0xff, 0x60, 0x80, 0x38, 0xff,
    0x58, 0x80, 0x30, 0xff, 0x58, 0x7c, 0x30, 0xff, 0x60, 0x80, 0x38, 0xff,
    0x58, 0x80, 0x30, 0xff, 0x58, 0x80, 0x30, 0xff, 0x60, 0x80, 0x38, 0xff,
    0x58, 0x7c, 0x30, 0xff, 0x58, 0x80, 0x38, 0xff, 0x60, 0x80, 0x38, 0xff,
    0x58, 0x7c, 0x30, 0xff, 0x58, 0x80, 0x30, 0xff, 0x60, 0x80, 0x38, 0xff,
    0x58, 0x7c, 0x30, 0xff, 0x58, 0x80, 0x30, 0xff, 0x60, 0x7c, 0x38, 0xff,
    0x58, 0x80, 0x30, 0xff, 0x58, 0x80, 0x30, 0xff, 0x60, 0x80, 0x38, 0xff,
    0x58, 0x80, 0x30, 0xff, 0x58, 0x80, 0x30, 0xff, 0x60, 0x80, 0x38, 0xff,
    0x58, 0x80, 0x30, 0xff, 0x58, 0x7c, 0x30, 0xff, 0x60, 0x80, 0x38, 0xff,
    0x58, 0x80, 0x30, 0xff, 0x58, 0x7c, 0x38, 0xff, 0x60, 0x80, 0x38, 0xff,
    0x58, 0x80, 0x30, 0xff, 0x58, 0x80, 0x30, 0xff, 0x60, 0x80, 0x38, 0xff,
    0x58, 0x7c, 0x30, 0xff, 0x58, 0x80, 0x30, 0xff, 0x60, 0x80, 0x38, 0xff,
    0x58, 0x7c, 0x30, 0xff, 0x58, 0x80, 0x30, 0xff, 0x60, 0x80, 0x38, 0xff,
    0x58, 0x7c, 0x30, 0xff, 0x58, 0x80, 0x30, 0xff, 0x60, 0x7c, 0x38, 0xff,
    0x58, 0x80, 0x30, 0xff, 0x58, 0x80, 0x30, 0xff, 0x60, 0x80, 0x38, 0xff,
    0x58, 0x80, 0x30, 0xff, 0x58, 0x80, 0x38, 0xff, 0x60, 0x80, 0x38, 0xff,
    0x58, 0x80, 0x30, 0xff, 0x58, 0x7c, 0x30, 0xff, 0x60, 0x80, 0x38, 0xff,
    0x58, 0x80, 0x30, 0xff, 0x58, 0x7c, 0x30, 0xff, 0x60, 0x80, 0x38, 0xff,
    0x58, 0x80, 0x30, 0xff, 0x58, 0x80, 0x30, 0xff, 0x60, 0x80, 0x38, 0xff,
    0x58, 0x7c, 0x30, 0xff, 0x58, 0x80, 0x30, 0xff, 0x60, 0x80, 0x38, 0xff,
    0x58, 0x7c, 0x30, 0xff, 0x58, 0x80, 0x30, 0xff, 0x60, 0x80, 0x38, 0xff,
    0x58, 0x7c, 0x30, 0xff, 0x58, 0x80, 0x38, 0xff, 0x60, 0x7c, 0x38, 0xff,
    0x58, 0x80, 0x30, 0xff, 0x58, 0x80, 0x30, 0xff, 0x60, 0x80, 0x38, 0xff,
    0x58, 0x80, 0x30, 0xff, 0x58, 0x80, 0x30, 0xff, 0x60, 0x80, 0x38, 0xff,
    0x58, 0x80, 0x30, 0xff, 0x58, 0x7c, 0x30, 0xff, 0x60, 0x80, 0x38, 0xff,
    0x58, 0x80, 0x30, 0xff, 0x58, 0x7c, 0x30, 0xff, 0x60, 0x80, 0x38, 0xff,
    0x58, 0x80, 0x30, 0xff, 0x58, 0x80, 0x30, 0xff, 0x60, 0x80, 0x38, 0xff,
    0x58, 0x7c, 0x30, 0xff, 0x58, 0x80, 0x38, 0xff, 0x60, 0x80, 0x38, 0xff,
    0x58, 0x7c, 0x30, 0xff, 0x58, 0x80, 0x30, 0xff, 0x60, 0x80, 0x38, 0xff,
    0x58, 0x7c, 0x30, 0xff, 0x58, 0x80, 0x30, 0xff, 0x60, 0x7c, 0x38, 0xff,
    0x58, 0x80, 0x30, 0xff, 0x58, 0x80, 0x30, 0xff, 0x60, 0x80, 0x38, 0xff,
    0x58, 0x80, 0x30, 0xff, 0x58, 0x80, 0x30, 0xff, 0x60, 0x80, 0x38, 0xff,
    0x58, 0x80, 0x30, 0xff, 0x58, 0x7c, 0x30, 0xff, 0x60, 0x80, 0x38, 0xff,
    0x58, 0x80, 0x30, 0xff, 0x58, 0x7c, 0x38, 0xff, 0x60, 0x80, 0x38, 0xff,
    0x58, 0x80, 0x30, 0xff, 0x58, 0x80, 0x30, 0xff, 0x60, 0x80, 0x38, 0xff,
    0x58, 0x7c, 0x30, 0xff, 0x58, 0x80, 0x30, 0xff, 0x60, 0x80, 0x38, 0xff,
    0x58, 0x7c, 0x30, 0xff, 0x58, 0x80, 0x30, 0xff, 0x60, 0x80, 0x38, 0xff,
    0x58, 0x7c, 0x30, 0xff, 0x58, 0x80, 0x30, 0xff, 0x60, 0x7c, 0x38, 0xff,
    0x58, 0x80, 0x30, 0xff, 0x58, 0x80, 0x30, 0xff, 0x60, 0x80, 0x38, 0xff,
    0x58, 0x80, 0x30, 0xff, 0x58, 0x80, 0x38, 0xff, 0x60, 0x80, 0x38, 0xff,
    0x58, 0x80, 0x30, 0xff, 0x58, 0x7c, 0x30, 0xff, 0x60, 0x80, 0x38, 0xff,
    0x58, 0x80, 0x30, 0xff, 0x58, 0x7c, 0x30, 0xff, 0x60, 0x80, 0x38, 0xff,
    0x58, 0x80, 0x30, 0xff, 0x58, 0x80, 0x30, 0xff, 0x60, 0x80, 0x38, 0xff,
    0x58, 0x7c, 0x30, 0xff, 0x58, 0x80, 0x30, 0xff, 0x60, 0x80, 0x38, 0xff,
    0x58, 0x7c, 0x30, 0xff, 0x58, 0x80, 0x30, 0xff, 0x60, 0x80, 0x38, 0xff,
    0x58, 0x7c, 0x30, 0xff, 0x58, 0x80, 0x38, 0xff, 0x60, 0x7c, 0x38, 0xff,
    0x58, 0x80, 0x30, 0xff, 0x58, 0x80, 0x30, 0xff, 0x60, 0x80, 0x38, 0xff,
    0x58, 0x80, 0x30, 0xff, 0x58, 0x80, 0x30, 0xff, 0x60, 0x80, 0x38, 0xff,
    0x58, 0x80, 0x30, 0xff, 0x58, 0x7c, 0x30, 0xff, 0x60, 0x80, 0x38, 0xff,
    0x58, 0x80, 0x30, 0xff, 0x58, 0x7c, 0x30, 0xff, 0x60, 0x80, 0x38, 0xff,
    0x58, 0x80, 0x30, 0xff, 0x58, 0x80, 0x30, 0xff, 0x60, 0x80, 0x38, 0xff,
    0x58, 0x7c, 0x30, 0xff, 0x58, 0x80, 0x38, 0xff, 0x60, 0x80, 0x38, 0xff,
    0x58, 0x7c, 0x30, 0xff, 0x58, 0x80, 0x30, 0xff, 0x60, 0x80, 0x38, 0xff,
    0x58, 0x7c, 0x30, 0xff, 0x60, 0x80, 0x30, 0xff, 0x60, 0x7c, 0x38, 0xff,
    0x58, 0x80, 0x30, 0xff, 0x60, 0x80, 0x30, 0xff, 0x60, 0x80, 0x38, 0xff,
    0x58, 0x80, 0x30, 0xff, 0x58, 0x80, 0x30, 0xff, 0x60, 0x80, 0x38, 0xff,
    0x58, 0x80, 0x30, 0xff, 0x60, 0x7c, 0x30, 0xff, 0x60, 0x80, 0x38, 0xff,
    0x58, 0x80, 0x30, 0xff, 0x60, 0x80, 0x30, 0xff, 0x60, 0x80, 0x38, 0xff,
    0x58, 0x7c, 0x30, 0xff, 0x60, 0x80, 0x30, 0xff, 0x58, 0x80, 0x38, 0xff,
    0x58, 0x80, 0x30, 0xff, 0x60, 0x80, 0x30, 0xff, 0x58, 0x7c, 0x38, 0xff,
    0x60, 0x80, 0x30, 0xff, 0x58, 0x80, 0x30, 0xff, 0x60, 0x7c, 0x38, 0xff,
    0x58, 0x7c, 0x30, 0xff, 0x58, 0x80, 0x30, 0xff, 0x60, 0x7c, 0x38, 0xff,
    0x58, 0x7c, 0x30, 0xff, 0x58, 0x80, 0x30, 0xff, 0x60, 0x7c, 0x38, 0xff,
    0x58, 0x80, 0x30, 0xff, 0x60, 0x7c, 0x30, 0xff, 0x58, 0x80, 0x38, 0xff,
    0x60, 0x80, 0x30, 0xff, 0x58, 0x80, 0x30, 0xff, 0x58, 0x80, 0x38, 0xff,
    0x60, 0x80, 0x30, 0xff, 0x58, 0x80, 0x38, 0xff, 0x60, 0x80, 0x30, 0xff,
    0x60, 0x80, 0x38, 0xff, 0x58, 0x7c, 0x30, 0x8e, 0x60, 0x80, 0x38, 0x41,
    0x58, 0x80, 0x30, 0xff, 0x60, 0x7c, 0x30, 0xff, 0x60, 0x80, 0x38, 0xff,
    0x58, 0x80, 0x30, 0xff, 0x60, 0x7c, 0x38, 0xff, 0x60, 0x80, 0x38, 0xff,
    0x58, 0x80, 0x30, 0xff, 0x58, 0x7c, 0x30, 0xff, 0x60, 0x80, 0x30, 0xff,
    0x60, 0x80, 0x30, 0xff, 0x58, 0x80, 0x38, 0xff, 0x60, 0x7c, 0x30, 0xff,
    0x60, 0x80, 0x30, 0xff, 0x58, 0x80, 0x38, 0xff, 0x60, 0x80, 0x30, 0xff,
    0x58, 0x80, 0x30, 0xff, 0x58, 0x80, 0x38, 0xff, 0x60, 0x80, 0x30, 0xff,
    0x58, 0x80, 0x38, 0xff, 0x58, 0x7c, 0x30, 0xff, 0x60, 0x80, 0x30, 0xff,
    0x58, 0x7c, 0x38, 0xff, 0x60, 0x7c, 0x30, 0xff, 0x60, 0x80, 0x30, 0xff,
    0x58, 0x80, 0x38, 0xff, 0x60, 0x80, 0x30, 0xff, 0x58, 0x7c, 0x38, 0xff,
    0x60, 0x80, 0x30, 0xff, 0x60, 0x80, 0x38, 0xff, 0x58, 0x80, 0x30, 0xff,
    0x60, 0x80, 0x30, 0xff, 0x58, 0x80, 0x38, 0xff, 0x58, 0x7c, 0x30, 0xff,
    0x60, 0x80, 0x30, 0xff, 0x58, 0x80, 0x38, 0xff, 0x58, 0x7c, 0x30, 0xff,
    0x60, 0x80, 0x38, 0xff, 0x58, 0x7c, 0x38, 0xff, 0x58, 0x80, 0x30, 0xff,
    0x60, 0x80, 0x38, 0xff, 0x60, 0x80, 0x30, 0xff, 0x58, 0x7c, 0x38, 0xff,
    0x60, 0x80, 0x30, 0xff, 0x58, 0x80, 0x30, 0xff, 0x58, 0x7c, 0x38, 0xff,
    0x60, 0x80, 0x30, 0xff, 0x58, 0x80, 0x30, 0xff, 0x58, 0x80, 0x38, 0xff,
    0x60, 0x80, 0x30, 0xff, 0x58, 0x80, 0x30, 0xff, 0x60, 0x80, 0x38, 0xff,
    0x60, 0x80, 0x30, 0xff, 0x58, 0x80, 0x38, 0xff, 0x60, 0x80, 0x30, 0xff,
    0x60, 0x80, 0x30, 0xff, 0x58, 0x80, 0x38, 0xff, 0x58, 0x7c, 0x30, 0xff,
    0x60, 0x80, 0x38, 0xff, 0x60, 0x7c, 0x30, 0xff, 0x58, 0x80, 0x38, 0xff,
    0x58, 0x7c, 0x30, 0xff, 0x60, 0x80, 0x38, 0xff, 0x58, 0x80, 0x30, 0xff,
    0x58, 0x7c, 0x30, 0xff, 0x60, 0x80, 0x38, 0xff, 0x58, 0x80, 0x30, 0xff,
    0x58, 0x7c, 0x30, 0xff, 0x60, 0x80, 0x30, 0xff, 0x58, 0x80, 0x30, 0xff,
    0x60, 0x80, 0x30, 0xff, 0x60, 0x80, 0x38, 0xff, 0x58, 0x80, 0x30, 0xff,
    0x60, 0x80, 0x30, 0xff, 0x60, 0x80, 0x38, 0xff, 0x58, 0x80, 0x30, 0xff,
    0x60, 0x80, 0x30, 0xff, 0x60, 0x80, 0x38, 0xff, 0x58, 0x80, 0x30, 0xff,
    0x60, 0x7c, 0x30, 0xff, 0x60, 0x80, 0x38, 0xff, 0x58, 0x80, 0x30, 0xff,
    0x60, 0x7c, 0x38, 0xff, 0x60, 0x80, 0x30, 0xff, 0x58, 0x7c, 0x30, 0xff,
    0x60, 0x80, 0x38, 0xff, 0x60, 0x80, 0x30, 0xff, 0x58, 0x7c, 0x30, 0xff,
    0x60, 0x80, 0x30, 0xff, 0x60, 0x80, 0x30, 0xff, 0x58, 0x7c, 0x38, 0xff,
    0x60, 0x80, 0x30, 0xff, 0x60, 0x80, 0x38, 0xff, 0x58, 0x80, 0x30, 0xff,
    0x60, 0x7c, 0x30, 0xff, 0x60, 0x80, 0x38, 0xff, 0x58, 0x80, 0x30, 0xff,
    0x60, 0x80, 0x30, 0xff, 0x60, 0x80, 0x38, 0xff, 0x58, 0x80, 0x30, 0xff,
    0x60, 0x80, 0x38, 0xff, 0x60, 0x80, 0x30, 0xff, 0x58, 0x80, 0x38, 0xff,
    0x60, 0x7c, 0x30, 0xff, 0x60, 0x80, 0x30, 0xff, 0x58, 0x80, 0x38, 0xff,
    0x60, 0x7c, 0x30, 0xff, 0x60, 0x80, 0x30, 0xff, 0x58, 0x7c, 0x38, 0xff,
    0x60, 0x80, 0x30, 0xff, 0x60, 0x80, 0x38, 0xff, 0x58, 0x7c, 0x30, 0xff,
    0x60, 0x80, 0x38, 0xff, 0x60, 0x80, 0x30, 0xff, 0x58, 0x7c, 0x30, 0xff,
    0x60, 0x80, 0x30, 0xff, 0x60, 0x80, 0x30, 0xff, 0x58, 0x80, 0x38, 0xff,
    0x60, 0x7c, 0x30, 0xff, 0x60, 0x80, 0x38, 0xff, 0x58, 0x80, 0x30, 0xff,
    0x60, 0x80, 0x38, 0xff, 0x60, 0x80, 0x30, 0xff, 0x58, 0x80, 0x30, 0xff,
    0x60, 0x80, 0x38, 0xff, 0x60, 0x80, 0x38, 0xff, 0x58, 0x80, 0x30, 0xff,
    0x60, 0x7c, 0x30, 0xff, 0x60, 0x80, 0x38, 0xff, 0x58, 0x80, 0x38, 0xff,
    0x60, 0x7c, 0x30, 0xff, 0x60, 0x80, 0x30, 0xff, 0x58, 0x7c, 0x38, 0xff,
    0x60, 0x80, 0x30, 0xff, 0x60, 0x80, 0x30, 0xff, 0x58, 0x7c, 0x38, 0xff,
    0x60, 0x80, 0x30, 0xff, 0x60, 0x80, 0x30, 0xff, 0x58, 0x7c, 0x38, 0xff,
    0x60, 0x80, 0x30, 0xff, 0x60, 0x80, 0x38, 0xff, 0x58, 0x80, 0x30, 0xff,
    0x60, 0x7c, 0x30, 0xff, 0x60, 0x80, 0x38, 0xff, 0x58, 0x80, 0x30, 0xff,
    0x60, 0x80, 0x30, 0xff, 0x60, 0x80, 0x38, 0xff, 0x58, 0x80, 0x38, 0xff,
    0x60, 0x80, 0x30, 0xff, 0x60, 0x80, 0x30, 0xff, 0x58, 0x80, 0x38, 0xff,
    0x60, 0x7c, 0x30, 0xff, 0x60, 0x80, 0x30, 0xff, 0x58, 0x80, 0x38, 0xff,
    0x60, 0x7c, 0x30, 0xff, 0x60, 0x80, 0x30, 0xff, 0x58, 0x7c, 0x38, 0xff,
    0x60, 0x80, 0x30, 0xff, 0x60, 0x80, 0x38, 0xff, 0x58, 0x7c, 0x30, 0xff,
    0x60, 0x80, 0x30, 0xff, 0x60, 0x80, 0x38, 0xff, 0x58, 0x7c, 0x30, 0xff,
    0x60, 0x80, 0x30, 0xff, 0x60, 0x80, 0x38, 0xff, 0x58, 0x80, 0x38, 0xff,
    0x60, 0x7c, 0x30, 0xff, 0x60, 0x80, 0x30, 0xff, 0x58, 0x80, 0x38, 0xff,
    0x60, 0x80, 0x30, 0xff, 0x60, 0x80, 0x30, 0xff, 0x58, 0x80, 0x38, 0xff,
    0x60, 0x80, 0x30, 0xff, 0x60, 0x80, 0x30, 0xff, 0x58, 0x80, 0x38, 0xff,
    0x60, 0x7c, 0x30, 0xff, 0x60, 0x80, 0x38, 0xff, 0x58, 0x80, 0x30, 0xff,
    0x60, 0x7c, 0x30, 0xff, 0x60, 0x80, 0x38, 0xff, 0x58, 0x7c, 0x30, 0xff,
    0x60, 0x80, 0x30, 0xff, 0x60, 0x80, 0x38, 0xff, 0x58, 0x7c, 0x38, 0xff,
    0x60, 0x80, 0x30, 0xff, 0x60, 0x80, 0x30, 0xff, 0x58, 0x7c, 0x38, 0xff,
    0x60, 0x80, 0x30, 0xff, 0x60, 0x80, 0x30, 0xff, 0x58, 0x80, 0x38, 0xff,
    0x60, 0x7c, 0x30, 0xff, 0x60, 0x80, 0x30, 0xff, 0x58, 0x80, 0x38, 0xff,
    0x60, 0x80, 0x30, 0xff, 0x60, 0x80, 0x38, 0xff, 0x58, 0x80, 0x30, 0xff,
    0x60, 0x80, 0x30, 0xff, 0x60, 0x80, 0x38, 0xff, 0x58, 0x80, 0x30, 0xff,
    0x60, 0x7c, 0x30, 0xff, 0x60, 0x80, 0x38, 0xff, 0x58, 0x80, 0x38, 0xff,
    0x60, 0x7c, 0x30, 0xff, 0x60, 0x80, 0x30, 0xff, 0x58, 0x7c, 0x38, 0xff,
    0x60, 0x80, 0x30, 0xff, 0x60, 0x80, 0x30, 0xff, 0x58, 0x7c, 0x38, 0xff,
    0x60, 0x80, 0x30, 0xff, 0x60, 0x80, 0x30, 0xff, 0x58, 0x7c, 0x38, 0xff,
    0x60, 0x80, 0x30, 0xff, 0x60, 0x80, 0x38, 0xff, 0x58, 0x80, 0x30, 0xff,
    0x60, 0x7c, 0x30, 0xff, 0x60, 0x80, 0x38, 0xff, 0x58, 0x80, 0x30, 0xff,
    0x60, 0x80, 0x30, 0xff, 0x60, 0x80, 0x38, 0xff, 0x58, 0x80, 0x38, 0xff,
    0x60, 0x80, 0x30, 0xff, 0x60, 0x80, 0x30, 0xff, 0x58, 0x80, 0x38, 0xff,
    0x60, 0x7c, 0x30, 0xff, 0x60, 0x80, 0x30, 0xff, 0x58, 0x80, 0x38, 0xff,
    0x60, 0x7c, 0x30, 0xff, 0x60, 0x80, 0x30, 0xff, 0x58, 0x7c, 0x38, 0xff,
    0x60, 0x80, 0x30, 0xff, 0x60, 0x80, 0x38, 0xff, 0x58, 0x7c, 0x30, 0xff,
    0x60, 0x80, 0x30, 0xff, 0x60, 0x80, 0x38, 0xff, 0x58, 0x7c, 0x30, 0xff,
    0x60, 0x80, 0x30, 0xff, 0x60, 0x80, 0x38, 0xff, 0x58, 0x80, 0x38, 0xff,
    0x60, 0x7c, 0x30, 0xff, 0x60, 0x80, 0x30, 0xff, 0x58, 0x80, 0x38, 0xff,
    0x60, 0x80, 0x30, 0xff, 0x60, 0x80, 0x30, 0xff, 0x58, 0x80, 0x38, 0xff,
    0x60, 0x80, 0x30, 0xff, 0x60, 0x80, 0x30, 0xff, 0x58, 0x80, 0x38, 0xff,
    0x60, 0x7c, 0x30, 0xff, 0x60, 0x80, 0x38, 0xff, 0x58, 0x80, 0x30, 0xff,
    0x60, 0x7c, 0x30, 0xff, 0x60, 0x80, 0x38, 0xff, 0x58, 0x7c, 0x30, 0xff,
    0x60, 0x80, 0x30, 0xff, 0x60, 0x80, 0x38, 0xff, 0x58, 0x7c, 0x38, 0xff,
    0x60, 0x80, 0x30, 0xff, 0x60, 0x80, 0x30, 0xff, 0x58, 0x7c, 0x38, 0xff,
    0x60, 0x80, 0x30, 0xff, 0x60, 0x80, 0x30, 0xff, 0x58, 0x80, 0x38, 0xff,
    0x60, 0x7c, 0x30, 0xff, 0x60, 0x80, 0x30, 0xff, 0x58, 0x80, 0x38, 0xff,
    0x60, 0x80, 0x30, 0xff, 0x60, 0x80, 0x38, 0xff, 0x58, 0x80, 0x30, 0xff,
    0x60, 0x80, 0x30, 0xff, 0x60, 0x80, 0x38, 0xff, 0x58, 0x80, 0x30, 0xff,
    0x60, 0x7c, 0x30, 0xff, 0x60, 0x80, 0x38, 0xff, 0x58, 0x80, 0x38, 0xff,
    0x60, 0x7c, 0x30, 0xff, 0x60, 0x80, 0x30, 0xff, 0x58, 0x7c, 0x38, 0xff,
    0x60, 0x80, 0x30, 0xff, 0x60, 0x80, 0x30, 0xff, 0x58, 0x7c, 0x38, 0xff,
    0x60, 0x80, 0x30, 0xff, 0x60, 0x80, 0x30, 0xff, 0x58, 0x7c, 0x38, 0xff,
    0x60, 0x80, 0x30, 0xff, 0x60, 0x80, 0x38, 0xff, 0x58, 0x80, 0x30, 0xff,
    0x60, 0x7c, 0x30, 0xff, 0x60, 0x80, 0x38, 0xff, 0x58, 0x80, 0x30, 0xff,
    0x60, 0x80, 0x30, 0xff, 0x60, 0x80, 0x38, 0xff, 0x58, 0x80, 0x38, 0xff,
    0x60, 0x80, 0x30, 0xff, 0x60, 0x80, 0x30, 0xff, 0x58, 0x80, 0x38, 0xff,
    0x60, 0x7c, 0x30, 0xff, 0x60, 0x80, 0x30, 0xff, 0x58, 0x80, 0x38, 0xff,
    0x60, 0x7c, 0x30, 0xff, 0x60, 0x80, 0x30, 0xff, 0x58, 0x7c, 0x38, 0xff,
    0x60, 0x80, 0x30, 0xff, 0x60, 0x80, 0x38, 0xff, 0x58, 0x7c, 0x30, 0xff,
    0x60, 0x80, 0x30, 0xff, 0x60, 0x80, 0x38, 0xff, 0x58, 0x7c, 0x30, 0xff,
    0x60, 0x80, 0x30, 0xff, 0x60, 0x80, 0x38, 0xff, 0x58, 0x80, 0x38, 0xff,
    0x60, 0x7c, 0x30, 0xff, 0x60, 0x80, 0x30, 0xff, 0x58, 0x80, 0x38, 0xff,
    0x60, 0x80, 0x30, 0xff, 0x60, 0x80, 0x30, 0xff, 0x58, 0x80, 0x38, 0xff,
    0x60, 0x80, 0x30, 0xff, 0x58, 0x80, 0x30, 0xff, 0x58, 0x80, 0x38, 0xff,
    0x60, 0x7c, 0x30, 0xff, 0x58, 0x80, 0x38, 0xff, 0x58, 0x80, 0x30, 0xff,
    0x60, 0x7c, 0x30, 0xff, 0x60, 0x80, 0x38, 0xff, 0x58, 0x7c, 0x30, 0xff,
    0x60, 0x7c, 0x30, 0xff, 0x60, 0x80, 0x38, 0xff, 0x58, 0x80, 0x38, 0xff,
    0x58, 0x80, 0x30, 0xff, 0x60, 0x7c, 0x38, 0xff, 0x58, 0x80, 0x30, 0xff,
    0x60, 0x80, 0x30, 0xff, 0x58, 0x7c, 0x38, 0xff, 0x60, 0x80, 0x30, 0xff,
    0x60, 0x80, 0x30, 0xff, 0x58, 0x7c, 0x38, 0xff, 0x60, 0x80, 0x30, 0xff,
    0x58, 0x80, 0x30, 0xff, 0x58, 0x80, 0x38, 0xff, 0x60, 0x7c, 0x30, 0xff,
    0x60, 0x80, 0x30, 0xff, 0x58, 0x80, 0x38, 0xff, 0x60, 0x80, 0x30, 0xff,
    0x58, 0x80, 0x30, 0xff, 0x60, 0x80, 0x38, 0xff, 0x60, 0x80, 0x30, 0xff,
    0x58, 0x80, 0x30, 0xff, 0x58, 0x80, 0x38, 0xff, 0x60, 0x7c, 0x30, 0xff,
    0x58, 0x80, 0x30, 0xff, 0x60, 0x80, 0x38, 0xff, 0x60, 0x7c, 0x30, 0xff,
    0x58, 0x7c, 0x30, 0xff, 0x60, 0x80, 0x38, 0xff, 0x58, 0x7c, 0x30, 0xff,
    0x58, 0x80, 0x30, 0xff, 0x60, 0x7c, 0x38, 0xff, 0x58, 0x80, 0x30, 0xff,
    0x58, 0x80, 0x30, 0x51, 0x60, 0x80, 0x30, 0x10, 0x58, 0x80, 0x30, 0xef,
    0x60, 0x80, 0x38, 0xff, 0x58, 0x7c, 0x30, 0xff, 0x58, 0x80, 0x30, 0xff,
    0x60, 0x80, 0x30, 0xff, 0x60, 0x80, 0x38, 0xff, 0x58, 0x80, 0x30, 0xff,
    0x60, 0x7c, 0x38, 0xff, 0x60, 0x80, 0x38, 0xff, 0x58, 0x80, 0x30, 0xff,
    0x60, 0x7c, 0x30, 0xff, 0x58, 0x80, 0x38, 0xff, 0x60, 0x80, 0x30, 0xff,
    0x58, 0x7c, 0x38, 0xff, 0x60, 0x80, 0x30, 0xff, 0x60, 0x80, 0x30, 0xff,
    0x58, 0x80, 0x38, 0xff, 0x60, 0x80, 0x30, 0xff, 0x60, 0x7c, 0x30, 0xff,
    0x58, 0x80, 0x38, 0xff, 0x60, 0x80, 0x30, 0xff, 0x58, 0x80, 0x38, 0xff,
    0x58, 0x80, 0x30, 0xff, 0x60, 0x7c, 0x38, 0xff, 0x58, 0x80, 0x30, 0xff,
    0x60, 0x80, 0x30, 0xff, 0x58, 0x80, 0x30, 0xff, 0x58, 0x7c, 0x38, 0xff,
    0x60, 0x80, 0x30, 0xff, 0x58, 0x80, 0x30, 0xff, 0x60, 0x7c, 0x38, 0xff,
    0x58, 0x80, 0x30, 0xff, 0x60, 0x80, 0x38, 0xff, 0x60, 0x80, 0x30, 0xff,
    0x58, 0x80, 0x30, 0xff, 0x60, 0x80, 0x38, 0xff, 0x60, 0x7c, 0x30, 0xff,
    0x58, 0x80, 0x30, 0xff, 0x60, 0x80, 0x30, 0xff, 0x58, 0x7c, 0x38, 0xff,
    0x58, 0x80, 0x30, 0xff, 0x60, 0x80, 0x30, 0xff, 0x60, 0x80, 0x38, 0xff,
    0x58, 0x7c, 0x30, 0xff, 0x60, 0x80, 0x38, 0xff, 0x60, 0x80, 0x30, 0xff,
    0x58, 0x7c, 0x30, 0xff, 0x60, 0x80, 0x38, 0xff, 0x58, 0x7c, 0x30, 0xff,
    0x58, 0x80, 0x30, 0xff, 0x60, 0x7c, 0x38, 0xff, 0x58, 0x80, 0x30, 0xff,
    0x58, 0x80, 0x30, 0xff, 0x60, 0x7c, 0x38, 0xff, 0x60, 0x80, 0x30, 0xff,
    0x58, 0x80, 0x30, 0xff, 0x60, 0x80, 0x38, 0xff, 0x58, 0x80, 0x30, 0xff,
    0x60, 0x80, 0x30, 0xff, 0x60, 0x7c, 0x30, 0xff, 0x58, 0x80, 0x38, 0xff,
    0x60, 0x80, 0x30, 0xff, 0x60, 0x80, 0x30, 0xff, 0x58, 0x80, 0x38, 0xff,
    0x60, 0x80, 0x30, 0xff, 0x60, 0x80, 0x38, 0xff, 0x58, 0x80, 0x38, 0xff,
    0x60, 0x7c, 0x38, 0xff, 0x58, 0x80, 0x30, 0xff, 0x60, 0x7c, 0x30, 0xff,
    0x58, 0x7c, 0x38, 0xff, 0x58, 0x80, 0x30, 0xff, 0x60, 0x80, 0x38, 0xff,
    0x58, 0x7c, 0x30, 0xff, 0x58, 0x80, 0x30, 0xff, 0x60, 0x7c, 0x38, 0xff,
    0x58, 0x80, 0x30, 0xff, 0x58, 0x80, 0x30, 0xff, 0x60, 0x80, 0x38, 0xff,
    0x58, 0x80, 0x30, 0xff, 0x58, 0x80, 0x30, 0xff, 0x60, 0x7c, 0x38, 0xff,
    0x58, 0x80, 0x30, 0xff, 0x58, 0x80, 0x30, 0xff, 0x60, 0x7c, 0x38, 0xff,
    0x58, 0x80, 0x30, 0xff, 0x58, 0x80, 0x38, 0xff, 0x60, 0x80, 0x30, 0xff,
    0x58, 0x80, 0x30, 0xff, 0x58, 0x80, 0x30, 0xff, 0x60, 0x80, 0x38, 0xff,
    0x58, 0x7c, 0x30, 0xff, 0x58, 0x80, 0x30, 0xff, 0x60, 0x80, 0x38, 0xff,
    0x58, 0x80, 0x30, 0xff, 0x58, 0x80, 0x30, 0xff, 0x60, 0x7c, 0x38, 0xff,
    0x58, 0x80, 0x30, 0xff, 0x58, 0x7c, 0x30, 0xff, 0x60, 0x80, 0x38, 0xff,
    0x58, 0x80, 0x30, 0xff, 0x58, 0x7c, 0x30, 0xff, 0x60, 0x80, 0x38, 0xff,
    0x58, 0x80, 0x30, 0xff, 0x58, 0x80, 0x30, 0xff, 0x60, 0x80, 0x38, 0xff,
    0x58, 0x7c, 0x30, 0xff, 0x58, 0x80, 0x30, 0xff, 0x60, 0x80, 0x38, 0xff,
    0x58, 0x7c, 0x30, 0xff, 0x58, 0x80, 0x30, 0xff, 0x60, 0x80, 0x38, 0xff,
    0x58, 0x80, 0x30, 0xff, 0x58, 0x80, 0x38, 0xff, 0x60, 0x80, 0x30, 0xff,
    0x58, 0x7c, 0x30, 0xff, 0x58, 0x80, 0x38, 0xff, 0x60, 0x80, 0x30, 0xff,
    0x58, 0x80, 0x30, 0xff, 0x58, 0x80, 0x38, 0xff, 0x60, 0x7c, 0x30, 0xff,
    0x58, 0x80, 0x30, 0xff, 0x58, 0x7c, 0x38, 0xff, 0x60, 0x80, 0x30, 0xff,
    0x58, 0x80, 0x30, 0xff, 0x58, 0x7c, 0x38, 0xff, 0x60, 0x80, 0x30, 0xff,
    0x58, 0x80, 0x30, 0xff, 0x58, 0x80, 0x38, 0xff, 0x60, 0x80, 0x30, 0xff,
    0x58, 0x7c, 0x30, 0xff, 0x58, 0x80, 0x38, 0xff, 0x60, 0x80, 0x30, 0xff,
    0x58, 0x7c, 0x30, 0xff, 0x58, 0x80, 0x38, 0xff, 0x60, 0x80, 0x30, 0xff,
    0x58, 0x80, 0x30, 0xff, 0x58, 0x80, 0x38, 0xff, 0x60, 0x80, 0x30, 0xff,
    0x58, 0x7c, 0x30, 0xff, 0x58, 0x80, 0x38, 0xff, 0x60, 0x80, 0x30, 0xff,
    0x58, 0x80, 0x38, 0xff, 0x58, 0x80, 0x38, 0xff, 0x60, 0x7c, 0x30, 0xff,
    0x58, 0x80, 0x30, 0xff, 0x58, 0x7c, 0x38, 0xff, 0x60, 0x80, 0x30, 0xff,
    0x58, 0x80, 0x30, 0xff, 0x58, 0x7c, 0x38, 0xff, 0x60, 0x80, 0x30, 0xff,
    0x58, 0x80, 0x30, 0xff, 0x58, 0x80, 0x38, 0xff, 0x60, 0x80, 0x30, 0xff,
    0x58, 0x7c, 0x30, 0xff, 0x58, 0x80, 0x38, 0xff, 0x60, 0x80, 0x30, 0xff,
    0x58, 0x7c, 0x30, 0xff, 0x58, 0x80, 0x38, 0xff, 0x60, 0x80, 0x30, 0xff,
    0x58, 0x80, 0x38, 0xff, 0x58, 0x80, 0x38, 0xff, 0x60, 0x80, 0x30, 0xff,
    0x58, 0x7c, 0x30, 0xff, 0x58, 0x80, 0x38, 0xff, 0x60, 0x80, 0x30, 0xff,
    0x58, 0x80, 0x30, 0xff, 0x58, 0x80, 0x38, 0xff, 0x60, 0x7c, 0x30, 0xff,
    0x58, 0x80, 0x30, 0xff, 0x58, 0x7c, 0x38, 0xff, 0x60, 0x80, 0x30, 0xff,
    0x58, 0x80, 0x30, 0xff, 0x58, 0x7c, 0x38, 0xff, 0x60, 0x80, 0x30, 0xff,
    0x58, 0x80, 0x30, 0xff, 0x58, 0x80, 0x38, 0xff, 0x60, 0x80, 0x30, 0xff,
    0x58, 0x7c, 0x38, 0xff, 0x58, 0x80, 0x38, 0xff, 0x60, 0x80, 0x30, 0xff,
    0x58, 0x7c, 0x30, 0xff, 0x58, 0x80, 0x38, 0xff, 0x60, 0x80, 0x30, 0xff,
    0x58, 0x80, 0x30, 0xff, 0x58, 0x80, 0x38, 0xff, 0x60, 0x80, 0x30, 0xff,
    0x58, 0x7c, 0x30, 0xff, 0x58, 0x80, 0x38, 0xff, 0x60, 0x80, 0x30, 0xff,
    0x58, 0x80, 0x30, 0xff, 0x58, 0x80, 0x38, 0xff, 0x60, 0x7c, 0x30, 0xff,
    0x58, 0x80, 0x30, 0xff, 0x58, 0x7c, 0x38, 0xff, 0x60, 0x80, 0x30, 0xff,
    0x58, 0x80, 0x38, 0xff, 0x58, 0x7c, 0x38, 0xff, 0x60, 0x80, 0x30, 0xff,
    0x58, 0x80, 0x30, 0xff, 0x58, 0x80, 0x38, 0xff, 0x60, 0x80, 0x30, 0xff,
    0x58, 0x7c, 0x30, 0xff, 0x58, 0x80, 0x38, 0xff, 0x60, 0x80, 0x30, 0xff,
    0x58, 0x7c, 0x30, 0xff, 0x58, 0x80, 0x38, 0xff, 0x60, 0x80, 0x30, 0xff,
    0x58, 0x80, 0x30, 0xff, 0x58, 0x80, 0x38, 0xff, 0x60, 0x80, 0x30, 0xff,
    0x58, 0x7c, 0x30, 0xff, 0x58, 0x80, 0x38, 0xff, 0x60, 0x80, 0x30, 0xff,
    0x58, 0x80, 0x38, 0xff, 0x58, 0x80, 0x38, 0xff, 0x60, 0x7c, 0x30, 0xff,
    0x58, 0x80, 0x30, 0xff, 0x58, 0x7c, 0x38, 0xff, 0x60, 0x80, 0x30, 0xff,
    0x58, 0x80, 0x30, 0xff, 0x58, 0x7c, 0x38, 0xff, 0x60, 0x80, 0x30, 0xff,
    0x58, 0x80, 0x30, 0xff, 0x58, 0x80, 0x38, 0xff, 0x60, 0x80, 0x30, 0xff,
    0x58, 0x7c, 0x30, 0xff, 0x58, 0x80, 0x38, 0xff, 0x60, 0x80, 0x30, 0xff,
    0x58, 0x7c, 0x30, 0xff, 0x58, 0x80, 0x38, 0xff, 0x60, 0x80, 0x30, 0xff,
    0x58, 0x80, 0x38, 0xff, 0x58, 0x80, 0x38, 0xff, 0x60, 0x80, 0x30, 0xff,
    0x58, 0x7c, 0x30, 0xff, 0x58, 0x80, 0x38, 0xff, 0x60, 0x80, 0x30, 0xff,
    0x58, 0x80, 0x30, 0xff, 0x58, 0x80, 0x38, 0xff, 0x60, 0x7c, 0x30, 0xff,
    0x58, 0x80, 0x30, 0xff, 0x58, 0x7c, 0x38, 0xff, 0x60, 0x80, 0x30, 0xff,
    0x58, 0x80, 0x30, 0xff, 0x58, 0x7c, 0x38, 0xff, 0x60, 0x80, 0x30, 0xff,
    0x58, 0x80, 0x30, 0xff, 0x58, 0x80, 0x38, 0xff, 0x60, 0x80, 0x30, 0xff,
    0x58, 0x7c, 0x38, 0xff, 0x58, 0x80, 0x38, 0xff, 0x60, 0x80, 0x30, 0xff,
    0x58, 0x7c, 0x30, 0xff, 0x58, 0x80, 0x38, 0xff, 0x60, 0x80, 0x30, 0xff,
    0x58, 0x80, 0x30, 0xff, 0x58, 0x80, 0x38, 0xff, 0x60, 0x80, 0x30, 0xff,
    0x58, 0x7c, 0x30, 0xff, 0x58, 0x80, 0x38, 0xff, 0x60, 0x80, 0x30, 0xff,
    0x58, 0x80, 0x30, 0xff, 0x58, 0x80, 0x38, 0xff, 0x60, 0x7c, 0x30, 0xff,
    0x58, 0x80, 0x30, 0xff, 0x58, 0x7c, 0x38, 0xff, 0x60, 0x80, 0x30, 0xff,
    0x58, 0x80, 0x38, 0xff, 0x58, 0x7c, 0x38, 0xff, 0x60, 0x80, 0x30, 0xff,
    0x58, 0x80, 0x30, 0xff, 0x58, 0x80, 0x38, 0xff, 0x60, 0x80, 0x30, 0xff,
    0x58, 0x7c, 0x30, 0xff, 0x58, 0x80, 0x38, 0xff, 0x60, 0x80, 0x30, 0xff,
    0x58, 0x7c, 0x30, 0xff, 0x58, 0x80, 0x38, 0xff, 0x60, 0x80, 0x30, 0xff,
    0x58, 0x80, 0x30, 0xff, 0x58, 0x80, 0x38, 0xff, 0x60, 0x80, 0x30, 0xff,
    0x58, 0x7c, 0x30, 0xff, 0x58, 0x80, 0x38, 0xff, 0x60, 0x80, 0x30, 0xff,
    0x58, 0x80, 0x38, 0xff, 0x58, 0x80, 0x38, 0xff, 0x60, 0x7c, 0x30, 0xff,
    0x58, 0x80, 0x30, 0xff, 0x58, 0x7c, 0x38, 0xff, 0x60, 0x80, 0x30, 0xff,
    0x58, 0x80, 0x30, 0xff, 0x58, 0x7c, 0x38, 0xff, 0x60, 0x80, 0x30, 0xff,
    0x58, 0x80, 0x30, 0xff, 0x58, 0x80, 0x38, 0xff, 0x60, 0x80, 0x30, 0xff,
    0x58, 0x7c, 0x30, 0xff, 0x58, 0x80, 0x38, 0xff, 0x60, 0x80, 0x30, 0xff,
    0x58, 0x7c, 0x30, 0xff, 0x58, 0x80, 0x38, 0xff, 0x60, 0x80, 0x30, 0xff,
    0x58, 0x80, 0x38, 0xff, 0x58, 0x80, 0x38, 0xff, 0x60, 0x80, 0x30, 0xff,
    0x58, 0x7c, 0x30, 0xff, 0x58, 0x80, 0x38, 0xff, 0x60, 0x80, 0x30, 0xff,
    0x58, 0x80, 0x30, 0xff, 0x58, 0x80, 0x38, 0xff, 0x60, 0x7c, 0x30, 0xff,
    0x58, 0x80, 0x30, 0xff, 0x60, 0x7c, 0x38, 0xff, 0x60, 0x80, 0x30, 0xff,
    0x58, 0x80, 0x30, 0xff, 0x60, 0x7c, 0x38, 0xff, 0x60, 0x80, 0x30, 0xff,
    0x58, 0x80, 0x30, 0xff, 0x60, 0x80, 0x38, 0xff, 0x58, 0x80, 0x30, 0xff,
    0x58, 0x80, 0x38, 0xff, 0x60, 0x80, 0x38, 0xff, 0x58, 0x80, 0x30, 0xff,
    0x60, 0x7c, 0x30, 0xff, 0x58, 0x80, 0x30, 0xff, 0x60, 0x80, 0x38, 0xff,
    0x58, 0x80, 0x30, 0xff, 0x60, 0x7c, 0x30, 0xff, 0x58, 0x80, 0x38, 0xff,
    0x58, 0x80, 0x30, 0xff, 0x60, 0x80, 0x30, 0xff, 0x58, 0x80, 0x38, 0xff,
    0x60, 0x7c, 0x30, 0xff, 0x60, 0x80, 0x38, 0xff, 0x58, 0x80, 0x30, 0xff,
    0x60, 0x7c, 0x38, 0xff, 0x58, 0x80, 0x30, 0xff, 0x58, 0x80, 0x38, 0xff,
    0x60, 0x80, 0x30, 0xff, 0x60, 0x80, 0x30, 0xff, 0x58, 0x7c, 0x38, 0xff,
    0x58, 0x80, 0x30, 0xff, 0x60, 0x80, 0x38, 0xff, 0x60, 0x80, 0x30, 0xff,
    0x58, 0x80, 0x38, 0xff, 0x60, 0x80, 0x30, 0xff, 0x58, 0x80, 0x30, 0xff,
    0x58, 0x80, 0x38, 0xff, 0x60, 0x80, 0x30, 0xff, 0x60, 0x80, 0x38, 0xff,
    0x58, 0x80, 0x30, 0xff, 0x60, 0x80, 0x30, 0xff, 0x60, 0x7c, 0x38, 0xff,
    0x58, 0x80, 0x30, 0xff, 0x60, 0x80, 0x30, 0xdf, 0x00, 0x00, 0x00, 0x00,
    0x00, 0x00, 0x00, 0x00, 0x58, 0x80, 0x30, 0x82, 0x60, 0x80, 0x38, 0xff,
    0x58, 0x80, 0x30, 0xff, 0x58, 0x80, 0x30, 0xff, 0x60, 0x7c, 0x38, 0xff,
    0x58, 0x80, 0x30, 0xff, 0x58, 0x80, 0x30, 0xff, 0x60, 0x80, 0x38, 0xff,
    0x58, 0x80, 0x30, 0xff, 0x58, 0x7c, 0x30, 0xff, 0x60, 0x80, 0x38, 0xff,
    0x58, 0x80, 0x30, 0xff, 0x58, 0x80, 0x30, 0xff, 0x60, 0x7c, 0x38, 0xff,
    0x58, 0x80, 0x30, 0xff, 0x60, 0x7c, 0x30, 0xff, 0x58, 0x7c, 0x38, 0xff,
    0x58, 0x80, 0x30, 0xff, 0x60, 0x80, 0x30, 0xff, 0x60, 0x80, 0x38, 0xff,
    0x58, 0x80, 0x30, 0xff, 0x60, 0x80, 0x30, 0xff, 0x60, 0x80, 0x38, 0xff,
    0x58, 0x80, 0x30, 0xff, 0x60, 0x7c, 0x38, 0xff, 0x58, 0x80, 0x30, 0xff,
    0x60, 0x80, 0x38, 0xff, 0x60, 0x80, 0x30, 0xff, 0x58, 0x7c, 0x30, 0xff,
    0x60, 0x80, 0x38, 0xff, 0x58, 0x80, 0x30, 0xff, 0x60, 0x80, 0x30, 0xff,
    0x58, 0x7c, 0x38, 0xff, 0x58, 0x80, 0x30, 0xff, 0x60, 0x80, 0x30, 0xff,
    0x58, 0x80, 0x38, 0xff, 0x58, 0x80, 0x30, 0xff, 0x60, 0x80, 0x30, 0xff,
    0x60, 0x80, 0x38, 0xff, 0x58, 0x7c, 0x30, 0xff, 0x58, 0x80, 0x30, 0xff,
    0x60, 0x80, 0x38, 0xff, 0x58, 0x7c, 0x30, 0xff, 0x58, 0x80, 0x30, 0xff,
    0x60, 0x80, 0x38, 0xff, 0x58, 0x80, 0x30, 0xff, 0x60, 0x80, 0x38, 0xff,
    0x60, 0x80, 0x30, 0xff, 0x58, 0x80, 0x38, 0xff, 0x60, 0x7c, 0x30, 0xff,
    0x60, 0x80, 0x38, 0xff, 0x58, 0x80, 0x30, 0xff, 0x60, 0x7c, 0x30, 0xff,
    0x58, 0x80, 0x38, 0xff, 0x58, 0x80, 0x30, 0xff, 0x60, 0x7c, 0x30, 0xff,
    0x58, 0x80, 0x38, 0xff, 0x58, 0x80, 0x30, 0xff, 0x60, 0x80, 0x38, 0xff,
    0x58, 0x80, 0x30, 0xff, 0x58, 0x80, 0x30, 0xff, 0x60, 0x7c, 0x38, 0xff,
    0x58, 0x80, 0x30, 0xff, 0x58, 0x7c, 0x30, 0xff, 0x60, 0x80, 0x38, 0xff,
    0x58, 0x80, 0x30, 0xff, 0x60, 0x7c, 0x30, 0xff, 0x58, 0x80, 0x38, 0xff,
    0x60, 0x80, 0x30, 0xff, 0x58, 0x80, 0x38, 0xff, 0x60, 0x80, 0x30, 0xff,
    0x60, 0x80, 0x30, 0xff, 0x58, 0x7c, 0x38, 0xff, 0x60, 0x80, 0x30, 0xff,
    0x60, 0x80, 0x38, 0xff, 0x58, 0x7c, 0x30, 0xff, 0x60, 0x80, 0x30, 0xff,
    0x60, 0x80, 0x38, 0xff, 0x58, 0x7c, 0x38, 0xff, 0x60, 0x80, 0x30, 0xff,
    0x60, 0x80, 0x30, 0xff, 0x58, 0x80, 0x38, 0xff, 0x60, 0x80, 0x30, 0xff,
    0x60, 0x80, 0x38, 0xff, 0x58, 0x80, 0x30, 0xff, 0x60, 0x7c, 0x30, 0xff,
    0x60, 0x80, 0x38, 0xff, 0x58, 0x80, 0x38, 0xff, 0x60, 0x7c, 0x30, 0xff,
    0x60, 0x80, 0x38, 0xff, 0x58, 0x80, 0x30, 0xff, 0x60, 0x7c, 0x30, 0xff,
    0x60, 0x80, 0x38, 0xff, 0x58, 0x80, 0x38, 0xff, 0x60, 0x7c, 0x30, 0xff,
    0x60, 0x80, 0x38, 0xff, 0x58, 0x80, 0x30, 0xff, 0x60, 0x7c, 0x30, 0xff,
    0x60, 0x80, 0x38, 0xff, 0x58, 0x80, 0x30, 0xff, 0x60, 0x7c, 0x30, 0xff,
    0x60, 0x80, 0x38, 0xff, 0x58, 0x80, 0x38, 0xff, 0x60, 0x7c, 0x30, 0xff,
    0x60, 0x80, 0x30, 0xff, 0x58, 0x80, 0x38, 0xff, 0x60, 0x80, 0x30, 0xff,
    0x60, 0x80, 0x30, 0xff, 0x58, 0x80, 0x38, 0xff, 0x60, 0x80, 0x30, 0xff,
    0x60, 0x80, 0x30, 0xff, 0x58, 0x7c, 0x38, 0xff, 0x60, 0x80, 0x30, 0xff,
    0x60, 0x80, 0x38, 0xff, 0x58, 0x7c, 0x38, 0xff, 0x60, 0x80, 0x30, 0xff,
    0x60, 0x80, 0x30, 0xff, 0x58, 0x7c, 0x38, 0xff, 0x60, 0x80, 0x30, 0xff,
    0x60, 0x80, 0x30, 0xff, 0x58, 0x7c, 0x38, 0xff, 0x60, 0x80, 0x30, 0xff,
    0x60, 0x80, 0x38, 0xff, 0x58, 0x7c, 0x30, 0xff, 0x60, 0x80, 0x30, 0xff,
    0x60, 0x80, 0x38, 0xff, 0x58, 0x80, 0x30, 0xff, 0x60, 0x7c, 0x30, 0xff,
    0x60, 0x80, 0x38, 0xff, 0x58, 0x80, 0x30, 0xff, 0x60, 0x80, 0x30, 0xff,
    0x60, 0x80, 0x38, 0xff, 0x58, 0x80, 0x30, 0xff, 0x60, 0x80, 0x30, 0xff,
    0x60, 0x80, 0x38, 0xff, 0x58, 0x7c, 0x30, 0xff, 0x60, 0x80, 0x38, 0xff,
    0x60, 0x80, 0x30, 0xff, 0x58, 0x7c, 0x30, 0xff, 0x60, 0x80, 0x38, 0xff,
    0x60, 0x80, 0x30, 0xff, 0x58, 0x7c, 0x30, 0xff, 0x60, 0x80, 0x30, 0xff,
    0x60, 0x80, 0x38, 0xff, 0x58, 0x7c, 0x30, 0xff, 0x60, 0x80, 0x30, 0xff,
    0x60, 0x80, 0x38, 0xff, 0x58, 0x7c, 0x30, 0xff, 0x60, 0x80, 0x30, 0xff,
    0x60, 0x80, 0x38, 0xff, 0x58, 0x80, 0x30, 0xff, 0x60, 0x7c, 0x30, 0xff,
    0x60, 0x80, 0x38, 0xff, 0x58, 0x80, 0x30, 0xff, 0x60, 0x80, 0x38, 0xff,
    0x60, 0x80, 0x30, 0xff, 0x58, 0x80, 0x30, 0xff, 0x60, 0x80, 0x38, 0xff,
    0x60, 0x80, 0x30, 0xff, 0x58, 0x7c, 0x30, 0xff, 0x60, 0x80, 0x30, 0xff,
    0x60, 0x80, 0x38, 0xff, 0x58, 0x7c, 0x30, 0xff, 0x60, 0x80, 0x30, 0xff,
    0x60, 0x80, 0x38, 0xff, 0x58, 0x7c, 0x30, 0xff, 0x60, 0x80, 0x30, 0xff,
    0x60, 0x80, 0x38, 0xff, 0x58, 0x7c, 0x30, 0xff, 0x60, 0x80, 0x30, 0xff,
    0x60, 0x80, 0x38, 0xff, 0x58, 0x7c, 0x30, 0xff, 0x60, 0x80, 0x38, 0xff,
    0x60, 0x80, 0x30, 0xff, 0x58, 0x80, 0x30, 0xff, 0x60, 0x7c, 0x38, 0xff,
    0x60, 0x80, 0x30, 0xff, 0x58, 0x80, 0x30, 0xff, 0x60, 0x80, 0x30, 0xff,
    0x60, 0x80, 0x38, 0xff, 0x58, 0x80, 0x30, 0xff, 0x60, 0x80, 0x30, 0xff,
    0x60, 0x80, 0x38, 0xff, 0x58, 0x7c, 0x30, 0xff, 0x60, 0x80, 0x30, 0xff,
    0x60, 0x80, 0x38, 0xff, 0x58, 0x7c, 0x30, 0xff, 0x60, 0x80, 0x30, 0xff,
    0x60, 0x80, 0x38, 0xff, 0x58, 0x7c, 0x30, 0xff, 0x60, 0x80, 0x38, 0xff,
    0x60, 0x80, 0x30, 0xff, 0x58, 0x7c, 0x30, 0xff, 0x60, 0x80, 0x38, 0xff,
    0x60, 0x80, 0x30, 0xff, 0x58, 0x7c, 0x30, 0xff, 0x60, 0x80, 0x30, 0xff,
    0x60, 0x80, 0x38, 0xff, 0x58, 0x80, 0x30, 0xff, 0x60, 0x7c, 0x30, 0xff,
    0x60, 0x80, 0x38, 0xff, 0x58, 0x80, 0x30, 0xff, 0x60, 0x80, 0x30, 0xff,
    0x60, 0x80, 0x38, 0xff, 0x58, 0x80, 0x30, 0xff, 0x60, 0x80, 0x30, 0xff,
    0x60, 0x80, 0x38, 0xff, 0x58, 0x7c, 0x30, 0xff, 0x60, 0x80, 0x38, 0xff,
    0x60, 0x80, 0x30, 0xff, 0x58, 0x7c, 0x30, 0xff, 0x60, 0x80, 0x38, 0xff,
    0x60, 0x80, 0x30, 0xff, 0x58, 0x7c, 0x30, 0xff, 0x60, 0x80, 0x30, 0xff,
    0x60, 0x80, 0x38, 0xff, 0x58, 0x7c, 0x30, 0xff, 0x60, 0x80, 0x30, 0xff,
    0x60, 0x80, 0x38, 0xff, 0x58, 0x7c, 0x30, 0xff, 0x60, 0x80, 0x30, 0xff,
    0x60, 0x80, 0x38, 0xff, 0x58, 0x80, 0x30, 0xff, 0x60, 0x7c, 0x30, 0xff,
    0x60, 0x80, 0x38, 0xff, 0x58, 0x80, 0x30, 0xff, 0x60, 0x80, 0x38, 0xff,
    0x60, 0x80, 0x30, 0xff, 0x58, 0x80, 0x30, 0xff, 0x60, 0x80, 0x38, 0xff,
    0x60, 0x80, 0x30, 0xff, 0x58, 0x7c, 0x30, 0xff, 0x60, 0x80, 0x30, 0xff,
    0x60, 0x80, 0x38, 0xff, 0x58, 0x7c, 0x30, 0xff, 0x60, 0x80, 0x30, 0xff,
    0x60, 0x80, 0x38, 0xff, 0x58, 0x7c, 0x30, 0xff, 0x60, 0x80, 0x30, 0xff,
    0x60, 0x80, 0x38, 0xff, 0x58, 0x7c, 0x30, 0xff, 0x60, 0x80, 0x30, 0xff,
    0x60, 0x80, 0x38, 0xff, 0x58, 0x7c, 0x30, 0xff, 0x60, 0x80, 0x38, 0xff,
    0x60, 0x80, 0x30, 0xff, 0x58, 0x80, 0x30, 0xff, 0x60, 0x7c, 0x38, 0xff,
    0x60, 0x80, 0x30, 0xff, 0x58, 0x80, 0x30, 0xff, 0x60, 0x80, 0x30, 0xff,
    0x60, 0x80, 0x38, 0xff, 0x58, 0x80, 0x30, 0xff, 0x60, 0x80, 0x30, 0xff,
    0x60, 0x80, 0x38, 0xff, 0x58, 0x7c, 0x30, 0xff, 0x60, 0x80, 0x30, 0xff,
    0x60, 0x80, 0x38, 0xff, 0x58, 0x7c, 0x30, 0xff, 0x60, 0x80, 0x30, 0xff,
    0x60, 0x80, 0x38, 0xff, 0x58, 0x7c, 0x30, 0xff, 0x60, 0x80, 0x38, 0xff,
    0x60, 0x80, 0x30, 0xff, 0x58, 0x7c, 0x30, 0xff, 0x60, 0x80, 0x38, 0xff,
    0x60, 0x80, 0x30, 0xff, 0x58, 0x7c, 0x30, 0xff, 0x60, 0x80, 0x30, 0xff,
    0x60, 0x80, 0x38, 0xff, 0x58, 0x80, 0x30, 0xff, 0x60, 0x7c, 0x30, 0xff,
    0x60, 0x80, 0x38, 0xff, 0x58, 0x80, 0x30, 0xff, 0x60, 0x80, 0x30, 0xff,
    0x60, 0x80, 0x38, 0xff, 0x58, 0x80, 0x30, 0xff, 0x60, 0x80, 0x30, 0xff,
    0x60, 0x80, 0x38, 0xff, 0x58, 0x7c, 0x30, 0xff, 0x60, 0x80, 0x38, 0xff,
    0x60, 0x80, 0x30, 0xff, 0x58, 0x7c, 0x30, 0xff, 0x60, 0x80, 0x38, 0xff,
    0x60, 0x80, 0x30, 0xff, 0x58, 0x7c, 0x30, 0xff, 0x60, 0x80, 0x30, 0xff,
    0x60, 0x80, 0x38, 0xff, 0x58, 0x7c, 0x30, 0xff, 0x60, 0x80, 0x30, 0xff,
    0x60, 0x80, 0x38, 0xff, 0x58, 0x7c, 0x30, 0xff, 0x60, 0x80, 0x30, 0xff,
    0x60, 0x80, 0x38, 0xff, 0x58, 0x80, 0x30, 0xff, 0x60, 0x7c, 0x30, 0xff,
    0x60, 0x80, 0x38, 0xff, 0x58, 0x80, 0x30, 0xff, 0x60, 0x80, 0x38, 0xff,
    0x60, 0x80, 0x30, 0xff, 0x58, 0x80, 0x30, 0xff, 0x60, 0x80, 0x38, 0xff,
    0x60, 0x80, 0x30, 0xff, 0x58, 0x7c, 0x30, 0xff, 0x60, 0x80, 0x30, 0xff,
    0x60, 0x80, 0x38, 0xff, 0x58, 0x7c, 0x30, 0xff, 0x60, 0x80, 0x30, 0xff,
    0x60, 0x80, 0x38, 0xff, 0x58, 0x7c, 0x30, 0xff, 0x60, 0x80, 0x30, 0xff,
    0x60, 0x80, 0x38, 0xff, 0x58, 0x7c, 0x30, 0xff, 0x58, 0x80, 0x30, 0xff,
    0x60, 0x80, 0x38, 0xff, 0x58, 0x7c, 0x30, 0xff, 0x58, 0x80, 0x38, 0xff,
    0x60, 0x80, 0x30, 0xff, 0x58, 0x80, 0x30, 0xff, 0x60, 0x7c, 0x38, 0xff,
    0x60, 0x80, 0x30, 0xff, 0x58, 0x80, 0x30, 0xff, 0x60, 0x7c, 0x30, 0xff,
    0x58, 0x80, 0x38, 0xff, 0x60, 0x80, 0x30, 0xff, 0x58, 0x80, 0x30, 0xff,
    0x60, 0x7c, 0x38, 0xff, 0x58, 0x80, 0x30, 0xff, 0x60, 0x80, 0x30, 0xff,
    0x58, 0x80, 0x38, 0xff, 0x60, 0x7c, 0x38, 0xff, 0x60, 0x80, 0x30, 0xff,
    0x58, 0x80, 0x38, 0xff, 0x58, 0x7c, 0x30, 0xff, 0x60, 0x80, 0x30, 0xff,
    0x58, 0x80, 0x30, 0xff, 0x60, 0x80, 0x38, 0xff, 0x60, 0x80, 0x30, 0xff,
    0x58, 0x80, 0x30, 0xff, 0x58, 0x7c, 0x38, 0xff, 0x60, 0x80, 0x30, 0xff,
    0x58, 0x80, 0x38, 0xff, 0x60, 0x7c, 0x30, 0xff, 0x58, 0x80, 0x30, 0xff,
    0x60, 0x7c, 0x38, 0xff, 0x58, 0x7c, 0x30, 0xff, 0x60, 0x80, 0x30, 0xff,
    0x60, 0x80, 0x38, 0xff, 0x58, 0x7c, 0x30, 0xff, 0x58, 0x80, 0x30, 0xff,
    0x60, 0x80, 0x38, 0xff, 0x58, 0x7c, 0x30, 0xff, 0x58, 0x80, 0x30, 0xff,
    0x60, 0x80, 0x38, 0xff, 0x58, 0x80, 0x38, 0xff, 0x60, 0x80, 0x30, 0xff,
    0x60, 0x7c, 0x38, 0x82, 0x00, 0x00, 0x00, 0x00, 0x00, 0x00, 0x00, 0x00,
    0x60, 0x80, 0x30, 0x10, 0x60, 0x7c, 0x30, 0xef, 0x60, 0x80, 0x38, 0xff,
    0x58, 0x80, 0x38, 0xff, 0x60, 0x7c, 0x30, 0xff, 0x58, 0x80, 0x30, 0xff,
    0x60, 0x80, 0x38, 0xff, 0x60, 0x7c, 0x30, 0xff, 0x58, 0x80, 0x30, 0xff,
    0x60, 0x80, 0x38, 0xff, 0x60, 0x80, 0x38, 0xff, 0x58, 0x80, 0x30, 0xff,
    0x60, 0x80, 0x30, 0xff, 0x60, 0x80, 0x38, 0xff, 0x58, 0x80, 0x30, 0xff,
    0x60, 0x80, 0x38, 0xff, 0x60, 0x80, 0x30, 0xff, 0x58, 0x80, 0x30, 0xff,
    0x58, 0x7c, 0x38, 0xff, 0x60, 0x80, 0x30, 0xff, 0x58, 0x7c, 0x30, 0xff,
    0x58, 0x7c, 0x38, 0xff, 0x60, 0x80, 0x30, 0xff, 0x58, 0x80, 0x30, 0xff,
    0x58, 0x80, 0x38, 0xff, 0x60, 0x7c, 0x30, 0xff, 0x58, 0x80, 0x30, 0xff,
    0x58, 0x80, 0x38, 0xff, 0x60, 0x80, 0x30, 0xff, 0x58, 0x7c, 0x38, 0xff,
    0x60, 0x80, 0x30, 0xff, 0x60, 0x80, 0x30, 0xff, 0x58, 0x7c, 0x38, 0xff,
    0x60, 0x80, 0x30, 0xff, 0x60, 0x7c, 0x38, 0xff, 0x58, 0x7c, 0x30, 0xff,
    0x58, 0x80, 0x38, 0xff, 0x60, 0x80, 0x30, 0xff, 0x58, 0x7c, 0x38, 0xff,
    0x60, 0x80, 0x30, 0xff, 0x60, 0x80, 0x38, 0xff, 0x58, 0x80, 0x30, 0xff,
    0x60, 0x80, 0x30, 0xff, 0x60, 0x80, 0x38, 0xff, 0x58, 0x7c, 0x30, 0xff,
    0x58, 0x80, 0x30, 0xff, 0x60, 0x80, 0x38, 0xff, 0x58, 0x7c, 0x30, 0xff,
    0x58, 0x80, 0x30, 0xff, 0x60, 0x80, 0x38, 0xff, 0x58, 0x80, 0x30, 0xff,
    0x60, 0x80, 0x38, 0xff, 0x60, 0x80, 0x30, 0xff, 0x58, 0x80, 0x38, 0xff,
    0x60, 0x80, 0x30, 0xff, 0x60, 0x7c, 0x38, 0xff, 0x58, 0x80, 0x30, 0xff,
    0x60, 0x7c, 0x30, 0xff, 0x60, 0x7c, 0x38, 0xff, 0x58, 0x80, 0x30, 0xff,
    0x60, 0x80, 0x38, 0xff, 0x58, 0x80, 0x38, 0xff, 0x60, 0x7c, 0x30, 0xff,
    0x60, 0x80, 0x30, 0xff, 0x58, 0x80, 0x38, 0xff, 0x58, 0x7c, 0x30, 0xff,
    0x60, 0x80, 0x30, 0xff, 0x60, 0x80, 0x30, 0xff, 0x58, 0x80, 0x30, 0xff,
    0x58, 0x80, 0x38, 0xff, 0x60, 0x80, 0x30, 0xff, 0x58, 0x7c, 0x30, 0xff,
    0x58, 0x80, 0x38, 0xff, 0x60, 0x80, 0x30, 0xff, 0x58, 0x80, 0x30, 0xff,
    0x58, 0x80, 0x38, 0xff, 0x60, 0x80, 0x30, 0xff, 0x58, 0x7c, 0x30, 0xff,
    0x58, 0x80, 0x30, 0xff, 0x60, 0x80, 0x38, 0xff, 0x58, 0x7c, 0x30, 0xff,
    0x58, 0x80, 0x30, 0xff, 0x60, 0x7c, 0x38, 0xff, 0x58, 0x80, 0x30, 0xff,
    0x58, 0x80, 0x30, 0xff, 0x60, 0x80, 0x38, 0xff, 0x58, 0x7c, 0x30, 0xff,
    0x58, 0x80, 0x30, 0xff, 0x60, 0x80, 0x38, 0xff, 0x58, 0x7c, 0x30, 0xff,
    0x58, 0x80, 0x30, 0xff, 0x60, 0x80, 0x38, 0xff, 0x58, 0x80, 0x30, 0xff,
    0x58, 0x7c, 0x30, 0xff, 0x60, 0x80, 0x30, 0xff, 0x58, 0x80, 0x38, 0xff,
    0x58, 0x80, 0x30, 0xff, 0x60, 0x80, 0x38, 0xff, 0x58, 0x80, 0x30, 0xff,
    0x58, 0x80, 0x30, 0xff, 0x60, 0x80, 0x38, 0xff, 0x58, 0x80, 0x30, 0xff,
    0x58, 0x80, 0x30, 0xff, 0x60, 0x80, 0x38, 0xff, 0x58, 0x7c, 0x30, 0xff,
    0x58, 0x80, 0x38, 0xff, 0x60, 0x80, 0x30, 0xff, 0x58, 0x7c, 0x38, 0xff,
    0x58, 0x7c, 0x30, 0xff, 0x60, 0x80, 0x30, 0xff, 0x58, 0x80, 0x38, 0xff,
    0x58, 0x7c, 0x30, 0xff, 0x60, 0x80, 0x30, 0xff, 0x58, 0x80, 0x30, 0xff,
    0x58, 0x80, 0x38, 0xff, 0x60, 0x80, 0x30, 0xff, 0x58, 0x80, 0x30, 0xff,
    0x58, 0x7c, 0x38, 0xff, 0x60, 0x80, 0x30, 0xff, 0x58, 0x80, 0x30, 0xff,
    0x58, 0x80, 0x38, 0xff, 0x60, 0x80, 0x30, 0xff, 0x58, 0x80, 0x30, 0xff,
    0x58, 0x80, 0x38, 0xff, 0x60, 0x7c, 0x30, 0xff, 0x58, 0x80, 0x30, 0xff,
    0x58, 0x80, 0x38, 0xff, 0x60, 0x80, 0x30, 0xff, 0x58, 0x7c, 0x30, 0xff,
    0x58, 0x80, 0x38, 0xff, 0x60, 0x7c, 0x30, 0xff, 0x58, 0x80, 0x30, 0xff,
    0x58, 0x7c, 0x38, 0xff, 0x60, 0x80, 0x30, 0xff, 0x58, 0x80, 0x30, 0xff,
    0x58, 0x7c, 0x38, 0xff, 0x60, 0x80, 0x30, 0xff, 0x58, 0x80, 0x38, 0xff,
    0x58, 0x80, 0x30, 0xff, 0x60, 0x80, 0x38, 0xff, 0x58, 0x80, 0x38, 0xff,
    0x58, 0x7c, 0x30, 0xff, 0x60, 0x80, 0x30, 0xff, 0x58, 0x80, 0x38, 0xff,
    0x58, 0x80, 0x30, 0xff, 0x60, 0x80, 0x30, 0xff, 0x58, 0x80, 0x38, 0xff,
    0x58, 0x80, 0x30, 0xff, 0x60, 0x7c, 0x30, 0xff, 0x58, 0x80, 0x38, 0xff,
    0x58, 0x80, 0x30, 0xff, 0x60, 0x80, 0x30, 0xff, 0x58, 0x7c, 0x38, 0xff,
    0x58, 0x80, 0x30, 0xff, 0x60, 0x7c, 0x30, 0xff, 0x58, 0x80, 0x38, 0xff,
    0x58, 0x7c, 0x30, 0xff, 0x60, 0x80, 0x38, 0xff, 0x58, 0x80, 0x38, 0xff,
    0x58, 0x7c, 0x30, 0xff, 0x60, 0x80, 0x30, 0xff, 0x58, 0x80, 0x38, 0xff,
    0x58, 0x80, 0x30, 0xff, 0x60, 0x80, 0x30, 0xff, 0x58, 0x80, 0x38, 0xff,
    0x58, 0x7c, 0x30, 0xff, 0x60, 0x80, 0x30, 0xff, 0x58, 0x80, 0x38, 0xff,
    0x58, 0x80, 0x30, 0xff, 0x60, 0x80, 0x30, 0xff, 0x58, 0x80, 0x38, 0xff,
    0x58, 0x80, 0x30, 0xff, 0x60, 0x7c, 0x30, 0xff, 0x58, 0x80, 0x38, 0xff,
    0x58, 0x80, 0x30, 0xff, 0x60, 0x80, 0x38, 0xff, 0x58, 0x7c, 0x38, 0xff,
    0x58, 0x80, 0x30, 0xff, 0x60, 0x7c, 0x30, 0xff, 0x58, 0x80, 0x38, 0xff,
    0x58, 0x7c, 0x30, 0xff, 0x60, 0x80, 0x30, 0xff, 0x58, 0x80, 0x38, 0xff,
    0x58, 0x7c, 0x30, 0xff, 0x60, 0x80, 0x30, 0xff, 0x58, 0x80, 0x38, 0xff,
    0x58, 0x80, 0x30, 0xff, 0x60, 0x80, 0x30, 0xff, 0x58, 0x80, 0x38, 0xff,
    0x58, 0x7c, 0x30, 0xff, 0x60, 0x80, 0x30, 0xff, 0x58, 0x80, 0x38, 0xff,
    0x58, 0x80, 0x30, 0xff, 0x60, 0x80, 0x38, 0xff, 0x58, 0x80, 0x38, 0xff,
    0x58, 0x80, 0x30, 0xff, 0x60, 0x7c, 0x30, 0xff, 0x58, 0x80, 0x38, 0xff,
    0x58, 0x80, 0x30, 0xff, 0x60, 0x80, 0x30, 0xff, 0x58, 0x7c, 0x38, 0xff,
    0x58, 0x80, 0x30, 0xff, 0x60, 0x7c, 0x30, 0xff, 0x58, 0x80, 0x38, 0xff,
    0x58, 0x7c, 0x30, 0xff, 0x60, 0x80, 0x30, 0xff, 0x58, 0x80, 0x38, 0xff,
    0x58, 0x7c, 0x30, 0xff, 0x60, 0x80, 0x30, 0xff, 0x58, 0x80, 0x38, 0xff,
    0x58, 0x80, 0x30, 0xff, 0x60, 0x80, 0x38, 0xff, 0x58, 0x80, 0x38, 0xff,
    0x58, 0x7c, 0x30, 0xff, 0x60, 0x80, 0x30, 0xff, 0x58, 0x80, 0x38, 0xff,
    0x58, 0x80, 0x30, 0xff, 0x60, 0x80, 0x30, 0xff, 0x58, 0x80, 0x38, 0xff,
    0x58, 0x80, 0x30, 0xff, 0x60, 0x7c, 0x30, 0xff, 0x58, 0x80, 0x38, 0xff,
    0x58, 0x80, 0x30, 0xff, 0x60, 0x80, 0x30, 0xff, 0x58, 0x7c, 0x38, 0xff,
    0x58, 0x80, 0x30, 0xff, 0x60, 0x7c, 0x30, 0xff, 0x58, 0x80, 0x38, 0xff,
    0x58, 0x7c, 0x30, 0xff, 0x60, 0x80, 0x38, 0xff, 0x58, 0x80, 0x38, 0xff,
    0x58, 0x7c, 0x30, 0xff, 0x60, 0x80, 0x30, 0xff, 0x58, 0x80, 0x38, 0xff,
    0x58, 0x80, 0x30, 0xff, 0x60, 0x80, 0x30, 0xff, 0x58, 0x80, 0x38, 0xff,
    0x58, 0x7c, 0x30, 0xff, 0x60, 0x80, 0x30, 0xff, 0x58, 0x80, 0x38, 0xff,
    0x58, 0x80, 0x30, 0xff, 0x60, 0x80, 0x30, 0xff, 0x58, 0x80, 0x38, 0xff,
    0x58, 0x80, 0x30, 0xff, 0x60, 0x7c, 0x30, 0xff, 0x58, 0x80, 0x38, 0xff,
    0x58, 0x80, 0x30, 0xff, 0x60, 0x80, 0x38, 0xff, 0x58, 0x7c, 0x38, 0xff,
    0x58, 0x80, 0x30, 0xff, 0x60, 0x7c, 0x30, 0xff, 0x58, 0x80, 0x38, 0xff,
    0x58, 0x7c, 0x30, 0xff, 0x60, 0x80, 0x30, 0xff, 0x58, 0x80, 0x38, 0xff,
    0x58, 0x7c, 0x30, 0xff, 0x60, 0x80, 0x30, 0xff, 0x58, 0x80, 0x38, 0xff,
    0x58, 0x80, 0x30, 0xff, 0x60, 0x80, 0x30, 0xff, 0x58, 0x80, 0x38, 0xff,
    0x58, 0x7c, 0x30, 0xff, 0x60, 0x80, 0x30, 0xff, 0x58, 0x80, 0x38, 0xff,
    0x58, 0x80, 0x30, 0xff, 0x60, 0x80, 0x38, 0xff, 0x58, 0x80, 0x38, 0xff,
    0x58, 0x80, 0x30, 0xff, 0x60, 0x7c, 0x30, 0xff, 0x58, 0x80, 0x38, 0xff,
    0x58, 0x80, 0x30, 0xff, 0x60, 0x80, 0x30, 0xff, 0x58, 0x7c, 0x38, 0xff,
    0x58, 0x80, 0x30, 0xff, 0x60, 0x7c, 0x30, 0xff, 0x58, 0x80, 0x38, 0xff,
    0x58, 0x7c, 0x30, 0xff, 0x60, 0x80, 0x30, 0xff, 0x58, 0x80, 0x38, 0xff,
    0x58, 0x7c, 0x30, 0xff, 0x60, 0x80, 0x30, 0xff, 0x58, 0x80, 0x38, 0xff,
    0x58, 0x80, 0x30, 0xff, 0x60, 0x80, 0x38, 0xff, 0x58, 0x80, 0x38, 0xff,
    0x58, 0x7c, 0x30, 0xff, 0x60, 0x80, 0x30, 0xff, 0x58, 0x80, 0x38, 0xff,
    0x58, 0x80, 0x30, 0xff, 0x60, 0x80, 0x30, 0xff, 0x58, 0x80, 0x38, 0xff,
    0x58, 0x80, 0x30, 0xff, 0x60, 0x7c, 0x30, 0xff, 0x58, 0x80, 0x38, 0xff,
    0x58, 0x80, 0x30, 0xff, 0x60, 0x80, 0x30, 0xff, 0x58, 0x7c, 0x38, 0xff,
    0x58, 0x80, 0x30, 0xff, 0x60, 0x7c, 0x30, 0xff, 0x58, 0x80, 0x38, 0xff,
    0x58, 0x7c, 0x30, 0xff, 0x60, 0x80, 0x38, 0xff, 0x58, 0x80, 0x38, 0xff,
    0x58, 0x7c, 0x30, 0xff, 0x60, 0x80, 0x30, 0xff, 0x58, 0x80, 0x38, 0xff,
    0x58, 0x80, 0x30, 0xff, 0x60, 0x80, 0x30, 0xff, 0x58, 0x80, 0x38, 0xff,
    0x58, 0x7c, 0x30, 0xff, 0x60, 0x80, 0x30, 0xff, 0x60, 0x80, 0x38, 0xff,
    0x58, 0x80, 0x30, 0xff, 0x60, 0x80, 0x30, 0xff, 0x60, 0x80, 0x38, 0xff,
    0x58, 0x80, 0x30, 0xff, 0x60, 0x7c, 0x30, 0xff, 0x58, 0x80, 0x38, 0xff,
    0x58, 0x80, 0x30, 0xff, 0x60, 0x7c, 0x38, 0xff, 0x58, 0x80, 0x38, 0xff,
    0x60, 0x80, 0x30, 0xff, 0x58, 0x7c, 0x30, 0xff, 0x60, 0x80, 0x38, 0xff,
    0x58, 0x80, 0x30, 0xff, 0x60, 0x80, 0x38, 0xff, 0x58, 0x80, 0x30, 0xff,
    0x60, 0x7c, 0x30, 0xff, 0x58, 0x80, 0x38, 0xff, 0x58, 0x80, 0x30, 0xff,
    0x60, 0x80, 0x30, 0xff, 0x60, 0x7c, 0x30, 0xff, 0x58, 0x80, 0x38, 0xff,
    0x60, 0x80, 0x30, 0xff, 0x58, 0x80, 0x38, 0xff, 0x58, 0x7c, 0x30, 0xff,
    0x60, 0x7c, 0x30, 0xff, 0x58, 0x80, 0x38, 0xff, 0x60, 0x80, 0x30, 0xff,
    0x60, 0x7c, 0x30, 0xff, 0x58, 0x80, 0x38, 0xff, 0x60, 0x80, 0x30, 0xff,
    0x58, 0x80, 0x30, 0xff, 0x60, 0x80, 0x38, 0xff, 0x58, 0x80, 0x30, 0xff,
    0x58, 0x80, 0x30, 0xff, 0x60, 0x80, 0x38, 0xff, 0x58, 0x7c, 0x38, 0xff,
    0x60, 0x80, 0x30, 0xff, 0x60, 0x80, 0x30, 0xff, 0x58, 0x7c, 0x38, 0xff,
    0x60, 0x80, 0x30, 0xff, 0x60, 0x80, 0x30, 0xff, 0x58, 0x7c, 0x38, 0xff,
    0x58, 0x80, 0x30, 0xff, 0x60, 0x80, 0x30, 0xdf, 0x60, 0x80, 0x38, 0x20,
    0x00, 0x00, 0x00, 0x00, 0x00, 0x00, 0x00, 0x00, 0x00, 0x00, 0x00, 0x00,
    0x60, 0x80, 0x30, 0x71, 0x58, 0x80, 0x30, 0xff, 0x60, 0x80, 0x30, 0xff,
    0x58, 0x80, 0x38, 0xff, 0x60, 0x80, 0x30, 0xff, 0x58, 0x7c, 0x30, 0xff,
    0x58, 0x80, 0x38, 0xff, 0x60, 0x80, 0x30, 0xff, 0x58, 0x7c, 0x30, 0xff,
    0x58, 0x80, 0x30, 0xff, 0x60, 0x7c, 0x38, 0xff, 0x58, 0x80, 0x30, 0xff,
    0x58, 0x80, 0x30, 0xff, 0x60, 0x7c, 0x38, 0xff, 0x58, 0x80, 0x30, 0xff,
    0x60, 0x80, 0x30, 0xff, 0x58, 0x80, 0x38, 0xff, 0x60, 0x80, 0x38, 0xff,
    0x60, 0x80, 0x30, 0xff, 0x58, 0x80, 0x30, 0xff, 0x60, 0x80, 0x38, 0xff,
    0x60, 0x7c, 0x30, 0xff, 0x58, 0x80, 0x30, 0xff, 0x60, 0x80, 0x38, 0xff,
    0x60, 0x80, 0x30, 0xff, 0x58, 0x7c, 0x30, 0xff, 0x60, 0x80, 0x38, 0xff,
    0x58, 0x80, 0x30, 0xff, 0x58, 0x80, 0x30, 0xff, 0x60, 0x80, 0x38, 0xff,
    0x58, 0x80, 0x30, 0xff, 0x58, 0x80, 0x30, 0xff, 0x60, 0x80, 0x38, 0xff,
    0x60, 0x80, 0x30, 0xff, 0x58, 0x80, 0x30, 0xff, 0x60, 0x80, 0x30, 0xff,
    0x60, 0x7c, 0x38, 0xff, 0x58, 0x80, 0x30, 0xff, 0x58, 0x80, 0x30, 0xff,
    0x60, 0x7c, 0x38, 0xff, 0x58, 0x80, 0x30, 0xff, 0x60, 0x80, 0x38, 0xff,
    0x60, 0x7c, 0x30, 0xff, 0x58, 0x80, 0x30, 0xff, 0x60, 0x80, 0x38, 0xff,
    0x60, 0x7c, 0x30, 0xff, 0x58, 0x80, 0x30, 0xff, 0x60, 0x80, 0x38, 0xff,
    0x58, 0x80, 0x30, 0xff, 0x58, 0x7c, 0x30, 0xff, 0x60, 0x80, 0x30, 0xff,
    0x58, 0x7c, 0x38, 0xff, 0x58, 0x80, 0x30, 0xff, 0x60, 0x80, 0x30, 0xff,
    0x58, 0x80, 0x38, 0xff, 0x58, 0x80, 0x30, 0xff, 0x60, 0x80, 0x30, 0xff,
    0x58, 0x80, 0x38, 0xff, 0x60, 0x7c, 0x30, 0xff, 0x58, 0x80, 0x30, 0xff,
    0x60, 0x80, 0x30, 0xff, 0x58, 0x80, 0x38, 0xff, 0x60, 0x80, 0x30, 0xff,
    0x58, 0x80, 0x30, 0xff, 0x60, 0x80, 0x38, 0xff, 0x58, 0x80, 0x38, 0xff,
    0x60, 0x7c, 0x30, 0xff, 0x58, 0x7c, 0x30, 0xff, 0x60, 0x80, 0x38, 0xff,
    0x60, 0x80, 0x30, 0xff, 0x58, 0x80, 0x30, 0xff, 0x60, 0x80, 0x38, 0xff,
    0x60, 0x7c, 0x30, 0xff, 0x58, 0x80, 0x30, 0xff, 0x60, 0x80, 0x38, 0xff,
    0x60, 0x7c, 0x38, 0xff, 0x58, 0x80, 0x30, 0xff, 0x60, 0x80, 0x30, 0xff,
    0x60, 0x80, 0x38, 0xff, 0x58, 0x80, 0x30, 0xff, 0x60, 0x7c, 0x30, 0xff,
    0x60, 0x80, 0x38, 0xff, 0x58, 0x80, 0x30, 0xff, 0x60, 0x7c, 0x38, 0xff,
    0x60, 0x80, 0x30, 0xff, 0x58, 0x80, 0x30, 0xff, 0x60, 0x80, 0x30, 0xff,
    0x60, 0x80, 0x38, 0xff, 0x58, 0x80, 0x30, 0xff, 0x60, 0x7c, 0x38, 0xff,
    0x60, 0x80, 0x30, 0xff, 0x58, 0x80, 0x30, 0xff, 0x60, 0x80, 0x38, 0xff,
    0x60, 0x80, 0x30, 0xff, 0x58, 0x7c, 0x30, 0xff, 0x60, 0x80, 0x38, 0xff,
    0x60, 0x80, 0x30, 0xff, 0x58, 0x7c, 0x38, 0xff, 0x60, 0x80, 0x30, 0xff,
    0x60, 0x7c, 0x38, 0xff, 0x58, 0x80, 0x30, 0xff, 0x60, 0x80, 0x30, 0xff,
    0x60, 0x7c, 0x38, 0xff, 0x58, 0x80, 0x30, 0xff, 0x60, 0x80, 0x30, 0xff,
    0x60, 0x80, 0x38, 0xff, 0x58, 0x80, 0x30, 0xff, 0x60, 0x80, 0x38, 0xff,
    0x60, 0x80, 0x30, 0xff, 0x58, 0x80, 0x38, 0xff, 0x60, 0x80, 0x30, 0xff,
    0x60, 0x7c, 0x30, 0xff, 0x58, 0x80, 0x38, 0xff, 0x60, 0x7c, 0x30, 0xff,
    0x60, 0x80, 0x30, 0xff, 0x58, 0x80, 0x38, 0xff, 0x60, 0x80, 0x30, 0xff,
    0x60, 0x7c, 0x38, 0xff, 0x58, 0x80, 0x30, 0xff, 0x60, 0x80, 0x30, 0xff,
    0x60, 0x7c, 0x38, 0xff, 0x58, 0x80, 0x30, 0xff, 0x60, 0x80, 0x38, 0xff,
    0x60, 0x80, 0x30, 0xff, 0x58, 0x7c, 0x30, 0xff, 0x60, 0x80, 0x38, 0xff,
    0x60, 0x80, 0x30, 0xff, 0x58, 0x80, 0x38, 0xff, 0x60, 0x80, 0x30, 0xff,
    0x60, 0x80, 0x38, 0xff, 0x58, 0x7c, 0x30, 0xff, 0x60, 0x80, 0x38, 0xff,
    0x60, 0x80, 0x30, 0xff, 0x58, 0x80, 0x30, 0xff, 0x60, 0x80, 0x38, 0xff,
    0x60, 0x7c, 0x30, 0xff, 0x58, 0x80, 0x30, 0xff, 0x60, 0x7c, 0x30, 0xff,
    0x60, 0x80, 0x30, 0xff, 0x58, 0x80, 0x38, 0xff, 0x60, 0x80, 0x30, 0xff,
    0x60, 0x7c, 0x30, 0xff, 0x58, 0x80, 0x38, 0xff, 0x60, 0x80, 0x30, 0xff,
    0x60, 0x7c, 0x30, 0xff, 0x58, 0x80, 0x38, 0xff, 0x60, 0x80, 0x30, 0xff,
    0x60, 0x80, 0x38, 0xff, 0x58, 0x7c, 0x30, 0xff, 0x60, 0x80, 0x38, 0xff,
    0x60, 0x80, 0x30, 0xff, 0x58, 0x80, 0x38, 0xff, 0x60, 0x80, 0x30, 0xff,
    0x60, 0x80, 0x30, 0xff, 0x58, 0x7c, 0x38, 0xff, 0x60, 0x80, 0x30, 0xff,
    0x60, 0x80, 0x30, 0xff, 0x58, 0x80, 0x38, 0xff, 0x60, 0x80, 0x30, 0xff,
    0x60, 0x7c, 0x30, 0xff, 0x58, 0x80, 0x38, 0xff, 0x60, 0x7c, 0x30, 0xff,
    0x60, 0x80, 0x30, 0xff, 0x58, 0x80, 0x38, 0xff, 0x60, 0x80, 0x30, 0xff,
    0x60, 0x7c, 0x38, 0xff, 0x58, 0x80, 0x30, 0xff, 0x60, 0x80, 0x38, 0xff,
    0x60, 0x7c, 0x30, 0xff, 0x58, 0x80, 0x38, 0xff, 0x60, 0x80, 0x30, 0xff,
    0x60, 0x80, 0x30, 0xff, 0x58, 0x7c, 0x38, 0xff, 0x60, 0x80, 0x30, 0xff,
    0x60, 0x80, 0x30, 0xff, 0x58, 0x80, 0x38, 0xff, 0x60, 0x80, 0x30, 0xff,
    0x60, 0x80, 0x30, 0xff, 0x58, 0x7c, 0x38, 0xff, 0x60, 0x80, 0x30, 0xff,
    0x60, 0x80, 0x30, 0xff, 0x58, 0x80, 0x38, 0xff, 0x60, 0x80, 0x30, 0xff,
    0x60, 0x7c, 0x38, 0xff, 0x58, 0x80, 0x30, 0xff, 0x60, 0x7c, 0x38, 0xff,
    0x60, 0x80, 0x30, 0xff, 0x58, 0x80, 0x38, 0xff, 0x60, 0x80, 0x30, 0xff,
    0x60, 0x7c, 0x30, 0xff, 0x58, 0x80, 0x38, 0xff, 0x60, 0x80, 0x30, 0xff,
    0x60, 0x7c, 0x30, 0xff, 0x58, 0x80, 0x38, 0xff, 0x60, 0x80, 0x30, 0xff,
    0x60, 0x80, 0x30, 0xff, 0x58, 0x7c, 0x38, 0xff, 0x60, 0x80, 0x30, 0xff,
    0x60, 0x80, 0x30, 0xff, 0x58, 0x80, 0x38, 0xff, 0x60, 0x80, 0x30, 0xff,
    0x60, 0x80, 0x38, 0xff, 0x58, 0x7c, 0x30, 0xff, 0x60, 0x80, 0x38, 0xff,
    0x60, 0x80, 0x30, 0xff, 0x58, 0x80, 0x38, 0xff, 0x60, 0x80, 0x30, 0xff,
    0x60, 0x7c, 0x30, 0xff, 0x58, 0x80, 0x38, 0xff, 0x60, 0x7c, 0x30, 0xff,
    0x60, 0x80, 0x30, 0xff, 0x58, 0x80, 0x38, 0xff, 0x60, 0x80, 0x30, 0xff,
    0x60, 0x7c, 0x30, 0xff, 0x58, 0x80, 0x38, 0xff, 0x60, 0x80, 0x30, 0xff,
    0x60, 0x7c, 0x30, 0xff, 0x58, 0x80, 0x38, 0xff, 0x60, 0x80, 0x30, 0xff,
    0x60, 0x80, 0x38, 0xff, 0x58, 0x7c, 0x30, 0xff, 0x60, 0x80, 0x38, 0xff,
    0x60, 0x80, 0x30, 0xff, 0x58, 0x80, 0x38, 0xff, 0x60, 0x80, 0x30, 0xff,
    0x60, 0x80, 0x30, 0xff, 0x58, 0x7c, 0x38, 0xff, 0x60, 0x80, 0x30, 0xff,
    0x60, 0x80, 0x30, 0xff, 0x58, 0x80, 0x38, 0xff, 0x60, 0x80, 0x30, 0xff,
    0x60, 0x7c, 0x30, 0xff, 0x58, 0x80, 0x38, 0xff, 0x60, 0x7c, 0x30, 0xff,
    0x60, 0x80, 0x30, 0xff, 0x58, 0x80, 0x38, 0xff, 0x60, 0x80, 0x30, 0xff,
    0x60, 0x7c, 0x38, 0xff, 0x58, 0x80, 0x30, 0xff, 0x60, 0x80, 0x38, 0xff,
    0x60, 0x7c, 0x30, 0xff, 0x58, 0x80, 0x38, 0xff, 0x60, 0x80, 0x30, 0xff,
    0x60, 0x80, 0x30, 0xff, 0x58, 0x7c, 0x38, 0xff, 0x60, 0x80, 0x30, 0xff,
    0x60, 0x80, 0x30, 0xff, 0x58, 0x80, 0x38, 0xff, 0x60, 0x80, 0x30, 0xff,
    0x60, 0x80, 0x30, 0xff, 0x58, 0x7c, 0x38, 0xff, 0x60, 0x80, 0x30, 0xff,
    0x60, 0x80, 0x30, 0xff, 0x58, 0x80, 0x38, 0xff, 0x60, 0x80, 0x30, 0xff,
    0x60, 0x7c, 0x38, 0xff, 0x58, 0x80, 0x30, 0xff, 0x60, 0x7c, 0x38, 0xff,
    0x60, 0x80, 0x30, 0xff, 0x58, 0x80, 0x38, 0xff, 0x60, 0x80, 0x30, 0xff,
    0x60, 0x7c, 0x30, 0xff, 0x58, 0x80, 0x38, 0xff, 0x60, 0x80, 0x30, 0xff,
    0x60, 0x7c, 0x30, 0xff, 0x58, 0x80, 0x38, 0xff, 0x60, 0x80, 0x30, 0xff,
    0x60, 0x80, 0x30, 0xff, 0x58, 0x7c, 0x38, 0xff, 0x60, 0x80, 0x30, 0xff,
    0x60, 0x80, 0x30, 0xff, 0x58, 0x80, 0x38, 0xff, 0x60, 0x80, 0x30, 0xff,
    0x60, 0x80, 0x38, 0xff, 0x58, 0x7c, 0x30, 0xff, 0x60, 0x80, 0x38, 0xff,
    0x60, 0x80, 0x30, 0xff, 0x58, 0x80, 0x38, 0xff, 0x60, 0x80, 0x30, 0xff,
    0x60, 0x7c, 0x30, 0xff, 0x58, 0x80, 0x38, 0xff, 0x60, 0x7c, 0x30, 0xff,
    0x60, 0x80, 0x30, 0xff, 0x58, 0x80, 0x38, 0xff, 0x60, 0x80, 0x30, 0xff,
    0x60, 0x7c, 0x30, 0xff, 0x58, 0x80, 0x38, 0xff, 0x60, 0x80, 0x30, 0xff,
    0x60, 0x7c, 0x30, 0xff, 0x58, 0x80, 0x38, 0xff, 0x60, 0x80, 0x30, 0xff,
    0x60, 0x80, 0x38, 0xff, 0x58, 0x7c, 0x30, 0xff, 0x60, 0x80, 0x38, 0xff,
    0x60, 0x80, 0x30, 0xff, 0x58, 0x80, 0x38, 0xff, 0x60, 0x80, 0x30, 0xff,
    0x60, 0x80, 0x30, 0xff, 0x58, 0x7c, 0x38, 0xff, 0x60, 0x80, 0x30, 0xff,
    0x60, 0x80, 0x30, 0xff, 0x58, 0x80, 0x38, 0xff, 0x60, 0x80, 0x30, 0xff,
    0x60, 0x7c, 0x30, 0xff, 0x58, 0x80, 0x38, 0xff, 0x60, 0x7c, 0x30, 0xff,
    0x60, 0x80, 0x30, 0xff, 0x58, 0x80, 0x38, 0xff, 0x60, 0x80, 0x30, 0xff,
    0x58, 0x7c, 0x38, 0xff, 0x58, 0x80, 0x30, 0xff, 0x60, 0x80, 0x38, 0xff,
    0x58, 0x7c, 0x30, 0xff, 0x58, 0x80, 0x38, 0xff, 0x60, 0x80, 0x30, 0xff,
    0x60, 0x80, 0x30, 0xff, 0x58, 0x80, 0x38, 0xff, 0x60, 0x80, 0x30, 0xff,
    0x58, 0x80, 0x30, 0xff, 0x58, 0x80, 0x38, 0xff, 0x60, 0x80, 0x30, 0xff,
    0x60, 0x80, 0x30, 0xff, 0x58, 0x7c, 0x38, 0xff, 0x60, 0x80, 0x30, 0xff,
    0x58, 0x80, 0x30, 0xff, 0x60, 0x80, 0x38, 0xff, 0x60, 0x80, 0x30, 0xff,
    0x58, 0x7c, 0x38, 0xff, 0x60, 0x80, 0x30, 0xff, 0x58, 0x80, 0x30, 0xff,
    0x58, 0x80, 0x38, 0xff, 0x60, 0x80, 0x30, 0xff, 0x60, 0x80, 0x30, 0xff,
    0x58, 0x80, 0x38, 0xff, 0x60, 0x80, 0x38, 0xff, 0x58, 0x80, 0x30, 0xff,
    0x58, 0x80, 0x30, 0xff, 0x60, 0x80, 0x38, 0xff, 0x58, 0x80, 0x30, 0xff,
    0x60, 0x7c, 0x30, 0xff, 0x58, 0x80, 0x38, 0xff, 0x60, 0x80, 0x30, 0xff,
    0x60, 0x7c, 0x38, 0xff, 0x58, 0x80, 0x30, 0xff, 0x60, 0x80, 0x30, 0xff,
    0x58, 0x80, 0x38, 0xff, 0x58, 0x7c, 0x30, 0xff, 0x60, 0x80, 0x30, 0xff,
    0x58, 0x80, 0x38, 0xff, 0x58, 0x80, 0x30, 0xff, 0x60, 0x80, 0x38, 0xff,
    0x60, 0x7c, 0x30, 0xff, 0x58, 0x80, 0x30, 0xff, 0x60, 0x80, 0x38, 0xff,
    0x60, 0x80, 0x30, 0x61, 0x00, 0x00, 0x00, 0x00, 0x00, 0x00, 0x00, 0x00,
    0x00, 0x00, 0x00, 0x00, 0x00, 0x00, 0x00, 0x00, 0x00, 0x00, 0x00, 0x00,
    0x58, 0x7c, 0x30, 0x8e, 0x60, 0x80, 0x38, 0xff, 0x60, 0x80, 0x30, 0xff,
    0x58, 0x7c, 0x30, 0xff, 0x60, 0x80, 0x38, 0xff, 0x58, 0x80, 0x30, 0xff,
    0x60, 0x80, 0x38, 0xff, 0x60, 0x80, 0x30, 0xff, 0x58, 0x7c, 0x30, 0xff,
    0x60, 0x80, 0x38, 0xff, 0x60, 0x80, 0x30, 0xff, 0x58, 0x7c, 0x30, 0xff,
    0x58, 0x80, 0x38, 0xff, 0x60, 0x80, 0x30, 0xff, 0x58, 0x7c, 0x30, 0xff,
    0x58, 0x7c, 0x38, 0xff, 0x60, 0x80, 0x30, 0xff, 0x58, 0x80, 0x30, 0xff,
    0x58, 0x80, 0x38, 0xff, 0x60, 0x80, 0x30, 0xff, 0x58, 0x80, 0x38, 0xff,
    0x58, 0x7c, 0x30, 0xff, 0x60, 0x80, 0x30, 0xff, 0x58, 0x80, 0x38, 0xff,
    0x60, 0x80, 0x30, 0xff, 0x60, 0x7c, 0x38, 0xff, 0x58, 0x80, 0x30, 0xff,
    0x60, 0x80, 0x30, 0xff, 0x60, 0x7c, 0x38, 0xff, 0x58, 0x80, 0x38, 0xff,
    0x58, 0x80, 0x30, 0xff, 0x60, 0x7c, 0x30, 0xff, 0x58, 0x80, 0x38, 0xff,
    0x58, 0x80, 0x30, 0xff, 0x60, 0x80, 0x38, 0xff, 0x60, 0x80, 0x30, 0xff,
    0x58, 0x80, 0x30, 0xff, 0x60, 0x80, 0x38, 0xff, 0x58, 0x7c, 0x30, 0xff,
    0x58, 0x80, 0x30, 0xff, 0x58, 0x80, 0x38, 0xff, 0x60, 0x80, 0x30, 0xff,
    0x58, 0x80, 0x38, 0xff, 0x58, 0x80, 0x30, 0xff, 0x60, 0x80, 0x30, 0xff,
    0x58, 0x80, 0x38, 0xff, 0x60, 0x7c, 0x30, 0xff, 0x60, 0x80, 0x38, 0xff,
    0x58, 0x80, 0x30, 0xff, 0x60, 0x7c, 0x30, 0xff, 0x58, 0x80, 0x38, 0xff,
    0x60, 0x80, 0x30, 0xff, 0x60, 0x7c, 0x30, 0xff, 0x58, 0x80, 0x38, 0xff,
    0x60, 0x80, 0x30, 0xff, 0x58, 0x80, 0x38, 0xff, 0x58, 0x80, 0x30, 0xff,
    0x60, 0x80, 0x30, 0xff, 0x60, 0x7c, 0x38, 0xff, 0x58, 0x80, 0x30, 0xff,
    0x58, 0x80, 0x30, 0xff, 0x60, 0x7c, 0x38, 0xff, 0x60, 0x80, 0x30, 0xff,
    0x58, 0x80, 0x30, 0xff, 0x60, 0x80, 0x38, 0xff, 0x58, 0x80, 0x30, 0xff,
    0x58, 0x80, 0x38, 0xff, 0x60, 0x7c, 0x30, 0xff, 0x58, 0x80, 0x38, 0xff,
    0x58, 0x80, 0x30, 0xff, 0x60, 0x7c, 0x38, 0xff, 0x58, 0x80, 0x30, 0xff,
    0x58, 0x80, 0x30, 0xff, 0x60, 0x7c, 0x38, 0xff, 0x58, 0x80, 0x30, 0xff,
    0x58, 0x80, 0x30, 0xff, 0x60, 0x7c, 0x38, 0xff, 0x58, 0x80, 0x30, 0xff,
    0x58, 0x80, 0x38, 0xff, 0x60, 0x80, 0x30, 0xff, 0x58, 0x80, 0x30, 0xff,
    0x58, 0x80, 0x38, 0xff, 0x60, 0x7c, 0x30, 0xff, 0x58, 0x80, 0x38, 0xff,
    0x58, 0x80, 0x30, 0xff, 0x60, 0x7c, 0x38, 0xff, 0x58, 0x80, 0x30, 0xff,
    0x58, 0x80, 0x30, 0xff, 0x60, 0x80, 0x38, 0xff, 0x58, 0x7c, 0x30, 0xff,
    0x58, 0x80, 0x38, 0xff, 0x60, 0x80, 0x38, 0xff, 0x58, 0x7c, 0x30, 0xff,
    0x58, 0x80, 0x30, 0xff, 0x60, 0x80, 0x38, 0xff, 0x58, 0x7c, 0x30, 0xff,
    0x58, 0x80, 0x30, 0xff, 0x60, 0x80, 0x38, 0xff, 0x58, 0x7c, 0x30, 0xff,
    0x58, 0x80, 0x30, 0xff, 0x60, 0x80, 0x38, 0xff, 0x58, 0x80, 0x30, 0xff,
    0x58, 0x7c, 0x30, 0xff, 0x60, 0x80, 0x38, 0xff, 0x58, 0x7c, 0x30, 0xff,
    0x58, 0x80, 0x30, 0xff, 0x60, 0x80, 0x30, 0xff, 0x58, 0x7c, 0x38, 0xff,
    0x58, 0x80, 0x30, 0xff, 0x60, 0x80, 0x38, 0xff, 0x58, 0x80, 0x30, 0xff,
    0x58, 0x80, 0x38, 0xff, 0x60, 0x80, 0x30, 0xff, 0x58, 0x7c, 0x30, 0xff,
    0x58, 0x80, 0x38, 0xff, 0x60, 0x80, 0x30, 0xff, 0x58, 0x80, 0x30, 0xff,
    0x58, 0x7c, 0x38, 0xff, 0x60, 0x80, 0x30, 0xff, 0x58, 0x80, 0x30, 0xff,
    0x58, 0x7c, 0x38, 0xff, 0x60, 0x80, 0x30, 0xff, 0x58, 0x80, 0x38, 0xff,
    0x58, 0x80, 0x30, 0xff, 0x60, 0x7c, 0x30, 0xff, 0x58, 0x80, 0x38, 0xff,
    0x58, 0x80, 0x30, 0xff, 0x60, 0x7c, 0x30, 0xff, 0x58, 0x80, 0x38, 0xff,
    0x58, 0x80, 0x30, 0xff, 0x60, 0x80, 0x30, 0xff, 0x58, 0x7c, 0x38, 0xff,
    0x58, 0x80, 0x30, 0xff, 0x60, 0x80, 0x30, 0xff, 0x58, 0x80, 0x38, 0xff,
    0x58, 0x80, 0x38, 0xff, 0x60, 0x7c, 0x30, 0xff, 0x58, 0x80, 0x30, 0xff,
    0x58, 0x80, 0x38, 0xff, 0x60, 0x80, 0x30, 0xff, 0x58, 0x80, 0x30, 0xff,
    0x58, 0x7c, 0x38, 0xff, 0x60, 0x80, 0x30, 0xff, 0x58, 0x80, 0x38, 0xff,
    0x58, 0x7c, 0x30, 0xff, 0x60, 0x80, 0x30, 0xff, 0x58, 0x80, 0x38, 0xff,
    0x58, 0x80, 0x30, 0xff, 0x60, 0x7c, 0x30, 0xff, 0x58, 0x80, 0x38, 0xff,
    0x58, 0x80, 0x30, 0xff, 0x60, 0x7c, 0x38, 0xff, 0x58, 0x80, 0x30, 0xff,
    0x58, 0x80, 0x30, 0xff, 0x60, 0x80, 0x38, 0xff, 0x58, 0x7c, 0x30, 0xff,
    0x58, 0x80, 0x30, 0xff, 0x60, 0x80, 0x38, 0xff, 0x58, 0x80, 0x30, 0xff,
    0x58, 0x80, 0x38, 0xff, 0x60, 0x7c, 0x30, 0xff, 0x58, 0x80, 0x38, 0xff,
    0x58, 0x80, 0x30, 0xff, 0x60, 0x80, 0x30, 0xff, 0x58, 0x80, 0x38, 0xff,
    0x58, 0x7c, 0x30, 0xff, 0x60, 0x80, 0x30, 0xff, 0x58, 0x80, 0x38, 0xff,
    0x58, 0x7c, 0x30, 0xff, 0x60, 0x80, 0x38, 0xff, 0x58, 0x80, 0x30, 0xff,
    0x58, 0x80, 0x30, 0xff, 0x60, 0x7c, 0x38, 0xff, 0x58, 0x80, 0x30, 0xff,
    0x58, 0x80, 0x30, 0xff, 0x60, 0x7c, 0x38, 0xff, 0x58, 0x80, 0x30, 0xff,
    0x58, 0x80, 0x38, 0xff, 0x60, 0x80, 0x30, 0xff, 0x58, 0x7c, 0x38, 0xff,
    0x58, 0x80, 0x30, 0xff, 0x60, 0x80, 0x30, 0xff, 0x58, 0x80, 0x38, 0xff,
    0x58, 0x80, 0x30, 0xff, 0x60, 0x7c, 0x30, 0xff, 0x58, 0x80, 0x38, 0xff,
    0x58, 0x80, 0x30, 0xff, 0x60, 0x80, 0x38, 0xff, 0x58, 0x80, 0x30, 0xff,
    0x58, 0x7c, 0x30, 0xff, 0x60, 0x80, 0x38, 0xff, 0x58, 0x80, 0x30, 0xff,
    0x58, 0x7c, 0x30, 0xff, 0x60, 0x80, 0x38, 0xff, 0x58, 0x80, 0x30, 0xff,
    0x58, 0x80, 0x38, 0xff, 0x60, 0x7c, 0x30, 0xff, 0x58, 0x80, 0x38, 0xff,
    0x58, 0x80, 0x30, 0xff, 0x60, 0x7c, 0x30, 0xff, 0x58, 0x80, 0x38, 0xff,
    0x58, 0x80, 0x30, 0xff, 0x60, 0x80, 0x30, 0xff, 0x58, 0x7c, 0x38, 0xff,
    0x58, 0x80, 0x30, 0xff, 0x60, 0x80, 0x38, 0xff, 0x58, 0x80, 0x30, 0xff,
    0x58, 0x80, 0x30, 0xff, 0x60, 0x7c, 0x38, 0xff, 0x58, 0x80, 0x30, 0xff,
    0x58, 0x80, 0x30, 0xff, 0x60, 0x80, 0x38, 0xff, 0x58, 0x80, 0x30, 0xff,
    0x58, 0x7c, 0x38, 0xff, 0x60, 0x80, 0x30, 0xff, 0x58, 0x80, 0x38, 0xff,
    0x58, 0x7c, 0x30, 0xff, 0x60, 0x80, 0x30, 0xff, 0x58, 0x80, 0x38, 0xff,
    0x58, 0x80, 0x30, 0xff, 0x60, 0x7c, 0x30, 0xff, 0x58, 0x80, 0x38, 0xff,
    0x58, 0x80, 0x30, 0xff, 0x60, 0x7c, 0x38, 0xff, 0x58, 0x80, 0x30, 0xff,
    0x58, 0x80, 0x30, 0xff, 0x60, 0x80, 0x38, 0xff, 0x58, 0x7c, 0x30, 0xff,
    0x58, 0x80, 0x30, 0xff, 0x60, 0x80, 0x38, 0xff, 0x58, 0x80, 0x30, 0xff,
    0x58, 0x80, 0x38, 0xff, 0x60, 0x7c, 0x30, 0xff, 0x58, 0x80, 0x38, 0xff,
    0x58, 0x80, 0x30, 0xff, 0x60, 0x80, 0x30, 0xff, 0x58, 0x80, 0x38, 0xff,
    0x58, 0x7c, 0x30, 0xff, 0x60, 0x80, 0x30, 0xff, 0x58, 0x80, 0x38, 0xff,
    0x58, 0x7c, 0x30, 0xff, 0x60, 0x80, 0x38, 0xff, 0x58, 0x80, 0x30, 0xff,
    0x58, 0x80, 0x30, 0xff, 0x60, 0x7c, 0x38, 0xff, 0x58, 0x80, 0x30, 0xff,
    0x58, 0x80, 0x30, 0xff, 0x60, 0x7c, 0x38, 0xff, 0x58, 0x80, 0x30, 0xff,
    0x58, 0x80, 0x38, 0xff, 0x60, 0x80, 0x30, 0xff, 0x58, 0x7c, 0x38, 0xff,
    0x58, 0x80, 0x30, 0xff, 0x60, 0x80, 0x30, 0xff, 0x58, 0x80, 0x38, 0xff,
    0x58, 0x80, 0x30, 0xff, 0x60, 0x7c, 0x30, 0xff, 0x58, 0x80, 0x38, 0xff,
    0x58, 0x80, 0x30, 0xff, 0x60, 0x80, 0x38, 0xff, 0x58, 0x80, 0x30, 0xff,
    0x58, 0x7c, 0x30, 0xff, 0x60, 0x80, 0x38, 0xff, 0x58, 0x80, 0x30, 0xff,
    0x58, 0x7c, 0x30, 0xff, 0x60, 0x80, 0x38, 0xff, 0x58, 0x80, 0x30, 0xff,
    0x58, 0x80, 0x38, 0xff, 0x60, 0x7c, 0x30, 0xff, 0x58, 0x80, 0x38, 0xff,
    0x58, 0x80, 0x30, 0xff, 0x60, 0x7c, 0x30, 0xff, 0x58, 0x80, 0x38, 0xff,
    0x58, 0x80, 0x30, 0xff, 0x60, 0x80, 0x30, 0xff, 0x58, 0x7c, 0x38, 0xff,
    0x58, 0x80, 0x30, 0xff, 0x60, 0x80, 0x38, 0xff, 0x58, 0x80, 0x30, 0xff,
    0x58, 0x80, 0x30, 0xff, 0x60, 0x7c, 0x38, 0xff, 0x58, 0x80, 0x30, 0xff,
    0x58, 0x80, 0x30, 0xff, 0x60, 0x80, 0x38, 0xff, 0x58, 0x80, 0x30, 0xff,
    0x58, 0x7c, 0x38, 0xff, 0x60, 0x80, 0x30, 0xff, 0x58, 0x80, 0x38, 0xff,
    0x58, 0x7c, 0x30, 0xff, 0x60, 0x80, 0x30, 0xff, 0x58, 0x80, 0x38, 0xff,
    0x58, 0x80, 0x30, 0xff, 0x60, 0x7c, 0x30, 0xff, 0x58, 0x80, 0x38, 0xff,
    0x58, 0x80, 0x30, 0xff, 0x60, 0x7c, 0x38, 0xff, 0x58, 0x80, 0x30, 0xff,
    0x58, 0x80, 0x30, 0xff, 0x60, 0x80, 0x38, 0xff, 0x58, 0x7c, 0x30, 0xff,
    0x58, 0x80, 0x30, 0xff, 0x60, 0x80, 0x38, 0xff, 0x58, 0x80, 0x30, 0xff,
    0x58, 0x80, 0x38, 0xff, 0x60, 0x7c, 0x30, 0xff, 0x58, 0x80, 0x38, 0xff,
    0x60, 0x80, 0x30, 0xff, 0x60, 0x80, 0x30, 0xff, 0x58, 0x80, 0x38, 0xff,
    0x60, 0x7c, 0x30, 0xff, 0x60, 0x80, 0x30, 0xff, 0x58, 0x80, 0x38, 0xff,
    0x58, 0x7c, 0x30, 0xff, 0x60, 0x80, 0x38, 0xff, 0x58, 0x7c, 0x30, 0xff,
    0x60, 0x80, 0x30, 0xff, 0x60, 0x7c, 0x38, 0xff, 0x58, 0x80, 0x30, 0xff,
    0x60, 0x7c, 0x30, 0xff, 0x58, 0x80, 0x38, 0xff, 0x58, 0x80, 0x30, 0xff,
    0x60, 0x7c, 0x30, 0xff, 0x58, 0x80, 0x38, 0xff, 0x58, 0x7c, 0x30, 0xff,
    0x60, 0x80, 0x30, 0xff, 0x58, 0x80, 0x38, 0xff, 0x60, 0x80, 0x30, 0xff,
    0x60, 0x7c, 0x38, 0xff, 0x58, 0x80, 0x30, 0xff, 0x58, 0x80, 0x38, 0xff,
    0x60, 0x7c, 0x30, 0xff, 0x58, 0x7c, 0x30, 0xff, 0x60, 0x80, 0x30, 0xff,
    0x60, 0x80, 0x38, 0xff, 0x58, 0x7c, 0x30, 0xff, 0x60, 0x80, 0x30, 0xff,
    0x58, 0x80, 0x38, 0xff, 0x60, 0x7c, 0x30, 0xff, 0x58, 0x80, 0x30, 0xff,
    0x58, 0x80, 0x38, 0xff, 0x60, 0x7c, 0x30, 0xff, 0x58, 0x80, 0x30, 0xff,
    0x60, 0x80, 0x38, 0xff, 0x60, 0x7c, 0x30, 0xff, 0x58, 0x80, 0x30, 0xff,
    0x60, 0x80, 0x30, 0xff, 0x60, 0x80, 0x38, 0xff, 0x58, 0x7c, 0x30, 0xff,
    0x60, 0x80, 0x30, 0xff, 0x58, 0x80, 0x38, 0xff, 0x58, 0x80, 0x30, 0xff,
    0x60, 0x7c, 0x30, 0xff, 0x58, 0x7c, 0x38, 0x8e, 0x00, 0x00, 0x00, 0x00,
    0x00, 0x00, 0x00, 0x00, 0x00, 0x00, 0x00, 0x00, 0x00, 0x00, 0x00, 0x00,
    0x00, 0x00, 0x00, 0x00, 0x00, 0x00, 0x00, 0x00, 0x00, 0x00, 0x00, 0x00,
    0x58, 0x7c, 0x38, 0x9e, 0x58, 0x80, 0x30, 0xff, 0x60, 0x80, 0x38, 0xff,
    0x60, 0x80, 0x30, 0xff, 0x58, 0x7c, 0x30, 0xff, 0x58, 0x80, 0x38, 0xff,
    0x60, 0x80, 0x38, 0xff, 0x58, 0x80, 0x30, 0xff, 0x58, 0x80, 0x38, 0xff,
    0x60, 0x80, 0x30, 0xff, 0x60, 0x80, 0x38, 0xff, 0x58, 0x80, 0x30, 0xff,
    0x60, 0x80, 0x38, 0xff, 0x60, 0x80, 0x30, 0xff, 0x58, 0x80, 0x30, 0xff,
    0x60, 0x7c, 0x38, 0xff, 0x58, 0x7c, 0x30, 0xff, 0x60, 0x80, 0x30, 0xff,
    0x60, 0x80, 0x38, 0xff, 0x58, 0x80, 0x30, 0xff, 0x60, 0x80, 0x38, 0xff,
    0x58, 0x7c, 0x30, 0xff, 0x58, 0x80, 0x30, 0xff, 0x60, 0x80, 0x38, 0xff,
    0x58, 0x80, 0x30, 0xff, 0x58, 0x7c, 0x38, 0xff, 0x60, 0x80, 0x30, 0xff,
    0x60, 0x80, 0x30, 0xff, 0x58, 0x7c, 0x38, 0xff, 0x60, 0x80, 0x30, 0xff,
    0x60, 0x80, 0x30, 0xff, 0x58, 0x7c, 0x38, 0xff, 0x58, 0x80, 0x30, 0xff,
    0x60, 0x7c, 0x30, 0xff, 0x58, 0x80, 0x38, 0xff, 0x58, 0x80, 0x30, 0xff,
    0x60, 0x7c, 0x38, 0xff, 0x60, 0x80, 0x30, 0xff, 0x60, 0x80, 0x30, 0xff,
    0x58, 0x7c, 0x38, 0xff, 0x60, 0x80, 0x30, 0xff, 0x58, 0x7c, 0x30, 0xff,
    0x60, 0x80, 0x38, 0xff, 0x58, 0x80, 0x30, 0xff, 0x58, 0x7c, 0x30, 0xff,
    0x60, 0x80, 0x38, 0xff, 0x58, 0x80, 0x30, 0xff, 0x60, 0x80, 0x38, 0xff,
    0x58, 0x80, 0x30, 0xff, 0x60, 0x80, 0x38, 0xff, 0x58, 0x80, 0x30, 0xff,
    0x58, 0x7c, 0x38, 0xff, 0x60, 0x80, 0x30, 0xff, 0x60, 0x7c, 0x30, 0xff,
    0x58, 0x7c, 0x38, 0xff, 0x60, 0x80, 0x30, 0xff, 0x58, 0x80, 0x38, 0xff,
    0x60, 0x80, 0x38, 0xff, 0x58, 0x7c, 0x30, 0xff, 0x60, 0x80, 0x30, 0xff,
    0x58, 0x80, 0x38, 0xff, 0x58, 0x7c, 0x30, 0xff, 0x60, 0x7c, 0x30, 0xff,
    0x60, 0x80, 0x30, 0xff, 0x58, 0x80, 0x38, 0xff, 0x60, 0x80, 0x30, 0xff,
    0x60, 0x80, 0x30, 0xff, 0x58, 0x7c, 0x38, 0xff, 0x60, 0x80, 0x30, 0xff,
    0x60, 0x80, 0x30, 0xff, 0x58, 0x80, 0x38, 0xff, 0x60, 0x80, 0x30, 0xff,
    0x60, 0x80, 0x30, 0xff, 0x58, 0x80, 0x38, 0xff, 0x60, 0x80, 0x30, 0xff,
    0x60, 0x7c, 0x30, 0xff, 0x58, 0x80, 0x38, 0xff, 0x60, 0x80, 0x30, 0xff,
    0x60, 0x7c, 0x38, 0xff, 0x58, 0x80, 0x30, 0xff, 0x60, 0x80, 0x30, 0xff,
    0x60, 0x80, 0x38, 0xff, 0x58, 0x80, 0x30, 0xff, 0x60, 0x7c, 0x30, 0xff,
    0x60, 0x80, 0x38, 0xff, 0x58, 0x80, 0x30, 0xff, 0x60, 0x7c, 0x30, 0xff,
    0x60, 0x80, 0x38, 0xff, 0x58, 0x80, 0x30, 0xff, 0x60, 0x80, 0x30, 0xff,
    0x60, 0x7c, 0x30, 0xff, 0x58, 0x80, 0x38, 0xff, 0x60, 0x80, 0x30, 0xff,
    0x60, 0x80, 0x30, 0xff, 0x58, 0x80, 0x38, 0xff, 0x60, 0x80, 0x30, 0xff,
    0x60, 0x80, 0x30, 0xff, 0x58, 0x80, 0x38, 0xff, 0x60, 0x7c, 0x30, 0xff,
    0x60, 0x80, 0x38, 0xff, 0x58, 0x80, 0x30, 0xff, 0x60, 0x80, 0x30, 0xff,
    0x60, 0x80, 0x38, 0xff, 0x58, 0x7c, 0x30, 0xff, 0x60, 0x80, 0x38, 0xff,
    0x60, 0x80, 0x30, 0xff, 0x58, 0x7c, 0x30, 0xff, 0x60, 0x80, 0x38, 0xff,
    0x60, 0x80, 0x30, 0xff, 0x58, 0x7c, 0x30, 0xff, 0x60, 0x80, 0x38, 0xff,
    0x60, 0x80, 0x30, 0xff, 0x58, 0x80, 0x38, 0xff, 0x60, 0x7c, 0x30, 0xff,
    0x60, 0x80, 0x30, 0xff, 0x58, 0x80, 0x38, 0xff, 0x60, 0x80, 0x38, 0xff,
    0x60, 0x80, 0x30, 0xff, 0x58, 0x80, 0x30, 0xff, 0x60, 0x7c, 0x38, 0xff,
    0x60, 0x80, 0x30, 0xff, 0x58, 0x80, 0x30, 0xff, 0x60, 0x80, 0x38, 0xff,
    0x60, 0x7c, 0x30, 0xff, 0x58, 0x80, 0x38, 0xff, 0x60, 0x80, 0x30, 0xff,
    0x60, 0x7c, 0x30, 0xff, 0x58, 0x80, 0x38, 0xff, 0x60, 0x80, 0x30, 0xff,
    0x60, 0x80, 0x30, 0xff, 0x58, 0x7c, 0x38, 0xff, 0x60, 0x80, 0x38, 0xff,
    0x60, 0x80, 0x30, 0xff, 0x58, 0x7c, 0x30, 0xff, 0x60, 0x80, 0x38, 0xff,
    0x60, 0x80, 0x30, 0xff, 0x58, 0x7c, 0x38, 0xff, 0x60, 0x80, 0x30, 0xff,
    0x60, 0x80, 0x38, 0xff, 0x58, 0x7c, 0x30, 0xff, 0x60, 0x80, 0x30, 0xff,
    0x60, 0x80, 0x38, 0xff, 0x58, 0x80, 0x30, 0xff, 0x60, 0x80, 0x30, 0xff,
    0x60, 0x7c, 0x38, 0xff, 0x58, 0x80, 0x30, 0xff, 0x60, 0x80, 0x30, 0xff,
    0x60, 0x80, 0x38, 0xff, 0x58, 0x7c, 0x30, 0xff, 0x60, 0x80, 0x30, 0xff,
    0x60, 0x80, 0x38, 0xff, 0x58, 0x7c, 0x30, 0xff, 0x60, 0x80, 0x30, 0xff,
    0x60, 0x80, 0x38, 0xff, 0x58, 0x7c, 0x30, 0xff, 0x60, 0x80, 0x30, 0xff,
    0x60, 0x80, 0x38, 0xff, 0x58, 0x7c, 0x30, 0xff, 0x60, 0x80, 0x30, 0xff,
    0x60, 0x80, 0x38, 0xff, 0x58, 0x7c, 0x30, 0xff, 0x60, 0x80, 0x30, 0xff,
    0x60, 0x80, 0x38, 0xff, 0x58, 0x7c, 0x30, 0xff, 0x60, 0x80, 0x30, 0xff,
    0x60, 0x80, 0x38, 0xff, 0x58, 0x80, 0x30, 0xff, 0x60, 0x80, 0x30, 0xff,
    0x60, 0x7c, 0x38, 0xff, 0x58, 0x80, 0x30, 0xff, 0x60, 0x80, 0x30, 0xff,
    0x60, 0x80, 0x38, 0xff, 0x58, 0x7c, 0x30, 0xff, 0x60, 0x80, 0x30, 0xff,
    0x60, 0x80, 0x38, 0xff, 0x58, 0x7c, 0x30, 0xff, 0x60, 0x80, 0x30, 0xff,
    0x60, 0x80, 0x38, 0xff, 0x58, 0x7c, 0x30, 0xff, 0x60, 0x80, 0x30, 0xff,
    0x60, 0x80, 0x38, 0xff, 0x58, 0x7c, 0x30, 0xff, 0x60, 0x80, 0x30, 0xff,
    0x60, 0x80, 0x38, 0xff, 0x58, 0x7c, 0x30, 0xff, 0x60, 0x80, 0x30, 0xff,
    0x60, 0x80, 0x38, 0xff, 0x58, 0x7c, 0x30, 0xff, 0x60, 0x80, 0x30, 0xff,
    0x60, 0x80, 0x38, 0xff, 0x58, 0x80, 0x30, 0xff, 0x60, 0x80, 0x30, 0xff,
    0x60, 0x7c, 0x38, 0xff, 0x58, 0x80, 0x30, 0xff, 0x60, 0x80, 0x30, 0xff,
    0x60, 0x80, 0x38, 0xff, 0x58, 0x7c, 0x30, 0xff, 0x60, 0x80, 0x30, 0xff,
    0x60, 0x80, 0x38, 0xff, 0x58, 0x7c, 0x30, 0xff, 0x60, 0x80, 0x30, 0xff,
    0x60, 0x80, 0x38, 0xff, 0x58, 0x7c, 0x30, 0xff, 0x60, 0x80, 0x30, 0xff,
    0x60, 0x80, 0x38, 0xff, 0x58, 0x7c, 0x30, 0xff, 0x60, 0x80, 0x30, 0xff,
    0x60, 0x80, 0x38, 0xff, 0x58, 0x7c, 0x30, 0xff, 0x60, 0x80, 0x30, 0xff,
    0x60, 0x80, 0x38, 0xff, 0x58, 0x7c, 0x30, 0xff, 0x60, 0x80, 0x30, 0xff,
    0x60, 0x80, 0x38, 0xff, 0x58, 0x80, 0x30, 0xff, 0x60, 0x80, 0x30, 0xff,
    0x60, 0x7c, 0x38, 0xff, 0x58, 0x80, 0x30, 0xff, 0x60, 0x80, 0x30, 0xff,
    0x60, 0x80, 0x38, 0xff, 0x58, 0x7c, 0x30, 0xff, 0x60, 0x80, 0x30, 0xff,
    0x60, 0x80, 0x38, 0xff, 0x58, 0x7c, 0x30, 0xff, 0x60, 0x80, 0x30, 0xff,
    0x60, 0x80, 0x38, 0xff, 0x58, 0x7c, 0x30, 0xff, 0x60, 0x80, 0x30, 0xff,
    0x60, 0x80, 0x38, 0xff, 0x58, 0x7c, 0x30, 0xff, 0x60, 0x80, 0x30, 0xff,
    0x60, 0x80, 0x38, 0xff, 0x58, 0x7c, 0x30, 0xff, 0x60, 0x80, 0x30, 0xff,
    0x60, 0x80, 0x38, 0xff, 0x58, 0x7c, 0x30, 0xff, 0x60, 0x80, 0x30, 0xff,
    0x60, 0x80, 0x38, 0xff, 0x58, 0x80, 0x30, 0xff, 0x60, 0x80, 0x30, 0xff,
    0x60, 0x7c, 0x38, 0xff, 0x58, 0x80, 0x30, 0xff, 0x60, 0x80, 0x30, 0xff,
    0x60, 0x80, 0x38, 0xff, 0x58, 0x7c, 0x30, 0xff, 0x60, 0x80, 0x30, 0xff,
    0x60, 0x80, 0x38, 0xff, 0x58, 0x7c, 0x30, 0xff, 0x60, 0x80, 0x30, 0xff,
    0x60, 0x80, 0x38, 0xff, 0x58, 0x7c, 0x30, 0xff, 0x60, 0x80, 0x30, 0xff,
    0x60, 0x80, 0x38, 0xff, 0x58, 0x7c, 0x30, 0xff, 0x60, 0x80, 0x30, 0xff,
    0x60, 0x80, 0x38, 0xff, 0x58, 0x7c, 0x30, 0xff, 0x60, 0x80, 0x30, 0xff,
    0x60, 0x80, 0x38, 0xff, 0x58, 0x7c, 0x30, 0xff, 0x60, 0x80, 0x30, 0xff,
    0x60, 0x80, 0x38, 0xff, 0x58, 0x80, 0x30, 0xff, 0x60, 0x80, 0x30, 0xff,
    0x60, 0x7c, 0x38, 0xff, 0x58, 0x80, 0x30, 0xff, 0x60, 0x80, 0x30, 0xff,
    0x60, 0x80, 0x38, 0xff, 0x58, 0x7c, 0x30, 0xff, 0x60, 0x80, 0x30, 0xff,
    0x60, 0x80, 0x38, 0xff, 0x58, 0x7c, 0x30, 0xff, 0x60, 0x80, 0x30, 0xff,
    0x60, 0x80, 0x38, 0xff, 0x58, 0x7c, 0x30, 0xff, 0x60, 0x80, 0x30, 0xff,
    0x60, 0x80, 0x38, 0xff, 0x58, 0x7c, 0x30, 0xff, 0x60, 0x80, 0x30, 0xff,
    0x60, 0x80, 0x38, 0xff, 0x58, 0x7c, 0x30, 0xff, 0x60, 0x80, 0x30, 0xff,
    0x60, 0x80, 0x38, 0xff, 0x58, 0x7c, 0x30, 0xff, 0x60, 0x80, 0x30, 0xff,
    0x60, 0x80, 0x38, 0xff, 0x58, 0x80, 0x30, 0xff, 0x60, 0x80, 0x30, 0xff,
    0x60, 0x7c, 0x38, 0xff, 0x58, 0x80, 0x30, 0xff, 0x60, 0x80, 0x30, 0xff,
    0x60, 0x80, 0x38, 0xff, 0x58, 0x7c, 0x30, 0xff, 0x60, 0x80, 0x30, 0xff,
    0x60, 0x80, 0x38, 0xff, 0x58, 0x7c, 0x30, 0xff, 0x60, 0x80, 0x30, 0xff,
    0x60, 0x80, 0x38, 0xff, 0x58, 0x7c, 0x30, 0xff, 0x60, 0x80, 0x30, 0xff,
    0x60, 0x80, 0x38, 0xff, 0x58, 0x7c, 0x30, 0xff, 0x60, 0x80, 0x30, 0xff,
    0x58, 0x80, 0x38, 0xff, 0x58, 0x7c, 0x30, 0xff, 0x60, 0x80, 0x30, 0xff,
    0x58, 0x80, 0x38, 0xff, 0x58, 0x7c, 0x30, 0xff, 0x60, 0x80, 0x30, 0xff,
    0x58, 0x80, 0x38, 0xff, 0x60, 0x80, 0x30, 0xff, 0x60, 0x80, 0x30, 0xff,
    0x58, 0x80, 0x38, 0xff, 0x58, 0x80, 0x30, 0xff, 0x60, 0x7c, 0x30, 0xff,
    0x58, 0x80, 0x38, 0xff, 0x60, 0x80, 0x30, 0xff, 0x60, 0x80, 0x30, 0xff,
    0x58, 0x7c, 0x38, 0xff, 0x60, 0x80, 0x30, 0xff, 0x60, 0x80, 0x30, 0xff,
    0x58, 0x80, 0x38, 0xff, 0x60, 0x80, 0x30, 0xff, 0x58, 0x7c, 0x30, 0xff,
    0x58, 0x80, 0x38, 0xff, 0x60, 0x80, 0x30, 0xff, 0x58, 0x80, 0x30, 0xff,
    0x60, 0x7c, 0x38, 0xff, 0x60, 0x80, 0x30, 0xff, 0x58, 0x80, 0x38, 0xff,
    0x58, 0x80, 0x30, 0xff, 0x60, 0x80, 0x30, 0xff, 0x58, 0x7c, 0x38, 0xff,
    0x60, 0x80, 0x30, 0xff, 0x60, 0x80, 0x38, 0xff, 0x58, 0x7c, 0x30, 0xff,
    0x60, 0x80, 0x38, 0xff, 0x60, 0x80, 0x30, 0xff, 0x58, 0x80, 0x38, 0xff,
    0x58, 0x80, 0x30, 0xff, 0x60, 0x80, 0x30, 0xff, 0x58, 0x80, 0x38, 0xff,
    0x58, 0x7c, 0x38, 0xff, 0x60, 0x80, 0x30, 0xff, 0x58, 0x80, 0x38, 0xff,
    0x58, 0x7c, 0x30, 0xff, 0x60, 0x80, 0x30, 0xff, 0x60, 0x80, 0x38, 0xff,
    0x58, 0x7c, 0x30, 0xff, 0x60, 0x80, 0x38, 0xff, 0x58, 0x7c, 0x30, 0x9e,
    0x00, 0x00, 0x00, 0x00, 0x00, 0x00, 0x00, 0x00, 0x00, 0x00, 0x00, 0x00,
    0x00, 0x00, 0x00, 0x00, 0x00, 0x00, 0x00, 0x00, 0x00, 0x00, 0x00, 0x00,
    0x00, 0x00, 0x00, 0x00, 0x00, 0x00, 0x00, 0x00, 0x00, 0x00, 0x00, 0x00,
    0x58, 0x7c, 0x30, 0x92, 0x60, 0x80, 0x38, 0xff, 0x58, 0x80, 0x30, 0xff,
    0x60, 0x7c, 0x30, 0xff, 0x58, 0x80, 0x30, 0xff, 0x60, 0x80, 0x30, 0xff,
    0x60, 0x7c, 0x30, 0xff, 0x58, 0x80, 0x30, 0xff, 0x58, 0x7c, 0x38, 0xff,
    0x60, 0x80, 0x30, 0xff, 0x58, 0x7c, 0x30, 0xff, 0x58, 0x80, 0x38, 0xff,
    0x60, 0x80, 0x30, 0xff, 0x60, 0x80, 0x30, 0xff, 0x58, 0x80, 0x38, 0xff,
    0x60, 0x80, 0x30, 0xff, 0x58, 0x7c, 0x30, 0xff, 0x58, 0x80, 0x38, 0xff,
    0x60, 0x7c, 0x30, 0xff, 0x60, 0x80, 0x30, 0xff, 0x58, 0x80, 0x38, 0xff,
    0x60, 0x7c, 0x30, 0xff, 0x60, 0x80, 0x30, 0xff, 0x58, 0x80, 0x38, 0xff,
    0x60, 0x80, 0x30, 0xff, 0x58, 0x80, 0x30, 0xff, 0x58, 0x80, 0x38, 0xff,
    0x60, 0x7c, 0x30, 0xff, 0x58, 0x80, 0x30, 0xff, 0x60, 0x80, 0x38, 0xff,
    0x60, 0x80, 0x30, 0xff, 0x58, 0x80, 0x38, 0xff, 0x60, 0x7c, 0x30, 0xff,
    0x60, 0x80, 0x30, 0xff, 0x58, 0x80, 0x38, 0xff, 0x58, 0x80, 0x30, 0xff,
    0x60, 0x80, 0x30, 0xff, 0x58, 0x80, 0x38, 0xff, 0x60, 0x80, 0x30, 0xff,
    0x58, 0x7c, 0x30, 0xff, 0x60, 0x80, 0x38, 0xff, 0x60, 0x80, 0x38, 0xff,
    0x58, 0x7c, 0x30, 0xff, 0x60, 0x80, 0x30, 0xff, 0x58, 0x80, 0x38, 0xff,
    0x60, 0x7c, 0x30, 0xff, 0x58, 0x80, 0x30, 0xff, 0x60, 0x80, 0x38, 0xff,
    0x60, 0x7c, 0x30, 0xff, 0x58, 0x80, 0x30, 0xff, 0x58, 0x80, 0x38, 0xff,
    0x60, 0x80, 0x30, 0xff, 0x58, 0x80, 0x30, 0xff, 0x60, 0x80, 0x38, 0xff,
    0x58, 0x7c, 0x30, 0xff, 0x60, 0x80, 0x30, 0xff, 0x58, 0x80, 0x30, 0xff,
    0x60, 0x80, 0x38, 0xff, 0x60, 0x80, 0x30, 0xff, 0x58, 0x80, 0x38, 0xff,
    0x58, 0x80, 0x38, 0xff, 0x60, 0x80, 0x30, 0xff, 0x58, 0x7c, 0x38, 0xff,
    0x58, 0x80, 0x30, 0xff, 0x60, 0x80, 0x30, 0xff, 0x58, 0x7c, 0x38, 0xff,
    0x58, 0x80, 0x30, 0xff, 0x60, 0x80, 0x30, 0xff, 0x58, 0x7c, 0x38, 0xff,
    0x58, 0x80, 0x30, 0xff, 0x60, 0x7c, 0x38, 0xff, 0x58, 0x80, 0x30, 0xff,
    0x58, 0x80, 0x38, 0xff, 0x60, 0x7c, 0x30, 0xff, 0x58, 0x80, 0x30, 0xff,
    0x58, 0x80, 0x38, 0xff, 0x60, 0x7c, 0x30, 0xff, 0x58, 0x80, 0x30, 0xff,
    0x58, 0x80, 0x38, 0xff, 0x60, 0x7c, 0x30, 0xff, 0x58, 0x80, 0x30, 0xff,
    0x58, 0x80, 0x38, 0xff, 0x60, 0x80, 0x30, 0xff, 0x58, 0x80, 0x30, 0xff,
    0x58, 0x80, 0x38, 0xff, 0x60, 0x7c, 0x30, 0xff, 0x58, 0x80, 0x30, 0xff,
    0x58, 0x80, 0x38, 0xff, 0x60, 0x80, 0x30, 0xff, 0x58, 0x80, 0x30, 0xff,
    0x58, 0x80, 0x38, 0xff, 0x60, 0x7c, 0x30, 0xff, 0x58, 0x80, 0x30, 0xff,
    0x58, 0x7c, 0x38, 0xff, 0x60, 0x80, 0x30, 0xff, 0x58, 0x80, 0x30, 0xff,
    0x58, 0x80, 0x38, 0xff, 0x60, 0x80, 0x30, 0xff, 0x58, 0x7c, 0x30, 0xff,
    0x58, 0x80, 0x38, 0xff, 0x60, 0x80, 0x30, 0xff, 0x58, 0x80, 0x30, 0xff,
    0x58, 0x80, 0x38, 0xff, 0x60, 0x80, 0x30, 0xff, 0x58, 0x80, 0x38, 0xff,
    0x58, 0x80, 0x30, 0xff, 0x60, 0x7c, 0x30, 0xff, 0x58, 0x80, 0x38, 0xff,
    0x58, 0x80, 0x30, 0xff, 0x60, 0x7c, 0x30, 0xff, 0x58, 0x80, 0x38, 0xff,
    0x58, 0x80, 0x30, 0xff, 0x60, 0x80, 0x30, 0xff, 0x58, 0x7c, 0x38, 0xff,
    0x58, 0x80, 0x30, 0xff, 0x60, 0x7c, 0x30, 0xff, 0x58, 0x80, 0x38, 0xff,
    0x58, 0x80, 0x30, 0xff, 0x60, 0x80, 0x30, 0xff, 0x58, 0x7c, 0x38, 0xff,
    0x58, 0x80, 0x30, 0xff, 0x60, 0x80, 0x30, 0xff, 0x58, 0x80, 0x38, 0xff,
    0x58, 0x80, 0x30, 0xff, 0x60, 0x80, 0x30, 0xff, 0x58, 0x80, 0x38, 0xff,
    0x58, 0x7c, 0x30, 0xff, 0x60, 0x80, 0x38, 0xff, 0x58, 0x80, 0x30, 0xff,
    0x58, 0x80, 0x30, 0xff, 0x60, 0x80, 0x38, 0xff, 0x58, 0x7c, 0x30, 0xff,
    0x58, 0x80, 0x30, 0xff, 0x60, 0x80, 0x30, 0xff, 0x58, 0x80, 0x38, 0xff,
    0x58, 0x80, 0x30, 0xff, 0x60, 0x7c, 0x30, 0xff, 0x58, 0x80, 0x38, 0xff,
    0x58, 0x80, 0x30, 0xff, 0x60, 0x80, 0x30, 0xff, 0x58, 0x7c, 0x38, 0xff,
    0x58, 0x80, 0x30, 0xff, 0x60, 0x80, 0x38, 0xff, 0x58, 0x80, 0x30, 0xff,
    0x58, 0x7c, 0x30, 0xff, 0x60, 0x80, 0x38, 0xff, 0x58, 0x80, 0x30, 0xff,
    0x58, 0x80, 0x30, 0xff, 0x60, 0x80, 0x38, 0xff, 0x58, 0x80, 0x30, 0xff,
    0x58, 0x80, 0x38, 0xff, 0x60, 0x80, 0x30, 0xff, 0x58, 0x80, 0x38, 0xff,
    0x58, 0x80, 0x30, 0xff, 0x60, 0x80, 0x30, 0xff, 0x58, 0x7c, 0x38, 0xff,
    0x58, 0x80, 0x30, 0xff, 0x60, 0x80, 0x30, 0xff, 0x58, 0x80, 0x38, 0xff,
    0x58, 0x80, 0x30, 0xff, 0x60, 0x7c, 0x38, 0xff, 0x58, 0x80, 0x30, 0xff,
    0x58, 0x80, 0x30, 0xff, 0x60, 0x80, 0x38, 0xff, 0x58, 0x7c, 0x30, 0xff,
    0x58, 0x80, 0x30, 0xff, 0x60, 0x80, 0x38, 0xff, 0x58, 0x80, 0x30, 0xff,
    0x58, 0x7c, 0x38, 0xff, 0x60, 0x80, 0x30, 0xff, 0x58, 0x80, 0x38, 0xff,
    0x58, 0x80, 0x30, 0xff, 0x60, 0x80, 0x30, 0xff, 0x58, 0x80, 0x38, 0xff,
    0x58, 0x80, 0x30, 0xff, 0x60, 0x80, 0x30, 0xff, 0x58, 0x80, 0x38, 0xff,
    0x58, 0x80, 0x30, 0xff, 0x60, 0x80, 0x38, 0xff, 0x58, 0x7c, 0x30, 0xff,
    0x58, 0x80, 0x30, 0xff, 0x60, 0x80, 0x38, 0xff, 0x58, 0x80, 0x30, 0xff,
    0x58, 0x80, 0x30, 0xff, 0x60, 0x7c, 0x38, 0xff, 0x58, 0x80, 0x30, 0xff,
    0x58, 0x80, 0x38, 0xff, 0x60, 0x80, 0x30, 0xff, 0x58, 0x7c, 0x38, 0xff,
    0x58, 0x80, 0x30, 0xff, 0x60, 0x80, 0x30, 0xff, 0x58, 0x80, 0x38, 0xff,
    0x58, 0x7c, 0x30, 0xff, 0x60, 0x80, 0x30, 0xff, 0x58, 0x80, 0x38, 0xff,
    0x58, 0x80, 0x30, 0xff, 0x60, 0x80, 0x38, 0xff, 0x58, 0x80, 0x30, 0xff,
    0x58, 0x80, 0x30, 0xff, 0x60, 0x80, 0x38, 0xff, 0x58, 0x80, 0x30, 0xff,
    0x58, 0x80, 0x30, 0xff, 0x60, 0x80, 0x38, 0xff, 0x58, 0x7c, 0x30, 0xff,
    0x58, 0x80, 0x38, 0xff, 0x60, 0x80, 0x30, 0xff, 0x58, 0x80, 0x38, 0xff,
    0x58, 0x80, 0x30, 0xff, 0x60, 0x7c, 0x30, 0xff, 0x58, 0x80, 0x38, 0xff,
    0x58, 0x80, 0x30, 0xff, 0x60, 0x80, 0x30, 0xff, 0x58, 0x7c, 0x38, 0xff,
    0x58, 0x80, 0x30, 0xff, 0x60, 0x80, 0x38, 0xff, 0x58, 0x80, 0x30, 0xff,
    0x58, 0x7c, 0x30, 0xff, 0x60, 0x80, 0x38, 0xff, 0x58, 0x80, 0x30, 0xff,
    0x58, 0x80, 0x30, 0xff, 0x60, 0x80, 0x38, 0xff, 0x58, 0x80, 0x30, 0xff,
    0x58, 0x80, 0x38, 0xff, 0x60, 0x80, 0x30, 0xff, 0x58, 0x80, 0x38, 0xff,
    0x58, 0x80, 0x30, 0xff, 0x60, 0x80, 0x30, 0xff, 0x58, 0x7c, 0x38, 0xff,
    0x58, 0x80, 0x30, 0xff, 0x60, 0x80, 0x30, 0xff, 0x58, 0x80, 0x38, 0xff,
    0x58, 0x80, 0x30, 0xff, 0x60, 0x7c, 0x38, 0xff, 0x58, 0x80, 0x30, 0xff,
    0x58, 0x80, 0x30, 0xff, 0x60, 0x80, 0x38, 0xff, 0x58, 0x7c, 0x30, 0xff,
    0x58, 0x80, 0x30, 0xff, 0x60, 0x80, 0x38, 0xff, 0x58, 0x80, 0x30, 0xff,
    0x58, 0x7c, 0x38, 0xff, 0x60, 0x80, 0x30, 0xff, 0x58, 0x80, 0x38, 0xff,
    0x58, 0x80, 0x30, 0xff, 0x60, 0x80, 0x30, 0xff, 0x58, 0x80, 0x38, 0xff,
    0x58, 0x80, 0x30, 0xff, 0x60, 0x80, 0x30, 0xff, 0x58, 0x80, 0x38, 0xff,
    0x58, 0x80, 0x30, 0xff, 0x60, 0x80, 0x38, 0xff, 0x58, 0x7c, 0x30, 0xff,
    0x58, 0x80, 0x30, 0xff, 0x60, 0x80, 0x38, 0xff, 0x58, 0x80, 0x30, 0xff,
    0x58, 0x80, 0x30, 0xff, 0x60, 0x7c, 0x38, 0xff, 0x58, 0x80, 0x30, 0xff,
    0x58, 0x80, 0x38, 0xff, 0x60, 0x80, 0x30, 0xff, 0x58, 0x7c, 0x38, 0xff,
    0x58, 0x80, 0x30, 0xff, 0x60, 0x80, 0x30, 0xff, 0x58, 0x80, 0x38, 0xff,
    0x58, 0x7c, 0x30, 0xff, 0x60, 0x80, 0x30, 0xff, 0x58, 0x80, 0x38, 0xff,
    0x58, 0x80, 0x30, 0xff, 0x60, 0x80, 0x38, 0xff, 0x58, 0x80, 0x30, 0xff,
    0x58, 0x80, 0x30, 0xff, 0x60, 0x80, 0x38, 0xff, 0x58, 0x80, 0x30, 0xff,
    0x58, 0x80, 0x30, 0xff, 0x60, 0x80, 0x38, 0xff, 0x58, 0x7c, 0x30, 0xff,
    0x58, 0x80, 0x38, 0xff, 0x60, 0x80, 0x30, 0xff, 0x58, 0x80, 0x38, 0xff,
    0x58, 0x80, 0x30, 0xff, 0x60, 0x7c, 0x30, 0xff, 0x58, 0x80, 0x38, 0xff,
    0x58, 0x80, 0x30, 0xff, 0x60, 0x80, 0x30, 0xff, 0x58, 0x7c, 0x38, 0xff,
    0x58, 0x80, 0x30, 0xff, 0x60, 0x80, 0x38, 0xff, 0x58, 0x80, 0x30, 0xff,
    0x58, 0x7c, 0x30, 0xff, 0x60, 0x80, 0x38, 0xff, 0x58, 0x80, 0x30, 0xff,
    0x58, 0x80, 0x30, 0xff, 0x60, 0x80, 0x38, 0xff, 0x58, 0x80, 0x30, 0xff,
    0x58, 0x80, 0x38, 0xff, 0x60, 0x80, 0x30, 0xff, 0x58, 0x80, 0x38, 0xff,
    0x58, 0x80, 0x30, 0xff, 0x60, 0x80, 0x30, 0xff, 0x58, 0x7c, 0x38, 0xff,
    0x60, 0x80, 0x30, 0xff, 0x60, 0x80, 0x30, 0xff, 0x58, 0x80, 0x38, 0xff,
    0x60, 0x80, 0x30, 0xff, 0x60, 0x7c, 0x38, 0xff, 0x58, 0x80, 0x30, 0xff,
    0x60, 0x80, 0x30, 0xff, 0x58, 0x80, 0x38, 0xff, 0x58, 0x7c, 0x30, 0xff,
    0x60, 0x80, 0x30, 0xff, 0x60, 0x80, 0x38, 0xff, 0x58, 0x7c, 0x30, 0xff,
    0x60, 0x80, 0x38, 0xff, 0x58, 0x80, 0x30, 0xff, 0x58, 0x80, 0x38, 0xff,
    0x60, 0x80, 0x30, 0xff, 0x58, 0x80, 0x38, 0xff, 0x58, 0x80, 0x30, 0xff,
    0x60, 0x7c, 0x38, 0xff, 0x58, 0x80, 0x30, 0xff, 0x60, 0x80, 0x38, 0xff,
    0x60, 0x80, 0x30, 0xff, 0x58, 0x7c, 0x38, 0xff, 0x60, 0x80, 0x30, 0xff,
    0x58, 0x80, 0x30, 0xff, 0x58, 0x7c, 0x38, 0xff, 0x60, 0x80, 0x30, 0xff,
    0x60, 0x80, 0x30, 0xff, 0x58, 0x80, 0x38, 0xff, 0x60, 0x80, 0x30, 0xff,
    0x58, 0x7c, 0x38, 0xff, 0x58, 0x80, 0x30, 0xff, 0x60, 0x80, 0x30, 0xff,
    0x58, 0x80, 0x30, 0xff, 0x58, 0x80, 0x38, 0xff, 0x60, 0x80, 0x30, 0xff,
    0x60, 0x7c, 0x30, 0xff, 0x58, 0x80, 0x38, 0xff, 0x60, 0x80, 0x30, 0xff,
    0x60, 0x7c, 0x30, 0xff, 0x58, 0x80, 0x38, 0xff, 0x60, 0x80, 0x30, 0xff,
    0x60, 0x80, 0x30, 0xff, 0x58, 0x80, 0x38, 0xff, 0x58, 0x80, 0x30, 0xff,
    0x60, 0x80, 0x38, 0xff, 0x58, 0x80, 0x30, 0xff, 0x60, 0x80, 0x30, 0xff,
    0x58, 0x7c, 0x38, 0x92, 0x00, 0x00, 0x00, 0x00, 0x00, 0x00, 0x00, 0x00,
    0x00, 0x00, 0x00, 0x00, 0x00, 0x00, 0x00, 0x00, 0x00, 0x00, 0x00, 0x00,
    0x00, 0x00, 0x00, 0x00, 0x00, 0x00, 0x00, 0x00, 0x00, 0x00, 0x00, 0x00,
    0x00, 0x00, 0x00, 0x00, 0x00, 0x00, 0x00, 0x00, 0x00, 0x00, 0x00, 0x00,
    0x60, 0x80, 0x30, 0x61, 0x60, 0x80, 0x38, 0xdf, 0x58, 0x80, 0x38, 0xff,
    0x60, 0x80, 0x30, 0xff, 0x58, 0x7c, 0x38, 0xff, 0x60, 0x80, 0x38, 0xff,
    0x60, 0x80, 0x30, 0xff, 0x58, 0x80, 0x30, 0xff, 0x60, 0x7c, 0x38, 0xff,
    0x60, 0x80, 0x30, 0xff, 0x58, 0x80, 0x30, 0xff, 0x58, 0x7c, 0x38, 0xff,
    0x60, 0x80, 0x30, 0xff, 0x58, 0x80, 0x38, 0xff, 0x60, 0x80, 0x30, 0xff,
    0x60, 0x80, 0x38, 0xff, 0x58, 0x80, 0x30, 0xff, 0x58, 0x80, 0x30, 0xff,
    0x60, 0x80, 0x38, 0xff, 0x58, 0x80, 0x30, 0xff, 0x60, 0x80, 0x38, 0xff,
    0x58, 0x7c, 0x30, 0xff, 0x60, 0x80, 0x30, 0xff, 0x60, 0x7c, 0x38, 0xff,
    0x58, 0x80, 0x30, 0xff, 0x60, 0x80, 0x38, 0xff, 0x58, 0x80, 0x30, 0xff,
    0x58, 0x80, 0x38, 0xff, 0x60, 0x7c, 0x30, 0xff, 0x58, 0x80, 0x30, 0xff,
    0x58, 0x80, 0x38, 0xff, 0x60, 0x80, 0x30, 0xff, 0x60, 0x7c, 0x30, 0xff,
    0x58, 0x80, 0x38, 0xff, 0x60, 0x80, 0x30, 0xff, 0x58, 0x7c, 0x38, 0xff,
    0x58, 0x80, 0x30, 0xff, 0x60, 0x80, 0x30, 0xff, 0x58, 0x80, 0x38, 0xff,
    0x58, 0x80, 0x30, 0xff, 0x60, 0x80, 0x30, 0xff, 0x60, 0x80, 0x38, 0xff,
    0x58, 0x80, 0x30, 0xff, 0x60, 0x80, 0x30, 0xff, 0x58, 0x7c, 0x38, 0xff,
    0x58, 0x80, 0x30, 0xff, 0x60, 0x80, 0x30, 0xff, 0x58, 0x7c, 0x38, 0xff,
    0x60, 0x80, 0x30, 0xff, 0x60, 0x80, 0x30, 0xff, 0x58, 0x7c, 0x38, 0xff,
    0x60, 0x80, 0x30, 0xff, 0x58, 0x80, 0x30, 0xff, 0x60, 0x80, 0x38, 0xff,
    0x58, 0x7c, 0x30, 0xff, 0x58, 0x80, 0x30, 0xff, 0x60, 0x80, 0x38, 0xff,
    0x58, 0x7c, 0x30, 0xff, 0x60, 0x80, 0x30, 0xff, 0x60, 0x80, 0x30, 0xff,
    0x58, 0x80, 0x38, 0xff, 0x60, 0x80, 0x30, 0xff, 0x60, 0x7c, 0x30, 0xff,
    0x58, 0x80, 0x38, 0xff, 0x60, 0x80, 0x30, 0xff, 0x60, 0x80, 0x30, 0xff,
    0x58, 0x80, 0x38, 0xff, 0x60, 0x80, 0x30, 0xff, 0x60, 0x80, 0x30, 0xff,
    0x58, 0x7c, 0x38, 0xff, 0x60, 0x80, 0x30, 0xff, 0x60, 0x80, 0x30, 0xff,
    0x58, 0x80, 0x38, 0xff, 0x60, 0x80, 0x30, 0xff, 0x60, 0x80, 0x38, 0xff,
    0x58, 0x80, 0x30, 0xff, 0x60, 0x80, 0x30, 0xff, 0x60, 0x80, 0x38, 0xff,
    0x58, 0x7c, 0x30, 0xff, 0x60, 0x80, 0x30, 0xff, 0x60, 0x80, 0x38, 0xff,
    0x58, 0x7c, 0x30, 0xff, 0x60, 0x80, 0x38, 0xff, 0x60, 0x80, 0x38, 0xff,
    0x58, 0x80, 0x30, 0xff, 0x60, 0x7c, 0x30, 0xff, 0x60, 0x80, 0x38, 0xff,
    0x58, 0x7c, 0x30, 0xff, 0x60, 0x80, 0x38, 0xff, 0x60, 0x80, 0x30, 0xff,
    0x58, 0x80, 0x38, 0xff, 0x60, 0x7c, 0x30, 0xff, 0x60, 0x80, 0x38, 0xff,
    0x58, 0x7c, 0x30, 0xff, 0x60, 0x80, 0x38, 0xff, 0x60, 0x7c, 0x30, 0xff,
    0x58, 0x80, 0x30, 0xff, 0x60, 0x80, 0x38, 0xff, 0x60, 0x7c, 0x30, 0xff,
    0x58, 0x80, 0x38, 0xff, 0x60, 0x7c, 0x30, 0xff, 0x60, 0x80, 0x30, 0xff,
    0x58, 0x7c, 0x38, 0xff, 0x60, 0x80, 0x30, 0xff, 0x60, 0x80, 0x30, 0xff,
    0x58, 0x80, 0x38, 0xff, 0x60, 0x80, 0x30, 0xff, 0x60, 0x80, 0x30, 0xff,
    0x58, 0x7c, 0x38, 0xff, 0x60, 0x80, 0x30, 0xff, 0x60, 0x80, 0x30, 0xff,
    0x58, 0x7c, 0x38, 0xff, 0x60, 0x80, 0x30, 0xff, 0x60, 0x80, 0x30, 0xff,
    0x58, 0x80, 0x38, 0xff, 0x60, 0x7c, 0x30, 0xff, 0x60, 0x80, 0x30, 0xff,
    0x58, 0x80, 0x38, 0xff, 0x60, 0x80, 0x30, 0xff, 0x60, 0x7c, 0x38, 0xff,
    0x58, 0x80, 0x30, 0xff, 0x60, 0x7c, 0x30, 0xff, 0x60, 0x80, 0x38, 0xff,
    0x58, 0x80, 0x30, 0xff, 0x60, 0x80, 0x30, 0xff, 0x60, 0x80, 0x38, 0xff,
    0x58, 0x7c, 0x30, 0xff, 0x60, 0x80, 0x30, 0xff, 0x60, 0x80, 0x38, 0xff,
    0x58, 0x7c, 0x30, 0xff, 0x60, 0x80, 0x30, 0xff, 0x60, 0x80, 0x38, 0xff,
    0x58, 0x80, 0x30, 0xff, 0x60, 0x7c, 0x30, 0xff, 0x60, 0x80, 0x38, 0xff,
    0x58, 0x80, 0x30, 0xff, 0x60, 0x80, 0x30, 0xff, 0x60, 0x80, 0x38, 0xff,
    0x58, 0x7c, 0x38, 0xff, 0x60, 0x80, 0x30, 0xff, 0x60, 0x80, 0x30, 0xff,
    0x58, 0x7c, 0x38, 0xff, 0x60, 0x80, 0x30, 0xff, 0x60, 0x80, 0x38, 0xff,
    0x58, 0x7c, 0x38, 0xff, 0x60, 0x80, 0x30, 0xff, 0x60, 0x80, 0x30, 0xff,
    0x58, 0x7c, 0x38, 0xff, 0x60, 0x80, 0x30, 0xff, 0x60, 0x7c, 0x30, 0xff,
    0x58, 0x80, 0x38, 0xff, 0x60, 0x7c, 0x30, 0xff, 0x60, 0x80, 0x38, 0xff,
    0x58, 0x80, 0x30, 0xff, 0x60, 0x80, 0x38, 0xff, 0x60, 0x80, 0x30, 0xff,
    0x58, 0x7c, 0x30, 0xff, 0x60, 0x80, 0x38, 0xff, 0x60, 0x80, 0x30, 0xff,
    0x58, 0x80, 0x30, 0xff, 0x60, 0x7c, 0x38, 0xff, 0x60, 0x80, 0x30, 0xff,
    0x58, 0x80, 0x38, 0xff, 0x60, 0x7c, 0x30, 0xff, 0x60, 0x80, 0x38, 0xff,
    0x58, 0x80, 0x30, 0xff, 0x60, 0x7c, 0x30, 0xff, 0x60, 0x80, 0x30, 0xff,
    0x58, 0x80, 0x38, 0xff, 0x60, 0x7c, 0x30, 0xff, 0x60, 0x80, 0x38, 0xff,
    0x58, 0x7c, 0x30, 0xff, 0x60, 0x80, 0x38, 0xff, 0x60, 0x80, 0x30, 0xff,
    0x58, 0x7c, 0x30, 0xff, 0x60, 0x80, 0x38, 0xff, 0x60, 0x80, 0x30, 0xff,
    0x58, 0x7c, 0x30, 0xff, 0x60, 0x80, 0x38, 0xff, 0x60, 0x80, 0x30, 0xff,
    0x58, 0x80, 0x38, 0xff, 0x60, 0x7c, 0x30, 0xff, 0x60, 0x80, 0x38, 0xff,
    0x58, 0x80, 0x30, 0xff, 0x60, 0x80, 0x30, 0xff, 0x60, 0x80, 0x30, 0xff,
    0x58, 0x7c, 0x38, 0xff, 0x60, 0x80, 0x30, 0xff, 0x60, 0x80, 0x38, 0xff,
    0x58, 0x7c, 0x30, 0xff, 0x60, 0x80, 0x38, 0xff, 0x60, 0x80, 0x30, 0xff,
    0x58, 0x7c, 0x30, 0xff, 0x60, 0x80, 0x38, 0xff, 0x60, 0x80, 0x30, 0xff,
    0x58, 0x7c, 0x30, 0xff, 0x60, 0x80, 0x38, 0xff, 0x60, 0x7c, 0x30, 0xff,
    0x58, 0x80, 0x38, 0xff, 0x60, 0x7c, 0x30, 0xff, 0x60, 0x80, 0x38, 0xff,
    0x58, 0x80, 0x30, 0xff, 0x60, 0x80, 0x30, 0xff, 0x60, 0x80, 0x30, 0xff,
    0x58, 0x7c, 0x38, 0xff, 0x60, 0x80, 0x30, 0xff, 0x60, 0x80, 0x38, 0xff,
    0x58, 0x80, 0x30, 0xff, 0x60, 0x7c, 0x38, 0xff, 0x60, 0x80, 0x30, 0xff,
    0x58, 0x80, 0x30, 0xff, 0x60, 0x7c, 0x38, 0xff, 0x60, 0x80, 0x30, 0xff,
    0x58, 0x80, 0x30, 0xff, 0x60, 0x7c, 0x38, 0xff, 0x60, 0x80, 0x30, 0xff,
    0x58, 0x80, 0x38, 0xff, 0x60, 0x7c, 0x30, 0xff, 0x60, 0x80, 0x38, 0xff,
    0x58, 0x7c, 0x30, 0xff, 0x60, 0x80, 0x30, 0xff, 0x60, 0x80, 0x30, 0xff,
    0x58, 0x7c, 0x38, 0xff, 0x60, 0x80, 0x30, 0xff, 0x60, 0x80, 0x38, 0xff,
    0x58, 0x7c, 0x30, 0xff, 0x60, 0x80, 0x38, 0xff, 0x60, 0x80, 0x30, 0xff,
    0x58, 0x80, 0x30, 0xff, 0x60, 0x7c, 0x38, 0xff, 0x60, 0x80, 0x30, 0xff,
    0x58, 0x80, 0x30, 0xff, 0x60, 0x80, 0x38, 0xff, 0x60, 0x80, 0x30, 0xff,
    0x58, 0x7c, 0x38, 0xff, 0x60, 0x80, 0x30, 0xff, 0x60, 0x80, 0x38, 0xff,
    0x58, 0x7c, 0x30, 0xff, 0x60, 0x80, 0x30, 0xff, 0x60, 0x80, 0x30, 0xff,
    0x58, 0x7c, 0x38, 0xff, 0x60, 0x80, 0x30, 0xff, 0x60, 0x80, 0x38, 0xff,
    0x58, 0x7c, 0x30, 0xff, 0x60, 0x80, 0x38, 0xff, 0x60, 0x7c, 0x30, 0xff,
    0x58, 0x80, 0x30, 0xff, 0x60, 0x7c, 0x38, 0xff, 0x60, 0x80, 0x30, 0xff,
    0x58, 0x80, 0x30, 0xff, 0x60, 0x80, 0x38, 0xff, 0x60, 0x80, 0x30, 0xff,
    0x58, 0x7c, 0x38, 0xff, 0x60, 0x80, 0x30, 0xff, 0x60, 0x80, 0x38, 0xff,
    0x58, 0x80, 0x30, 0xff, 0x60, 0x7c, 0x30, 0xff, 0x60, 0x80, 0x30, 0xff,
    0x58, 0x80, 0x38, 0xff, 0x60, 0x7c, 0x30, 0xff, 0x60, 0x80, 0x38, 0xff,
    0x58, 0x80, 0x30, 0xff, 0x60, 0x7c, 0x38, 0xff, 0x60, 0x80, 0x30, 0xff,
    0x58, 0x80, 0x30, 0xff, 0x60, 0x7c, 0x38, 0xff, 0x60, 0x80, 0x30, 0xff,
    0x58, 0x7c, 0x30, 0xff, 0x60, 0x80, 0x38, 0xff, 0x60, 0x80, 0x30, 0xff,
    0x58, 0x7c, 0x38, 0xff, 0x60, 0x80, 0x30, 0xff, 0x60, 0x80, 0x38, 0xff,
    0x58, 0x7c, 0x30, 0xff, 0x60, 0x80, 0x30, 0xff, 0x60, 0x80, 0x30, 0xff,
    0x58, 0x80, 0x38, 0xff, 0x60, 0x7c, 0x30, 0xff, 0x60, 0x80, 0x38, 0xff,
    0x58, 0x80, 0x30, 0xff, 0x60, 0x80, 0x38, 0xff, 0x60, 0x80, 0x30, 0xff,
    0x58, 0x7c, 0x30, 0xff, 0x60, 0x80, 0x38, 0xff, 0x60, 0x80, 0x30, 0xff,
    0x58, 0x7c, 0x30, 0xff, 0x60, 0x80, 0x38, 0xff, 0x60, 0x80, 0x30, 0xff,
    0x58, 0x7c, 0x38, 0xff, 0x60, 0x80, 0x30, 0xff, 0x60, 0x80, 0x38, 0xff,
    0x58, 0x7c, 0x30, 0xff, 0x60, 0x80, 0x30, 0xff, 0x60, 0x7c, 0x30, 0xff,
    0x58, 0x80, 0x38, 0xff, 0x60, 0x7c, 0x30, 0xff, 0x60, 0x80, 0x38, 0xff,
    0x58, 0x80, 0x30, 0xff, 0x58, 0x80, 0x38, 0xff, 0x60, 0x80, 0x30, 0xff,
    0x58, 0x7c, 0x30, 0xff, 0x58, 0x80, 0x38, 0xff, 0x60, 0x80, 0x30, 0xff,
    0x58, 0x80, 0x30, 0xff, 0x60, 0x7c, 0x38, 0xff, 0x60, 0x80, 0x30, 0xff,
    0x58, 0x80, 0x38, 0xff, 0x60, 0x7c, 0x30, 0xff, 0x58, 0x80, 0x38, 0xff,
    0x58, 0x80, 0x30, 0xff, 0x60, 0x7c, 0x30, 0xff, 0x60, 0x80, 0x30, 0xff,
    0x58, 0x80, 0x38, 0xff, 0x60, 0x7c, 0x30, 0xff, 0x60, 0x7c, 0x30, 0xff,
    0x58, 0x80, 0x38, 0xff, 0x60, 0x80, 0x30, 0xff, 0x58, 0x80, 0x30, 0xff,
    0x58, 0x7c, 0x38, 0xff, 0x60, 0x80, 0x30, 0xff, 0x58, 0x80, 0x30, 0xff,
    0x60, 0x80, 0x38, 0xff, 0x60, 0x80, 0x30, 0xff, 0x58, 0x80, 0x30, 0xff,
    0x60, 0x80, 0x38, 0xff, 0x58, 0x80, 0x30, 0xff, 0x58, 0x7c, 0x30, 0xff,
    0x60, 0x80, 0x38, 0xff, 0x60, 0x80, 0x30, 0xff, 0x58, 0x7c, 0x30, 0xff,
    0x60, 0x80, 0x38, 0xff, 0x58, 0x80, 0x30, 0xff, 0x60, 0x7c, 0x38, 0xff,
    0x58, 0x80, 0x30, 0xff, 0x58, 0x80, 0x30, 0xff, 0x60, 0x7c, 0x38, 0xff,
    0x58, 0x80, 0x30, 0xff, 0x58, 0x80, 0x38, 0xff, 0x60, 0x7c, 0x30, 0xff,
    0x58, 0x80, 0x30, 0xff, 0x58, 0x80, 0x30, 0xff, 0x60, 0x7c, 0x38, 0xff,
    0x60, 0x80, 0x30, 0xff, 0x60, 0x7c, 0x30, 0xff, 0x58, 0x80, 0x38, 0xff,
    0x60, 0x80, 0x30, 0xef, 0x58, 0x80, 0x38, 0x71, 0x00, 0x00, 0x00, 0x00,
    0x00, 0x00, 0x00, 0x00, 0x00, 0x00, 0x00, 0x00, 0x00, 0x00, 0x00, 0x00,
    0x00, 0x00, 0x00, 0x00, 0x00, 0x00, 0x00, 0x00, 0x00, 0x00, 0x00, 0x00,
    0x00, 0x00, 0x00, 0x00, 0x00, 0x00, 0x00, 0x00, 0x00, 0x00, 0x00, 0x00,
    0x00, 0x00, 0x00, 0x00, 0x00, 0x00, 0x00, 0x00, 0x00, 0x00, 0x00, 0x00,
    0x60, 0x80, 0x38, 0x20, 0x58, 0x80, 0x38, 0x82, 0x60, 0x80, 0x30, 0xdf,
    0x58, 0x80, 0x30, 0xff, 0x58, 0x80, 0x38, 0xff, 0x60, 0x80, 0x30, 0xff,
    0x58, 0x80, 0x30, 0xff, 0x58, 0x80, 0x38, 0xff, 0x60, 0x80, 0x30, 0xff,
    0x60, 0x80, 0x38, 0xff, 0x58, 0x7c, 0x30, 0xff, 0x58, 0x80, 0x30, 0xff,
    0x60, 0x7c, 0x38, 0xff, 0x58, 0x80, 0x30, 0xff, 0x60, 0x80, 0x30, 0xff,
    0x60, 0x7c, 0x38, 0xff, 0x58, 0x80, 0x30, 0xff, 0x60, 0x7c, 0x30, 0xff,
    0x58, 0x80, 0x38, 0xff, 0x58, 0x80, 0x30, 0xff, 0x60, 0x80, 0x38, 0xff,
    0x58, 0x80, 0x30, 0xff, 0x58, 0x80, 0x30, 0xff, 0x60, 0x7c, 0x38, 0xff,
    0x60, 0x80, 0x30, 0xff, 0x58, 0x80, 0x30, 0xff, 0x60, 0x7c, 0x38, 0xff,
    0x60, 0x80, 0x30, 0xff, 0x58, 0x80, 0x30, 0xff, 0x58, 0x7c, 0x38, 0xff,
    0x60, 0x80, 0x30, 0xff, 0x58, 0x80, 0x38, 0xff, 0x60, 0x7c, 0x30, 0xff,
    0x60, 0x80, 0x30, 0xff, 0x58, 0x80, 0x38, 0xff, 0x60, 0x7c, 0x30, 0xff,
    0x60, 0x80, 0x38, 0xff, 0x58, 0x80, 0x30, 0xff, 0x60, 0x7c, 0x30, 0xff,
    0x58, 0x80, 0x38, 0xff, 0x58, 0x7c, 0x30, 0xff, 0x60, 0x80, 0x30, 0xff,
    0x60, 0x80, 0x38, 0xff, 0x58, 0x80, 0x30, 0xff, 0x60, 0x80, 0x38, 0xff,
    0x58, 0x80, 0x30, 0xff, 0x58, 0x80, 0x30, 0xff, 0x60, 0x80, 0x38, 0xff,
    0x58, 0x80, 0x30, 0xff, 0x60, 0x7c, 0x38, 0xff, 0x58, 0x80, 0x30, 0xff,
    0x60, 0x80, 0x30, 0xff, 0x60, 0x80, 0x38, 0xff, 0x58, 0x80, 0x38, 0xff,
    0x60, 0x7c, 0x30, 0xff, 0x58, 0x80, 0x30, 0xff, 0x58, 0x80, 0x38, 0xff,
    0x60, 0x7c, 0x30, 0xff, 0x58, 0x7c, 0x30, 0xff, 0x58, 0x80, 0x38, 0xff,
    0x60, 0x80, 0x30, 0xff, 0x58, 0x80, 0x30, 0xff, 0x58, 0x7c, 0x38, 0xff,
    0x60, 0x80, 0x30, 0xff, 0x58, 0x80, 0x38, 0xff, 0x58, 0x7c, 0x38, 0xff,
    0x60, 0x80, 0x30, 0xff, 0x58, 0x80, 0x30, 0xff, 0x58, 0x80, 0x38, 0xff,
    0x60, 0x7c, 0x30, 0xff, 0x58, 0x80, 0x30, 0xff, 0x58, 0x80, 0x38, 0xff,
    0x60, 0x7c, 0x30, 0xff, 0x58, 0x80, 0x30, 0xff, 0x58, 0x7c, 0x38, 0xff,
    0x60, 0x80, 0x30, 0xff, 0x58, 0x80, 0x38, 0xff, 0x58, 0x80, 0x30, 0xff,
    0x60, 0x7c, 0x38, 0xff, 0x58, 0x80, 0x30, 0xff, 0x58, 0x80, 0x30, 0xff,
    0x60, 0x7c, 0x30, 0xff, 0x58, 0x80, 0x30, 0xff, 0x58, 0x80, 0x38, 0xff,
    0x60, 0x80, 0x30, 0xff, 0x58, 0x80, 0x30, 0xff, 0x58, 0x7c, 0x38, 0xff,
    0x60, 0x80, 0x30, 0xff, 0x58, 0x80, 0x30, 0xff, 0x58, 0x80, 0x30, 0xff,
    0x60, 0x80, 0x38, 0xff, 0x58, 0x80, 0x30, 0xff, 0x58, 0x80, 0x30, 0xff,
    0x60, 0x80, 0x38, 0xff, 0x58, 0x80, 0x30, 0xff, 0x58, 0x80, 0x38, 0xff,
    0x60, 0x80, 0x30, 0xff, 0x58, 0x80, 0x30, 0xff, 0x58, 0x80, 0x38, 0xff,
    0x60, 0x80, 0x30, 0xff, 0x58, 0x7c, 0x30, 0xff, 0x58, 0x80, 0x38, 0xff,
    0x60, 0x80, 0x30, 0xff, 0x58, 0x7c, 0x38, 0xff, 0x58, 0x80, 0x30, 0xff,
    0x60, 0x80, 0x30, 0xff, 0x58, 0x7c, 0x38, 0xff, 0x58, 0x80, 0x38, 0xff,
    0x60, 0x80, 0x30, 0xff, 0x58, 0x80, 0x30, 0xff, 0x58, 0x80, 0x38, 0xff,
    0x60, 0x80, 0x30, 0xff, 0x58, 0x80, 0x38, 0xff, 0x58, 0x80, 0x30, 0xff,
    0x60, 0x7c, 0x30, 0xff, 0x58, 0x80, 0x38, 0xff, 0x58, 0x80, 0x30, 0xff,
    0x60, 0x80, 0x30, 0xff, 0x58, 0x80, 0x38, 0xff, 0x58, 0x80, 0x30, 0xff,
    0x60, 0x7c, 0x30, 0xff, 0x58, 0x80, 0x38, 0xff, 0x58, 0x7c, 0x38, 0xff,
    0x60, 0x80, 0x30, 0xff, 0x58, 0x80, 0x30, 0xff, 0x58, 0x7c, 0x38, 0xff,
    0x60, 0x80, 0x30, 0xff, 0x58, 0x80, 0x38, 0xff, 0x58, 0x80, 0x30, 0xff,
    0x60, 0x80, 0x38, 0xff, 0x58, 0x7c, 0x38, 0xff, 0x58, 0x80, 0x30, 0xff,
    0x60, 0x80, 0x30, 0xff, 0x58, 0x7c, 0x38, 0xff, 0x58, 0x80, 0x30, 0xff,
    0x60, 0x80, 0x30, 0xff, 0x58, 0x7c, 0x38, 0xff, 0x58, 0x80, 0x30, 0xff,
    0x60, 0x80, 0x30, 0xff, 0x58, 0x80, 0x38, 0xff, 0x58, 0x7c, 0x30, 0xff,
    0x60, 0x80, 0x30, 0xff, 0x58, 0x80, 0x30, 0xff, 0x58, 0x80, 0x30, 0xff,
    0x60, 0x7c, 0x38, 0xff, 0x58, 0x80, 0x30, 0xff, 0x58, 0x80, 0x30, 0xff,
    0x60, 0x7c, 0x38, 0xff, 0x58, 0x80, 0x30, 0xff, 0x58, 0x80, 0x30, 0xff,
    0x60, 0x80, 0x38, 0xff, 0x58, 0x7c, 0x30, 0xff, 0x58, 0x80, 0x30, 0xff,
    0x60, 0x80, 0x38, 0xff, 0x58, 0x7c, 0x30, 0xff, 0x58, 0x80, 0x38, 0xff,
    0x60, 0x80, 0x30, 0xff, 0x58, 0x80, 0x30, 0xff, 0x58, 0x80, 0x38, 0xff,
    0x60, 0x80, 0x30, 0xff, 0x58, 0x80, 0x30, 0xff, 0x58, 0x80, 0x38, 0xff,
    0x60, 0x80, 0x30, 0xff, 0x58, 0x80, 0x30, 0xff, 0x58, 0x80, 0x38, 0xff,
    0x60, 0x7c, 0x30, 0xff, 0x58, 0x80, 0x38, 0xff, 0x58, 0x80, 0x30, 0xff,
    0x60, 0x80, 0x30, 0xff, 0x58, 0x7c, 0x30, 0xff, 0x58, 0x80, 0x38, 0xff,
    0x60, 0x80, 0x30, 0xff, 0x58, 0x7c, 0x38, 0xff, 0x58, 0x80, 0x30, 0xff,
    0x60, 0x80, 0x30, 0xff, 0x58, 0x7c, 0x38, 0xff, 0x58, 0x80, 0x30, 0xff,
    0x60, 0x80, 0x30, 0xff, 0x58, 0x80, 0x38, 0xff, 0x58, 0x7c, 0x30, 0xff,
    0x60, 0x80, 0x30, 0xff, 0x58, 0x80, 0x38, 0xff, 0x58, 0x7c, 0x30, 0xff,
    0x60, 0x80, 0x38, 0xff, 0x58, 0x80, 0x30, 0xff, 0x58, 0x7c, 0x30, 0xff,
    0x60, 0x80, 0x38, 0xff, 0x58, 0x80, 0x30, 0xff, 0x58, 0x80, 0x30, 0xff,
    0x60, 0x80, 0x38, 0xff, 0x58, 0x80, 0x30, 0xff, 0x58, 0x80, 0x38, 0xff,
    0x60, 0x7c, 0x30, 0xff, 0x58, 0x80, 0x30, 0xff, 0x58, 0x80, 0x38, 0xff,
    0x60, 0x7c, 0x30, 0xff, 0x58, 0x80, 0x30, 0xff, 0x58, 0x80, 0x38, 0xff,
    0x60, 0x80, 0x30, 0xff, 0x58, 0x7c, 0x30, 0xff, 0x58, 0x80, 0x38, 0xff,
    0x60, 0x80, 0x30, 0xff, 0x58, 0x7c, 0x38, 0xff, 0x58, 0x80, 0x30, 0xff,
    0x60, 0x80, 0x30, 0xff, 0x58, 0x80, 0x30, 0xff, 0x58, 0x80, 0x38, 0xff,
    0x60, 0x80, 0x30, 0xff, 0x58, 0x80, 0x38, 0xff, 0x58, 0x80, 0x30, 0xff,
    0x60, 0x80, 0x30, 0xff, 0x58, 0x80, 0x38, 0xff, 0x58, 0x80, 0x30, 0xff,
    0x60, 0x7c, 0x30, 0xff, 0x58, 0x80, 0x38, 0xff, 0x58, 0x80, 0x30, 0xff,
    0x60, 0x80, 0x30, 0xff, 0x58, 0x7c, 0x38, 0xff, 0x58, 0x80, 0x30, 0xff,
    0x60, 0x80, 0x38, 0xff, 0x58, 0x7c, 0x30, 0xff, 0x58, 0x80, 0x30, 0xff,
    0x60, 0x80, 0x38, 0xff, 0x58, 0x7c, 0x30, 0xff, 0x58, 0x80, 0x30, 0xff,
    0x60, 0x80, 0x38, 0xff, 0x58, 0x80, 0x30, 0xff, 0x58, 0x7c, 0x38, 0xff,
    0x60, 0x80, 0x30, 0xff, 0x58, 0x80, 0x30, 0xff, 0x58, 0x7c, 0x38, 0xff,
    0x60, 0x80, 0x30, 0xff, 0x58, 0x80, 0x30, 0xff, 0x58, 0x7c, 0x38, 0xff,
    0x60, 0x80, 0x30, 0xff, 0x58, 0x80, 0x30, 0xff, 0x58, 0x80, 0x38, 0xff,
    0x60, 0x80, 0x30, 0xff, 0x58, 0x80, 0x38, 0xff, 0x58, 0x80, 0x30, 0xff,
    0x60, 0x7c, 0x30, 0xff, 0x58, 0x80, 0x30, 0xff, 0x58, 0x80, 0x38, 0xff,
    0x60, 0x7c, 0x30, 0xff, 0x58, 0x80, 0x38, 0xff, 0x58, 0x80, 0x30, 0xff,
    0x60, 0x80, 0x30, 0xff, 0x58, 0x7c, 0x38, 0xff, 0x58, 0x80, 0x30, 0xff,
    0x60, 0x80, 0x30, 0xff, 0x58, 0x7c, 0x38, 0xff, 0x58, 0x80, 0x30, 0xff,
    0x60, 0x80, 0x30, 0xff, 0x58, 0x80, 0x38, 0xff, 0x58, 0x80, 0x30, 0xff,
    0x60, 0x80, 0x38, 0xff, 0x58, 0x80, 0x30, 0xff, 0x58, 0x80, 0x30, 0xff,
    0x60, 0x80, 0x38, 0xff, 0x58, 0x80, 0x30, 0xff, 0x58, 0x80, 0x30, 0xff,
    0x60, 0x7c, 0x38, 0xff, 0x58, 0x80, 0x30, 0xff, 0x58, 0x80, 0x38, 0xff,
    0x60, 0x80, 0x30, 0xff, 0x58, 0x7c, 0x30, 0xff, 0x58, 0x80, 0x38, 0xff,
    0x60, 0x80, 0x30, 0xff, 0x58, 0x7c, 0x30, 0xff, 0x58, 0x80, 0x38, 0xff,
    0x60, 0x80, 0x30, 0xff, 0x58, 0x7c, 0x30, 0xff, 0x58, 0x80, 0x38, 0xff,
    0x60, 0x80, 0x30, 0xff, 0x58, 0x80, 0x38, 0xff, 0x58, 0x7c, 0x30, 0xff,
    0x60, 0x80, 0x30, 0xff, 0x58, 0x80, 0x30, 0xff, 0x58, 0x7c, 0x38, 0xff,
    0x60, 0x80, 0x30, 0xff, 0x58, 0x80, 0x38, 0xff, 0x58, 0x7c, 0x30, 0xff,
    0x60, 0x80, 0x30, 0xff, 0x58, 0x80, 0x38, 0xff, 0x58, 0x80, 0x30, 0xff,
    0x60, 0x80, 0x30, 0xff, 0x58, 0x80, 0x38, 0xff, 0x58, 0x80, 0x30, 0xff,
    0x60, 0x7c, 0x30, 0xff, 0x58, 0x80, 0x38, 0xff, 0x58, 0x80, 0x30, 0xff,
    0x60, 0x7c, 0x38, 0xff, 0x58, 0x80, 0x30, 0xff, 0x58, 0x80, 0x30, 0xff,
    0x60, 0x80, 0x38, 0xff, 0x60, 0x7c, 0x30, 0xff, 0x58, 0x80, 0x30, 0xff,
    0x60, 0x80, 0x38, 0xff, 0x60, 0x7c, 0x30, 0xff, 0x58, 0x80, 0x38, 0xff,
    0x60, 0x80, 0x30, 0xff, 0x58, 0x80, 0x30, 0xff, 0x58, 0x80, 0x38, 0xff,
    0x60, 0x80, 0x30, 0xff, 0x58, 0x80, 0x30, 0xff, 0x60, 0x80, 0x38, 0xff,
    0x60, 0x80, 0x30, 0xff, 0x58, 0x80, 0x30, 0xff, 0x58, 0x80, 0x38, 0xff,
    0x60, 0x80, 0x30, 0xff, 0x58, 0x80, 0x38, 0xff, 0x60, 0x80, 0x30, 0xff,
    0x58, 0x80, 0x30, 0xff, 0x58, 0x80, 0x38, 0xff, 0x60, 0x7c, 0x30, 0xff,
    0x60, 0x80, 0x30, 0xff, 0x58, 0x80, 0x38, 0xff, 0x60, 0x80, 0x30, 0xff,
    0x58, 0x7c, 0x30, 0xff, 0x58, 0x80, 0x38, 0xff, 0x60, 0x7c, 0x30, 0xff,
    0x58, 0x80, 0x38, 0xff, 0x60, 0x7c, 0x30, 0xff, 0x60, 0x80, 0x30, 0xff,
    0x58, 0x80, 0x38, 0xff, 0x58, 0x7c, 0x30, 0xff, 0x60, 0x80, 0x30, 0xff,
    0x58, 0x80, 0x38, 0xff, 0x60, 0x80, 0x30, 0xff, 0x58, 0x80, 0x30, 0xff,
    0x60, 0x7c, 0x38, 0xff, 0x60, 0x80, 0x30, 0xff, 0x58, 0x80, 0x30, 0xff,
    0x60, 0x80, 0x38, 0xff, 0x60, 0x80, 0x30, 0xff, 0x58, 0x80, 0x30, 0xff,
    0x60, 0x80, 0x38, 0xff, 0x60, 0x80, 0x38, 0xff, 0x58, 0x80, 0x30, 0xff,
    0x58, 0x7c, 0x38, 0xff, 0x60, 0x80, 0x30, 0xff, 0x58, 0x80, 0x30, 0xff,
    0x60, 0x7c, 0x38, 0xef, 0x58, 0x80, 0x38, 0x82, 0x60, 0x80, 0x40, 0x10,
    0x00, 0x00, 0x00, 0x00, 0x00, 0x00, 0x00, 0x00, 0x00, 0x00, 0x00, 0x00,
    0x00, 0x00, 0x00, 0x00, 0x00, 0x00, 0x00, 0x00, 0x00, 0x00, 0x00, 0x00,
    0x00, 0x00, 0x00, 0x00, 0x00, 0x00, 0x00, 0x00, 0x00, 0x00, 0x00, 0x00,
    0x00, 0x00, 0x00, 0x00, 0x00, 0x00, 0x00, 0x00, 0x00, 0x00, 0x00, 0x00,
    0x00, 0x00, 0x00, 0x00, 0x00, 0x00, 0x00, 0x00, 0x00, 0x00, 0x00, 0x00,
    0x00, 0x00, 0x00, 0x00, 0x00, 0x00, 0x00, 0x00, 0x60, 0x80, 0x30, 0x51,
    0x58, 0x7c, 0x30, 0x8e, 0x60, 0x7c, 0x30, 0xbe, 0x60, 0x80, 0x38, 0xef,
    0x58, 0x7c, 0x30, 0xff, 0x58, 0x80, 0x30, 0xff, 0x60, 0x80, 0x38, 0xff,
    0x60, 0x80, 0x30, 0xff, 0x58, 0x80, 0x30, 0xff, 0x60, 0x80, 0x38, 0xff,
    0x58, 0x7c, 0x30, 0xff, 0x58, 0x80, 0x30, 0xff, 0x60, 0x80, 0x38, 0xff,
    0x58, 0x7c, 0x30, 0xff, 0x60, 0x80, 0x30, 0xff, 0x60, 0x80, 0x38, 0xff,
    0x58, 0x7c, 0x30, 0xff, 0x60, 0x80, 0x30, 0xff, 0x58, 0x80, 0x38, 0xff,
    0x58, 0x80, 0x30, 0xff, 0x60, 0x7c, 0x30, 0xff, 0x58, 0x80, 0x38, 0xff,
    0x58, 0x80, 0x30, 0xff, 0x60, 0x7c, 0x30, 0xff, 0x60, 0x80, 0x38, 0xff,
    0x58, 0x80, 0x30, 0xff, 0x60, 0x80, 0x30, 0xff, 0x58, 0x80, 0x38, 0xff,
    0x58, 0x80, 0x30, 0xff, 0x60, 0x80, 0x30, 0xff, 0x58, 0x80, 0x38, 0xff,
    0x58, 0x80, 0x30, 0xff, 0x60, 0x7c, 0x30, 0xff, 0x58, 0x80, 0x38, 0xff,
    0x60, 0x80, 0x30, 0xff, 0x60, 0x7c, 0x30, 0xff, 0x58, 0x80, 0x38, 0xff,
    0x58, 0x80, 0x30, 0xff, 0x60, 0x7c, 0x38, 0xff, 0x58, 0x80, 0x30, 0xff,
    0x60, 0x7c, 0x30, 0xff, 0x60, 0x80, 0x38, 0xff, 0x58, 0x7c, 0x30, 0xff,
    0x60, 0x80, 0x30, 0xff, 0x58, 0x80, 0x38, 0xff, 0x60, 0x7c, 0x30, 0xff,
    0x58, 0x80, 0x30, 0xff, 0x58, 0x80, 0x38, 0xff, 0x60, 0x7c, 0x30, 0xff,
    0x58, 0x80, 0x30, 0xff, 0x60, 0x80, 0x38, 0xff, 0x60, 0x80, 0x30, 0xff,
    0x58, 0x80, 0x30, 0xff, 0x60, 0x80, 0x38, 0xff, 0x60, 0x80, 0x30, 0xff,
    0x58, 0x80, 0x38, 0xff, 0x60, 0x7c, 0x30, 0xff, 0x60, 0x80, 0x38, 0xff,
    0x58, 0x80, 0x30, 0xff, 0x60, 0x80, 0x30, 0xff, 0x60, 0x7c, 0x38, 0xff,
    0x58, 0x80, 0x30, 0xff, 0x60, 0x80, 0x30, 0xff, 0x60, 0x7c, 0x38, 0xff,
    0x58, 0x80, 0x30, 0xff, 0x60, 0x80, 0x30, 0xff, 0x60, 0x80, 0x38, 0xff,
    0x58, 0x7c, 0x30, 0xff, 0x60, 0x80, 0x38, 0xff, 0x60, 0x80, 0x30, 0xff,
    0x58, 0x7c, 0x30, 0xff, 0x60, 0x80, 0x38, 0xff, 0x60, 0x80, 0x30, 0xff,
    0x58, 0x7c, 0x30, 0xff, 0x60, 0x80, 0x38, 0xff, 0x60, 0x80, 0x30, 0xff,
    0x58, 0x80, 0x38, 0xff, 0x60, 0x80, 0x38, 0xff, 0x60, 0x7c, 0x30, 0xff,
    0x58, 0x80, 0x30, 0xff, 0x60, 0x80, 0x38, 0xff, 0x60, 0x7c, 0x30, 0xff,
    0x58, 0x80, 0x30, 0xff, 0x60, 0x80, 0x38, 0xff, 0x60, 0x7c, 0x30, 0xff,
    0x58, 0x80, 0x38, 0xff, 0x60, 0x7c, 0x30, 0xff, 0x60, 0x80, 0x30, 0xff,
    0x58, 0x80, 0x38, 0xff, 0x60, 0x7c, 0x30, 0xff, 0x60, 0x80, 0x30, 0xff,
    0x58, 0x80, 0x38, 0xff, 0x60, 0x7c, 0x30, 0xff, 0x60, 0x7c, 0x30, 0xff,
    0x58, 0x80, 0x38, 0xff, 0x60, 0x80, 0x30, 0xff, 0x60, 0x80, 0x38, 0xff,
    0x58, 0x80, 0x30, 0xff, 0x60, 0x80, 0x30, 0xff, 0x60, 0x80, 0x38, 0xff,
    0x58, 0x7c, 0x30, 0xff, 0x60, 0x80, 0x38, 0xff, 0x60, 0x80, 0x30, 0xff,
    0x58, 0x7c, 0x30, 0xff, 0x60, 0x80, 0x38, 0xff, 0x60, 0x80, 0x30, 0xff,
    0x58, 0x7c, 0x38, 0xff, 0x60, 0x80, 0x30, 0xff, 0x60, 0x7c, 0x30, 0xff,
    0x58, 0x80, 0x38, 0xff, 0x60, 0x80, 0x30, 0xff, 0x60, 0x80, 0x38, 0xff,
    0x58, 0x7c, 0x38, 0xff, 0x60, 0x80, 0x30, 0xff, 0x60, 0x7c, 0x30, 0xff,
    0x58, 0x80, 0x38, 0xff, 0x60, 0x80, 0x30, 0xff, 0x60, 0x80, 0x30, 0xff,
    0x58, 0x80, 0x38, 0xff, 0x60, 0x80, 0x30, 0xff, 0x60, 0x7c, 0x30, 0xff,
    0x58, 0x80, 0x38, 0xff, 0x60, 0x80, 0x30, 0xff, 0x60, 0x80, 0x30, 0xff,
    0x58, 0x7c, 0x30, 0xff, 0x60, 0x80, 0x30, 0xff, 0x60, 0x80, 0x30, 0xff,
    0x58, 0x7c, 0x38, 0xff, 0x60, 0x80, 0x30, 0xff, 0x60, 0x80, 0x38, 0xff,
    0x58, 0x80, 0x30, 0xff, 0x60, 0x80, 0x38, 0xff, 0x60, 0x7c, 0x30, 0xff,
    0x58, 0x80, 0x30, 0xff, 0x60, 0x80, 0x30, 0xff, 0x60, 0x80, 0x38, 0xff,
    0x58, 0x80, 0x30, 0xff, 0x60, 0x80, 0x38, 0xff, 0x60, 0x80, 0x30, 0xff,
    0x58, 0x80, 0x30, 0xff, 0x60, 0x80, 0x38, 0xff, 0x60, 0x80, 0x30, 0xff,
    0x58, 0x80, 0x38, 0xff, 0x60, 0x80, 0x30, 0xff, 0x60, 0x80, 0x38, 0xff,
    0x58, 0x80, 0x30, 0xff, 0x60, 0x80, 0x30, 0xff, 0x60, 0x80, 0x38, 0xff,
    0x58, 0x7c, 0x30, 0xff, 0x60, 0x80, 0x30, 0xff, 0x60, 0x80, 0x38, 0xff,
    0x58, 0x80, 0x30, 0xff, 0x60, 0x7c, 0x30, 0xff, 0x60, 0x80, 0x38, 0xff,
    0x58, 0x7c, 0x30, 0xff, 0x60, 0x7c, 0x38, 0xff, 0x60, 0x80, 0x30, 0xff,
    0x58, 0x7c, 0x30, 0xff, 0x60, 0x80, 0x38, 0xff, 0x60, 0x7c, 0x30, 0xff,
    0x58, 0x80, 0x30, 0xff, 0x60, 0x80, 0x38, 0xff, 0x60, 0x80, 0x30, 0xff,
    0x58, 0x80, 0x30, 0xff, 0x60, 0x80, 0x38, 0xff, 0x60, 0x80, 0x30, 0xff,
    0x58, 0x80, 0x38, 0xff, 0x60, 0x80, 0x30, 0xff, 0x60, 0x80, 0x30, 0xff,
    0x58, 0x7c, 0x38, 0xff, 0x60, 0x80, 0x30, 0xff, 0x60, 0x80, 0x30, 0xff,
    0x58, 0x80, 0x38, 0xff, 0x60, 0x80, 0x30, 0xff, 0x60, 0x7c, 0x30, 0xff,
    0x58, 0x80, 0x38, 0xff, 0x60, 0x80, 0x30, 0xff, 0x60, 0x80, 0x30, 0xff,
    0x58, 0x80, 0x38, 0xff, 0x60, 0x7c, 0x30, 0xff, 0x60, 0x80, 0x30, 0xff,
    0x58, 0x80, 0x38, 0xff, 0x60, 0x80, 0x30, 0xff, 0x60, 0x80, 0x30, 0xff,
    0x58, 0x7c, 0x38, 0xff, 0x60, 0x80, 0x30, 0xff, 0x60, 0x7c, 0x30, 0xff,
    0x58, 0x80, 0x38, 0xff, 0x60, 0x80, 0x30, 0xff, 0x60, 0x80, 0x30, 0xff,
    0x58, 0x80, 0x38, 0xff, 0x60, 0x80, 0x38, 0xff, 0x60, 0x80, 0x30, 0xff,
    0x58, 0x80, 0x30, 0xff, 0x60, 0x80, 0x38, 0xff, 0x60, 0x80, 0x30, 0xff,
    0x58, 0x7c, 0x30, 0xff, 0x60, 0x80, 0x38, 0xff, 0x60, 0x80, 0x30, 0xff,
    0x58, 0x80, 0x30, 0xff, 0x60, 0x7c, 0x38, 0xff, 0x60, 0x80, 0x30, 0xff,
    0x58, 0x7c, 0x38, 0xff, 0x60, 0x7c, 0x30, 0xff, 0x60, 0x80, 0x30, 0xff,
    0x58, 0x7c, 0x38, 0xff, 0x60, 0x80, 0x30, 0xff, 0x60, 0x7c, 0x30, 0xff,
    0x58, 0x80, 0x38, 0xff, 0x60, 0x80, 0x30, 0xff, 0x60, 0x80, 0x30, 0xff,
    0x58, 0x80, 0x38, 0xff, 0x60, 0x80, 0x30, 0xff, 0x60, 0x80, 0x30, 0xff,
    0x58, 0x80, 0x38, 0xff, 0x60, 0x80, 0x30, 0xff, 0x60, 0x80, 0x30, 0xff,
    0x58, 0x7c, 0x38, 0xff, 0x60, 0x80, 0x30, 0xff, 0x60, 0x80, 0x30, 0xff,
    0x58, 0x80, 0x38, 0xff, 0x60, 0x80, 0x30, 0xff, 0x60, 0x7c, 0x30, 0xff,
    0x58, 0x80, 0x38, 0xff, 0x60, 0x80, 0x30, 0xff, 0x60, 0x80, 0x30, 0xff,
    0x58, 0x80, 0x38, 0xff, 0x60, 0x7c, 0x38, 0xff, 0x60, 0x80, 0x30, 0xff,
    0x58, 0x80, 0x30, 0xff, 0x60, 0x80, 0x38, 0xff, 0x60, 0x80, 0x30, 0xff,
    0x58, 0x7c, 0x30, 0xff, 0x60, 0x80, 0x38, 0xff, 0x60, 0x7c, 0x30, 0xff,
    0x58, 0x80, 0x30, 0xff, 0x60, 0x80, 0x38, 0xff, 0x60, 0x80, 0x30, 0xff,
    0x58, 0x80, 0x38, 0xff, 0x60, 0x80, 0x30, 0xff, 0x60, 0x80, 0x30, 0xff,
    0x58, 0x80, 0x38, 0xff, 0x60, 0x80, 0x30, 0xff, 0x60, 0x80, 0x30, 0xff,
    0x58, 0x7c, 0x38, 0xff, 0x60, 0x80, 0x30, 0xff, 0x60, 0x80, 0x30, 0xff,
    0x58, 0x80, 0x38, 0xff, 0x60, 0x7c, 0x30, 0xff, 0x60, 0x80, 0x30, 0xff,
    0x58, 0x7c, 0x38, 0xff, 0x60, 0x7c, 0x30, 0xff, 0x60, 0x80, 0x30, 0xff,
    0x58, 0x7c, 0x38, 0xff, 0x60, 0x80, 0x30, 0xff, 0x60, 0x7c, 0x30, 0xff,
    0x58, 0x80, 0x38, 0xff, 0x60, 0x80, 0x30, 0xff, 0x60, 0x80, 0x30, 0xff,
    0x58, 0x80, 0x38, 0xff, 0x60, 0x80, 0x30, 0xff, 0x60, 0x80, 0x30, 0xff,
    0x58, 0x80, 0x38, 0xff, 0x60, 0x80, 0x38, 0xff, 0x60, 0x80, 0x30, 0xff,
    0x58, 0x7c, 0x30, 0xff, 0x60, 0x80, 0x38, 0xff, 0x60, 0x80, 0x30, 0xff,
    0x58, 0x80, 0x30, 0xff, 0x60, 0x80, 0x38, 0xff, 0x60, 0x7c, 0x30, 0xff,
    0x58, 0x80, 0x30, 0xff, 0x60, 0x80, 0x38, 0xff, 0x60, 0x80, 0x30, 0xff,
    0x58, 0x80, 0x38, 0xff, 0x60, 0x7c, 0x30, 0xff, 0x60, 0x80, 0x30, 0xff,
    0x58, 0x80, 0x38, 0xff, 0x60, 0x80, 0x30, 0xff, 0x60, 0x80, 0x30, 0xff,
    0x58, 0x7c, 0x38, 0xff, 0x60, 0x80, 0x30, 0xff, 0x60, 0x7c, 0x30, 0xff,
    0x58, 0x80, 0x38, 0xff, 0x60, 0x80, 0x30, 0xff, 0x60, 0x80, 0x30, 0xff,
    0x58, 0x80, 0x38, 0xff, 0x60, 0x80, 0x30, 0xff, 0x60, 0x80, 0x30, 0xff,
    0x58, 0x80, 0x38, 0xff, 0x60, 0x80, 0x30, 0xff, 0x58, 0x80, 0x30, 0xff,
    0x58, 0x7c, 0x38, 0xff, 0x60, 0x80, 0x30, 0xff, 0x58, 0x80, 0x30, 0xff,
    0x58, 0x80, 0x38, 0xff, 0x60, 0x7c, 0x30, 0xff, 0x60, 0x80, 0x30, 0xff,
    0x58, 0x7c, 0x38, 0xff, 0x60, 0x7c, 0x38, 0xff, 0x58, 0x80, 0x30, 0xff,
    0x58, 0x7c, 0x30, 0xff, 0x60, 0x80, 0x38, 0xff, 0x58, 0x7c, 0x30, 0xff,
    0x60, 0x80, 0x30, 0xff, 0x60, 0x7c, 0x38, 0xff, 0x58, 0x80, 0x30, 0xff,
    0x60, 0x7c, 0x30, 0xff, 0x58, 0x80, 0x38, 0xff, 0x60, 0x80, 0x30, 0xff,
    0x58, 0x80, 0x38, 0xff, 0x60, 0x80, 0x30, 0xff, 0x58, 0x7c, 0x30, 0xff,
    0x60, 0x80, 0x38, 0xff, 0x60, 0x80, 0x30, 0xff, 0x58, 0x80, 0x38, 0xff,
    0x60, 0x80, 0x30, 0xff, 0x58, 0x80, 0x30, 0xff, 0x58, 0x7c, 0x38, 0xff,
    0x60, 0x80, 0x30, 0xff, 0x58, 0x80, 0x38, 0xff, 0x60, 0x80, 0x30, 0xff,
    0x60, 0x80, 0x38, 0xff, 0x58, 0x7c, 0x30, 0xff, 0x58, 0x80, 0x38, 0xff,
    0x60, 0x80, 0x30, 0xff, 0x58, 0x7c, 0x30, 0xff, 0x58, 0x80, 0x38, 0xff,
    0x60, 0x80, 0x30, 0xff, 0x58, 0x7c, 0x38, 0xff, 0x58, 0x80, 0x30, 0xff,
    0x60, 0x7c, 0x30, 0xff, 0x58, 0x80, 0x38, 0xff, 0x58, 0x7c, 0x30, 0xff,
    0x60, 0x80, 0x30, 0xff, 0x60, 0x80, 0x38, 0xef, 0x60, 0x7c, 0x30, 0xcf,
    0x58, 0x7c, 0x30, 0x8e, 0x58, 0x80, 0x38, 0x41, 0x60, 0x80, 0x40, 0x10,
    0x00, 0x00, 0x00, 0x00, 0x00, 0x00, 0x00, 0x00, 0x00, 0x00, 0x00, 0x00,
    0x00, 0x00, 0x00, 0x00, 0x00, 0x00, 0x00, 0x00, 0x00, 0x00, 0x00, 0x00,
    0x00, 0x00, 0x00, 0x00, 0x00, 0x00, 0x00, 0x00, 0x00, 0x00, 0x00, 0x00
};
